time,AC (EUR/MWh),T2m (C),grid CO2 intensity (tCO2/MWh)
2030-01-01 00:00:00,20.06445443294146,-1.825938701629525,2.2117034751098512e-06
2030-01-01 01:00:00,20.064481624943983,-1.7170516252516563,2.2141410653783246e-06
2030-01-01 02:00:00,20.064935966814225,-1.3469063043593223,2.215756208955049e-06
2030-01-01 03:00:00,20.49562401062191,-1.3695005178450401,2.249989215293512e-06
2030-01-01 04:00:00,41.50245618480324,-1.2626734971998985,1.2656461854649544e-05
2030-01-01 05:00:00,42.39298358211159,-1.1046220064162071,1.9219058931143074e-05
2030-01-01 06:00:00,43.30248786225614,-0.8728095889090355,0.006250269351294468
2030-01-01 07:00:00,43.30285239451187,-0.7319588065146263,0.009206496830838162
2030-01-01 08:00:00,42.36136563664332,-0.5342435836790855,2.3297933133749914e-05
2030-01-01 09:00:00,35.056354070460706,-0.2891899943350609,3.891514637951205e-06
2030-01-01 10:00:00,38.89265438398993,-0.016371315345054427,6.323347277846411e-06
2030-01-01 11:00:00,39.72708725441096,0.2833614349366371,7.4806700113824845e-06
2030-01-01 12:00:00,40.579505390975314,-0.03922677785146789,1.0767158420535368e-05
2030-01-01 13:00:00,41.45020583203281,-0.361797243356591,1.5246399276018838e-05
2030-01-01 14:00:00,42.33958462742672,-0.5467040538786705,2.598983561685635e-05
2030-01-01 15:00:00,43.2480352476453,-0.7302258610724266,0.00034262000335125723
2030-01-01 16:00:00,43.303492949335606,-0.8064120411871727,0.050934518468337395
2030-01-01 17:00:00,43.3034795427432,-0.7297272086142357,0.04917297258547001
2030-01-01 18:00:00,43.30342297345377,-0.5293276906012352,0.03246689053358014
2030-01-01 19:00:00,43.303305552769054,-0.42964380979526595,0.018790081480982577
2030-01-01 20:00:00,43.28760960401964,-0.5268274545668419,0.0011261996056914482
2030-01-01 21:00:00,35.0562029326936,-0.726245999336129,4.538484342984059e-06
2030-01-01 22:00:00,35.056159155473146,-0.893065154552346,4.469250331836283e-06
2030-01-01 23:00:00,35.05615131461839,-1.0921957492827232,4.500064609236678e-06
2030-01-02 00:00:00,35.0561467478964,-1.3728384971617515,4.433875369585923e-06
2030-01-02 01:00:00,35.05615784841173,-1.709915399551278,4.3758474434009955e-06
2030-01-02 02:00:00,35.05630833965956,-2.0436503887175377,4.498062619188648e-06
2030-01-02 03:00:00,35.80876958266789,-2.322257757186776,4.884994457541493e-06
2030-01-02 04:00:00,43.30339876980292,-2.599866628646737,0.0344590418527037
2030-01-02 05:00:00,43.30356199633985,-2.9211928844450767,0.16705545882318118
2030-01-02 06:00:00,43.30356228638341,-3.198417663574105,0.16486860740412093
2030-01-02 07:00:00,43.30355998389674,-3.415890693664437,0.14636689636730596
2030-01-02 08:00:00,43.30355766943367,-3.5603921413420494,0.1358509084704624
2030-01-02 09:00:00,43.30355038257993,-3.3763287067412193,0.10896979122663497
2030-01-02 10:00:00,43.30354918453106,-2.899059057235604,0.1054394726782711
2030-01-02 11:00:00,43.303518851328256,-2.0796275138853844,0.057882986426365954
2030-01-02 12:00:00,43.30349934753367,-1.5239138603209312,0.0460475150268587
2030-01-02 13:00:00,43.303510979089424,-1.4355467557905968,0.05285936873910573
2030-01-02 14:00:00,43.30354337571969,-1.5295497179030235,0.09337657697605745
2030-01-02 15:00:00,43.30356020383692,-1.6147555112837608,0.15443856983892507
2030-01-02 16:00:00,43.30356659799347,-2.0479805469511803,0.1953200349621021
2030-01-02 17:00:00,43.30356809002065,-2.836903810500985,0.2029765628886487
2030-01-02 18:00:00,43.3035691998594,-3.6179041862486656,0.21750355672781804
2030-01-02 19:00:00,43.30356890808048,-4.311055183410531,0.22511297715365328
2030-01-02 20:00:00,43.30356614617431,-4.413242816924935,0.21594071814129467
2030-01-02 21:00:00,43.30355931431433,-4.589140892028695,0.1905717356284112
2030-01-02 22:00:00,43.30353987530031,-4.980943679809457,0.13629322377822414
2030-01-02 23:00:00,43.30353466934768,-5.278853416442757,0.13833227586761468
2030-01-03 00:00:00,43.30353949506161,-4.964752197265511,0.15896313115671848
2030-01-03 01:00:00,43.30353845624532,-4.130496978759652,0.16042628247527624
2030-01-03 02:00:00,43.303534728891606,-3.4417476654051598,0.15068239184802965
2030-01-03 03:00:00,43.30353895039512,-3.054940700530892,0.13610679972409057
2030-01-03 04:00:00,43.303564420849405,-2.8995723724364098,0.2000294326433527
2030-01-03 05:00:00,43.30356429399456,-2.856618404388314,0.18046843224185785
2030-01-03 06:00:00,43.30356163008363,-2.6146616935728844,0.1626117795330537
2030-01-03 07:00:00,43.30355517595412,-2.305048465728646,0.1375551504646104
2030-01-03 08:00:00,43.3035497842709,-1.847746849059945,0.11989967394633623
2030-01-03 09:00:00,43.30354026529232,-1.0914467573164757,0.09364137236873647
2030-01-03 10:00:00,43.30352705561083,-0.45430055260646895,0.07671711322772841
2030-01-03 11:00:00,43.3034656991299,0.0930025279523079,0.038017636582676734
2030-01-03 12:00:00,43.30300445929471,0.3745802640916054,0.011047926501260501
2030-01-03 13:00:00,43.302808306748055,0.3732604384423439,0.009094779194921679
2030-01-03 14:00:00,43.30334023957528,0.26859694719325944,0.02224203707923107
2030-01-03 15:00:00,43.30351625032938,0.13177710771572038,0.06714551825423432
2030-01-03 16:00:00,43.303536673252886,-0.10446260124433593,0.09552704780710543
2030-01-03 17:00:00,43.30353744884701,-0.370168358087426,0.09528379640467304
2030-01-03 18:00:00,43.3035302840144,-0.3878568410872276,0.08137710060125074
2030-01-03 19:00:00,43.303507102527135,-0.29108944535244063,0.053826692601356564
2030-01-03 20:00:00,43.30288753294981,-0.159649804234391,0.009921709876814752
2030-01-03 21:00:00,27.33282029343923,-0.03428398445237235,2.67455203204207e-06
2030-01-03 22:00:00,27.332608744018938,0.0027473603842054217,2.6874226582731877e-06
2030-01-03 23:00:00,27.332577858954824,0.02836576849233552,2.6842558514690906e-06
2030-01-04 00:00:00,27.332565685957757,0.08206790685665055,2.6883398197218375e-06
2030-01-04 01:00:00,27.332559996697125,0.12009896337997361,2.687152359923117e-06
2030-01-04 02:00:00,27.33256208050272,0.05134616047155305,2.684472476530647e-06
2030-01-04 03:00:00,27.33260364507252,-0.06827411800611571,2.6680128535391704e-06
2030-01-04 04:00:00,32.36411069750452,-0.17849189043033675,3.4397017084572844e-06
2030-01-04 05:00:00,33.058656882658674,-0.22130589187133864,3.6065428290436916e-06
2030-01-04 06:00:00,33.767955741792896,-0.29002633690822677,3.802130453524548e-06
2030-01-04 07:00:00,33.766965961501285,-0.3126089572905357,3.7937277008432796e-06
2030-01-04 08:00:00,33.76638743702298,-0.2553781569002922,3.640579464939292e-06
2030-01-04 09:00:00,27.33790015319217,-0.012840577401107112,2.393134979212051e-06
2030-01-04 10:00:00,27.332315485640216,0.3681615889073555,2.3927863699038453e-06
2030-01-04 11:00:00,27.331818789091464,0.9179229736329262,2.2180430300600244e-06
2030-01-04 12:00:00,27.331763773198272,1.3152258396149819,2.0567620546394207e-06
2030-01-04 13:00:00,27.331799688212715,1.3289467096329872,2.1329137259280843e-06
2030-01-04 14:00:00,27.91790360627095,1.0085078477860634,2.270326795963689e-06
2030-01-04 15:00:00,28.517036971439445,0.7806565165520851,2.6153030080226608e-06
2030-01-04 16:00:00,29.12903712730756,0.5000575184823219,2.820771558305617e-06
2030-01-04 17:00:00,29.754105777234592,0.19629979133617326,2.9175139596862385e-06
2030-01-04 18:00:00,30.392523053470818,0.04743142798554345,3.0289000330045303e-06
2030-01-04 19:00:00,31.04387296914062,0.046185746789092263,3.179828208712164e-06
2030-01-04 20:00:00,27.33251584902797,-0.00472869956854538,2.7614658505637294e-06
2030-01-04 21:00:00,27.33185669195049,-0.09694485366333083,3.0125231317930237e-06
2030-01-04 22:00:00,27.331851363516645,-0.16459445655334548,3.2994621248435184e-06
2030-01-04 23:00:00,27.33181994106365,-0.2194536030291374,3.1275419360336973e-06
2030-01-05 00:00:00,27.33181102004789,-0.32767146825779037,3.009418075199923e-06
2030-01-05 01:00:00,27.331818782179894,-0.2418273687361534,3.0336774373094386e-06
2030-01-05 02:00:00,27.33184325414672,-0.3889967501162346,3.051727088273225e-06
2030-01-05 03:00:00,27.3323071905302,-0.7240887284277733,2.923099712326356e-06
2030-01-05 04:00:00,42.39315845773337,-1.0419188737868126,2.3222547111608722e-05
2030-01-05 05:00:00,43.30275592281179,-1.47431385517109,0.011059821321226059
2030-01-05 06:00:00,43.30352315850668,-1.9844254255293663,0.0627176732566671
2030-01-05 07:00:00,43.30351234750989,-2.0462179183958824,0.06443957622364785
2030-01-05 08:00:00,43.30349189294795,-1.685010910034066,0.051189862212849595
2030-01-05 09:00:00,43.30340140758696,-1.2055547237395103,0.026765263274149468
2030-01-05 10:00:00,43.30273806034681,-0.43264418840396957,0.0077859053645044415
2030-01-05 11:00:00,40.63132390486626,0.42024630308162614,9.211087493999683e-06
2030-01-05 12:00:00,41.503093131658,0.6730661392213051,1.420588771138786e-05
2030-01-05 13:00:00,42.39354359529855,0.7983052134514992,2.468310361977478e-05
2030-01-05 14:00:00,43.302973769829656,0.8564958572388832,0.017338488871147657
2030-01-05 15:00:00,43.30351937233628,0.8312997221947853,0.07407973633794182
2030-01-05 16:00:00,43.30353677458814,0.7233257889748756,0.10458002409344612
2030-01-05 17:00:00,43.30354116274737,0.5337230563164894,0.11181867397402435
2030-01-05 18:00:00,43.30354045971179,0.39403071999561234,0.10909407424218812
2030-01-05 19:00:00,43.303533703499895,0.18745139241229936,0.09680989935922048
2030-01-05 20:00:00,43.303489487864994,-0.11072283983219222,0.053364743128958884
2030-01-05 21:00:00,35.05866087316919,-0.4175280034540947,5.668823369627967e-06
2030-01-05 22:00:00,35.05672587573728,-0.6338213682173546,5.639155913000203e-06
2030-01-05 23:00:00,35.0567015429263,-0.7958168387411888,5.3945144141104935e-06
2030-01-06 00:00:00,35.056692861875945,-0.9421620368956383,5.2690458350337325e-06
2030-01-06 01:00:00,35.056694319763814,-1.1132811307905968,5.178568218708947e-06
2030-01-06 02:00:00,35.056721245482464,-1.2347657680510338,5.108182061761282e-06
2030-01-06 03:00:00,35.80903248812681,-1.3415791988371666,5.336535873074127e-06
2030-01-06 04:00:00,42.39402504948755,-1.477320194244271,2.5645534522882173e-05
2030-01-06 05:00:00,43.30353839946837,-1.6340167522429283,0.08903740146881081
2030-01-06 06:00:00,43.30354480840342,-1.8349864482878502,0.10580645207580207
2030-01-06 07:00:00,43.303542882607,-2.0092561244963463,0.09986487764679686
2030-01-06 08:00:00,43.303527388253,-2.105134248733407,0.07232173027958337
2030-01-06 09:00:00,43.30346594633314,-1.8391757011412437,0.03580965470137795
2030-01-06 10:00:00,43.30351335264605,-1.3827183246611412,0.0621731621209555
2030-01-06 11:00:00,43.30349354432394,-0.9659274220465477,0.050198604369927964
2030-01-06 12:00:00,43.303505273135016,-0.7089113593100365,0.05822700543409509
2030-01-06 13:00:00,43.303527740073655,-0.7298434376715477,0.08157159534435995
2030-01-06 14:00:00,43.30353762769364,-0.8378594517706688,0.09715356637323724
2030-01-06 15:00:00,43.30354746043566,-0.9101932644842918,0.12038619798236752
2030-01-06 16:00:00,43.30355382785179,-1.0098990201948936,0.14193776809028838
2030-01-06 17:00:00,43.30355184163893,-1.0848188400267418,0.13000874560885628
2030-01-06 18:00:00,43.30355008594828,-1.0616559982298668,0.1240870230662227
2030-01-06 19:00:00,43.30354307527483,-1.0122892856596764,0.10654218428284896
2030-01-06 20:00:00,43.30351219839672,-0.9784322381018455,0.0601326995310626
2030-01-06 21:00:00,35.06153108450647,-0.9196885824202354,5.049847721461569e-06
2030-01-06 22:00:00,35.05682676133243,-0.738530516624337,5.0004967026618215e-06
2030-01-06 23:00:00,35.0568191777487,-0.7203180789946373,5.178636496947385e-06
2030-01-07 00:00:00,35.05682010595719,-1.0068711042403038,5.2687129800547845e-06
2030-01-07 01:00:00,35.05681568345794,-0.6079062223433311,5.2938594005405565e-06
2030-01-07 02:00:00,35.05681623834648,-0.1684686690567787,5.3000830078160554e-06
2030-01-07 03:00:00,35.056823906805164,0.15698473155509873,5.276636743899357e-06
2030-01-07 04:00:00,35.05701584733453,0.508953511715049,5.2862049395044205e-06
2030-01-07 05:00:00,35.80930707344032,0.769570171833152,5.591975961674779e-06
2030-01-07 06:00:00,36.57765474417428,0.9920538663865273,5.955796425491375e-06
2030-01-07 07:00:00,25.96925850881055,1.265551924705619,3.198197073852731e-06
2030-01-07 08:00:00,25.969067523204004,1.8163548707963173,2.882102709411732e-06
2030-01-07 09:00:00,23.86280494991075,2.3089456558228676,2.401835751293014e-06
2030-01-07 10:00:00,24.85173824068312,2.830710411071891,2.659899176692632e-06
2030-01-07 11:00:00,21.370979118966545,3.4464929103852455,2.3915227963033005e-06
2030-01-07 12:00:00,21.01546031134539,4.328721523285026,1.9541953801150788e-06
2030-01-07 13:00:00,21.015689869112425,4.851588249206657,2.0786250068718753e-06
2030-01-07 14:00:00,21.420453393306985,4.887921333313102,2.2161660597945955e-06
2030-01-07 15:00:00,21.88018338699806,4.707010746002311,2.440598594646494e-06
2030-01-07 16:00:00,22.349719309621445,4.589274883270377,2.497386381147738e-06
2030-01-07 17:00:00,22.82926483704724,4.717306137085075,2.5134944310663553e-06
2030-01-07 18:00:00,23.31856139120689,4.930306434631461,2.542097025870619e-06
2030-01-07 19:00:00,21.01990941751523,5.074906826019401,2.323367031816672e-06
2030-01-07 20:00:00,21.015459393407973,5.181452751159782,2.3074155003783366e-06
2030-01-07 21:00:00,21.015426097841548,5.237247467041129,2.3108902647353796e-06
2030-01-07 22:00:00,21.01541956474709,5.1460051536561195,2.33793053533985e-06
2030-01-07 23:00:00,21.015418332875612,5.03446197509777,2.40495858502635e-06
2030-01-08 00:00:00,21.01542779738401,4.956405162811393,2.5132027389092783e-06
2030-01-08 01:00:00,21.01541850128471,4.856429576873893,2.45892900545543e-06
2030-01-08 02:00:00,21.01543474862464,4.761717796325797,2.5851767831248895e-06
2030-01-08 03:00:00,21.015439718293628,4.673783779144401,2.5374454892264972e-06
2030-01-08 04:00:00,21.01546252718916,4.576355457306022,2.491733464236447e-06
2030-01-08 05:00:00,21.015584690592892,4.490094184875602,2.6028261731094073e-06
2030-01-08 06:00:00,21.430447321854206,4.432258129119987,2.760292177011341e-06
2030-01-08 07:00:00,21.890188095573208,4.3101754188538735,2.757449954789504e-06
2030-01-08 08:00:00,21.0174994027836,4.297904014587516,2.5155038726535198e-06
2030-01-08 09:00:00,21.016219448303385,4.563327789306754,2.3963979575635553e-06
2030-01-08 10:00:00,21.89963657583785,4.7285223007203285,2.6617137607444833e-06
2030-01-08 11:00:00,21.02053845667343,4.9374456405640785,2.5047634850669797e-06
2030-01-08 12:00:00,21.016643541797027,5.199382305145377,2.416652012168216e-06
2030-01-08 13:00:00,21.016331652464377,5.407578468322868,2.44785564509845e-06
2030-01-08 14:00:00,21.01621639800795,5.639412879943961,2.3986461898247237e-06
2030-01-08 15:00:00,21.01645911167004,5.873325347900504,2.4454339011102853e-06
2030-01-08 16:00:00,21.903218984643622,6.120435714721793,2.5979860526052353e-06
2030-01-08 17:00:00,21.128352623178078,6.408035755157584,2.5042219973504774e-06
2030-01-08 18:00:00,21.02232621696801,6.580935001373405,2.4988889431909582e-06
2030-01-08 19:00:00,21.016382175699192,6.872177124023551,2.47139467143687e-06
2030-01-08 20:00:00,21.01624579198329,7.0173921585084145,2.490214812444521e-06
2030-01-08 21:00:00,21.01623333591236,7.065553188324088,2.4969427590029976e-06
2030-01-08 22:00:00,25.964637331803303,7.044340133667106,3.7220591349206635e-06
2030-01-08 23:00:00,21.025400435319657,6.972208976745719,3.097966497147748e-06
2030-01-09 00:00:00,21.0163175677748,6.770219326019401,2.8914268223214143e-06
2030-01-09 01:00:00,21.016194654524856,6.636479854583854,2.7489124388622517e-06
2030-01-09 02:00:00,21.016171757927975,6.684324741363639,2.6352649965410555e-06
2030-01-09 03:00:00,21.01616036950131,6.882774829864616,2.467861284634028e-06
2030-01-09 04:00:00,21.016170902431327,7.090952396392936,2.3463375552513548e-06
2030-01-09 05:00:00,21.016245020831832,7.221254825592155,2.3272053849068415e-06
2030-01-09 06:00:00,21.01679512288481,7.185231208801383,2.333651542419758e-06
2030-01-09 07:00:00,27.310373808307165,7.202409744262809,3.017831865092869e-06
2030-01-09 08:00:00,27.313772715052373,7.20961952209484,2.8706654290555147e-06
2030-01-09 09:00:00,27.32068399111862,7.1478853225709145,2.8725277458925137e-06
2030-01-09 10:00:00,27.332279929801643,7.119082927703971,3.114197470539697e-06
2030-01-09 11:00:00,27.32452512776972,7.461093902588004,2.873982478020544e-06
2030-01-09 12:00:00,27.32476486652531,7.812771320343131,2.8725612686345936e-06
2030-01-09 13:00:00,27.325246304715588,8.133375167846793,3.046943299010421e-06
2030-01-09 14:00:00,27.32645521283834,8.317356109619254,3.20317710312642e-06
2030-01-09 15:00:00,27.33122102263969,8.357232093811149,3.332153474499226e-06
2030-01-09 16:00:00,27.332408354720197,8.366985321045036,3.273266485467293e-06
2030-01-09 17:00:00,27.3326654001403,8.37954139709484,3.2351063087452384e-06
2030-01-09 18:00:00,27.33242697954603,8.381137847900504,3.3177600575002895e-06
2030-01-09 19:00:00,27.331121968782067,8.380172729492301,3.4643633009435008e-06
2030-01-09 20:00:00,27.32575652712535,8.394233703613395,3.4210425091191617e-06
2030-01-09 21:00:00,27.33111340099761,8.434753417968864,3.653660091042443e-06
2030-01-09 22:00:00,27.332396061126712,8.510081291198844,3.7044756827477276e-06
2030-01-09 23:00:00,27.33117673538053,8.551305770874137,3.927413965494112e-06
2030-01-10 00:00:00,27.325656587462877,8.515057563781852,3.7317676128434346e-06
2030-01-10 01:00:00,27.325647069756677,8.382134437561149,3.8114940941883456e-06
2030-01-10 02:00:00,27.32571655607907,8.195638656616325,3.990796211544451e-06
2030-01-10 03:00:00,27.325689102101197,8.024137496948356,3.98506512732694e-06
2030-01-10 04:00:00,27.325732588123003,7.8649263381959145,3.986753014806443e-06
2030-01-10 05:00:00,27.326220854055634,7.690480709076041,3.8407149272849495e-06
2030-01-10 06:00:00,27.3322753121821,7.606527328491325,3.6561087748844547e-06
2030-01-10 07:00:00,24.794862364101157,7.48763465881359,3.6509968583281716e-06
2030-01-10 08:00:00,24.79473635550305,6.6774311065674965,3.073119794529583e-06
2030-01-10 09:00:00,24.79432990194381,6.554878234863395,2.8710177457683487e-06
2030-01-10 10:00:00,20.06475780669944,6.786967277526969,2.0856316616690357e-06
2030-01-10 11:00:00,20.064349827057114,7.15769195556652,1.7266110081207753e-06
2030-01-10 12:00:00,20.06437242918394,7.218849658966178,1.8039745321558614e-06
2030-01-10 13:00:00,20.064403382282205,7.086905479431266,1.9253161518023306e-06
2030-01-10 14:00:00,20.064452051220297,6.8467965126038735,2.0743227453919294e-06
2030-01-10 15:00:00,20.06448335088596,6.636757373809928,2.1364852489857834e-06
2030-01-10 16:00:00,20.0649214835407,6.4488310813904945,2.228325254371789e-06
2030-01-10 17:00:00,20.064928867302022,6.177479267120475,2.224334802102911e-06
2030-01-10 18:00:00,20.06464019886186,5.991190910339469,2.2225733687652698e-06
2030-01-10 19:00:00,20.064522909189414,6.1907625198365395,2.222302490126946e-06
2030-01-10 20:00:00,20.064462897248543,6.30962705612194,2.2237439233397934e-06
2030-01-10 21:00:00,20.064457923550595,6.301286697387809,2.2231328169544e-06
2030-01-10 22:00:00,20.06444352796859,6.569539070129508,2.2317620615925164e-06
2030-01-10 23:00:00,20.06439200993457,6.896165370941276,2.22952820045877e-06
2030-01-11 00:00:00,20.06436777123119,7.143188476562614,2.232066281125535e-06
2030-01-11 01:00:00,20.06435204456533,7.157657623291129,2.229777392699929e-06
2030-01-11 02:00:00,20.06435692016448,7.097152709961051,2.2376478125495e-06
2030-01-11 03:00:00,20.064364958539,6.9425091743470375,2.2404451131427384e-06
2030-01-11 04:00:00,20.06438205252011,7.0667719841004555,2.250319694666483e-06
2030-01-11 05:00:00,20.064412762011,7.4101276397706215,2.306998090159991e-06
2030-01-11 06:00:00,20.06446555697769,7.537092685699577,2.4016508552676132e-06
2030-01-11 07:00:00,20.06453392277267,7.659011363983268,2.508933441455217e-06
2030-01-11 08:00:00,20.065984850148958,7.471520423889274,2.582141773943107e-06
2030-01-11 09:00:00,20.06869916622986,7.2031340599061195,2.478918733770735e-06
2030-01-11 10:00:00,20.849486801083827,7.064099788665885,2.5332762857316914e-06
2030-01-11 11:00:00,20.06682752661056,6.874523162841911,2.368290268093236e-06
2030-01-11 12:00:00,20.064297598957744,7.234964847564811,1.776200340990571e-06
2030-01-11 13:00:00,20.06436398639123,7.193511962890739,2.069400522509331e-06
2030-01-11 14:00:00,20.064324807561132,6.996308326721305,1.936512827644555e-06
2030-01-11 15:00:00,20.06465509803915,6.547538757324332,2.345365422176573e-06
2030-01-11 16:00:00,20.065461923975832,6.32795619964611,2.3867207376554685e-06
2030-01-11 17:00:00,20.06475849493018,6.1372981071473305,2.3019339622480465e-06
2030-01-11 18:00:00,20.06448146104225,5.945550441742057,2.2456438209736253e-06
2030-01-11 19:00:00,20.064416562568425,6.009140968322868,2.2415390735512294e-06
2030-01-11 20:00:00,20.064373414572284,6.1540169715882485,2.2236058825173e-06
2030-01-11 21:00:00,20.064349931951856,6.3304438591004555,2.2104017801688142e-06
2030-01-11 22:00:00,20.06430732273348,6.582867145538444,2.208081422429869e-06
2030-01-11 23:00:00,20.064236585055724,6.664545059204215,2.2074739766969235e-06
2030-01-12 00:00:00,20.06417583730227,6.646122932434196,2.2071123614009107e-06
2030-01-12 01:00:00,20.06417410194219,6.4075689315797035,2.2070609081075267e-06
2030-01-12 02:00:00,20.06418504746558,6.145961284637565,2.207326569476216e-06
2030-01-12 03:00:00,20.064234851253417,6.1463689804078285,2.2064367786868175e-06
2030-01-12 04:00:00,20.064295825684347,6.146722316742057,2.2068072511184088e-06
2030-01-12 05:00:00,20.06430796676511,6.020212173462028,2.207312378438181e-06
2030-01-12 06:00:00,20.064312647942156,6.030769348144645,2.207668160874323e-06
2030-01-12 07:00:00,20.064291610805306,6.185409069061393,2.2079513879036463e-06
2030-01-12 08:00:00,20.064299206182888,6.241961956024284,2.185801139490529e-06
2030-01-12 09:00:00,20.06431038814343,6.613129615783805,2.1647066443485635e-06
2030-01-12 10:00:00,20.06432368566716,7.263420104980582,2.1651251505700716e-06
2030-01-12 11:00:00,20.064323054634155,8.127946853637809,2.1460042435996317e-06
2030-01-12 12:00:00,20.064308017481924,8.716209411621207,2.154015639992848e-06
2030-01-12 13:00:00,20.06427090801096,9.29671955108654,2.126792024619355e-06
2030-01-12 14:00:00,20.064264271812267,9.816140174865836,2.1503071119733324e-06
2030-01-12 15:00:00,20.06429080389258,10.209383964538688,2.2075817896001687e-06
2030-01-12 16:00:00,20.064331525124004,10.524444580078239,2.2071078663266536e-06
2030-01-12 17:00:00,20.064363848204685,10.95670318603527,2.206490462066187e-06
2030-01-12 18:00:00,20.064355207948378,11.521471023559684,2.2056456937497675e-06
2030-01-12 19:00:00,20.064324466008397,11.943030357360954,2.2047635092603997e-06
2030-01-12 20:00:00,20.0642870440163,12.20217609405529,2.2040524816999716e-06
2030-01-12 21:00:00,20.064111470597965,12.449447631836051,2.2036869429618614e-06
2030-01-12 22:00:00,20.06374102808707,12.52042102813732,2.2060868527171448e-06
2030-01-12 23:00:00,20.0636763957324,12.566379547119254,2.2137294248341183e-06
2030-01-13 00:00:00,20.06366504213517,12.613792419433707,2.243279149310155e-06
2030-01-13 01:00:00,20.06367785317233,12.727360725402946,2.293074619650378e-06
2030-01-13 02:00:00,20.063707071190784,12.703607559204215,2.3131373909414215e-06
2030-01-13 03:00:00,20.06387703053732,12.622929573059196,2.3265773297294653e-06
2030-01-13 04:00:00,20.06424882082648,12.346611022949332,2.267316785639102e-06
2030-01-13 05:00:00,20.06430179232117,11.757791519165153,2.2238991656579695e-06
2030-01-13 06:00:00,20.06437754740276,11.06263637542736,2.212640261454635e-06
2030-01-13 07:00:00,20.064572406442466,10.265060424804801,2.217470362788007e-06
2030-01-13 08:00:00,20.06452029686571,9.930917739868278,2.0915635890977857e-06
2030-01-13 09:00:00,20.06386973065484,9.828430175781364,1.5702982396134027e-06
2030-01-13 10:00:00,20.063864371753255,9.905814170837516,1.4990804013736173e-06
2030-01-13 11:00:00,20.064209486536782,9.889650344848746,1.8161134091371667e-06
2030-01-13 12:00:00,20.064334152059487,9.787273406982536,1.9608475717215177e-06
2030-01-13 13:00:00,20.06427578217124,9.597132682800407,1.8829672771030024e-06
2030-01-13 14:00:00,20.06440235510945,9.244185447692985,2.0397509592139593e-06
2030-01-13 15:00:00,20.06448880456819,8.825411796569938,2.1273986861057244e-06
2030-01-13 16:00:00,20.065323402718253,8.27543163299572,2.236938767399182e-06
2030-01-13 17:00:00,20.068294893569373,7.977856636047477,2.251539153839111e-06
2030-01-13 18:00:00,20.065207402612955,7.4220881462098305,2.2479116900243763e-06
2030-01-13 19:00:00,20.06479780197864,7.050782680511588,2.26951758803157e-06
2030-01-13 20:00:00,20.06474899274069,6.773067474365348,2.3191643848746248e-06
2030-01-13 21:00:00,20.065010704677928,6.564932823181266,2.4310040950693803e-06
2030-01-13 22:00:00,20.065613877089987,6.413831233978385,2.5324398376870747e-06
2030-01-13 23:00:00,20.0867958052155,6.410946369171256,2.6460192413905897e-06
2030-01-14 00:00:00,20.06507097188693,6.482455253601188,2.63597745653573e-06
2030-01-14 01:00:00,20.06656160384318,6.302859306335563,2.8263240530556283e-06
2030-01-14 02:00:00,20.072494933883423,6.256211757660026,2.94914921960596e-06
2030-01-14 03:00:00,20.065170190033815,6.17102146148693,2.8143362822449806e-06
2030-01-14 04:00:00,20.064918132103365,6.020134449005241,2.605840907121562e-06
2030-01-14 05:00:00,20.06622533330123,5.944855690002555,2.436975917516329e-06
2030-01-14 06:00:00,20.065401103736715,6.075542926788444,2.3012972922111672e-06
2030-01-14 07:00:00,20.06543833666076,6.039604187011832,2.2381404835110893e-06
2030-01-14 08:00:00,20.064638738248227,5.940036296844596,2.030591700512702e-06
2030-01-14 09:00:00,20.064576759414454,6.0249090194703285,1.9800064077872584e-06
2030-01-14 10:00:00,20.064355973286062,6.658980846405143,1.5635179594128942e-06
2030-01-14 11:00:00,20.064343382861477,6.888780117035026,1.5000986139110468e-06
2030-01-14 12:00:00,20.0645616518076,6.356317043304557,1.9940762336651552e-06
2030-01-14 13:00:00,20.06526743411763,5.901345252990836,2.168258302046622e-06
2030-01-14 14:00:00,20.06486897344295,5.854537963867301,2.175968112951129e-06
2030-01-14 15:00:00,20.064861821544884,5.931058406829948,2.2211087886881265e-06
2030-01-14 16:00:00,20.065840153087976,6.467095375061149,2.2218456144838266e-06
2030-01-14 17:00:00,20.066393190363044,6.523640632629508,2.22109187932679e-06
2030-01-14 18:00:00,20.065111611089492,6.368987083435172,2.2209523805882293e-06
2030-01-14 19:00:00,20.064811944013407,6.1142621040345375,2.2355998687933503e-06
2030-01-14 20:00:00,20.064690937607228,5.922946929931754,2.262660986792159e-06
2030-01-14 21:00:00,20.06469736257397,5.74251222610485,2.295687250352999e-06
2030-01-14 22:00:00,20.06469315311089,5.5586285591126625,2.3292136610502167e-06
2030-01-14 23:00:00,20.064646795886365,5.3757839202882,2.4083856739428257e-06
2030-01-15 00:00:00,20.06467651498613,5.107687950134391,2.51089963221233e-06
2030-01-15 01:00:00,20.064652406351332,4.865220069885368,2.533337333089971e-06
2030-01-15 02:00:00,20.06465703196853,4.723789215088004,2.567619842651589e-06
2030-01-15 03:00:00,20.06462564290898,4.700215816497916,2.506174445046573e-06
2030-01-15 04:00:00,20.06462721465961,4.736258029937858,2.3558897715894477e-06
2030-01-15 05:00:00,20.064893864495502,4.739603996276969,2.3270888873677543e-06
2030-01-15 06:00:00,20.06510644170504,4.916428565979118,2.336778941336429e-06
2030-01-15 07:00:00,20.065017426839653,5.27005243301403,2.2645095147798116e-06
2030-01-15 08:00:00,20.06497159752735,6.119532585144157,2.172486039726803e-06
2030-01-15 09:00:00,20.065061385454683,6.659372806549186,2.153575720073187e-06
2030-01-15 10:00:00,20.06480824372297,6.7146697044373695,2.0803519003934117e-06
2030-01-15 11:00:00,20.064746358714338,7.004806518554801,2.0883431726672514e-06
2030-01-15 12:00:00,20.06471407339068,7.054782867431754,2.0539727837231656e-06
2030-01-15 13:00:00,20.06468718497237,7.105221271515006,1.993394403388386e-06
2030-01-15 14:00:00,20.06470315843124,6.986482143402213,2.012391815388585e-06
2030-01-15 15:00:00,20.06478444282252,6.706644535064811,2.1103577543576986e-06
2030-01-15 16:00:00,20.06544639508701,6.344860076904411,2.2333994067491336e-06
2030-01-15 17:00:00,20.0660627494309,6.237506389618034,2.25031582437554e-06
2030-01-15 18:00:00,20.06536101286425,6.199072360992545,2.2733744163202615e-06
2030-01-15 19:00:00,20.06499294927997,6.246733665466422,2.2910290383688353e-06
2030-01-15 20:00:00,20.064908718918478,6.137292385101432,2.3039754748615304e-06
2030-01-15 21:00:00,20.064885306717976,6.2407221794129555,2.3159034408083595e-06
2030-01-15 22:00:00,20.06487600814105,6.286514759063834,2.353186107878245e-06
2030-01-15 23:00:00,20.06486225255765,6.123322486877555,2.432742161071466e-06
2030-01-16 00:00:00,20.064852636036665,5.898182868957633,2.4995061581798552e-06
2030-01-16 01:00:00,20.06484127661099,6.084816932678336,2.519934838913776e-06
2030-01-16 02:00:00,20.06481936514975,6.082296371460075,2.3929256425881077e-06
2030-01-16 03:00:00,20.06484738500582,5.968748569488639,2.388683248373255e-06
2030-01-16 04:00:00,20.06498306939781,5.855731010437125,2.2987241358480177e-06
2030-01-16 05:00:00,20.13243961857017,5.476833343505973,2.251405163655978e-06
2030-01-16 06:00:00,20.564225929692963,5.451174736023063,2.2742401812708855e-06
2030-01-16 07:00:00,21.008428549438573,5.478801727295036,2.323921667628448e-06
2030-01-16 08:00:00,21.009326039886577,5.4639678001404945,2.1788600567881904e-06
2030-01-16 09:00:00,21.01198497771629,5.699797630310172,2.186723329190006e-06
2030-01-16 10:00:00,27.332182426031828,5.927834510803336,3.0692401401257345e-06
2030-01-16 11:00:00,27.33420143291329,6.291850090026969,3.188414693683165e-06
2030-01-16 12:00:00,33.76228047381097,6.538264274597282,5.119137062204817e-06
2030-01-16 13:00:00,27.332372569950323,6.450746059417838,3.1568088694977745e-06
2030-01-16 14:00:00,27.33233790364495,6.201660633087272,3.1239352262194984e-06
2030-01-16 15:00:00,27.33225673517379,5.88723993301403,3.042816890902629e-06
2030-01-16 16:00:00,27.332399032738973,5.242455959320182,2.985063950937002e-06
2030-01-16 17:00:00,27.332255499063653,5.128741741180534,2.894061246035689e-06
2030-01-16 18:00:00,27.332209775895613,5.12989711761486,2.848509784842584e-06
2030-01-16 19:00:00,27.332206458054024,4.733791351318473,2.863472786286913e-06
2030-01-16 20:00:00,27.332217150536096,4.351007461547965,2.885672607654037e-06
2030-01-16 21:00:00,27.33226949310201,4.256870269775504,2.962501302431481e-06
2030-01-16 22:00:00,27.332386882751933,4.38328313827526,3.181886506895621e-06
2030-01-16 23:00:00,27.332553193693016,4.549820899963493,3.3676875773798796e-06
2030-01-17 00:00:00,27.33437870345961,4.621968269348258,3.7108532015925668e-06
2030-01-17 01:00:00,43.30312394014637,4.686492919921989,0.022392606082582475
2030-01-17 02:00:00,43.30342288966134,4.808701515197868,0.05226971796617901
2030-01-17 03:00:00,43.3034867778788,4.92940711975109,0.09123572488768193
2030-01-17 04:00:00,43.30352632942148,4.863811969757194,0.15294112777467184
2030-01-17 05:00:00,43.30354216421137,4.788148403167838,0.1917019698106008
2030-01-17 06:00:00,43.30354943079057,5.156930923462028,0.21170554420962434
2030-01-17 07:00:00,43.30355359899607,5.326804161071891,0.22784599437703437
2030-01-17 08:00:00,43.303553979670994,5.512055873870963,0.21573273510630664
2030-01-17 09:00:00,43.303554866094885,5.748036384582633,0.21672554840767538
2030-01-17 10:00:00,43.303555471956514,6.305423736572379,0.21664678869407475
2030-01-17 11:00:00,43.30355225606096,7.328129768371696,0.19280114509460927
2030-01-17 12:00:00,43.30355457153343,7.663823604583854,0.21008146364203373
2030-01-17 13:00:00,43.303554853354,7.615097045898551,0.21292249681906825
2030-01-17 14:00:00,43.30355477723664,7.380981922149772,0.21328063866616567
2030-01-17 15:00:00,43.30355585746948,7.152746677398795,0.2211249588337065
2030-01-17 16:00:00,43.30355709970058,6.711797714233512,0.22672207969281438
2030-01-17 17:00:00,43.30355653360378,6.508184432983512,0.223854523329661
2030-01-17 18:00:00,43.30355541294623,6.402330398559684,0.22305232262028532
2030-01-17 19:00:00,43.30355382331748,5.827232360839957,0.22020882747476392
2030-01-17 20:00:00,43.3035516167363,5.860749244690055,0.2134563622516418
2030-01-17 21:00:00,43.30355004180238,5.883695602417106,0.2081338237056673
2030-01-17 22:00:00,43.30354630315628,5.747608661651725,0.19005396575827851
2030-01-17 23:00:00,43.30353953169404,5.665042400360221,0.16554834542626395
2030-01-18 00:00:00,43.30352706792113,5.351758003234977,0.13448324196210687
2030-01-18 01:00:00,43.30350983006448,5.06443548202526,0.10523911819315393
2030-01-18 02:00:00,43.30347930273322,4.317828655243034,0.07659824741320327
2030-01-18 03:00:00,43.3034579929866,4.056123256683463,0.06568859047169776
2030-01-18 04:00:00,43.30344579787669,3.971269607544059,0.06134465555427853
2030-01-18 05:00:00,43.30351701940125,3.524191856384391,0.10096662461259322
2030-01-18 06:00:00,43.30353862978078,3.382912158966178,0.13844740304501596
2030-01-18 07:00:00,43.30353269074215,3.113131999969596,0.12921156192002697
2030-01-18 08:00:00,43.30301815313528,3.0859675407410805,0.015003049700932742
2030-01-18 09:00:00,43.3019284878487,4.036325454712028,0.005666970601101865
2030-01-18 10:00:00,43.30200001526199,4.583699703216666,0.006546104451314367
2030-01-18 11:00:00,43.30196482155208,4.905181884765739,0.006041542438071801
2030-01-18 12:00:00,43.30215006675246,4.62858343124401,0.007922349847452645
2030-01-18 13:00:00,43.30220589675436,4.413443565368766,0.008405999535550256
2030-01-18 14:00:00,43.30308622460024,4.109101772308463,0.018649903183140186
2030-01-18 15:00:00,43.303448260064165,3.828008174896354,0.054885311817359554
2030-01-18 16:00:00,43.303495479185926,3.6520802974702065,0.07288110932284228
2030-01-18 17:00:00,43.30349407662519,3.549838781356925,0.07020874929146688
2030-01-18 18:00:00,43.30346918943843,3.4331147670746986,0.05624596253314814
2030-01-18 19:00:00,43.30336791615748,3.3414344787598793,0.033331612366659956
2030-01-18 20:00:00,43.30224663864826,3.2700407505036537,0.00876929299659663
2030-01-18 21:00:00,43.30223871257382,3.0550837516785805,0.008761656029280994
2030-01-18 22:00:00,43.30219717883637,2.809314966201896,0.008386439307062517
2030-01-18 23:00:00,43.30212206137634,2.6910755634309,0.008138816093068034
2030-01-19 00:00:00,43.30211193014172,2.557477235794181,0.0082542525490067
2030-01-19 01:00:00,43.302116493291024,2.3810915946961586,0.008416174100736742
2030-01-19 02:00:00,43.30212637753724,2.254369497299308,0.008520312497525696
2030-01-19 03:00:00,43.30214910882261,2.1547424793244545,0.008598075509795803
2030-01-19 04:00:00,43.30236310079104,2.07216048240673,0.010143588236847717
2030-01-19 05:00:00,43.30354332464925,1.9956833124161903,0.11387925953850772
2030-01-19 06:00:00,43.30354126845959,1.837103724479789,0.12288421062604621
2030-01-19 07:00:00,43.303539393223566,1.7201992273331825,0.11627019834118259
2030-01-19 08:00:00,43.30353195367535,1.6680394411088173,0.09916603863084611
2030-01-19 09:00:00,43.30354252918212,1.5681092739106361,0.1257253337118874
2030-01-19 10:00:00,43.303538954165006,1.5008478164673988,0.11806074075255325
2030-01-19 11:00:00,43.30353930049629,1.5168132781983559,0.12019719467554955
2030-01-19 12:00:00,43.30353869237445,1.7796958684922402,0.12013332469759357
2030-01-19 13:00:00,43.30353332083752,2.1850018501282875,0.1085576411312507
2030-01-19 14:00:00,43.30354128493625,2.1969549655915444,0.12507794044219558
2030-01-19 15:00:00,43.30355600727082,1.7887995243073647,0.18340412991229105
2030-01-19 16:00:00,43.30356077165113,1.3842318058015053,0.2073546658453562
2030-01-19 17:00:00,43.30356319303795,1.1635518074036781,0.22522107706120612
2030-01-19 18:00:00,43.303563699807725,1.0648645162583534,0.2311100207177367
2030-01-19 19:00:00,43.3035617440995,0.8828201293946449,0.22141065185642436
2030-01-19 20:00:00,43.30355749639821,0.7480583190919106,0.2077506586905216
2030-01-19 21:00:00,43.30354781575506,0.5383740067483131,0.1880254741218668
2030-01-19 22:00:00,43.30353723862021,0.233648598194236,0.1513555023013563
2030-01-19 23:00:00,43.303536889813294,0.12388902902614518,0.15423761399902572
2030-01-20 00:00:00,43.30353001378364,0.2333724647761528,0.13744924636055653
2030-01-20 01:00:00,43.30351399993448,0.4517115354539101,0.11141323900178857
2030-01-20 02:00:00,43.3034940271018,0.6386564970017616,0.09001320591003305
2030-01-20 03:00:00,43.30348006512336,0.8123027682305519,0.07985469731962952
2030-01-20 04:00:00,43.30343282860385,0.9016565680504982,0.05530750737194909
2030-01-20 05:00:00,43.30353498690128,1.1109004020692055,0.1101301191087517
2030-01-20 06:00:00,43.30354249286068,1.3232679367066567,0.12664732169783663
2030-01-20 07:00:00,43.30353804375829,1.625063061714286,0.11571971317571857
2030-01-20 08:00:00,43.30350205710221,1.9097725152970497,0.06536627303803477
2030-01-20 09:00:00,43.30343195050504,2.4611837863923256,0.03809944616644357
2030-01-20 10:00:00,43.30326529779857,3.1886029243470375,0.0210711451416175
2030-01-20 11:00:00,43.3029680187336,3.768851280212516,0.0125024504625009
2030-01-20 12:00:00,43.30296339082221,4.224071979522819,0.012410832699727982
2030-01-20 13:00:00,43.30301935144798,4.5306181907654945,0.013829547534163147
2030-01-20 14:00:00,43.30312255613632,4.7895174026490395,0.016746216824943573
2030-01-20 15:00:00,43.303294688183406,4.863826751709098,0.023849685604570053
2030-01-20 16:00:00,43.30351116662614,4.797585010528678,0.07667911056175117
2030-01-20 17:00:00,43.30352101945174,4.627696990966911,0.09001204225600669
2030-01-20 18:00:00,43.30352876864031,4.4917507171632,0.1068940150254441
2030-01-20 19:00:00,43.30352671316343,4.611763000488395,0.10602663738621854
2030-01-20 20:00:00,43.3034754154214,5.090318679809684,0.06160030100356628
2030-01-20 21:00:00,43.30334721350312,5.684435367584342,0.03317361899074094
2030-01-20 22:00:00,43.30334550106485,5.73538970947277,0.033977967035607556
2030-01-20 23:00:00,43.303220706480914,5.406995773315543,0.024435923007693434
2030-01-21 00:00:00,43.30310090225341,5.359968662262077,0.018959378296736416
2030-01-21 01:00:00,43.30309761774383,5.428794860839957,0.019300177783439846
2030-01-21 02:00:00,43.30311521999748,5.3472051620484535,0.020324427280172294
2030-01-21 03:00:00,43.30311039281976,5.246105194091911,0.01990514682466195
2030-01-21 04:00:00,43.303147510084514,5.513117790222282,0.021267257929522505
2030-01-21 05:00:00,43.30338295857743,5.966887474060172,0.03980520273574182
2030-01-21 06:00:00,43.30350758513478,6.291059494018668,0.09035632647844911
2030-01-21 07:00:00,43.30352424794656,6.523764610290641,0.11329120741668093
2030-01-21 08:00:00,43.30352870358787,6.660631179809684,0.11936107328630158
2030-01-21 09:00:00,43.30353495058859,6.685185432434196,0.13534072409553063
2030-01-21 10:00:00,43.30354248041387,6.584308147430534,0.16405844080768986
2030-01-21 11:00:00,43.30354530643554,6.269327163696403,0.17968704915939587
2030-01-21 12:00:00,43.30324689593628,7.055420398712272,0.020217058518908995
2030-01-21 13:00:00,43.3032865974533,7.382085323333854,0.02329752133709926
2030-01-21 14:00:00,43.30352804595303,6.743069171905631,0.11980687828569832
2030-01-21 15:00:00,43.30353573769089,6.2828106880189125,0.14296368998905898
2030-01-21 16:00:00,43.30354107297039,6.165111541748161,0.15812764781305297
2030-01-21 17:00:00,43.30354083031933,6.035651683807487,0.15463491190295914
2030-01-21 18:00:00,43.30353829475447,5.77168703079235,0.14844557957213525
2030-01-21 19:00:00,43.303535296074735,5.640103816986198,0.14465843980091683
2030-01-21 20:00:00,43.303529177005146,5.401956558227653,0.13220149665791628
2030-01-21 21:00:00,43.30352572138319,5.068286418914909,0.12623941007964298
2030-01-21 22:00:00,43.30352815036981,4.8926177024842445,0.13629554825711168
2030-01-21 23:00:00,43.30352005028136,4.8970708847047035,0.12265290018312666
2030-01-22 00:00:00,43.30351395337699,4.928730964660758,0.11505850653320453
2030-01-22 01:00:00,43.30348990649095,4.9878559112549965,0.08722310381565475
2030-01-22 02:00:00,43.30347610694619,5.095577239990348,0.0774820153522162
2030-01-22 03:00:00,43.3034779775668,5.011014938354606,0.07922485371379516
2030-01-22 04:00:00,43.303484831331,4.854604244232291,0.08306092130020473
2030-01-22 05:00:00,43.30350535086649,5.0383696556092445,0.0960649473231783
2030-01-22 06:00:00,43.30351712054002,4.967964172363395,0.10482565303987013
2030-01-22 07:00:00,43.30351246014066,4.8157625198365395,0.09825690965307197
2030-01-22 08:00:00,43.30340524899135,4.894565582275504,0.03966007903809131
2030-01-22 09:00:00,43.30342210525679,5.011094093322868,0.042930146187052945
2030-01-22 10:00:00,43.30349811388868,5.203779697418327,0.07764184631875734
2030-01-22 11:00:00,43.30347426635798,5.530135154724235,0.061143442074665315
2030-01-22 12:00:00,43.30323665518799,6.215002536773795,0.020528102581046127
2030-01-22 13:00:00,43.30322173718012,7.137586116790885,0.019302584736382387
2030-01-22 14:00:00,43.30329448454965,7.498125553131217,0.024534189712822816
2030-01-22 15:00:00,43.30352986282144,7.2580890655518715,0.12796619550520194
2030-01-22 16:00:00,43.30353216773028,7.1463570594788735,0.12931086369450326
2030-01-22 17:00:00,43.30353082179224,7.253449916839713,0.12443221139715088
2030-01-22 18:00:00,43.30353099392976,7.503709793090934,0.1266290964177986
2030-01-22 19:00:00,43.30353169227398,7.889815330505485,0.13312630966950678
2030-01-22 20:00:00,43.30353333463503,8.03443527221691,0.14320740039356877
2030-01-22 21:00:00,43.303535949293305,8.13102245330822,0.15420781712694429
2030-01-22 22:00:00,43.303542730624415,8.260805130004996,0.1886055343071474
2030-01-22 23:00:00,43.30353971130776,8.272993087768668,0.1815582703067131
2030-01-23 00:00:00,43.30353681669161,8.13437652587902,0.17356185701913251
2030-01-23 01:00:00,43.30353300693962,8.003742218017692,0.16367777272664802
2030-01-23 02:00:00,43.30352739890341,7.814532279968375,0.149261636440439
2030-01-23 03:00:00,43.303525329576274,7.534873008728141,0.14360678660753248
2030-01-23 04:00:00,43.30352943476982,7.039750099182243,0.1491186749106641
2030-01-23 05:00:00,43.303538462010096,6.7974495887757485,0.16165510173036468
2030-01-23 06:00:00,43.30354489788636,6.845699310302848,0.176225641631407
2030-01-23 07:00:00,43.303545645677744,6.767929553985709,0.1765428198632467
2030-01-23 08:00:00,43.3035465491799,6.6128911972047035,0.17389611556768547
2030-01-23 09:00:00,43.3035458779294,6.6017780303956215,0.16756226129754342
2030-01-23 10:00:00,43.303547727486254,6.630198001861686,0.17878269043859768
2030-01-23 11:00:00,43.30354314270608,6.79065036773693,0.16058002708625155
2030-01-23 12:00:00,43.30354464006265,6.851943492889518,0.16737113795714542
2030-01-23 13:00:00,43.30354490058145,6.596766948700065,0.16931838152482054
2030-01-23 14:00:00,43.30354056741752,6.446366310119743,0.1522748473306457
2030-01-23 15:00:00,43.30353716477406,6.379875659942741,0.14245202885984407
2030-01-23 16:00:00,43.30354212475903,6.283280849456901,0.15676829438139972
2030-01-23 17:00:00,43.30354304246229,6.208981990814323,0.15916650527085155
2030-01-23 18:00:00,43.30353747540942,6.1474018096924965,0.1424093108325367
2030-01-23 19:00:00,43.30352949400289,6.0222725868226235,0.12592501283487081
2030-01-23 20:00:00,43.30352656592402,5.9434785842896645,0.12470684823830266
2030-01-23 21:00:00,43.30352467190117,5.981152057647819,0.12324710336870885
2030-01-23 22:00:00,43.303534146946994,5.955920696258659,0.15281263976323756
2030-01-23 23:00:00,43.30352625173424,5.556991100311393,0.1357767584296877
2030-01-24 00:00:00,43.3035046891542,5.118704795837516,0.10346135660992867
2030-01-24 01:00:00,43.30349839948784,4.6558270454407875,0.09626314495310423
2030-01-24 02:00:00,43.30350118858795,4.077939987182731,0.09992007906358631
2030-01-24 03:00:00,43.3034921989016,3.391874313354606,0.0912589683126095
2030-01-24 04:00:00,43.30349533779621,2.8958120346070473,0.0933707849500838
2030-01-24 05:00:00,43.30351949317989,2.5280902385712807,0.11813429867024543
2030-01-24 06:00:00,43.30354633848935,2.3649497032166664,0.16909092846200122
2030-01-24 07:00:00,43.303546357773726,2.15891528129589,0.1722754136853275
2030-01-24 08:00:00,43.3034295279478,2.7416825294495766,0.042450314009571735
2030-01-24 09:00:00,43.303260334506696,3.8086869716645424,0.02325049522485364
2030-01-24 10:00:00,43.30330528430967,4.856737136840934,0.026698483789052464
2030-01-24 11:00:00,43.303264114076974,5.7799444198609535,0.023257650318306157
2030-01-24 12:00:00,43.30330965969258,6.4281520843507,0.026772586803333297
2030-01-24 13:00:00,43.30345953497239,6.657722949981803,0.05470796524633571
2030-01-24 14:00:00,43.30351942915769,6.463243007660026,0.10371186034086485
2030-01-24 15:00:00,43.30354557387844,5.9998469352723305,0.17772113612231571
2030-01-24 16:00:00,43.30355260913305,5.708583831787223,0.211375233858285
2030-01-24 17:00:00,43.3035526901504,5.534501075744743,0.20920127733303978
2030-01-24 18:00:00,43.303551790860034,5.295965194702262,0.20787415167987408
2030-01-24 19:00:00,43.30355055566809,4.889603614807243,0.2068774835217279
2030-01-24 20:00:00,43.30354910293119,4.681123256683463,0.2066291779130921
2030-01-24 21:00:00,43.30354950970148,4.837210655212516,0.21271349714154436
2030-01-24 22:00:00,43.30355025730207,4.998550415039176,0.2206818549702564
2030-01-24 23:00:00,43.30354785770638,5.204226970672721,0.21490565071415424
2030-01-25 00:00:00,43.30354547636518,5.275750637054557,0.209538859507537
2030-01-25 01:00:00,43.30354246290184,5.385118961334342,0.202340533497066
2030-01-25 02:00:00,43.30354027772108,5.4019536972047035,0.19746379833451957
2030-01-25 03:00:00,43.303537882013785,5.516216754913444,0.19152707290827628
2030-01-25 04:00:00,43.30353811071544,5.8575787544251625,0.1911001207697345
2030-01-25 05:00:00,43.30354103498026,6.126701354980582,0.1965986475674121
2030-01-25 06:00:00,43.303546046967305,6.190342903137321,0.2079773797568467
2030-01-25 07:00:00,43.30354608182153,6.2173151969910805,0.21074838160290565
2030-01-25 08:00:00,43.30354795952568,6.277146816253776,0.2083469662484019
2030-01-25 09:00:00,43.30355025121565,6.336899280548209,0.2118091246470489
2030-01-25 10:00:00,43.30355063572782,6.391900539398307,0.21098050213927932
2030-01-25 11:00:00,43.30355050184048,6.439852714538688,0.20820944318729367
2030-01-25 12:00:00,43.3035504601794,6.420364856720084,0.2069997341684319
2030-01-25 13:00:00,43.30354979859438,6.324038505554313,0.20525839093391388
2030-01-25 14:00:00,43.30354899942022,6.191116333007926,0.20317763673865055
2030-01-25 15:00:00,43.3035491963707,6.038758754730338,0.20539571995515743
2030-01-25 16:00:00,43.30354999070165,5.8880400657654945,0.20567407914473732
2030-01-25 17:00:00,43.30355174885302,5.771895408630485,0.21718187764620434
2030-01-25 18:00:00,43.30354943921557,5.604283809661979,0.2093403513660997
2030-01-25 19:00:00,43.30354365463334,5.543957710266227,0.18468399318098233
2030-01-25 20:00:00,43.30353911021199,5.220201015472526,0.1698252695320385
2030-01-25 21:00:00,43.30353890944541,5.137626171112174,0.17378630270965356
2030-01-25 22:00:00,43.30354314235176,5.229058265686149,0.19886449368090875
2030-01-25 23:00:00,43.30354106140626,5.096662521362418,0.19955884004653504
2030-01-26 00:00:00,43.30353731072583,5.077321529388541,0.1909132031401456
2030-01-26 01:00:00,43.30353491512648,5.17098426818859,0.18741442520650284
2030-01-26 02:00:00,43.30352418668443,5.234794616699332,0.15524560940410592
2030-01-26 03:00:00,43.30347165248909,5.271335124969596,0.08141571419734675
2030-01-26 04:00:00,43.30339371317426,5.7199373245240395,0.04728935986291555
2030-01-26 05:00:00,43.30337643617313,5.725700855255241,0.04120346852507149
2030-01-26 06:00:00,43.30338810932605,5.746723175048942,0.042118666418212686
2030-01-26 07:00:00,27.33305240179457,5.719344615936393,4.149058730701526e-06
2030-01-26 08:00:00,27.334144931260692,5.5837397575379555,3.943278698389401e-06
2030-01-26 09:00:00,27.33462960179462,5.595860481262321,3.750716778746851e-06
2030-01-26 10:00:00,27.3358425438632,5.578459739685172,3.750951628221541e-06
2030-01-26 11:00:00,27.33671871309713,5.523710727691764,3.7239156527702325e-06
2030-01-26 12:00:00,27.332225005723,5.824662685394401,2.936442203775403e-06
2030-01-26 13:00:00,33.74557052577164,5.427159786224479,6.017815886330829e-06
2030-01-26 14:00:00,27.3348470794114,5.296177864074821,3.866332281317201e-06
2030-01-26 15:00:00,27.332642492561977,5.132215023040885,3.7611359198333977e-06
2030-01-26 16:00:00,27.33263738073943,4.9392695426942055,3.55086203596086e-06
2030-01-26 17:00:00,27.33248835558556,4.904660701751823,3.4091097988201548e-06
2030-01-26 18:00:00,27.332405172907613,4.9438424110413735,3.403786705638751e-06
2030-01-26 19:00:00,27.33236767020728,4.930606365203971,3.4359468108189303e-06
2030-01-26 20:00:00,27.332352222903275,5.074196815490836,3.492822802069259e-06
2030-01-26 21:00:00,27.332367683811977,5.4457159042359535,3.542391468326759e-06
2030-01-26 22:00:00,27.332384925148222,5.8868451118470375,3.6376056865989944e-06
2030-01-26 23:00:00,27.332346145642237,6.419722557067985,3.6572023040890996e-06
2030-01-27 00:00:00,27.33233015273681,6.319629669189567,3.6581913768312197e-06
2030-01-27 01:00:00,27.332333438542022,5.8532171249390785,3.663411770958574e-06
2030-01-27 02:00:00,27.332347553383716,5.463506221771354,3.668667134639683e-06
2030-01-27 03:00:00,27.332386731130978,4.904757976532096,3.6111854388965142e-06
2030-01-27 04:00:00,27.33385895457207,4.354062557220573,3.4222175696926846e-06
2030-01-27 05:00:00,39.77629104737968,4.059621334076041,1.070914591101577e-05
2030-01-27 06:00:00,40.629907120233405,3.9001417160035317,1.3539527907604677e-05
2030-01-27 07:00:00,43.284352799510245,3.498892545700187,0.0011123473271856562
2030-01-27 08:00:00,43.29873573229693,3.55861592292797,0.0033754937407145854
2030-01-27 09:00:00,43.30015896663384,3.586433649063224,0.004454254145051625
2030-01-27 10:00:00,43.30345066966782,3.7460651397706215,0.04942073940326244
2030-01-27 11:00:00,43.30328751296855,3.9708218574525063,0.024733143521618595
2030-01-27 12:00:00,43.30300831792693,4.229173660278434,0.015095253570395095
2030-01-27 13:00:00,43.30332069206519,4.213818073272819,0.02922013458030217
2030-01-27 14:00:00,43.30338378132803,4.181155681610221,0.03754425619310638
2030-01-27 15:00:00,43.30347641051495,4.067363262176627,0.06827355709176798
2030-01-27 16:00:00,43.30350852914128,4.026156902313346,0.09354884805193638
2030-01-27 17:00:00,43.30351512810277,4.1324858665467445,0.09950029063634921
2030-01-27 18:00:00,43.30351268902712,4.071146965026969,0.09789836404382642
2030-01-27 19:00:00,43.30351901676047,3.9724516868592445,0.10656796732033784
2030-01-27 20:00:00,43.30351045031517,3.9078412055970375,0.10091029713065781
2030-01-27 21:00:00,43.30351983429847,3.8714220523835365,0.11733838645619012
2030-01-27 22:00:00,43.30353249031698,3.727621793747062,0.15155039121759475
2030-01-27 23:00:00,43.30352567306981,3.438232898712272,0.1378860760248428
2030-01-28 00:00:00,43.30352104415497,3.171678543090934,0.13240868622692742
2030-01-28 01:00:00,43.30351595572512,3.0091288089753334,0.12538220863837862
2030-01-28 02:00:00,43.30351637372021,2.752953767776603,0.12762483896755192
2030-01-28 03:00:00,43.30351323190998,2.180488348007316,0.12077045154585979
2030-01-28 04:00:00,43.30351993430697,1.8357502222062294,0.1284644603149216
2030-01-28 05:00:00,43.30355713649028,1.9505257606507485,0.20536550251293362
2030-01-28 06:00:00,43.303561571929805,1.9924449920655434,0.22623208516308255
2030-01-28 07:00:00,43.30356166380173,2.0489938259125893,0.22789624095732713
2030-01-28 08:00:00,43.303556491518606,2.2415695190430824,0.18462608917850679
2030-01-28 09:00:00,43.30355130284435,2.666880607605094,0.15617789300775847
2030-01-28 10:00:00,43.30353494284711,3.2748382091523354,0.11041781273445475
2030-01-28 11:00:00,43.30354347535799,3.79387998580944,0.13714769743445074
2030-01-28 12:00:00,43.30354936022665,4.048012733459586,0.16452374634588682
2030-01-28 13:00:00,43.30355375442852,4.283070564270133,0.18878539022300433
2030-01-28 14:00:00,43.30355425580466,4.4212899208069985,0.19139965084142094
2030-01-28 15:00:00,43.303553282846295,4.160333633422965,0.17795292277642924
2030-01-28 16:00:00,43.30356266901137,3.566451311111564,0.2434170406997361
2030-01-28 17:00:00,43.30356289208475,3.2373230457307045,0.24046554041360038
2030-01-28 18:00:00,43.30356206593363,3.334403038025016,0.23918533295899388
2030-01-28 19:00:00,43.30356028382957,3.4877390861512367,0.23465007729056991
2030-01-28 20:00:00,43.30355369435605,3.6214101314545815,0.2141085698570833
2030-01-28 21:00:00,43.3035507494981,3.9650990962983315,0.20741447743154312
2030-01-28 22:00:00,43.30354909332459,4.061592102050895,0.2065229740563201
2030-01-28 23:00:00,43.30354558247716,4.226226806640739,0.19951080049511596
2030-01-29 00:00:00,43.30353943941003,4.282970428466911,0.17674803964672417
2030-01-29 01:00:00,43.30353606958313,4.159756183624381,0.1696925483072465
2030-01-29 02:00:00,43.30353371528377,4.221819877624625,0.1657902964829843
2030-01-29 03:00:00,43.30353277924928,4.526415348053092,0.16339979954272923
2030-01-29 04:00:00,43.303531341672034,4.8115277290345375,0.1582365978467975
2030-01-29 05:00:00,43.30353681225162,4.924331188202018,0.16300420179021888
2030-01-29 06:00:00,43.30354872289098,4.972419261932487,0.19239845158686508
2030-01-29 07:00:00,43.30351769036895,5.148214817047233,0.11971371360929485
2030-01-29 08:00:00,43.303486782451465,5.054953575134391,0.08284897756874433
2030-01-29 09:00:00,43.30341713696407,4.873096942901725,0.05015107477165982
2030-01-29 10:00:00,43.30328476643472,4.6796050071717445,0.02890818664230561
2030-01-29 11:00:00,43.303113783934016,4.714461803436393,0.020103556501474433
2030-01-29 12:00:00,43.30292498097331,4.786752700805778,0.015521458585813276
2030-01-29 13:00:00,43.30051686876289,4.9683222770692055,0.004710133499610088
2030-01-29 14:00:00,43.30260151548144,5.13247108459484,0.011290103808511066
2030-01-29 15:00:00,43.30177496451488,5.255320549011344,0.0071965827322456105
2030-01-29 16:00:00,43.302770068397336,5.242832183838004,0.01281485074449649
2030-01-29 17:00:00,43.30110179625422,4.952015876770133,0.005745943849345143
2030-01-29 18:00:00,35.05638082508656,4.901390075683707,5.637971816422404e-06
2030-01-29 19:00:00,27.335313618003116,4.688714504242057,3.326020518921786e-06
2030-01-29 20:00:00,27.332533053422026,4.510418891906852,3.289489482979698e-06
2030-01-29 21:00:00,27.33237142344004,4.372721195221061,3.259467440395798e-06
2030-01-29 22:00:00,27.33229003015883,4.160446643829459,3.159926455267689e-06
2030-01-29 23:00:00,27.332237065582124,3.9529719352723305,3.09308990494916e-06
2030-01-30 00:00:00,27.33221021926617,3.8064801692963783,3.0139908385396293e-06
2030-01-30 01:00:00,27.33219777089625,3.8204569816590492,2.99623886130914e-06
2030-01-30 02:00:00,27.33219340430283,3.7166092395783608,2.9998911901498828e-06
2030-01-30 03:00:00,27.3321930451252,3.653715848922843,2.9968944173608238e-06
2030-01-30 04:00:00,27.33220113393202,3.624852657318229,3.012723344385003e-06
2030-01-30 05:00:00,27.332228373517403,3.75594258308422,3.0399647039788034e-06
2030-01-30 06:00:00,27.33236790814591,3.888346195221061,2.986512684725839e-06
2030-01-30 07:00:00,27.33255508125622,3.9175181388856117,2.9166762890733533e-06
2030-01-30 08:00:00,27.33238223983534,3.9371473789216225,2.8589183589084396e-06
2030-01-30 09:00:00,27.332344991365147,4.227133750915641,2.8584608888857697e-06
2030-01-30 10:00:00,27.33245536377784,4.838092327118034,2.9980937409053222e-06
2030-01-30 11:00:00,27.33237885994923,5.3785443305970375,2.791699253451964e-06
2030-01-30 12:00:00,27.332406515237704,5.7527861595154945,2.7462168065187232e-06
2030-01-30 13:00:00,27.33244625253255,5.936297893524284,2.7157583038922628e-06
2030-01-30 14:00:00,27.33259420791084,5.919051647186393,2.7923159671882674e-06
2030-01-30 15:00:00,27.33730853078785,5.769829750061149,3.048320399570539e-06
2030-01-30 16:00:00,35.06286667738576,5.68891811370861,5.644230147465817e-06
2030-01-30 17:00:00,43.30316571215685,5.685216903686637,0.018635951758648423
2030-01-30 18:00:00,43.30339280774355,5.469466209411735,0.040078249374795344
2030-01-30 19:00:00,43.30347971924549,5.199691772461051,0.07915456488148967
2030-01-30 20:00:00,43.30347660308586,4.97960472106945,0.08048232600643382
2030-01-30 21:00:00,43.30347141304968,4.965137004852409,0.07689962976110416
2030-01-30 22:00:00,43.30336799751723,4.890592098236198,0.038941497188441296
2030-01-30 23:00:00,43.30296885576895,4.9062590599061195,0.016400360066939863
2030-01-31 00:00:00,43.29330238013002,4.8778448104859535,0.002230190769021987
2030-01-31 01:00:00,35.05655498502969,4.756116867065543,6.345916923482868e-06
2030-01-31 02:00:00,35.0564990033708,4.807431697845573,6.214790228287165e-06
2030-01-31 03:00:00,35.05646764418824,4.879941940307731,5.999709156364832e-06
2030-01-31 04:00:00,35.05646923276011,4.820224761963004,5.836936860862421e-06
2030-01-31 05:00:00,35.05650560615163,4.712858200073356,5.599758489829768e-06
2030-01-31 06:00:00,35.05662185025241,4.671982288360709,5.420267326629397e-06
2030-01-31 07:00:00,27.332547224480027,4.816966056823844,3.3944407925643414e-06
2030-01-31 08:00:00,27.332088102422617,4.969259738922233,3.234203834573932e-06
2030-01-31 09:00:00,22.16889644081053,5.219952106475944,2.433766353639309e-06
2030-01-31 10:00:00,23.103014050400084,5.209655761718864,2.7338391327527205e-06
2030-01-31 11:00:00,22.168563409637752,5.378505706787223,2.4091387048788278e-06
2030-01-31 12:00:00,22.16849712743733,5.627295017242545,2.2883601457753656e-06
2030-01-31 13:00:00,22.16868624537057,5.524817943573112,2.5504157246719043e-06
2030-01-31 14:00:00,22.168532548180625,5.639173507690543,2.4226544390055863e-06
2030-01-31 15:00:00,22.168691466939517,5.50567197799694,2.559669145970646e-06
2030-01-31 16:00:00,27.330606000647823,5.228116512298698,3.484246463931157e-06
2030-01-31 17:00:00,27.332207969270463,5.13669586181652,3.534922575659826e-06
2030-01-31 18:00:00,27.332337539124318,5.306628704071159,3.702353744541481e-06
2030-01-31 19:00:00,27.33226001793832,5.463657379150504,3.881410850161396e-06
2030-01-31 20:00:00,27.33201059389436,5.459580898285026,3.999079842772502e-06
2030-01-31 21:00:00,27.331971495573068,5.4690499305726235,3.962234906743534e-06
2030-01-31 22:00:00,27.331880092395185,5.5324678421021645,4.002310737253776e-06
2030-01-31 23:00:00,27.32873260113983,5.464992523193473,4.004459369682537e-06
2030-02-01 00:00:00,22.168754356135445,5.504171848297233,3.127570460889008e-06
2030-02-01 01:00:00,22.16856178058745,5.391957283020133,3.00995681702384e-06
2030-02-01 02:00:00,22.168517044032733,5.156734466552848,2.906423798635255e-06
2030-02-01 03:00:00,22.168494111941005,5.156023502349967,2.7885330271543448e-06
2030-02-01 04:00:00,22.168490729292746,5.06820106506359,2.7653619518490522e-06
2030-02-01 05:00:00,22.168503249844917,5.0854158401490395,2.7759505049436335e-06
2030-02-01 06:00:00,22.16852410460597,5.115310192108268,2.759258630109552e-06
2030-02-01 07:00:00,20.06514461692777,5.11787843704235,2.502608212799252e-06
2030-02-01 08:00:00,20.06465376001525,5.186225414276237,2.3305309268596848e-06
2030-02-01 09:00:00,20.06452008956675,5.3248310089112465,2.1944416778577195e-06
2030-02-01 10:00:00,20.064751251787225,5.327860355377311,2.315197793952925e-06
2030-02-01 11:00:00,20.0643638316278,5.8509588241578285,1.7587980493232767e-06
2030-02-01 12:00:00,20.0644261522319,5.763730525970573,2.0577414341663513e-06
2030-02-01 13:00:00,20.06438854765351,5.95806455612194,1.9095472219755725e-06
2030-02-01 14:00:00,20.064420512242773,5.786477088928336,2.07013846187659e-06
2030-02-01 15:00:00,20.064445565675783,5.60589170455944,2.1659415598925897e-06
2030-02-01 16:00:00,20.06458780986593,5.27226018905651,2.3718160971875324e-06
2030-02-01 17:00:00,20.064882305959085,4.70708799362194,2.4013590218900956e-06
2030-02-01 18:00:00,20.06472275861994,4.585347175598258,2.3810723107603604e-06
2030-02-01 19:00:00,20.064606745621063,4.449077129364127,2.3783120039096513e-06
2030-02-01 20:00:00,20.0645695210458,4.300652503967399,2.384001802903803e-06
2030-02-01 21:00:00,20.064593553225503,4.095671176910514,2.3993854791427507e-06
2030-02-01 22:00:00,20.064609641152032,4.212621212005729,2.4190598797184484e-06
2030-02-01 23:00:00,20.06464185107452,4.329781055450553,2.509848748826688e-06
2030-02-02 00:00:00,20.0646098646023,4.314134597778434,2.5445750096626263e-06
2030-02-02 01:00:00,20.064602846110343,4.280694484710807,2.60792008296244e-06
2030-02-02 02:00:00,20.064611650773085,4.331188678741569,2.68008849390063e-06
2030-02-02 03:00:00,20.06483213002212,4.237096309661979,2.7082655972145996e-06
2030-02-02 04:00:00,20.49531553894638,3.895060539245719,2.708318410881289e-06
2030-02-02 05:00:00,20.935091891566238,3.281501531601066,2.73937525516868e-06
2030-02-02 06:00:00,21.3817687052944,2.847527503967399,2.8184000066791195e-06
2030-02-02 07:00:00,21.01135303288117,2.6786751747132485,2.8054489479062525e-06
2030-02-02 08:00:00,20.06439244308448,3.026950120926017,1.9666554928014677e-06
2030-02-02 09:00:00,20.064346633193267,3.935728549957389,1.7438544695012612e-06
2030-02-02 10:00:00,20.06475482985054,4.3963570594788735,2.3590759516238894e-06
2030-02-02 11:00:00,20.06430869506755,5.908557415008659,1.5112590210732234e-06
2030-02-02 12:00:00,20.064329030900023,6.610357284546012,1.5828082186287164e-06
2030-02-02 13:00:00,20.06440259927019,6.1762456893922035,1.955308177968658e-06
2030-02-02 14:00:00,20.064616075243148,5.690757274627799,2.4021977928907717e-06
2030-02-02 15:00:00,20.064792750289246,5.29565525054943,2.2576980782401555e-06
2030-02-02 16:00:00,20.4954066629142,4.580225944519157,2.74533343318643e-06
2030-02-02 17:00:00,20.934940289985875,3.610605478286857,2.6902409491533023e-06
2030-02-02 18:00:00,21.38124452611355,2.8394751548768227,2.7519093824677936e-06
2030-02-02 19:00:00,21.009200645161517,2.9468803405762856,2.7894435747828755e-06
2030-02-02 20:00:00,20.07000694651429,3.3340406417847817,2.7713069933016965e-06
2030-02-02 21:00:00,20.069106183935883,3.2583210468293373,2.786790416582554e-06
2030-02-02 22:00:00,20.06518852453961,3.02472019195568,2.655416895557483e-06
2030-02-02 23:00:00,20.06482085260417,2.8304789066315834,2.574025439403083e-06
2030-02-03 00:00:00,20.06479005488779,2.870835781097526,2.553430704073067e-06
2030-02-03 01:00:00,20.06474867731826,2.9783208370209877,2.508364406879735e-06
2030-02-03 02:00:00,20.064728337106164,3.0729055404664223,2.425986201535884e-06
2030-02-03 03:00:00,20.06475889587179,3.521309375763053,2.4336130233339277e-06
2030-02-03 04:00:00,20.0648717019932,4.237612247467155,2.4631462420329208e-06
2030-02-03 05:00:00,20.065433286366805,4.819737911224479,2.484162945712513e-06
2030-02-03 06:00:00,20.66430390255866,5.364892005920524,2.529952731577519e-06
2030-02-03 07:00:00,27.332149479042663,5.675652027130241,3.2301026383607215e-06
2030-02-03 08:00:00,27.332030290466395,6.274918079376334,3.0648617490785387e-06
2030-02-03 09:00:00,27.330149759123326,6.987046718597526,2.8482143040930672e-06
2030-02-03 10:00:00,27.33217392647098,7.311738014221305,2.950312673430143e-06
2030-02-03 11:00:00,27.331959983519887,7.639560222625846,2.852397092514703e-06
2030-02-03 12:00:00,27.332144718487424,7.9579157829285805,2.8392839101239857e-06
2030-02-03 13:00:00,27.332318946625197,8.048760414123649,2.887930375168566e-06
2030-02-03 14:00:00,27.33261531963495,8.241313934326286,2.9845642357037503e-06
2030-02-03 15:00:00,27.333746730864053,8.34031200408947,3.0640219916365385e-06
2030-02-03 16:00:00,43.29068803882939,8.379658699035758,0.0013010155174052146
2030-02-03 17:00:00,43.29333270309178,8.494989395141715,0.0015658951696853696
2030-02-03 18:00:00,43.292088601741696,8.659440040588493,0.0014672331289812947
2030-02-03 19:00:00,43.29171999424962,8.700834274292106,0.0014442504479214324
2030-02-03 20:00:00,43.29171917020517,8.48557281494152,0.0014586635263650718
2030-02-03 21:00:00,43.29181977882713,8.142789840698356,0.0014923336776509358
2030-02-03 22:00:00,43.29193631532195,7.717576026916618,0.001543116472398842
2030-02-03 23:00:00,43.292107156806,7.37163877487194,0.0016161363654528553
2030-02-04 00:00:00,43.295723078735385,7.3921413421632,0.002418988620792236
2030-02-04 01:00:00,43.30300761704462,7.633294582367057,0.018988140551356374
2030-02-04 02:00:00,43.303322144191895,7.725322246551627,0.035847741625301896
2030-02-04 03:00:00,43.303463210050246,7.982801437378043,0.07550080213837022
2030-02-04 04:00:00,43.3035080351016,8.274156570434684,0.11875706520139007
2030-02-04 05:00:00,43.30353280899209,8.510941505432243,0.16768430030803144
2030-02-04 06:00:00,43.30354436138773,8.799467086792106,0.20552657749490255
2030-02-04 07:00:00,43.3035480798526,9.17490100860607,0.21926267138333871
2030-02-04 08:00:00,43.30355003424143,9.526241302490348,0.22262157849075495
2030-02-04 09:00:00,43.30355083861407,9.711709976196403,0.22325936600428223
2030-02-04 10:00:00,43.30355205309935,9.772831916809196,0.22609533968237125
2030-02-04 11:00:00,43.30355161267396,9.94470024108898,0.22158313117518214
2030-02-04 12:00:00,43.30355180554604,10.178379058838004,0.22257566779489413
2030-02-04 13:00:00,43.3035516523531,10.308234214782829,0.224490726501651
2030-02-04 14:00:00,43.3035519573162,10.380929946899528,0.2269835993456041
2030-02-04 15:00:00,43.30355097779225,10.351387977600211,0.21885322135736657
2030-02-04 16:00:00,43.30355156685233,10.134761810302848,0.22328755819920224
2030-02-04 17:00:00,43.30355118105236,9.526959419250602,0.2183778465391727
2030-02-04 18:00:00,43.30354933871923,8.945616722107047,0.21156383496301187
2030-02-04 19:00:00,43.303545153785336,8.434421539306754,0.19412590537051366
2030-02-04 20:00:00,43.303536253331,8.11021995544445,0.15882022397415915
2030-02-04 21:00:00,43.30352922285777,7.695999145507926,0.1381953174333678
2030-02-04 22:00:00,43.303518393423325,7.192731857299918,0.11639459928802437
2030-02-04 23:00:00,43.30352271281272,6.972334384918327,0.1335673953405288
2030-02-05 00:00:00,43.30351915657749,6.8229084014893715,0.1333805810429199
2030-02-05 01:00:00,43.30349670478212,6.695056438446159,0.0982942213521789
2030-02-05 02:00:00,43.30346768317932,6.540819644928092,0.07480527179395668
2030-02-05 03:00:00,43.30328603189415,6.461820125579948,0.03072250501667353
2030-02-05 04:00:00,43.30321136833918,6.3607149124146645,0.023770040499144766
2030-02-05 05:00:00,43.303219820452775,6.06730413436901,0.022542384505899158
2030-02-05 06:00:00,43.30331940262639,6.148662090301627,0.02832527826763049
2030-02-05 07:00:00,33.7628858286217,6.197646617889518,4.9694758232027014e-06
2030-02-05 08:00:00,27.33232093245069,6.665498256683463,3.1137626724260257e-06
2030-02-05 09:00:00,27.33023570135841,7.119232654571647,2.8840907783142465e-06
2030-02-05 10:00:00,27.330118751268447,7.318208217620963,2.497700800098898e-06
2030-02-05 11:00:00,27.33013472137431,7.175418853759879,2.5268813287420207e-06
2030-02-05 12:00:00,27.330181009331778,7.003712654113883,2.6923118114449098e-06
2030-02-05 13:00:00,27.330223678260403,7.021423339843864,2.7567300217133993e-06
2030-02-05 14:00:00,27.3302143900323,7.11828708648693,2.5401473004076567e-06
2030-02-05 15:00:00,27.33029094289897,6.7478728294373695,2.5339658993920753e-06
2030-02-05 16:00:00,27.33238705403065,5.765969276428336,2.939690660277204e-06
2030-02-05 17:00:00,27.33327780010244,4.918004989624137,2.879159903117722e-06
2030-02-05 18:00:00,27.3336580634707,4.146418571472282,2.964504768961277e-06
2030-02-05 19:00:00,27.33401003991433,3.4106507301331703,3.072482294447617e-06
2030-02-05 20:00:00,27.33544492096108,3.2515964508057777,3.28041531215978e-06
2030-02-05 21:00:00,43.30165080523597,3.084593296051139,0.0072329332704287866
2030-02-05 22:00:00,43.30340108959287,3.0248107910157387,0.04033441430321202
2030-02-05 23:00:00,43.30345310230158,3.049904346466178,0.06075515595340221
2030-02-06 00:00:00,43.30348134550185,3.0046918392182533,0.08256644005216518
2030-02-06 01:00:00,43.30350030312347,2.949092864990348,0.10473499756457756
2030-02-06 02:00:00,43.30351177854074,3.029497146606559,0.12201331803435209
2030-02-06 03:00:00,43.30352296132507,3.2546317577363197,0.1415469155893788
2030-02-06 04:00:00,43.30353022469313,3.3114504814149086,0.15451560726694924
2030-02-06 05:00:00,43.30355486764068,3.137494325637931,0.20607973254410122
2030-02-06 06:00:00,43.30355978528939,2.858882904052848,0.22293712226384568
2030-02-06 07:00:00,43.30356027659955,2.711851119995231,0.2256298719529171
2030-02-06 08:00:00,43.30354256583308,3.143764734268302,0.12135887441842416
2030-02-06 09:00:00,43.30353003928966,3.7482345104218666,0.09382712633972658
2030-02-06 10:00:00,43.3035054239077,4.4018316268922035,0.06937912354122483
2030-02-06 11:00:00,43.30347499609888,4.9247198104859535,0.052579955430952174
2030-02-06 12:00:00,43.30353418494696,4.833402156829948,0.1120021824162259
2030-02-06 13:00:00,43.303542404423325,4.58203220367443,0.13833529526192428
2030-02-06 14:00:00,43.303545719612806,4.33587217330944,0.15262028947898956
2030-02-06 15:00:00,43.303549182379946,4.007988452911491,0.16353598089517926
2030-02-06 16:00:00,43.30355858110268,3.4359381198884194,0.21480150883484508
2030-02-06 17:00:00,43.3035595533233,3.0654592514039223,0.21410498703385802
2030-02-06 18:00:00,43.30355889267393,2.806110620498771,0.21114979333003267
2030-02-06 19:00:00,43.30355710175086,2.7721476554871742,0.20644247796678164
2030-02-06 20:00:00,43.30354602183401,2.9583759307862465,0.16926948422039076
2030-02-06 21:00:00,43.30354390059382,3.1391901969910805,0.16536078647882899
2030-02-06 22:00:00,43.30354205804064,3.2910249233246986,0.16248969474719666
2030-02-06 23:00:00,43.30353984957987,3.194463253021354,0.16186286360823982
2030-02-07 00:00:00,43.30354048473554,3.486002922058219,0.16977611654311223
2030-02-07 01:00:00,43.30354022125226,3.682216882705802,0.17307548178413476
2030-02-07 02:00:00,43.30353670662637,3.7077627182007973,0.16073429555146024
2030-02-07 03:00:00,43.30352975157376,3.7189350128174965,0.14098987325093779
2030-02-07 04:00:00,43.30352699145703,3.4585492610932533,0.1321955833181694
2030-02-07 05:00:00,43.30355901569893,3.3754954338074867,0.2013536166755784
2030-02-07 06:00:00,43.30356325381454,3.4410939216614906,0.2210031739285632
2030-02-07 07:00:00,43.30356281490913,3.314439773559684,0.21871649091978868
2030-02-07 08:00:00,43.30356066772906,3.432011842727775,0.20121988165154156
2030-02-07 09:00:00,43.303561083685885,3.4797830581666176,0.20944068547861047
2030-02-07 10:00:00,43.30356068007593,3.5092108249665444,0.2135343048590989
2030-02-07 11:00:00,43.30356084846317,3.525705575943107,0.22008053792759344
2030-02-07 12:00:00,43.30356052493244,3.5261368751527016,0.22123623310016255
2030-02-07 13:00:00,43.30355905021278,3.370364189148063,0.21237662562813425
2030-02-07 14:00:00,43.303559635938754,3.4293985366822426,0.21795962206384076
2030-02-07 15:00:00,43.30356213114089,3.11260819435131,0.2385769687093691
2030-02-07 16:00:00,43.303562878169394,3.00947999954235,0.23819101661771427
2030-02-07 17:00:00,43.303563247673104,2.881764411926383,0.23597735194209685
2030-02-07 18:00:00,43.30356189784097,2.7790217399598305,0.22809246318489496
2030-02-07 19:00:00,43.30355949649943,2.821825504303092,0.21610605103411143
2030-02-07 20:00:00,43.30355181549047,2.8014616966248695,0.1919380105143121
2030-02-07 21:00:00,43.3035499305318,2.786668539047355,0.19086233621393817
2030-02-07 22:00:00,43.30355022563833,2.67439699172985,0.1976659404868043
2030-02-07 23:00:00,43.30354805451084,2.6065616607667152,0.19442184813078023
2030-02-08 00:00:00,43.30354477379521,2.5832281112672035,0.18823794892066048
2030-02-08 01:00:00,43.30354073054376,2.53350663185131,0.17810539699951017
2030-02-08 02:00:00,43.30353868250392,2.4299716949464027,0.17554032910832126
2030-02-08 03:00:00,43.303537670559216,2.4067354202271645,0.17443880777706905
2030-02-08 04:00:00,43.30353538584305,2.5337381362916176,0.16893124329987733
2030-02-08 05:00:00,43.30354061507544,2.6290469169617836,0.17741346462345553
2030-02-08 06:00:00,43.30355562354052,2.779718160629386,0.2126855072619256
2030-02-08 07:00:00,43.30354909966628,3.0221486091614906,0.19228644953464333
2030-02-08 08:00:00,43.30354534388021,3.3585014343262856,0.17163004481796135
2030-02-08 09:00:00,43.30354110074867,3.805897712707633,0.15854876255964867
2030-02-08 10:00:00,43.303542713411225,4.239790916442985,0.1643004370886064
2030-02-08 11:00:00,43.30354346788811,4.532462120056266,0.16876590089312205
2030-02-08 12:00:00,43.30353628251076,4.941569805145377,0.150254783213097
2030-02-08 13:00:00,43.30353703187176,5.232326984405631,0.15248634764118157
2030-02-08 14:00:00,43.30353500324862,5.546260833740348,0.1516956357096338
2030-02-08 15:00:00,43.30354117546135,5.641909122467155,0.17924137786580654
2030-02-08 16:00:00,43.30354411305459,5.591515541076774,0.1869569502261115
2030-02-08 17:00:00,43.30354023771259,5.61224460601818,0.1638925669047139
2030-02-08 18:00:00,43.303523681545215,5.592700481414909,0.12137708516746094
2030-02-08 19:00:00,43.30349508088504,5.535805702209586,0.08528340279552496
2030-02-08 20:00:00,43.30347676317854,5.5610547065736,0.07433330934148039
2030-02-08 21:00:00,43.3034883782576,5.551347255706901,0.08300272484403397
2030-02-08 22:00:00,43.303487808230464,5.555019378662223,0.08403265218867864
2030-02-08 23:00:00,43.30345596477339,5.479672908783073,0.06653211954779507
2030-02-09 00:00:00,43.303427303144616,5.40701532363903,0.055991397546951836
2030-02-09 01:00:00,43.30340945321571,5.251052379608268,0.05229972524878796
2030-02-09 02:00:00,43.303400220919855,5.132454872131461,0.05038676322821692
2030-02-09 03:00:00,43.30338288540244,4.977244377136344,0.04633215927132366
2030-02-09 04:00:00,43.30341250064354,4.862209796905631,0.05395078917397409
2030-02-09 05:00:00,43.303459198052806,4.641915321350211,0.07108100493837843
2030-02-09 06:00:00,43.30349176620796,4.613140583038444,0.0916832726374259
2030-02-09 07:00:00,43.30349384016591,4.631754875183219,0.0973165083351239
2030-02-09 08:00:00,43.30351859807537,4.577988624572868,0.12288473367772265
2030-02-09 09:00:00,43.303529760445386,4.461227893829459,0.14106855924934214
2030-02-09 10:00:00,43.30353874679489,4.477414608001823,0.16344664327580677
2030-02-09 11:00:00,43.30354207792741,4.489520072937125,0.17386266464524294
2030-02-09 12:00:00,43.30354300753258,4.919215202331657,0.18122698325846442
2030-02-09 13:00:00,43.30353742942159,5.980294227600211,0.16215030261792784
2030-02-09 14:00:00,43.303541638686575,6.3381743431092445,0.17982063957641797
2030-02-09 15:00:00,43.30354315548831,6.220081806182975,0.1866588033648598
2030-02-09 16:00:00,43.3035473659348,5.995869636535758,0.19917524529409458
2030-02-09 17:00:00,43.30355011581423,5.573704719543571,0.20561348334627383
2030-02-09 18:00:00,43.30354912602776,5.079565525055045,0.2013970888412455
2030-02-09 19:00:00,43.30354855347204,4.742850303650016,0.20237850307549698
2030-02-09 20:00:00,43.30354713018283,4.449200630188102,0.20074082014081024
2030-02-09 21:00:00,43.30354688065909,4.271742343902702,0.20214067907739214
2030-02-09 22:00:00,43.30354551513409,4.1686067581177895,0.19359188004732625
2030-02-09 23:00:00,43.3035429102916,4.3337349891663735,0.18684099233605894
2030-02-10 00:00:00,43.30353948019437,4.376621246338004,0.17891467370924627
2030-02-10 01:00:00,43.3035368821502,4.401770114898795,0.17395517457214763
2030-02-10 02:00:00,43.30353545971568,4.444017887115592,0.16905895714019753
2030-02-10 03:00:00,43.30353460126479,4.312406539917106,0.1664195633211817
2030-02-10 04:00:00,43.30354050544555,4.164650440216178,0.1785990019916489
2030-02-10 05:00:00,43.30355061070224,4.048629760742301,0.1987676209848489
2030-02-10 06:00:00,43.3035597664708,3.976382255554313,0.21976177405316188
2030-02-10 07:00:00,43.30355668075553,3.8854928016663735,0.20489892437434162
2030-02-10 08:00:00,43.303553247771646,3.9146678447724526,0.18185096224978242
2030-02-10 09:00:00,43.30354923396757,4.024951934814567,0.16730545414658451
2030-02-10 10:00:00,43.30354357235783,4.130293846130485,0.1502440502600974
2030-02-10 11:00:00,43.30353607567992,4.342358112335319,0.1291753566494945
2030-02-10 12:00:00,43.3035223065439,4.533086776733512,0.10306637704128271
2030-02-10 13:00:00,43.303465586922485,4.8275189399720375,0.057140805958867356
2030-02-10 14:00:00,43.303268812343234,5.153622150421256,0.02459462222205058
2030-02-10 15:00:00,43.303338267632064,5.032270908355827,0.030164072883562928
2030-02-10 16:00:00,43.30350779193557,4.123771190643424,0.08483781372298418
2030-02-10 17:00:00,43.30350103574622,3.4363653659821694,0.07763145644586426
2030-02-10 18:00:00,43.30350695718898,3.3821380138398354,0.07608724315838813
2030-02-10 19:00:00,43.30346199748601,3.4116885662079994,0.05186455465955114
2030-02-10 20:00:00,43.30317080159234,3.3772675991059486,0.02087816912191733
2030-02-10 21:00:00,43.30314183920024,3.3650949001313393,0.01957244043294665
2030-02-10 22:00:00,43.3031376739896,3.1371638774872963,0.01959308700652682
2030-02-10 23:00:00,43.30317235874569,3.070095300674552,0.022541291182885188
2030-02-11 00:00:00,43.30317675464429,2.9913609027863686,0.023477587524376696
2030-02-11 01:00:00,43.303198087229966,2.8245465755463783,0.024731148197497017
2030-02-11 02:00:00,43.303212322385605,2.705684423446769,0.025555492496245426
2030-02-11 03:00:00,43.303271527022616,2.6279406547547524,0.030006874629398952
2030-02-11 04:00:00,43.30332178579173,2.57368898391735,0.0346911735594184
2030-02-11 05:00:00,43.303556416566,2.4836704730988686,0.1684143777669337
2030-02-11 06:00:00,43.3035576863893,2.4095246791840736,0.17329834975277084
2030-02-11 07:00:00,43.30355826242874,2.481809616088981,0.1750880014037246
2030-02-11 08:00:00,43.303557170814045,2.6305024623871986,0.16829330028364026
2030-02-11 09:00:00,43.30354864776041,2.694298982620353,0.12947903610960312
2030-02-11 10:00:00,43.30354919143398,2.5750210285187904,0.13679315649334584
2030-02-11 11:00:00,43.30354775726792,2.4806745052338783,0.13432570875050626
2030-02-11 12:00:00,43.30355103319382,2.4521315097809975,0.1495196826436884
2030-02-11 13:00:00,43.303555659510245,2.404781103134269,0.1739350201734092
2030-02-11 14:00:00,43.303557454098126,2.3078868389130776,0.18433476289861223
2030-02-11 15:00:00,43.30356116411404,2.0333318710328285,0.20548905852327504
2030-02-11 16:00:00,43.303565403044296,1.8085446357728188,0.2415312022207803
2030-02-11 17:00:00,43.30356682875849,1.7360135316849892,0.25070293939098437
2030-02-11 18:00:00,43.30356633755132,1.6325263977051918,0.2495274668364996
2030-02-11 19:00:00,43.303564627475794,1.7019337415696327,0.2437030399998817
2030-02-11 20:00:00,43.30356060626582,1.8925417661668007,0.2302943102041425
2030-02-11 21:00:00,43.30355612567043,1.974234342575187,0.2222655627846413
2030-02-11 22:00:00,43.30355583220931,2.334809541702384,0.22618989960592656
2030-02-11 23:00:00,43.30355285480473,2.533636093139762,0.2193497507734918
2030-02-12 00:00:00,43.30355102994252,2.593515872955436,0.21506901076162274
2030-02-12 01:00:00,43.30354945701632,2.678269863128776,0.20952100979336208
2030-02-12 02:00:00,43.30354837962723,2.7262635231019203,0.20505524463780408
2030-02-12 03:00:00,43.30354820073831,2.6539342403413,0.20238467023600817
2030-02-12 04:00:00,43.30354948827813,2.602009057998771,0.20367256483662516
2030-02-12 05:00:00,43.30356772368659,2.428326606750602,0.257889173885227
2030-02-12 06:00:00,43.303568949214366,2.35172796249401,0.2619309888905392
2030-02-12 07:00:00,43.3035683377181,2.364247083664054,0.25845474317341155
2030-02-12 08:00:00,43.30356670047176,2.457884550094718,0.2403263930776496
2030-02-12 09:00:00,43.3035647676723,2.6659100055695717,0.2276879606939358
2030-02-12 10:00:00,43.30356179943615,2.9310204982758705,0.20893415788775171
2030-02-12 11:00:00,43.30356060689079,3.009585142135734,0.20644849263063061
2030-02-12 12:00:00,43.303560625885126,2.8216645717621986,0.21101087369020724
2030-02-12 13:00:00,43.303559944601744,2.987197637558097,0.20865703798690985
2030-02-12 14:00:00,43.30355013319524,3.203344345092887,0.15095267439551316
2030-02-12 15:00:00,43.30356124520221,3.099410295486564,0.21765807147953015
2030-02-12 16:00:00,43.30356459970575,2.8621520996094887,0.24350813313948153
2030-02-12 17:00:00,43.30356575695976,2.716583728790397,0.24791332931693186
2030-02-12 18:00:00,43.3035649657852,2.52697849273693,0.24283929362294215
2030-02-12 19:00:00,43.30356239166381,2.3703305721284096,0.23095563759573068
2030-02-12 20:00:00,43.30355676555276,2.2699983119965736,0.21011459692806914
2030-02-12 21:00:00,43.30355083532884,2.1957671642304604,0.19157650530154985
2030-02-12 22:00:00,43.30354877371392,2.1859295368195717,0.1856332857051312
2030-02-12 23:00:00,43.303541584383424,2.0945448875428383,0.16384016783706248
2030-02-13 00:00:00,43.30353329803802,1.9243472814561073,0.1445590270116915
2030-02-13 01:00:00,43.30352981876543,1.720057129860038,0.13902243716209928
2030-02-13 02:00:00,43.303527245013406,1.4588631391526405,0.13399093987325847
2030-02-13 03:00:00,43.3035253591217,1.2319817543030922,0.12993113515107485
2030-02-13 04:00:00,43.30354719416224,1.060309290886039,0.16136680634687894
2030-02-13 05:00:00,43.30356682730387,0.9265899658204262,0.2290262286658474
2030-02-13 06:00:00,43.303567790976665,0.8311498165131752,0.23282632915463483
2030-02-13 07:00:00,43.30356720235813,0.6931399106980507,0.23092058526782308
2030-02-13 08:00:00,43.30356558186144,0.8046684861184303,0.21646315626559506
2030-02-13 09:00:00,43.3035632160902,1.2049621343613808,0.2008581355994958
2030-02-13 10:00:00,43.30356090599938,1.8038341999055092,0.18880071677031252
2030-02-13 11:00:00,43.30355690999554,2.406478166580314,0.16924945986279166
2030-02-13 12:00:00,43.30355390969112,2.9307997226716225,0.15372823121001855
2030-02-13 13:00:00,43.30355261842534,3.400478601455802,0.1477939430336767
2030-02-13 14:00:00,43.30353924043192,3.87275862693798,0.10204830425811787
2030-02-13 15:00:00,43.30356248151124,3.42728424072277,0.20773994527140321
2030-02-13 16:00:00,43.30356621282117,2.7412765026093666,0.2407429984080727
2030-02-13 17:00:00,43.30356637156032,2.4101247787476723,0.23420477397878384
2030-02-13 18:00:00,43.30356473267311,2.0660984516144936,0.21960908648302796
2030-02-13 19:00:00,43.3035615337874,1.6202278137208168,0.2029080333323703
2030-02-13 20:00:00,43.30355548619113,0.9015703201295082,0.18014510946084616
2030-02-13 21:00:00,43.30354268146384,0.16096745431434556,0.1502285128147906
2030-02-13 22:00:00,43.30354523979901,-0.01142549701023654,0.16371504608554593
2030-02-13 23:00:00,43.30353331693873,0.218233376741523,0.1403385562152042
2030-02-14 00:00:00,43.303528219966914,0.28184130787860795,0.1339475653457212
2030-02-14 01:00:00,43.3035269408703,0.21238774061214372,0.13337779800850394
2030-02-14 02:00:00,43.303529292094936,0.18351192772399827,0.13821776140323028
2030-02-14 03:00:00,43.3035330247406,0.2125454545022194,0.14419363191092305
2030-02-14 04:00:00,43.303561176100864,-0.06465737521637038,0.21193033423501678
2030-02-14 05:00:00,43.303570070274105,-0.708484232425576,0.24789867830165668
2030-02-14 06:00:00,43.303570547111946,-0.9804190993307884,0.2468368185933945
2030-02-14 07:00:00,43.30356971231587,-0.5640280246733482,0.24163778579656778
2030-02-14 08:00:00,43.30356716582431,0.1884459853173439,0.2120452351929456
2030-02-14 09:00:00,43.30356416742738,1.0952959060670082,0.18952445868794351
2030-02-14 10:00:00,43.30356459669283,1.5695165395737831,0.20412860285070297
2030-02-14 11:00:00,43.30356585628529,1.6262387037278359,0.2268770720137818
2030-02-14 12:00:00,43.30355144736642,2.829797029495353,0.1264494687625716
2030-02-14 13:00:00,43.30354232130841,3.4138762950898354,0.10085885782021584
2030-02-14 14:00:00,43.3035577426261,3.1049396991730873,0.1604071779568032
2030-02-14 15:00:00,43.30355992337944,2.7857706546784584,0.17257713533171218
2030-02-14 16:00:00,43.303567250331554,1.6789833307267372,0.2400750600998127
2030-02-14 17:00:00,43.30356904277317,0.44143682718288346,0.25693365183739447
2030-02-14 18:00:00,43.30356833916981,-0.6848869323729332,0.2493973257996962
2030-02-14 19:00:00,43.303565786735,-1.146500110626107,0.23195602403674853
2030-02-14 20:00:00,43.3035600595425,-0.4431041777132805,0.2038108111086518
2030-02-14 21:00:00,43.303547128488,0.1346420943738167,0.1637251861143619
2030-02-14 22:00:00,43.30354459019837,-0.0653754547237213,0.1661794339400496
2030-02-14 23:00:00,43.30354496738785,-0.16511599719513015,0.1661127816831529
2030-02-15 00:00:00,43.30354021338579,-0.11044391244638518,0.1540476025123908
2030-02-15 01:00:00,43.30353837222988,0.06720215082179948,0.15068213289267854
2030-02-15 02:00:00,43.30353649749318,0.367823779583091,0.14647845316807467
2030-02-15 03:00:00,43.303531306510685,0.5218580961228554,0.13424098075368365
2030-02-15 04:00:00,43.30354296456683,0.5700758099557106,0.14642876523225484
2030-02-15 05:00:00,43.30356301608579,0.7990032434464638,0.20306093912660503
2030-02-15 06:00:00,43.30356118481061,1.1905136108399574,0.18717270093142863
2030-02-15 07:00:00,43.30355661770199,1.3779367208481972,0.16417065270787026
2030-02-15 08:00:00,43.30355337239589,1.6210818290711586,0.14975005722530396
2030-02-15 09:00:00,43.303549718531855,2.522579431533927,0.13762165612588298
2030-02-15 10:00:00,43.30355364938539,2.813552618026847,0.1621956704841748
2030-02-15 11:00:00,43.30355393435805,2.4734022617341225,0.1696871842240185
2030-02-15 12:00:00,43.30355224753511,2.8807668685914223,0.16811740903018385
2030-02-15 13:00:00,43.30354866627359,3.016792297363395,0.1563272662119543
2030-02-15 14:00:00,43.303548198295,3.0150027275086586,0.15507728308783458
2030-02-15 15:00:00,43.30354368718892,3.0391554832459633,0.13246059127238818
2030-02-15 16:00:00,43.3035441691742,2.9158015251160805,0.12795540197626934
2030-02-15 17:00:00,43.30354459360205,2.5922286510468666,0.12459111069970051
2030-02-15 18:00:00,43.30353766757908,2.3667223453522865,0.10820651549213324
2030-02-15 19:00:00,43.303523873027615,2.0005791187287514,0.08867158035792953
2030-02-15 20:00:00,43.3034449537711,1.7224938869477455,0.044298929923293304
2030-02-15 21:00:00,43.30309377462045,1.5346643924714272,0.017703235875586348
2030-02-15 22:00:00,43.30308573013714,1.4430963993073647,0.017535535503291826
2030-02-15 23:00:00,43.30306072784712,1.4219845533372109,0.017065511864360366
2030-02-16 00:00:00,43.30304684382625,1.4643076658250038,0.016762820275337126
2030-02-16 01:00:00,43.30304891791318,1.442925930023307,0.017230577677366524
2030-02-16 02:00:00,43.30306910655848,1.4545503854752724,0.01872832727607496
2030-02-16 03:00:00,43.30307579239565,1.6185129880906288,0.019064543315597524
2030-02-16 04:00:00,43.30309568648888,1.7969050407410805,0.020162065565107395
2030-02-16 05:00:00,43.30354446421208,1.8411916494370644,0.13180575838651024
2030-02-16 06:00:00,43.30354110668372,1.7549413442612831,0.1344097923382135
2030-02-16 07:00:00,43.30349910407607,2.064831733703727,0.07133209027479877
2030-02-16 08:00:00,43.30348621254838,2.3254015445710365,0.06169026824542511
2030-02-16 09:00:00,43.30340407025325,2.4576101303101723,0.03528966246205541
2030-02-16 10:00:00,43.30341460580647,2.6946156024934,0.037995126006691526
2030-02-16 11:00:00,43.30323361264913,3.1923453807831947,0.02084234454355734
2030-02-16 12:00:00,43.29993366471066,3.6537570953370277,0.0036767417900412653
2030-02-16 13:00:00,41.58012739388148,3.6510572433472817,1.7374405766413918e-05
2030-02-16 14:00:00,41.57728374364238,3.3618767261506264,1.7650563191829895e-05
2030-02-16 15:00:00,42.46753421234211,3.303948640823478,2.6392896899958573e-05
2030-02-16 16:00:00,43.3025328467334,3.0217258930207436,0.009057374213459295
2030-02-16 17:00:00,43.30325164423043,2.7558066844941322,0.018743134211665863
2030-02-16 18:00:00,43.30324243882765,2.6782219409943764,0.0179478600689511
2030-02-16 19:00:00,43.3009259905117,2.5494797229767983,0.004950743158819833
2030-02-16 20:00:00,35.056280707112975,2.4591288566590492,4.856716101254291e-06
2030-02-16 21:00:00,35.05616970197403,2.391844511032218,4.8293090054727876e-06
2030-02-16 22:00:00,35.056148155665795,2.321474790573234,4.759295488023649e-06
2030-02-16 23:00:00,35.056140548049775,2.2355322837830727,4.817105602835207e-06
2030-02-17 00:00:00,35.056137961664746,2.146508932113761,4.8957463771396024e-06
2030-02-17 01:00:00,35.05613888050354,2.029814243316764,4.960863927081547e-06
2030-02-17 02:00:00,35.056140382751295,1.8974975347520058,4.917793460597e-06
2030-02-17 03:00:00,35.05617948246634,1.7601852416993324,4.805512700241843e-06
2030-02-17 04:00:00,41.50249727656417,1.5991765260697548,1.4322263542074322e-05
2030-02-17 05:00:00,42.39313058087448,1.3502864837647621,2.1208891561406287e-05
2030-02-17 06:00:00,43.30270058404272,0.9581675529481117,0.009058023615227914
2030-02-17 07:00:00,33.767095673614484,0.7358436584473793,3.734119822080544e-06
2030-02-17 08:00:00,27.331963567051123,1.5223356485367958,2.092345314235627e-06
2030-02-17 09:00:00,27.331831820399863,2.823144197464103,1.8882489406404595e-06
2030-02-17 10:00:00,27.331864644746428,3.1334738731385414,1.9885598615522522e-06
2030-02-17 11:00:00,27.331997528866136,3.037943124771232,2.29710094881296e-06
2030-02-17 12:00:00,27.332184328025168,3.017710685730094,2.4641636494318257e-06
2030-02-17 13:00:00,27.33216429101592,3.106788396835441,2.4731639112013308e-06
2030-02-17 14:00:00,27.332432000042417,3.3385334014893715,2.266665941462548e-06
2030-02-17 15:00:00,27.918914462055454,3.0128893852235024,2.2863655053099153e-06
2030-02-17 16:00:00,28.518442211158373,2.3057532310486977,2.7035211742659243e-06
2030-02-17 17:00:00,29.130784470385464,1.7141591310502236,2.956536860716189e-06
2030-02-17 18:00:00,29.75591204398285,1.392297029495353,3.188079176117751e-06
2030-02-17 19:00:00,30.39437800396661,1.1382343769074623,3.416114214576001e-06
2030-02-17 20:00:00,29.153057563286303,0.9953407645226662,3.2966333699166075e-06
2030-02-17 21:00:00,27.33251554096336,0.8646359443665688,3.255388364920539e-06
2030-02-17 22:00:00,27.332681864092123,0.26667135953914567,3.394678051275595e-06
2030-02-17 23:00:00,27.332450346719256,-0.19170360267150954,3.406906131967549e-06
2030-02-18 00:00:00,27.33239036251699,-0.3564739525317009,3.381824604342037e-06
2030-02-18 01:00:00,27.33237134840265,-0.43866783380497054,3.313194325952583e-06
2030-02-18 02:00:00,27.332367088826945,-0.3735095262526329,3.162988689053526e-06
2030-02-18 03:00:00,27.33242554153988,-0.5204761624335106,2.9614630064342096e-06
2030-02-18 04:00:00,32.36460400071418,-0.5132993459700401,3.6296290812353255e-06
2030-02-18 05:00:00,33.05912322807724,-0.20852017402637557,3.749355194863433e-06
2030-02-18 06:00:00,33.76831793792676,-0.46911126375186996,3.893747118050796e-06
2030-02-18 07:00:00,33.76710913577434,-0.14638447761524276,3.5237342768067765e-06
2030-02-18 08:00:00,27.33222051270183,0.513885676860923,2.0779947861768437e-06
2030-02-18 09:00:00,27.33200524505135,0.8992376327515785,2.1301273570123732e-06
2030-02-18 10:00:00,27.331859423228146,2.0713560581208412,1.976383457660871e-06
2030-02-18 11:00:00,27.331910738506878,2.9242053031922524,2.1678355884443604e-06
2030-02-18 12:00:00,27.332233912011628,2.674474477768058,2.4641832054481736e-06
2030-02-18 13:00:00,27.33231398578203,2.49836897850048,2.530743483168547e-06
2030-02-18 14:00:00,27.33198487263229,3.4823837280274574,2.032030454064433e-06
2030-02-18 15:00:00,27.918505819627903,3.694822311401481,2.2200193942769935e-06
2030-02-18 16:00:00,31.683230245913084,3.2366144657136147,3.4924022023684407e-06
2030-02-18 17:00:00,32.363182387837426,2.5646355152131264,3.7654409193723043e-06
2030-02-18 18:00:00,33.05761941065879,2.4394972324372475,3.953151305642125e-06
2030-02-18 19:00:00,33.76666111773921,2.4758176803590004,4.1215692000881276e-06
2030-02-18 20:00:00,27.33324476202137,2.442454338073844,2.824141122881964e-06
2030-02-18 21:00:00,27.33201030981292,2.611934900283927,3.0835000108023215e-06
2030-02-18 22:00:00,27.33201306871908,2.6602706909180824,3.1713172432348844e-06
2030-02-18 23:00:00,27.331969017882177,3.121392726898307,3.0694370664334058e-06
2030-02-19 00:00:00,27.331975509653635,3.4480309486390297,3.09745261896639e-06
2030-02-19 01:00:00,27.331981892410152,3.7101221084595863,3.1603322689036704e-06
2030-02-19 02:00:00,27.331988873414623,4.020213127136344,3.1508614250116386e-06
2030-02-19 03:00:00,27.332014892662524,4.436747074127311,3.1475220544491533e-06
2030-02-19 04:00:00,27.332180485779197,4.619392871856803,3.146459314694815e-06
2030-02-19 05:00:00,27.918836258787334,4.589012622833366,3.0585392283950524e-06
2030-02-19 06:00:00,28.51820301942536,4.6578316688538735,3.2027756995437597e-06
2030-02-19 07:00:00,29.131672506286687,4.667256355285758,3.2141741240780196e-06
2030-02-19 08:00:00,43.25266770859128,4.704316616058463,0.0003613855183551093
2030-02-19 09:00:00,43.25233385873448,4.825595378875846,0.0003444437897867701
2030-02-19 10:00:00,43.30319402402475,4.790723323822135,0.01897677335930934
2030-02-19 11:00:00,43.25363480951572,5.171943187713737,0.0003928182424319704
2030-02-19 12:00:00,43.30337418696877,5.520781517028922,0.03216141727892898
2030-02-19 13:00:00,43.30334065740811,5.482211112976188,0.030559633648807816
2030-02-19 14:00:00,43.30350569089141,5.323985576629752,0.09081296579802785
2030-02-19 15:00:00,43.30353289568056,5.1948895454407875,0.1424618213429195
2030-02-19 16:00:00,43.30354190623854,5.126786708831901,0.17239253419546616
2030-02-19 17:00:00,43.30354555283184,4.996503829956168,0.18719717692745946
2030-02-19 18:00:00,43.30354113573834,4.734402179718131,0.16739514909482758
2030-02-19 19:00:00,43.30351933120573,4.550964832306022,0.10985251836324166
2030-02-19 20:00:00,43.30347032436429,4.4051156044007485,0.06365202566822442
2030-02-19 21:00:00,43.30337194130791,4.155660629272575,0.03634239958620585
2030-02-19 22:00:00,43.30203189950421,3.9799211025239174,0.007762072442419663
2030-02-19 23:00:00,43.25283266559613,3.772579431533927,0.0004514711807484063
2030-02-20 00:00:00,43.25269609167034,3.5762462615967934,0.0004424651970783596
2030-02-20 01:00:00,43.252661630778846,3.3974273204804604,0.0004307402255861732
2030-02-20 02:00:00,43.2526474973423,3.2585909366608803,0.00041595816821300534
2030-02-20 03:00:00,43.25265065816191,3.140428066253776,0.000400777301899644
2030-02-20 04:00:00,43.25267073163759,3.012740850448722,0.0004042585504350238
2030-02-20 05:00:00,43.3035045162168,2.5969161987305824,0.06878893552680992
2030-02-20 06:00:00,43.30352700145826,2.3211662769318764,0.08188495199198012
2030-02-20 07:00:00,43.30350783153627,2.061758518219108,0.06669167031591647
2030-02-20 08:00:00,43.30348321292315,2.150980234146232,0.05052823478718533
2030-02-20 09:00:00,43.30314366562696,2.560800790786857,0.015026603767831867
2030-02-20 10:00:00,43.30307775632811,3.0503983497620766,0.013801887944232313
2030-02-20 11:00:00,43.30305367664688,3.2237520217896645,0.013544050777089022
2030-02-20 12:00:00,43.30306486117335,3.191562414169425,0.01422308778794228
2030-02-20 13:00:00,43.3030964079694,3.1416695117951576,0.015152220824642813
2030-02-20 14:00:00,43.30315517945387,3.1831641197205727,0.017001733596138387
2030-02-20 15:00:00,43.30335885341994,3.163802146911735,0.02833267737035114
2030-02-20 16:00:00,43.303486240877135,2.8873269557954018,0.0572622255979005
2030-02-20 17:00:00,43.30352160169074,2.2153949737549965,0.08693244663509754
2030-02-20 18:00:00,43.303520357222695,1.753883600235099,0.08638311279112887
2030-02-20 19:00:00,43.30350689320084,1.4784228801728432,0.07384453065467791
2030-02-20 20:00:00,43.30342037145075,1.8499265909196083,0.04063936325650087
2030-02-20 21:00:00,43.30329124028492,1.9225631952286903,0.027694414853077814
2030-02-20 22:00:00,43.30337539032672,1.410953044891471,0.0379766101820429
2030-02-20 23:00:00,43.30335744468399,1.0583415031434242,0.036893966183858096
2030-02-21 00:00:00,43.30336549076248,0.5345103740693276,0.039086026296456
2030-02-21 01:00:00,43.30336232474919,0.07158297300350114,0.04057904108713609
2030-02-21 02:00:00,43.30346036549003,-0.35546478629100875,0.0691753767130178
2030-02-21 03:00:00,43.30349264202994,-0.7000212669371422,0.09093666227032222
2030-02-21 04:00:00,43.303533265732696,-0.631204187869912,0.13236365541437867
2030-02-21 05:00:00,43.30356365933374,-0.8709067106245811,0.22502860870598618
2030-02-21 06:00:00,43.3035648918761,-1.2887227535246666,0.23429114500915132
2030-02-21 07:00:00,43.3035577792912,-1.1210490465163048,0.16362668867184027
2030-02-21 08:00:00,43.30355696233627,-0.4391143023966606,0.1644617117421473
2030-02-21 09:00:00,43.30354464127434,0.6722838282586281,0.11291345149195577
2030-02-21 10:00:00,43.30352061057258,1.6906565427781288,0.0724949948775114
2030-02-21 11:00:00,43.3035078279001,2.798164367675895,0.06213722113882317
2030-02-21 12:00:00,43.30348558585738,3.9342389106751625,0.05130164138339955
2030-02-21 13:00:00,43.30353663732988,4.28085565567028,0.1078563806596986
2030-02-21 14:00:00,43.3035529349267,4.239883422851676,0.16873437426175475
2030-02-21 15:00:00,43.30355678861782,4.373845577240104,0.18714006996225319
2030-02-21 16:00:00,43.30356243550392,3.877010583877677,0.22762140223612087
2030-02-21 17:00:00,43.303565374861314,3.1383972167969887,0.2539139901264423
2030-02-21 18:00:00,43.30356510934462,2.8480479717255776,0.25431155488446916
2030-02-21 19:00:00,43.30356217619078,3.054702281952018,0.23960738020492256
2030-02-21 20:00:00,43.303555805996005,3.7968256473542397,0.2119498426073514
2030-02-21 21:00:00,43.30354358184304,3.777891635894889,0.17671505528389844
2030-02-21 22:00:00,43.30353300347953,3.534189939499015,0.1457778716654276
2030-02-21 23:00:00,43.30352289649237,3.711635589599723,0.12774893721131264
2030-02-22 00:00:00,43.30350565025054,3.4495584964753334,0.10455117123575622
2030-02-22 01:00:00,43.30349412074911,3.2356283664704506,0.09562726054429571
2030-02-22 02:00:00,43.30348988221656,2.769527196884269,0.0933535308224861
2030-02-22 03:00:00,43.30348102534786,2.3630063533784096,0.08646286635145814
2030-02-22 04:00:00,43.30347481988766,2.119781970977897,0.08297801521749287
2030-02-22 05:00:00,43.3035270555683,1.8327393531800453,0.129864195469559
2030-02-22 06:00:00,43.30354843337308,2.069357633590812,0.18132952712504427
2030-02-22 07:00:00,43.30353992032778,2.7758154869080727,0.15865683020739516
2030-02-22 08:00:00,43.30353126857972,3.3700602054597084,0.13184732568452112
2030-02-22 09:00:00,43.30351611953458,4.107413291931266,0.10718514121423446
2030-02-22 10:00:00,43.30348884520631,4.605509281158561,0.08182922104866706
2030-02-22 11:00:00,43.303410140844086,5.080516815185661,0.048349369521173025
2030-02-22 12:00:00,43.30332298425469,5.568988323211784,0.03328601389555121
2030-02-22 13:00:00,43.30328790881309,5.8110699653626625,0.028260288148315427
2030-02-22 14:00:00,43.30340969853582,5.480968475341911,0.04916445084501034
2030-02-22 15:00:00,43.30350316179623,5.12600135803234,0.09691556784250611
2030-02-22 16:00:00,43.30353798954284,4.756748199463004,0.1586246572963147
2030-02-22 17:00:00,43.303551574228415,4.465929031372184,0.20299836085903375
2030-02-22 18:00:00,43.303552731278906,4.358500957489127,0.2111749092829648
2030-02-22 19:00:00,43.30355115711875,4.361563682556266,0.21037052111441434
2030-02-22 20:00:00,43.303546621260935,4.375979900360221,0.2038818284136958
2030-02-22 21:00:00,43.303547206560594,4.368119239807243,0.20727712274074556
2030-02-22 22:00:00,43.30354801949613,4.326909542083854,0.21303685577266032
2030-02-22 23:00:00,43.303545531190366,4.439805507660026,0.20710259132839673
2030-02-23 00:00:00,43.30354340468951,4.638008117675895,0.20177212215669688
2030-02-23 01:00:00,43.3035423690203,4.741175651550407,0.19758507617913965
2030-02-23 02:00:00,43.30353921449583,4.766078472137565,0.18912620289874804
2030-02-23 03:00:00,43.303537314890605,4.481781959533805,0.18418540517600865
2030-02-23 04:00:00,43.30354192086363,4.201180458068961,0.1915675022766178
2030-02-23 05:00:00,43.30356438290103,3.936035394668693,0.2508417266926873
2030-02-23 06:00:00,43.303563286494736,3.7840056419373695,0.24531773427585604
2030-02-23 07:00:00,43.3035610997672,3.749315023422355,0.23284897035942778
2030-02-23 08:00:00,43.30356041841776,3.312127113342399,0.22736911132930818
2030-02-23 09:00:00,43.30355958234512,2.9251945018769447,0.2192833232440241
2030-02-23 10:00:00,43.30355675425873,2.6728045940400307,0.20511056394158436
2030-02-23 11:00:00,43.303555191103925,2.3755881786347572,0.20066319932156784
2030-02-23 12:00:00,43.303552115999786,2.237195491790885,0.19105248697178065
2030-02-23 13:00:00,43.30354774299342,2.1958363056184,0.17609909769087326
2030-02-23 14:00:00,43.30354476471044,2.131623506546134,0.1634390236584163
2030-02-23 15:00:00,43.3035470822312,2.0534517765046303,0.16939274340475283
2030-02-23 16:00:00,43.30354176800536,1.9137793779374306,0.13933897331667394
2030-02-23 17:00:00,43.30353688413339,1.6513565778733437,0.11682608749847259
2030-02-23 18:00:00,43.303531883967366,1.234254956245536,0.10402590778872321
2030-02-23 19:00:00,43.30352929381932,0.5890999436379616,0.10248431928443373
2030-02-23 20:00:00,43.303525716158624,0.012565299868697366,0.10348558180125125
2030-02-23 21:00:00,43.30351729534406,-0.5917373895644005,0.10769394074802283
2030-02-23 22:00:00,43.30353434656572,-1.1123898029326256,0.14292234832217232
2030-02-23 23:00:00,43.303537471247495,-1.278315901756173,0.15638501582071596
2030-02-24 00:00:00,43.303534118468654,-1.3219134807585533,0.1526802390459656
2030-02-24 01:00:00,43.30353492945431,-1.5396330356596764,0.15823588031692287
2030-02-24 02:00:00,43.303537539352135,-1.7659885883330162,0.16688704951186822
2030-02-24 03:00:00,43.30356513362947,-2.036749362945443,0.24173907444587348
2030-02-24 04:00:00,43.303573845547135,-2.391713142394906,0.26259193473041664
2030-02-24 05:00:00,43.30357426892737,-2.6015393733977135,0.257060512154886
2030-02-24 06:00:00,43.30357395711591,-2.851791620254403,0.24706407488601392
2030-02-24 07:00:00,43.30357280917021,-3.125581741332894,0.22996979155392494
2030-02-24 08:00:00,43.3035708817213,-3.3217279911040123,0.21089805742861478
2030-02-24 09:00:00,43.30356780445032,-3.4564864635466392,0.1879418597829737
2030-02-24 10:00:00,43.30356649103406,-3.416791677474862,0.18806451140013616
2030-02-24 11:00:00,43.30355829681092,-3.261316537856942,0.14076138719100173
2030-02-24 12:00:00,43.30355753457593,-3.2222547531126793,0.14029507041953498
2030-02-24 13:00:00,43.30355844740958,-3.564217329025155,0.14771397164085173
2030-02-24 14:00:00,43.30355915314347,-3.7026331424712,0.14995031338797904
2030-02-24 15:00:00,43.30356036636152,-3.8586306571959312,0.15152766043350738
2030-02-24 16:00:00,43.303561690639945,-4.071795463561898,0.15360718190548325
2030-02-24 17:00:00,43.30356219826955,-4.284357070922738,0.1522949805768615
2030-02-24 18:00:00,43.30356291938267,-4.498010635375863,0.15948074774716295
2030-02-24 19:00:00,43.30356092792552,-4.686254978179818,0.15503350170105526
2030-02-24 20:00:00,43.30355341142811,-4.868670463561898,0.13603462605183603
2030-02-24 21:00:00,43.30353049040643,-4.956037998199349,0.09443707868532261
2030-02-24 22:00:00,43.30345031640887,-4.9979510307310875,0.04596560002625466
2030-02-24 23:00:00,43.30339938886084,-5.023045539855843,0.03707602273459004
2030-02-25 00:00:00,43.3034453984705,-5.0396356582640465,0.045961308247810514
2030-02-25 01:00:00,43.30346826411581,-5.105273723602181,0.05652628168656421
2030-02-25 02:00:00,43.30353821232222,-5.136030673980599,0.10728542668855028
2030-02-25 03:00:00,43.30356721678823,-5.071534156799203,0.18350114130874975
2030-02-25 04:00:00,43.30356789226941,-5.073351383209115,0.18256954557828603
2030-02-25 05:00:00,43.303567936445766,-5.126583099365121,0.17990862176140046
2030-02-25 06:00:00,43.30356794976174,-5.171166896819955,0.17888370840062406
2030-02-25 07:00:00,43.303568252064,-5.191968917846566,0.18069157485317516
2030-02-25 08:00:00,43.30356815695509,-5.055709362029916,0.17923954906670664
2030-02-25 09:00:00,43.30356782790169,-4.96713829040516,0.17632470099936362
2030-02-25 10:00:00,43.30356760688844,-5.015217781066781,0.1755565001899147
2030-02-25 11:00:00,43.30356643836517,-5.1444401741026695,0.16585472920895938
2030-02-25 12:00:00,43.3035657322992,-5.351881027221566,0.16047440043609493
2030-02-25 13:00:00,43.30356602239496,-5.782606124877816,0.16278320887457812
2030-02-25 14:00:00,43.30356554362913,-6.158780097961312,0.15867131387623945
2030-02-25 15:00:00,43.303566222698926,-6.250510215759164,0.16347897744047998
2030-02-25 16:00:00,43.30356697226781,-6.328520298004037,0.16923942839639505
2030-02-25 17:00:00,43.30356639454318,-6.334124565124398,0.1637752423992203
2030-02-25 18:00:00,43.30356552409545,-6.645099163055306,0.1561927857812111
2030-02-25 19:00:00,43.30356528830997,-6.859919548034554,0.1537312073108607
2030-02-25 20:00:00,43.30356564607973,-6.5731205940245445,0.15764719809733854
2030-02-25 21:00:00,43.303563038929504,-6.213706016540414,0.15960806731925584
2030-02-25 22:00:00,43.30355700392795,-5.945374488830453,0.15162035669665103
2030-02-25 23:00:00,43.30355654456189,-5.444481372833138,0.16335554908182953
2030-02-26 00:00:00,43.303558197581424,-5.125679969787484,0.17851733426890184
2030-02-26 01:00:00,43.30356016650503,-5.260999679565316,0.17978587280477157
2030-02-26 02:00:00,43.30355686831432,-5.422677516937142,0.15199878883527648
2030-02-26 03:00:00,43.30356845874035,-5.498847007751351,0.18371373888034653
2030-02-26 04:00:00,43.30356674998588,-5.650799751281625,0.1647260914511582
2030-02-26 05:00:00,43.303565866891326,-5.740359783172494,0.15835740619928676
2030-02-26 06:00:00,43.30356532697307,-5.799120426177865,0.15639646527173964
2030-02-26 07:00:00,43.30356476844358,-5.689402103423959,0.15382989421699067
2030-02-26 08:00:00,43.303564106627455,-5.453992843627816,0.15119994163177936
2030-02-26 09:00:00,43.30356049498216,-5.619053363799935,0.1309151636071815
2030-02-26 10:00:00,43.303560769200594,-5.506817340850716,0.13538618520864149
2030-02-26 11:00:00,43.30355519103985,-4.923119068145638,0.11329891673554839
2030-02-26 12:00:00,43.3035441138555,-4.40043210983265,0.08492287026122597
2030-02-26 13:00:00,43.303533143308165,-4.18046665191639,0.06847562506173728
2030-02-26 14:00:00,43.30353632507927,-4.005409717559701,0.07201306421508802
2030-02-26 15:00:00,43.30354268302703,-3.907150983810311,0.08112285044858603
2030-02-26 16:00:00,43.30355730075352,-4.1557574272154625,0.12032183509776602
2030-02-26 17:00:00,43.303561923466326,-4.198151588439828,0.14421907262381653
2030-02-26 18:00:00,43.30356220959445,-4.442462921142464,0.14725972196404438
2030-02-26 19:00:00,43.30356139277587,-4.566881656646615,0.14706656798412926
2030-02-26 20:00:00,43.3035559397072,-4.567042350768929,0.13197771097400213
2030-02-26 21:00:00,43.303527778928654,-4.535787582397347,0.0884576462573397
2030-02-26 22:00:00,43.30343937087207,-4.604846000671273,0.04813084305502865
2030-02-26 23:00:00,43.30340384673654,-4.650751590728646,0.04024730945895461
2030-02-27 00:00:00,43.30339671091133,-4.501958847045785,0.039892640769526456
2030-02-27 01:00:00,43.303415381845085,-4.801230430602914,0.04590990542853677
2030-02-27 02:00:00,43.303477030013816,-5.134322166442757,0.06895415066971661
2030-02-27 03:00:00,43.30354694575915,-4.968792915344125,0.1365512531151124
2030-02-27 04:00:00,43.303568483358006,-4.645248889922982,0.20430901777744526
2030-02-27 05:00:00,43.30356956102961,-4.241209506988412,0.20639834614552965
2030-02-27 06:00:00,43.30357018910829,-4.298807144164925,0.2071101005842005
2030-02-27 07:00:00,43.3035701901519,-4.515455722808724,0.20372994701816716
2030-02-27 08:00:00,43.303570267998,-4.376422882079964,0.20561707601226847
2030-02-27 09:00:00,43.30356882715324,-3.9687409400938805,0.19750545530126815
2030-02-27 10:00:00,43.30356925304514,-3.5134658813475426,0.21138595212598615
2030-02-27 11:00:00,43.30356611569831,-3.1571936607359703,0.18550071807378185
2030-02-27 12:00:00,43.30356472182334,-2.958559036254769,0.17834200514882548
2030-02-27 13:00:00,43.30356250674115,-2.7967672348021324,0.16374195296246893
2030-02-27 14:00:00,43.30356063132121,-2.489210367202645,0.15060701152047398
2030-02-27 15:00:00,43.30355890533342,-2.1069338321684654,0.13889484837485006
2030-02-27 16:00:00,43.30356139627944,-1.903673887252694,0.14784123838576343
2030-02-27 17:00:00,43.30356337553492,-1.8844580650328453,0.15663781454263495
2030-02-27 18:00:00,43.303563270337726,-1.7126309871672447,0.157768752486026
2030-02-27 19:00:00,43.30356169199018,-1.5940432548521812,0.15591626567288713
2030-02-27 20:00:00,43.30355619471446,-1.6601232290266807,0.14216432517288616
2030-02-27 21:00:00,43.30354092978008,-1.6066449880598839,0.10937841591761052
2030-02-27 22:00:00,43.303495468321366,-1.4954186677931602,0.06802167571248069
2030-02-27 23:00:00,43.30344952060267,-1.4013658761977013,0.052750830641661105
2030-02-28 00:00:00,43.303455746781495,-1.1703253984450157,0.055726268205454586
2030-02-28 01:00:00,43.30343475004572,-0.8319404125212486,0.04917901449854532
2030-02-28 02:00:00,43.30343760634106,-0.7676075100897606,0.05117529288434911
2030-02-28 03:00:00,43.30345386266701,-0.9160574674605186,0.05861156763969149
2030-02-28 04:00:00,43.30355770090392,-0.8592045307158287,0.17126127063409108
2030-02-28 05:00:00,43.30356815622939,-0.6521490216254051,0.22290206237127622
2030-02-28 06:00:00,43.30356845659203,-0.2795149087904747,0.22179156572171455
2030-02-28 07:00:00,43.30356749264783,0.23139527440082475,0.21299948455953743
2030-02-28 08:00:00,43.3035667861234,0.3912975490094368,0.20837501192011817
2030-02-28 09:00:00,43.30356434519175,0.5335032939912026,0.1933631119257411
2030-02-28 10:00:00,43.30356175685806,0.5602856874467079,0.1804878270249043
2030-02-28 11:00:00,43.30355631592403,0.6441801190377419,0.15146422943233676
2030-02-28 12:00:00,43.30356075481114,0.693955838680381,0.18495808050626927
2030-02-28 13:00:00,43.303557979540685,0.8346590399743263,0.1684429103606842
2030-02-28 14:00:00,43.30355771290856,0.7626332640649025,0.16659425349077722
2030-02-28 15:00:00,43.30356005387801,0.7680566906930153,0.17850026955545534
2030-02-28 16:00:00,43.303562152428434,0.7046074271203224,0.1895840498134077
2030-02-28 17:00:00,43.303563658115664,0.5525205731393044,0.19734242216012104
2030-02-28 18:00:00,43.30356357543848,0.42353659868251725,0.19849824657117104
2030-02-28 19:00:00,43.30356125774622,0.39050740003597184,0.191553551104412
2030-02-28 20:00:00,43.303555873160775,0.37453040480625077,0.17519623226409564
2030-02-28 21:00:00,43.30354006208412,0.35002723336231156,0.1364327403740923
2030-02-28 22:00:00,43.303517857892935,0.3509733676911537,0.10443565768625884
2030-02-28 23:00:00,43.303488897757546,0.2865065336228554,0.0786837495436561
2030-03-01 00:00:00,43.30347277549301,-0.07774537056673125,0.06933480876654363
2030-03-01 01:00:00,43.30346186701812,-0.5979000329970177,0.06481258341996247
2030-03-01 02:00:00,43.30345367185882,-0.6727768778799827,0.061216231157828115
2030-03-01 03:00:00,43.303437389146296,-0.6984637975691612,0.053957477018900225
2030-03-01 04:00:00,43.30353506905341,-0.7936545014380272,0.10938338881838909
2030-03-01 05:00:00,43.30356003050493,-1.019385933875924,0.18248710115511577
2030-03-01 06:00:00,43.30356016342608,-1.0454485416411217,0.1860641819769557
2030-03-01 07:00:00,43.30355516087452,-0.9958766102789696,0.1595219690336994
2030-03-01 08:00:00,43.30354981912933,-0.35228535532939986,0.13645938489719614
2030-03-01 09:00:00,43.30354222577101,0.6886654496194069,0.11573283017203813
2030-03-01 10:00:00,43.30352744562176,1.6148779392243569,0.0882763292158834
2030-03-01 11:00:00,43.30287205424316,2.723138570785636,0.010107984044581337
2030-03-01 12:00:00,43.30275905159615,3.7940554618836586,0.007921449096794961
2030-03-01 13:00:00,43.30281990527209,3.8126962184907143,0.00967751336435023
2030-03-01 14:00:00,43.30351405192797,3.2820458412171547,0.06969255220569914
2030-03-01 15:00:00,43.30321049452731,3.4953138828278725,0.018554459851505938
2030-03-01 16:00:00,43.30352893514297,3.0114078521729652,0.09273713861905612
2030-03-01 17:00:00,43.30354337905705,2.5124089717866127,0.12512484685904743
2030-03-01 18:00:00,43.30353959469315,2.1702668666840736,0.11378483856961365
2030-03-01 19:00:00,43.3035310282965,1.2359000444413368,0.09957592147984444
2030-03-01 20:00:00,43.30351366090008,0.6195124387742226,0.08379171362950796
2030-03-01 21:00:00,43.30338637099973,-0.31482356786716537,0.04173677450713483
2030-03-01 22:00:00,43.30298443587007,-0.8780148625372703,0.017313057774543974
2030-03-01 23:00:00,43.302933281426654,-1.0666346549986656,0.016353103719893493
2030-03-02 00:00:00,43.30294667735736,-1.245940446853524,0.017349758802108806
2030-03-02 01:00:00,43.30291891240408,-1.4233634471892174,0.016707495736942114
2030-03-02 02:00:00,43.30288864238506,-1.6316893100737389,0.01520028564415527
2030-03-02 03:00:00,43.30288653084799,-1.5774261951445396,0.014564086936612968
2030-03-02 04:00:00,43.30352052881863,-1.5620414018629845,0.07953806596089454
2030-03-02 05:00:00,43.30355213431791,-1.640089035034066,0.14995261460084963
2030-03-02 06:00:00,43.3035475883601,-1.4177525043486412,0.13211958294670792
2030-03-02 07:00:00,43.30350085042213,-0.6074755191801842,0.056219878410084155
2030-03-02 08:00:00,43.30323905703239,0.78951328992855,0.01699354831960471
2030-03-02 09:00:00,43.30350810252156,1.7724502086640541,0.062456966049011936
2030-03-02 10:00:00,43.30353714997511,2.2730805873871986,0.11122880743692545
2030-03-02 11:00:00,43.303536421405504,2.483681201934928,0.11059877015372908
2030-03-02 12:00:00,43.3035251832035,2.449261426925773,0.09271725862104908
2030-03-02 13:00:00,43.30351458284806,2.150412559509391,0.08105520034098539
2030-03-02 14:00:00,43.30351904824347,1.8298308849335854,0.08577686671044958
2030-03-02 15:00:00,43.30352796057618,1.5742484331132118,0.09670230155712148
2030-03-02 16:00:00,43.303539257418414,1.3937567472459023,0.11602063881865088
2030-03-02 17:00:00,43.30353958539353,1.37129378318798,0.11215805319607776
2030-03-02 18:00:00,43.30353816481507,1.404249548912162,0.10753421044678184
2030-03-02 19:00:00,43.3035288343872,1.3558689355851357,0.09322834717785407
2030-03-02 20:00:00,43.30348720434434,1.2712516784669106,0.059803594183526286
2030-03-02 21:00:00,43.30316676316561,1.2621223926545326,0.021175068152606537
2030-03-02 22:00:00,43.303086640088914,1.2527967691422646,0.019818825576211726
2030-03-02 23:00:00,43.30311275826006,1.3172730207444374,0.02190096807469002
2030-03-03 00:00:00,43.30311272439236,1.3483935594559853,0.02189899633675489
2030-03-03 01:00:00,43.30308802859941,1.568815469741935,0.0210277757114944
2030-03-03 02:00:00,43.30309136582254,1.611676216125602,0.02154647928601342
2030-03-03 03:00:00,43.30309152324647,1.7276469469071571,0.021214520586961983
2030-03-03 04:00:00,43.303150594820565,2.084093093872184,0.023358720621158693
2030-03-03 05:00:00,43.30332563886035,2.326019525528068,0.034295551706124736
2030-03-03 06:00:00,43.30347446950117,2.7818393707276527,0.06766776184417708
2030-03-03 07:00:00,43.303511640404665,3.3279814720154945,0.09585514893115031
2030-03-03 08:00:00,43.30352734689104,3.8221828937531654,0.11769821098733915
2030-03-03 09:00:00,43.30352871014924,4.3858356475831215,0.12099992820111183
2030-03-03 10:00:00,43.30353723709802,4.843658447265739,0.14277189104938579
2030-03-03 11:00:00,43.30353718228021,5.354706287384147,0.14489771006935273
2030-03-03 12:00:00,43.303540930002434,6.284825325012321,0.15928363819397345
2030-03-03 13:00:00,43.303539936207365,6.723897933960075,0.15941297336805144
2030-03-03 14:00:00,43.30353782301694,6.884763240814323,0.1570790193981254
2030-03-03 15:00:00,43.303532379144656,7.0338530540467445,0.14133938101598204
2030-03-03 16:00:00,43.303528541375925,6.955718040466422,0.12898633790794414
2030-03-03 17:00:00,43.3035263585809,7.052947998046989,0.12131297223187183
2030-03-03 18:00:00,43.30352203793138,7.122852802276725,0.11377951714881168
2030-03-03 19:00:00,43.30351117216739,6.992117404937858,0.101210749852755
2030-03-03 20:00:00,43.30350384035303,7.090837955474967,0.0953143168237861
2030-03-03 21:00:00,43.30350554289563,7.080002784729118,0.0990736838207597
2030-03-03 22:00:00,43.30351619980051,7.30756235122692,0.11838657565950764
2030-03-03 23:00:00,43.3035111566178,7.7948298454285805,0.11554538417174359
2030-03-04 00:00:00,43.303508163661775,8.000047683715934,0.112885333214221
2030-03-04 01:00:00,43.303508782701655,7.985563278198356,0.11592856143922663
2030-03-04 02:00:00,43.30350333937988,8.03912734985363,0.10870561330463362
2030-03-04 03:00:00,43.30350422344976,7.888430595398063,0.10878541613304041
2030-03-04 04:00:00,43.30351080693236,7.705559730529899,0.11456321919462344
2030-03-04 05:00:00,43.30352122279987,7.565306186676139,0.1245380192438103
2030-03-04 06:00:00,43.303529908889736,7.483941555023307,0.13791843281288294
2030-03-04 07:00:00,43.30352392102648,7.567934989929313,0.12319728642510502
2030-03-04 08:00:00,43.30353134640121,7.715878009796256,0.14157282016860437
2030-03-04 09:00:00,43.30352797806775,7.875988483429069,0.13212105747079467
2030-03-04 10:00:00,43.30353059241151,8.020757675171012,0.14111289835483773
2030-03-04 11:00:00,43.30352993469459,8.163440704345817,0.14161744280446384
2030-03-04 12:00:00,43.30352687243633,8.32104873657238,0.13374842884752014
2030-03-04 13:00:00,43.303512675424095,8.485726356506461,0.10688943658820683
2030-03-04 14:00:00,43.303500675213385,8.657825469970817,0.09360414597653827
2030-03-04 15:00:00,43.3034867882483,8.822246551513786,0.07986909077706532
2030-03-04 16:00:00,43.30351191502264,8.805791854858512,0.10542870094579414
2030-03-04 17:00:00,43.30352836521646,8.729973793029899,0.13429872363645498
2030-03-04 18:00:00,43.30353169917285,8.645514488220329,0.14276576599869942
2030-03-04 19:00:00,43.30353134176824,8.602621078491325,0.1451466650840213
2030-03-04 20:00:00,43.30353045025056,8.542620658874625,0.14418885816593952
2030-03-04 21:00:00,43.30353207258933,8.409906387329215,0.14910520967824478
2030-03-04 22:00:00,43.30353810000446,7.864417552948112,0.17356513914347346
2030-03-04 23:00:00,43.30353577539688,6.812128067016715,0.16976466211737337
2030-03-05 00:00:00,43.30353215591553,6.053727149963493,0.16340497624922223
2030-03-05 01:00:00,43.30353431610742,5.5405244827271645,0.1710119454355374
2030-03-05 02:00:00,43.303534250543294,5.19867563247692,0.17008332424619735
2030-03-05 03:00:00,43.303535733461416,5.002182960510368,0.17117185001372814
2030-03-05 04:00:00,43.30353766631136,4.8928570747376625,0.17321661454629617
2030-03-05 05:00:00,43.3035452661497,4.80335092544567,0.18199474741418292
2030-03-05 06:00:00,43.303555841381176,4.705490112304801,0.20159259360468443
2030-03-05 07:00:00,43.303551349139,4.688114166259879,0.1832545549635932
2030-03-05 08:00:00,43.30354748974308,4.695703029632682,0.16689533815911692
2030-03-05 09:00:00,43.30354035683435,4.736420631408805,0.14787493148818448
2030-03-05 10:00:00,43.30351617359648,5.040324687957877,0.1007489078177342
2030-03-05 11:00:00,43.303524008199936,4.927906513214225,0.11731027827353042
2030-03-05 12:00:00,43.30352621547186,4.899732589721793,0.12100546960858773
2030-03-05 13:00:00,43.30351941033829,5.068813800811881,0.11102505147541576
2030-03-05 14:00:00,43.30353009405755,4.721019744873161,0.13506925374645182
2030-03-05 15:00:00,43.3035353009526,4.321678638458366,0.14802431143925565
2030-03-05 16:00:00,43.30354070943054,4.059287548065299,0.1621500787127384
2030-03-05 17:00:00,43.30354575093301,3.7800753116608803,0.17521689605425123
2030-03-05 18:00:00,43.30354800761311,3.2384848594666664,0.18554978556506788
2030-03-05 19:00:00,43.30354998473093,2.559278011322135,0.19589847397674362
2030-03-05 20:00:00,43.303547591772215,2.7125353813172524,0.19518330039136314
2030-03-05 21:00:00,43.30354782819916,2.081252813339347,0.19872370644868645
2030-03-05 22:00:00,43.30354554622999,2.3698749542237465,0.18885783694968925
2030-03-05 23:00:00,43.30354308604093,2.0085208415986244,0.18331823466173966
2030-03-06 00:00:00,43.30353901822506,1.8759055137635414,0.17323141794079652
2030-03-06 01:00:00,43.30353769654316,1.6988517045975868,0.16813626196166578
2030-03-06 02:00:00,43.30353745048328,1.6881269216538612,0.16585266620873784
2030-03-06 03:00:00,43.30353514185494,1.6865597963334267,0.15662456434760222
2030-03-06 04:00:00,43.30355047247972,1.8272085189820473,0.17889541378366108
2030-03-06 05:00:00,43.30356712853502,1.7600694894791786,0.24070444588759204
2030-03-06 06:00:00,43.30356740680836,1.573312401771659,0.241878837612877
2030-03-06 07:00:00,43.30356555038862,1.5933705568314736,0.2322083043923373
2030-03-06 08:00:00,43.30356384402234,1.6162399053574745,0.22794638351520982
2030-03-06 09:00:00,43.30356012322379,1.659121513366813,0.20647631275315517
2030-03-06 10:00:00,43.30355075708072,1.6558895111085121,0.1566568710319326
2030-03-06 11:00:00,43.303535738610144,1.6876996755601112,0.1114291064033644
2030-03-06 12:00:00,43.30350877882525,1.709069728851432,0.07703259000524934
2030-03-06 13:00:00,43.30348608407037,1.6787712574006264,0.061810085159346946
2030-03-06 14:00:00,43.30344141924696,1.5804759263993446,0.04481094903742081
2030-03-06 15:00:00,43.30346017992569,1.626977205276603,0.04924417415199655
2030-03-06 16:00:00,43.30349853929747,1.604592919349784,0.06620388282673662
2030-03-06 17:00:00,43.30351658723302,1.4847863912583534,0.08028973198555293
2030-03-06 18:00:00,43.30350855498597,1.3875138759614174,0.07017651138523712
2030-03-06 19:00:00,43.303433203394334,1.2945232391358559,0.03848020298128046
2030-03-06 20:00:00,35.05970106169905,1.2590414285660927,5.1546417095347465e-06
2030-03-06 21:00:00,35.05936492696306,1.1998490095139687,5.05149451399728e-06
2030-03-06 22:00:00,35.059356208610964,1.1565940380097572,5.0968658441931706e-06
2030-03-06 23:00:00,35.05934647774567,1.0917860269547646,5.055441899390771e-06
2030-03-07 00:00:00,35.05934249488653,1.0668834447861855,5.0494877023100905e-06
2030-03-07 01:00:00,35.059342423173305,0.9745482206345741,4.985844512535002e-06
2030-03-07 02:00:00,35.05935827268519,0.9177602529526894,5.028967694932007e-06
2030-03-07 03:00:00,35.059484041026934,0.8660854697228615,5.661349939801774e-06
2030-03-07 04:00:00,42.39399862810696,0.8265327215195839,3.4143101331500836e-05
2030-03-07 05:00:00,43.303528799099446,0.7908863425255959,0.08990894833380772
2030-03-07 06:00:00,43.30353971178639,0.7185355424882118,0.11090318445805095
2030-03-07 07:00:00,43.30353840294153,0.8278570175172035,0.10806591227358252
2030-03-07 08:00:00,43.30353903767831,0.8775691390038673,0.1130539134996391
2030-03-07 09:00:00,43.30352388834688,1.0994337797166054,0.08614935369828833
2030-03-07 10:00:00,43.303517969720126,1.3846361637116615,0.08278531399683534
2030-03-07 11:00:00,43.30319510410085,2.084400177002067,0.018006366261531192
2030-03-07 12:00:00,43.30249523222956,2.5498790740967934,0.008422636801761535
2030-03-07 13:00:00,43.30341668076712,2.571721553802604,0.03655306781392038
2030-03-07 14:00:00,43.30148965022882,3.5683355331422035,0.0046496175320032
2030-03-07 15:00:00,43.30352607476914,2.9999647140504067,0.08804751286663641
2030-03-07 16:00:00,43.30354028124636,2.352936267852897,0.12618618834318432
2030-03-07 17:00:00,43.303549377777735,1.6504004001618569,0.15784343189259423
2030-03-07 18:00:00,43.30355249716513,1.6059042215348427,0.17498440485750474
2030-03-07 19:00:00,43.30355174736884,1.7911083698273842,0.18273146196257542
2030-03-07 20:00:00,43.30354712361037,1.7798886299134438,0.18220056544829294
2030-03-07 21:00:00,43.30353483428908,1.1942083835602944,0.17024804458322013
2030-03-07 22:00:00,43.30353751650639,1.2213767766953652,0.192857885628224
2030-03-07 23:00:00,43.30353057967055,1.6161614656449501,0.18224737016352824
2030-03-08 00:00:00,43.30352547417425,1.6765257120133583,0.1722948286212072
2030-03-08 01:00:00,43.30351300042438,1.3267594575883095,0.14780261068985612
2030-03-08 02:00:00,43.30348496509716,1.359974384307975,0.10806976027360533
2030-03-08 03:00:00,43.30330942515682,1.6732014417649452,0.042983165356565836
2030-03-08 04:00:00,43.30161552079522,2.039403438568229,0.008055559359724452
2030-03-08 05:00:00,43.30155956843805,2.8642389774323647,0.006277407720287064
2030-03-08 06:00:00,43.30156071220006,3.582571744918937,0.006195313884228408
2030-03-08 07:00:00,20.064775422344155,3.8814721107484047,2.8452759255353036e-06
2030-03-08 08:00:00,20.064750397623136,4.139183521270866,2.789517571228644e-06
2030-03-08 09:00:00,20.06444786706788,4.843288421630973,2.3316187830647543e-06
2030-03-08 10:00:00,20.064382398607336,5.9839520454407875,1.8685827084991459e-06
2030-03-08 11:00:00,20.06437728123556,6.956927299499625,1.6953444471360795e-06
2030-03-08 12:00:00,20.064567572631574,6.942828178405875,2.3284559448712544e-06
2030-03-08 13:00:00,20.064967017454038,7.162614345550651,2.5497775880600264e-06
2030-03-08 14:00:00,20.06639595428978,7.59755897521984,2.686912971692648e-06
2030-03-08 15:00:00,27.21280658010484,7.964230060577506,3.867670882464462e-06
2030-03-08 16:00:00,27.32801073171172,8.180841445922965,4.159297494183365e-06
2030-03-08 17:00:00,27.332327907026524,8.16707801818859,4.391874269826997e-06
2030-03-08 18:00:00,27.33219318018331,8.10381889343273,4.562822869480697e-06
2030-03-08 19:00:00,27.33202333632547,8.08819675445568,4.399310023128622e-06
2030-03-08 20:00:00,27.330775260833285,8.119946479797477,4.505583318107515e-06
2030-03-08 21:00:00,27.33163908304581,8.291065216064567,4.492633895779461e-06
2030-03-08 22:00:00,27.330037494960184,8.524804115295524,4.530534334137043e-06
2030-03-08 23:00:00,27.328677902420893,9.013567924499625,4.537238237980943e-06
2030-03-09 00:00:00,27.331614903674232,9.367678642273063,4.893903378364927e-06
2030-03-09 01:00:00,27.331834168018883,9.449207305908317,5.093594384671414e-06
2030-03-09 02:00:00,27.331492535399697,9.257819175720329,5.226187989580628e-06
2030-03-09 03:00:00,27.33239628088999,9.08502578735363,5.314669762210561e-06
2030-03-09 04:00:00,27.332466811661146,8.972905158996696,5.265129656274778e-06
2030-03-09 05:00:00,27.33234892333958,8.970885276794547,5.083741279960939e-06
2030-03-09 06:00:00,27.332432601223207,8.964188575744743,4.930045245680052e-06
2030-03-09 07:00:00,27.33171375523986,9.005393028259391,5.7516966985304375e-06
2030-03-09 08:00:00,27.33175260968607,9.081675529480094,5.903127776829715e-06
2030-03-09 09:00:00,27.33173997837639,9.250555992126579,5.473214457391585e-06
2030-03-09 10:00:00,27.33161541117682,9.571549415588493,4.743039236802972e-06
2030-03-09 11:00:00,27.331702723423398,9.489291191101188,5.0122187877793835e-06
2030-03-09 12:00:00,22.119162022362875,10.274575233459586,2.580806948944508e-06
2030-03-09 13:00:00,22.11925536504253,10.061055183410758,3.110750030765773e-06
2030-03-09 14:00:00,22.1191349955256,10.726063728332633,2.428531723613868e-06
2030-03-09 15:00:00,22.13120772148751,10.203925132751579,3.8166783021470116e-06
2030-03-09 16:00:00,22.1192019366456,9.95537090301525,2.937783227387932e-06
2030-03-09 17:00:00,27.331337014997267,9.14089679718029,4.550584327428158e-06
2030-03-09 18:00:00,27.329047561113946,8.513175010681266,4.263180573685567e-06
2030-03-09 19:00:00,27.32764022615517,8.449858665466422,4.403964216056671e-06
2030-03-09 20:00:00,27.327048969189413,8.710260391235465,4.538639201785339e-06
2030-03-09 21:00:00,27.32548569613607,8.503515243530387,4.5470309600159305e-06
2030-03-09 22:00:00,22.119466843615346,8.20124721527111,3.1749662172403924e-06
2030-03-09 23:00:00,27.169360212214773,7.927108764648551,4.6763859450936725e-06
2030-03-10 00:00:00,27.22474118621831,7.673374176025504,5.060256261513765e-06
2030-03-10 01:00:00,22.119272224503867,7.5302472114564125,3.5267189432008186e-06
2030-03-10 02:00:00,22.11913492054993,7.487127304077262,2.9477007826801224e-06
2030-03-10 03:00:00,22.119107325350527,7.600994110107536,2.571759124108768e-06
2030-03-10 04:00:00,22.119114749011786,7.794582366943473,2.537622927845672e-06
2030-03-10 05:00:00,22.119141251334515,8.080162048339957,2.5247312024210614e-06
2030-03-10 06:00:00,22.11920523233204,8.670027732849235,2.588449762990855e-06
2030-03-10 07:00:00,20.064475698643843,9.374155044555778,2.3523937466019716e-06
2030-03-10 08:00:00,20.06436223502454,10.061851501464957,2.293299180209386e-06
2030-03-10 09:00:00,20.06413780285009,10.839473724365348,2.263385960288536e-06
2030-03-10 10:00:00,20.064313484608377,11.346939086914176,2.321977887580899e-06
2030-03-10 11:00:00,20.063808562538053,11.77489280700695,2.0265194249783228e-06
2030-03-10 12:00:00,20.06380029493159,12.246150016784782,1.9934279794809582e-06
2030-03-10 13:00:00,20.063831122918845,12.668869972229118,2.059376922528196e-06
2030-03-10 14:00:00,20.06389604992898,13.02274608612072,2.1083873619345033e-06
2030-03-10 15:00:00,20.06402482598793,13.33994007110607,2.145169113536306e-06
2030-03-10 16:00:00,20.064371177625876,13.551884651184196,2.200440416180826e-06
2030-03-10 17:00:00,20.065137397029364,13.635910987854118,2.2184204996261845e-06
2030-03-10 18:00:00,20.065859686921375,13.715554237365836,2.2766282186172715e-06
2030-03-10 19:00:00,20.06666555339346,13.803599357605094,2.409042532012175e-06
2030-03-10 20:00:00,20.06777873173344,13.897754669189567,2.5281195736694103e-06
2030-03-10 21:00:00,20.08471436571307,14.082847595214957,2.739035434137581e-06
2030-03-10 22:00:00,27.33230837146584,14.14660453796398,4.107256148467855e-06
2030-03-10 23:00:00,27.333452427398093,14.10229873657238,4.245131207736476e-06
2030-03-11 00:00:00,42.49159116590128,14.063133239746207,4.0480485063411345e-05
2030-03-11 01:00:00,43.30304815168934,13.967146873474235,0.03202356367808158
2030-03-11 02:00:00,43.3034028552361,13.870586395263786,0.09144951782401257
2030-03-11 03:00:00,43.303428356722186,13.824335098266715,0.11743981053438708
2030-03-11 04:00:00,43.30344976021186,13.791904449463004,0.15104190442221255
2030-03-11 05:00:00,43.30346516479147,13.633320808410758,0.18703962125584614
2030-03-11 06:00:00,43.30347267160379,13.33847522735607,0.210448356194366
2030-03-11 07:00:00,43.3034758022388,13.056633949279899,0.2198680480646432
2030-03-11 08:00:00,43.303473707442144,12.959966659546012,0.19793083080876067
2030-03-11 09:00:00,43.30346427345693,13.162060737609977,0.1468275205021326
2030-03-11 10:00:00,43.303469692724654,13.074545860290641,0.1744889203391226
2030-03-11 11:00:00,43.30344102474783,13.583021163940543,0.09715614943598865
2030-03-11 12:00:00,43.30323420217871,13.876809120178336,0.027118476301574868
2030-03-11 13:00:00,43.303463939461935,13.194467544555778,0.16379048794556983
2030-03-11 14:00:00,43.30346174854691,12.997866630554313,0.16099717813626443
2030-03-11 15:00:00,43.30345438070383,12.661918640136832,0.13605293984695105
2030-03-11 16:00:00,43.30346430324621,12.319602012634391,0.17326515540341741
2030-03-11 17:00:00,43.3034710602045,11.610955238342399,0.22623395919267267
2030-03-11 18:00:00,43.30346652644591,10.91134357452404,0.20944474689264925
2030-03-11 19:00:00,43.30345669852599,10.394873619079704,0.1737302690589892
2030-03-11 20:00:00,43.303439937947694,10.155561447143668,0.13523969843791428
2030-03-11 21:00:00,43.30341388651871,9.617491722107047,0.09799506461711728
2030-03-11 22:00:00,43.30329733980282,9.135319709777946,0.04432288196852444
2030-03-11 23:00:00,43.27335152502376,8.934203147888297,0.0009552402324681598
2030-03-12 00:00:00,43.27315643788548,8.82007980346691,0.0008357745939060829
2030-03-12 01:00:00,43.273146303360654,9.085346221923942,0.000822630980376623
2030-03-12 02:00:00,43.27315538246887,9.074330329895133,0.0008366472727876743
2030-03-12 03:00:00,43.2731874940308,9.536774635315055,0.0008720800613253583
2030-03-12 04:00:00,43.2733209291308,10.134430885315055,0.0009217787583984875
2030-03-12 05:00:00,43.27323341090733,10.279132843017692,0.0007893836348149732
2030-03-12 06:00:00,43.27326351070304,10.27498817443859,0.0007487378006631793
2030-03-12 07:00:00,0.0336922855558586,11.097154617309684,1.523434248822085e-06
2030-03-12 08:00:00,0.0251228119282861,12.748489379882926,1.4166208554039664e-06
2030-03-12 09:00:00,0.0249858414068985,14.201348304748649,1.4265057864985526e-06
2030-03-12 10:00:00,0.0249174165973283,15.534977912902946,1.329382323786547e-06
2030-03-12 11:00:00,0.0248825454393339,16.408908843994254,1.2300011943782023e-06
2030-03-12 12:00:00,0.0249022871617029,17.961820602417106,1.240816460874196e-06
2030-03-12 13:00:00,0.0249249312747394,19.043546676635856,1.2253429889945709e-06
2030-03-12 14:00:00,0.0249916413413385,19.335897445678825,1.2571788924370939e-06
2030-03-12 15:00:00,0.0251160827299974,18.605911254882926,1.2590621949144244e-06
2030-03-12 16:00:00,0.0589718464520628,17.54845237731945,1.38121331219257e-06
2030-03-12 17:00:00,19.988444193194887,16.245925903320426,2.8264254381560945e-06
2030-03-12 18:00:00,19.989898420765137,15.183938026428336,2.923458968844886e-06
2030-03-12 19:00:00,19.989447677578585,14.42746448516857,3.0016219846309154e-06
2030-03-12 20:00:00,16.218088930179654,13.811820983886832,2.55760139983717e-06
2030-03-12 21:00:00,16.178863145300767,13.35644912719738,2.375289557620244e-06
2030-03-12 22:00:00,16.173835081711356,12.975659370422477,2.259819773576901e-06
2030-03-12 23:00:00,16.173539862442276,12.623564720153922,2.250588130535044e-06
2030-03-13 00:00:00,16.17350433730824,12.348895072937125,2.2178460126910508e-06
2030-03-13 01:00:00,16.173557198392892,11.951484680175895,2.2106139256959406e-06
2030-03-13 02:00:00,16.17390412093975,11.411873817443961,2.2077579448801864e-06
2030-03-13 03:00:00,16.521417656534968,10.946323394775504,2.2235083788949526e-06
2030-03-13 04:00:00,19.230920111567716,10.592288017273063,2.416941035906306e-06
2030-03-13 05:00:00,19.643999189982218,10.280687332153434,2.4472402198471426e-06
2030-03-13 06:00:00,20.064261854809367,10.188464164734,2.1912113666199754e-06
2030-03-13 07:00:00,20.062731274849263,10.326301574707145,1.8870086393971678e-06
2030-03-13 08:00:00,19.99039227191888,10.591720581054801,1.8428004512140838e-06
2030-03-13 09:00:00,19.99029659365532,10.947594642639274,1.816853020125862e-06
2030-03-13 10:00:00,19.99042491393189,11.000704765319938,1.8597399934299055e-06
2030-03-13 11:00:00,19.99060707865601,10.88263320922863,1.9805861747856546e-06
2030-03-13 12:00:00,19.99052768724906,11.18290233612072,1.8574091251640785e-06
2030-03-13 13:00:00,19.990642972700968,11.301906585693473,1.8670612081933003e-06
2030-03-13 14:00:00,19.99088959397861,11.252389907837028,1.8674630177199716e-06
2030-03-13 15:00:00,19.992241918347776,11.033881187439079,1.8759569780966434e-06
2030-03-13 16:00:00,20.061063327080813,10.480414390564079,1.9743967067755216e-06
2030-03-13 17:00:00,20.0644083978332,9.680992126464957,2.2340835571899542e-06
2030-03-13 18:00:00,20.064468906282634,9.271680831909293,2.2822534356778406e-06
2030-03-13 19:00:00,20.064341443175987,8.913387298584098,2.280050568157636e-06
2030-03-13 20:00:00,20.06402194859673,8.575341224670524,2.233767106428994e-06
2030-03-13 21:00:00,20.060928545851706,8.162517547607536,2.207948101460941e-06
2030-03-13 22:00:00,20.060841376948197,7.753569126129264,2.2244907521122365e-06
2030-03-13 23:00:00,20.060874245096457,7.246087074279899,2.2497772682128583e-06
2030-03-14 00:00:00,20.061765144890146,6.745491981506461,2.2735235228077483e-06
2030-03-14 01:00:00,20.062255170225253,6.289922237396354,2.327947758919265e-06
2030-03-14 02:00:00,20.06399325034976,5.938971996307487,2.3205628482147654e-06
2030-03-14 03:00:00,20.064286428403328,5.66119480133068,2.300166836833637e-06
2030-03-14 04:00:00,20.064333024997296,5.234206676483268,2.2997298581484877e-06
2030-03-14 05:00:00,20.064371665131844,5.265240192413444,2.2702866137389686e-06
2030-03-14 06:00:00,20.064404304098364,5.226978778839225,2.235221572478249e-06
2030-03-14 07:00:00,20.064355474658548,5.778530120849723,2.0115883698875033e-06
2030-03-14 08:00:00,20.06434941819031,6.35363864898693,1.9671882969081217e-06
2030-03-14 09:00:00,20.064324070434772,7.045482635498161,1.8803757126895289e-06
2030-03-14 10:00:00,20.0643063416455,7.15568828582775,1.8558703800494064e-06
2030-03-14 11:00:00,20.0642803641189,7.804454803466911,1.7424809189455415e-06
2030-03-14 12:00:00,20.064134048331265,9.408575057983512,1.3842468371192466e-06
2030-03-14 13:00:00,20.06436991218734,8.696638107299918,1.9767799894696434e-06
2030-03-14 14:00:00,20.065275846179308,8.31110000610363,2.2854016105648116e-06
2030-03-14 15:00:00,21.0073914625259,8.303400039672965,2.541511530708488e-06
2030-03-14 16:00:00,41.51414494891574,7.822352886200065,2.0570270162155672e-05
2030-03-14 17:00:00,43.30341829901028,7.121152877807731,0.06308665929980085
2030-03-14 18:00:00,43.3032388629079,6.6286568641663735,0.026807628878861973
2030-03-14 19:00:00,43.30320430787205,6.411283969879264,0.025333301159918584
2030-03-14 20:00:00,41.52489465044271,6.094955444336051,2.3307117223192456e-05
2030-03-14 21:00:00,41.51714187849488,5.972941398620719,2.266638968596265e-05
2030-03-14 22:00:00,43.29456177547633,5.879759311676139,0.0024034257450268283
2030-03-14 23:00:00,41.52750972817998,5.766727447509879,2.5556936599061898e-05
2030-03-15 00:00:00,41.51695506704716,5.63864374160778,2.5634680018911907e-05
2030-03-15 01:00:00,41.52008156481534,5.605296611786002,2.7210573243673896e-05
2030-03-15 02:00:00,41.515312734862896,5.604137897491569,2.6165157431274198e-05
2030-03-15 03:00:00,41.51489668440103,5.585108757019157,2.483481190749909e-05
2030-03-15 04:00:00,41.51509224999385,5.479218959808463,2.6688054534925826e-05
2030-03-15 05:00:00,43.30299894014408,5.347940444946403,0.022122498026916092
2030-03-15 06:00:00,43.303484992854926,5.374266147613639,0.11907821976742597
2030-03-15 07:00:00,43.3034685185892,5.923782825470084,0.0985367928311142
2030-03-15 08:00:00,43.30344497584609,6.753317832946891,0.07451103203120872
2030-03-15 09:00:00,43.30335422599002,7.689455986023063,0.042703627605760935
2030-03-15 10:00:00,35.057486228391134,9.288821220398063,6.00108316919736e-06
2030-03-15 11:00:00,43.30327095067278,9.876674652099723,0.031072530185530047
2030-03-15 12:00:00,43.30349558262561,9.237097740173454,0.12720495066312026
2030-03-15 13:00:00,43.30350234914791,7.831212520599479,0.1467523541283525
2030-03-15 14:00:00,43.30349678773276,7.413739204406852,0.1361548659475686
2030-03-15 15:00:00,43.30350017137543,7.561968326568717,0.1464655269462295
2030-03-15 16:00:00,43.303511530343386,7.6771564483643715,0.17806223840449453
2030-03-15 17:00:00,43.30351284217858,8.107758522033805,0.17976021360282401
2030-03-15 18:00:00,43.30350454254496,8.369068145752067,0.15670155654890144
2030-03-15 19:00:00,43.303472179538176,8.417695999145621,0.10115459939761019
2030-03-15 20:00:00,43.30333357369836,8.53485202789318,0.04167677591720586
2030-03-15 21:00:00,43.29422499321898,8.6944456100465,0.002516037812669113
2030-03-15 22:00:00,27.33383121301568,8.882895469665641,3.9110738055436625e-06
2030-03-15 23:00:00,27.332731442377444,9.069637298584098,3.5217933072010537e-06
2030-03-16 00:00:00,27.33265235919353,9.123738288879508,3.444625784322989e-06
2030-03-16 01:00:00,27.33261164538399,9.17496776580822,3.351612664252645e-06
2030-03-16 02:00:00,27.332592228684327,9.436149597168082,3.307155070799507e-06
2030-03-16 03:00:00,27.332583623368617,9.530072212219352,3.270948691144936e-06
2030-03-16 04:00:00,27.332579933594182,9.43597507476818,3.1879259775283437e-06
2030-03-16 05:00:00,27.332581265266143,9.394391059875602,3.1037309895095535e-06
2030-03-16 06:00:00,27.332587731274863,9.400307655334586,3.0363773033421524e-06
2030-03-16 07:00:00,20.064358875956312,9.47661113739025,2.5363775612687456e-06
2030-03-16 08:00:00,20.06433942934236,9.573980331421012,2.4661248364854514e-06
2030-03-16 09:00:00,20.064405753603825,9.631383895874137,2.5756233852699786e-06
2030-03-16 10:00:00,20.06455449590141,9.702375411987418,2.6937409103210197e-06
2030-03-16 11:00:00,20.06445882269089,9.790603637695426,2.6238806111785724e-06
2030-03-16 12:00:00,20.06434715415293,9.956130981445426,2.5476637020444184e-06
2030-03-16 13:00:00,20.06433136709061,10.093866348266715,2.536025726906442e-06
2030-03-16 14:00:00,20.064311112815613,10.204781532287711,2.5162745371320493e-06
2030-03-16 15:00:00,20.064352938327342,10.240193367004508,2.588698347901565e-06
2030-03-16 16:00:00,20.06446377290914,10.232322692871207,2.612327963975571e-06
2030-03-16 17:00:00,20.064457059842773,10.222174644470329,2.477531944628052e-06
2030-03-16 18:00:00,20.0644087879643,10.172747611999625,2.374316913779067e-06
2030-03-16 19:00:00,20.06437288455795,9.91912937164318,2.327955713271464e-06
2030-03-16 20:00:00,20.06433746273382,9.734324455261344,2.3243952633300667e-06
2030-03-16 21:00:00,20.064304270666373,9.575863838195914,2.3311470900602367e-06
2030-03-16 22:00:00,20.0642912524428,9.611608505249137,2.405606865631532e-06
2030-03-16 23:00:00,20.064292284868674,9.664813995361442,2.4436344105745893e-06
2030-03-17 00:00:00,20.06433542729537,9.733352661132926,2.520861349075388e-06
2030-03-17 01:00:00,20.06436638716741,9.695712089538688,2.5777805269073015e-06
2030-03-17 02:00:00,20.064428596038912,9.521015167236442,2.641150361905375e-06
2030-03-17 03:00:00,20.06465591101632,9.301911354065055,2.7942487113594046e-06
2030-03-17 04:00:00,27.331154956335027,9.29117298126232,4.518350601267084e-06
2030-03-17 05:00:00,43.30310448368217,9.497554779052848,0.022756225060378252
2030-03-17 06:00:00,43.30342101667571,9.560703277588004,0.057386075602528196
2030-03-17 07:00:00,43.30344754292479,9.31324672698986,0.06895624682939865
2030-03-17 08:00:00,43.30342689363316,8.961711883545036,0.05648719599169395
2030-03-17 09:00:00,43.303214746217215,8.822073936462516,0.024121720188574194
2030-03-17 10:00:00,43.3034789603621,8.71533584594738,0.09444342197584374
2030-03-17 11:00:00,43.30345952831094,8.801745414734,0.07643861229147307
2030-03-17 12:00:00,43.30348072682212,8.866301536560172,0.09684171478655612
2030-03-17 13:00:00,43.30348696176228,8.947012901306266,0.10415678881136928
2030-03-17 14:00:00,43.30349127297247,8.893733978271598,0.10935339555326437
2030-03-17 15:00:00,43.303425063991526,9.144435882568473,0.057231162138593986
2030-03-17 16:00:00,43.3034659198494,8.926543235778922,0.07966958561158057
2030-03-17 17:00:00,43.30349499095264,8.552972793579215,0.11171869266764031
2030-03-17 18:00:00,43.30348714528016,7.9894313812257,0.09993477345589635
2030-03-17 19:00:00,43.30345491979077,7.8244905471802895,0.07114243966355127
2030-03-17 20:00:00,43.30337072491447,7.539186954498405,0.04263856300972396
2030-03-17 21:00:00,43.3033983796792,7.197183609008903,0.050381270277420884
2030-03-17 22:00:00,43.30333624765917,6.962779998779411,0.03874414411792581
2030-03-17 23:00:00,43.303382069017886,6.535078525543327,0.049412955883731756
2030-03-18 00:00:00,43.30295629869173,6.2360787391663735,0.018247549076593463
2030-03-18 01:00:00,43.30274615966915,6.133336067199821,0.013551185776566084
2030-03-18 02:00:00,43.30277206888133,6.661574840545768,0.01431398977048392
2030-03-18 03:00:00,43.30278185010769,7.2685236930848305,0.014297070460270294
2030-03-18 04:00:00,43.30300018512061,7.467994213104362,0.019433313294242593
2030-03-18 05:00:00,43.30331408196305,7.681920528411979,0.03509922662362704
2030-03-18 06:00:00,43.30341984233536,7.972947120666618,0.053225384751562396
2030-03-18 07:00:00,43.30339345857074,8.287190437317008,0.04455075313452223
2030-03-18 08:00:00,43.30327804139528,8.610905647277946,0.028002450585988523
2030-03-18 09:00:00,43.3020649555949,9.586990356445426,0.006140766371518393
2030-03-18 10:00:00,43.30218268611472,10.101716995239371,0.00770352995107564
2030-03-18 11:00:00,43.30214466477295,10.297062873840446,0.007178178566948523
2030-03-18 12:00:00,43.303210450232825,10.243694305420036,0.02426200686223856
2030-03-18 13:00:00,43.30215969139107,10.768811225891227,0.007165301562894933
2030-03-18 14:00:00,43.30222490774584,10.74260234832775,0.008173284701491881
2030-03-18 15:00:00,43.302324284658326,10.535333633422965,0.00936661126747064
2030-03-18 16:00:00,43.30294868034389,10.431120872497672,0.016406796706587852
2030-03-18 17:00:00,43.30335222761491,10.137313842773551,0.03763262921217223
2030-03-18 18:00:00,43.30329538824682,9.766475677490348,0.030077600709371644
2030-03-18 19:00:00,43.3027604776229,9.503169059753532,0.012832900544240817
2030-03-18 20:00:00,43.30252058988128,9.262250900268668,0.01047229976077029
2030-03-18 21:00:00,43.3025861493203,8.989823341369743,0.01139259777888414
2030-03-18 22:00:00,43.30274844130883,8.476391792297477,0.013558331382753698
2030-03-18 23:00:00,43.30269663670916,7.917924880981559,0.013476098119388403
2030-03-19 00:00:00,43.3027009961874,7.5570416450501625,0.014240129244316184
2030-03-19 01:00:00,43.30249663635752,7.201149463653678,0.011030716750828383
2030-03-19 02:00:00,43.30251429899304,6.877171993255729,0.011039552188909752
2030-03-19 03:00:00,43.30268049214337,6.769304752349967,0.013977554342783085
2030-03-19 04:00:00,43.30320958486865,6.584446907043571,0.02937269449059753
2030-03-19 05:00:00,43.30346605823003,6.194704532623405,0.07938047190429771
2030-03-19 06:00:00,43.30350496505823,6.152187824249381,0.116628346979745
2030-03-19 07:00:00,43.30348667446111,6.861958503723258,0.08764749959538616
2030-03-19 08:00:00,43.30344664847124,7.770631313324088,0.05932096342739122
2030-03-19 09:00:00,43.30343647922661,8.195698738098258,0.05570360708817906
2030-03-19 10:00:00,43.30345486569777,8.229985237121696,0.06473560473839966
2030-03-19 11:00:00,43.30347150594783,8.222539901733512,0.07480384277051651
2030-03-19 12:00:00,43.30318354577162,8.974225044250602,0.022634554018068707
2030-03-19 13:00:00,43.30341002514854,8.98446083068859,0.049974010668032434
2030-03-19 14:00:00,43.30329630800804,9.290522575378532,0.03188403006710193
2030-03-19 15:00:00,43.30351632175779,8.562547683715934,0.13997298028969374
2030-03-19 16:00:00,43.303517980236464,8.301500320434684,0.137436171725148
2030-03-19 17:00:00,43.30353087943809,7.958490371704215,0.17427572399204933
2030-03-19 18:00:00,43.30353349381063,7.192279815673942,0.1819804055174132
2030-03-19 19:00:00,43.30353171685226,6.523255825042838,0.17851565703770347
2030-03-19 20:00:00,43.30352522917511,6.399829864502067,0.16104086488987754
2030-03-19 21:00:00,43.30351278793425,6.493782043457145,0.13144352736799164
2030-03-19 22:00:00,43.3034853337619,6.219075202942008,0.09276448610206797
2030-03-19 23:00:00,43.30348748465891,5.91255092620861,0.10272367698727565
2030-03-20 00:00:00,43.303397600920384,5.367723941803092,0.05549975517984527
2030-03-20 01:00:00,43.30323251506663,5.230095386505241,0.03183495015433635
2030-03-20 02:00:00,43.30312463103494,5.152341842651481,0.02441941655656502
2030-03-20 03:00:00,43.30309790728349,5.037960529327506,0.022490666080344515
2030-03-20 04:00:00,43.30311230165388,4.969495773315543,0.022927637050888034
2030-03-20 05:00:00,43.30316437614584,4.963274955749625,0.02431747743289777
2030-03-20 06:00:00,43.30324725410988,4.967013835907096,0.028041146682823547
2030-03-20 07:00:00,24.79988472394692,5.035747051239127,4.1722529480892254e-06
2030-03-20 08:00:00,24.799850588228647,5.182197093963737,3.930816464803024e-06
2030-03-20 09:00:00,24.799834026598297,5.440471172332877,3.8989486745129e-06
2030-03-20 10:00:00,20.06952597289807,6.188166618347282,2.655515510253943e-06
2030-03-20 11:00:00,20.068312491839613,7.562644004821891,1.7399611641673189e-06
2030-03-20 12:00:00,20.0683080338936,8.2230100631715,1.7113919773982184e-06
2030-03-20 13:00:00,20.068333952550653,8.288533210754508,1.8194633962747888e-06
2030-03-20 14:00:00,20.06844676797268,8.010785102844352,2.3977311988775594e-06
2030-03-20 15:00:00,20.06847935494268,8.632581710815543,2.1356071527412072e-06
2030-03-20 16:00:00,22.120377087289345,8.159660339355582,2.913956081231733e-06
2030-03-20 17:00:00,27.332396050093045,7.15802621841442,4.1092596457108e-06
2030-03-20 18:00:00,27.332532324666268,6.28537225723278,4.032187347957006e-06
2030-03-20 19:00:00,27.33235415073524,5.594073295593375,4.173049589142649e-06
2030-03-20 20:00:00,27.332221185969733,5.779011726379508,4.3762836598342945e-06
2030-03-20 21:00:00,27.332263830844703,6.100475311279411,4.457569370731383e-06
2030-03-20 22:00:00,27.331308407770585,5.914940357208366,4.558433534254748e-06
2030-03-20 23:00:00,22.12222619695627,5.831255435943717,3.977999291600312e-06
2030-03-21 00:00:00,22.1221099227595,5.520003318786735,4.321441308110537e-06
2030-03-21 01:00:00,23.04807590488137,5.352676391601676,5.097092825945799e-06
2030-03-21 02:00:00,22.91317324853492,5.251904964447135,5.0788378974004985e-06
2030-03-21 03:00:00,22.121236296658346,5.096006393432731,4.3535867400117194e-06
2030-03-21 04:00:00,22.121214125656483,4.875256061554069,4.275647831010714e-06
2030-03-21 05:00:00,22.121284282224348,4.73260593414318,3.9323634762836916e-06
2030-03-21 06:00:00,22.12142610196387,4.694842338562125,3.6395290646602436e-06
2030-03-21 07:00:00,20.06493350311886,4.9632539749146645,2.817208243554645e-06
2030-03-21 08:00:00,20.064554722055657,5.260280132293815,2.6608014113076196e-06
2030-03-21 09:00:00,20.064376755602176,5.984783649444694,2.2504735127144015e-06
2030-03-21 10:00:00,20.06445728180072,5.949735164642448,2.5374110303253573e-06
2030-03-21 11:00:00,20.064496551675177,5.400932312011832,2.6873014610376754e-06
2030-03-21 12:00:00,20.064380031248614,5.437050342559928,2.4020139978408745e-06
2030-03-21 13:00:00,20.064380661814337,5.45025205612194,2.4340906811921283e-06
2030-03-21 14:00:00,20.064317860551505,6.351060390472526,1.992190644553964e-06
2030-03-21 15:00:00,20.064417230226777,6.137343883514518,2.6377338565540563e-06
2030-03-21 16:00:00,20.06451050727801,5.844117641449088,2.7237382564443024e-06
2030-03-21 17:00:00,20.065042912131045,5.486325740814323,2.9711091004825905e-06
2030-03-21 18:00:00,20.06546415434134,5.12644720077526,3.024027835489305e-06
2030-03-21 19:00:00,20.065018639794697,5.108375072479362,3.0895309743718692e-06
2030-03-21 20:00:00,20.064821755290748,5.0130634307862465,3.123072501271182e-06
2030-03-21 21:00:00,20.064633166863985,4.875974178314323,3.064059421919142e-06
2030-03-21 22:00:00,20.06443828731741,4.727111816406364,2.8037546920203132e-06
2030-03-21 23:00:00,20.064488616471632,4.593918800354118,2.7956089133789354e-06
2030-03-22 00:00:00,20.06441416888929,4.348519325256461,2.7064914072471503e-06
2030-03-22 01:00:00,20.06436294244818,4.371556758880729,2.557710969858025e-06
2030-03-22 02:00:00,20.064355707711588,4.394864559173698,2.520673448546829e-06
2030-03-22 03:00:00,20.064361703551803,4.142015457153434,2.4762272606297316e-06
2030-03-22 04:00:00,20.064397303186503,3.901229381561393,2.414734961084491e-06
2030-03-22 05:00:00,20.064430301610383,3.6466083526612465,2.343865501376976e-06
2030-03-22 06:00:00,20.06440215575075,3.7163693904877846,2.275711107255939e-06
2030-03-22 07:00:00,20.06433230955327,3.9747381210328285,2.1187339361248014e-06
2030-03-22 08:00:00,20.06430657125493,4.400701522827262,1.9084401228588985e-06
2030-03-22 09:00:00,20.063305217951907,5.607103347778434,1.4491356380129811e-06
2030-03-22 10:00:00,20.063211624699694,6.5014433860779945,1.345333025109298e-06
2030-03-22 11:00:00,20.063231214409058,7.209691524505729,1.3593792225663661e-06
2030-03-22 12:00:00,20.06316768260174,8.721411705017204,1.2941608370150591e-06
2030-03-22 13:00:00,20.06366386742909,8.56115531921398,1.606432123651993e-06
2030-03-22 14:00:00,20.063654652308127,8.579627037048454,1.5954523506716588e-06
2030-03-22 15:00:00,20.06393628251085,8.515504837036246,1.623850478911143e-06
2030-03-22 16:00:00,20.06429136406257,7.882137298584098,1.8937664591387766e-06
2030-03-22 17:00:00,20.06433585857523,6.768291950225944,2.161187698806558e-06
2030-03-22 18:00:00,20.064358822290423,5.62340879440319,2.271330054022176e-06
2030-03-22 19:00:00,20.06434841166813,4.616588115692252,2.24590155187996e-06
2030-03-22 20:00:00,20.06432847710545,3.802160024643058,2.219943038578904e-06
2030-03-22 21:00:00,20.0642916824116,3.6389126777650063,2.206498422883456e-06
2030-03-22 22:00:00,20.06405897683035,3.417962074279899,2.1841418403186116e-06
2030-03-22 23:00:00,20.06377404978237,3.0067493915559,2.1972632693534675e-06
2030-03-23 00:00:00,20.063796445564492,1.3818465471268837,2.1978088038696e-06
2030-03-23 01:00:00,20.06382690703818,0.12328077107679292,2.2033489592636525e-06
2030-03-23 02:00:00,20.064103945968068,-0.33451154828060226,2.2080672153700482e-06
2030-03-23 03:00:00,20.064287041013863,-0.6749211549757774,2.196405446127604e-06
2030-03-23 04:00:00,20.064323687165704,-0.5901197791098411,2.2049913145783737e-06
2030-03-23 05:00:00,20.064341386422075,-0.43875256180751876,2.2300343607051168e-06
2030-03-23 06:00:00,20.0643257691068,0.24593119323265,2.1849465726356923e-06
2030-03-23 07:00:00,20.064273550559104,2.2275180816651527,1.7929302143900292e-06
2030-03-23 08:00:00,19.99315426717077,4.277852535247916,1.5187567708168793e-06
2030-03-23 09:00:00,19.990004913092417,6.045548915863151,1.4399943229662125e-06
2030-03-23 10:00:00,19.989984116518617,7.474864959716911,1.4255932546141544e-06
2030-03-23 11:00:00,19.98998765364857,9.320466041565055,1.4116168250648883e-06
2030-03-23 12:00:00,19.989997625863097,10.405589103698844,1.4030313657922178e-06
2030-03-23 13:00:00,19.990041917099564,10.962179183960075,1.4108019412588436e-06
2030-03-23 14:00:00,19.99028165923696,11.047595024109,1.4739173055204289e-06
2030-03-23 15:00:00,19.997265551001988,10.698132514953727,1.5979862489285201e-06
2030-03-23 16:00:00,20.064276022896127,9.83490371704113,1.8496714298686734e-06
2030-03-23 17:00:00,20.064332168801705,8.559282302856559,2.2143790204823917e-06
2030-03-23 18:00:00,20.06435711062023,7.439975738525504,2.3143153495597538e-06
2030-03-23 19:00:00,20.06433845732798,6.730405330658073,2.2276121368862053e-06
2030-03-23 20:00:00,20.06431836623714,6.1673460006715,2.183996336992032e-06
2030-03-23 21:00:00,20.0642803957308,5.433013916015739,2.1819108521005265e-06
2030-03-23 22:00:00,20.06361093428747,4.877663135528678,2.1773347699646953e-06
2030-03-23 23:00:00,19.997110319978606,4.462710380554313,2.1982234855285248e-06
2030-03-24 00:00:00,19.99711331967538,4.222094058990592,2.1753860376998165e-06
2030-03-24 01:00:00,19.997163860041884,3.952480554580802,2.1653264980296047e-06
2030-03-24 02:00:00,19.997396281103565,3.686733245849723,2.1683447751184397e-06
2030-03-24 03:00:00,20.064236301187247,3.4345676898957436,2.1815685186276077e-06
2030-03-24 04:00:00,20.06431335440421,3.225823402404899,2.231128852237659e-06
2030-03-24 05:00:00,20.06435946377921,3.043263435363883,2.402517199875203e-06
2030-03-24 06:00:00,20.06438850063737,3.2346701622010414,2.524845723667659e-06
2030-03-24 07:00:00,20.064357372230088,4.092264175415153,2.337947071881848e-06
2030-03-24 08:00:00,20.06433065781453,4.961273193359489,2.156300272778282e-06
2030-03-24 09:00:00,20.06427735682888,6.231056690216178,1.794738100038573e-06
2030-03-24 10:00:00,19.998562834264234,7.7264189720154945,1.5070473603898736e-06
2030-03-24 11:00:00,19.99841049059229,8.628999710083121,1.3993719899990104e-06
2030-03-24 12:00:00,19.998585519007364,8.919834136963004,1.4357421228093211e-06
2030-03-24 13:00:00,20.064245716884464,7.919150829315299,1.8377631930152879e-06
2030-03-24 14:00:00,20.064312214591343,6.7747588157654945,2.156257682665957e-06
2030-03-24 15:00:00,20.06432534847873,6.118566513061637,2.2109789466247268e-06
2030-03-24 16:00:00,20.064330049250827,5.881411075592155,2.178188635185035e-06
2030-03-24 17:00:00,20.06434632102786,5.662559509277457,2.2373135723590656e-06
2030-03-24 18:00:00,20.06436119326789,5.462630748748893,2.3070146718853604e-06
2030-03-24 19:00:00,20.06435034361938,5.2726693153382485,2.3113406427926704e-06
2030-03-24 20:00:00,20.06432636086871,5.181282043457145,2.257860674313892e-06
2030-03-24 21:00:00,20.064285706341423,5.2265572547913735,2.2052209118108674e-06
2030-03-24 22:00:00,20.06401354941359,5.366276741027946,2.237588896625142e-06
2030-03-24 23:00:00,20.06212092136527,5.451406955719108,2.243427171875427e-06
2030-03-25 00:00:00,20.061952420397528,5.781989574432487,2.2018311729479644e-06
2030-03-25 01:00:00,20.061964961449096,6.097950935363883,2.1846989829104574e-06
2030-03-25 02:00:00,20.0620191108416,6.0944232940674965,2.178597526596528e-06
2030-03-25 03:00:00,20.06258634817805,6.1185860633851235,2.1762777193908998e-06
2030-03-25 04:00:00,20.0642941375898,6.036787986755485,2.178122133758005e-06
2030-03-25 05:00:00,20.064316108805688,5.779508590698356,2.1823066758724253e-06
2030-03-25 06:00:00,20.064315850891635,5.316509723663444,2.1290542147087373e-06
2030-03-25 07:00:00,20.06428829628888,5.646417617797965,1.9011440720743747e-06
2030-03-25 08:00:00,20.064172972873056,6.5487618446351235,1.6795708419003488e-06
2030-03-25 09:00:00,20.06263564368155,7.286093235015983,1.657847865469767e-06
2030-03-25 10:00:00,20.06252599641832,7.893824577331657,1.6243825142095936e-06
2030-03-25 11:00:00,20.062412403924466,8.422014236450309,1.6028549894781817e-06
2030-03-25 12:00:00,20.062362482734752,9.321898460388297,1.4562627138184306e-06
2030-03-25 13:00:00,20.062394801785896,10.207160949707145,1.4314493284272646e-06
2030-03-25 14:00:00,20.064030344315448,9.836934089660758,1.9026673073640877e-06
2030-03-25 15:00:00,20.064204635544947,9.907117843628043,1.8926878199872009e-06
2030-03-25 16:00:00,20.064297800301453,9.52512359619152,2.035209132057277e-06
2030-03-25 17:00:00,20.064351212632893,8.584830284118766,2.200580128135287e-06
2030-03-25 18:00:00,20.06439134244805,7.975193023681754,2.2533469067666688e-06
2030-03-25 19:00:00,20.06444431295489,7.629288673400993,2.3597634576907496e-06
2030-03-25 20:00:00,20.06455492182368,7.191518306732291,2.534370079425805e-06
2030-03-25 21:00:00,20.064726426900584,6.623938083648795,2.6353868790661653e-06
2030-03-25 22:00:00,20.06540485329148,6.058938026428336,2.8692676216676656e-06
2030-03-25 23:00:00,27.32711562805007,5.825602531433219,4.71145982997899e-06
2030-03-26 00:00:00,27.33256637936726,5.887994766235465,4.941179073373817e-06
2030-03-26 01:00:00,33.77065438220925,5.94233608245861,8.620539963260193e-06
2030-03-26 02:00:00,33.770935015005804,6.4134869575501625,8.744179179347801e-06
2030-03-26 03:00:00,32.399997108540234,6.59370326995861,7.010378623865644e-06
2030-03-26 04:00:00,33.7714972669324,6.547289371490592,8.916483985018777e-06
2030-03-26 05:00:00,33.77166218501394,6.442994594574088,8.39366604152536e-06
2030-03-26 06:00:00,33.77169566333099,6.425460338592643,7.532717103190825e-06
2030-03-26 07:00:00,33.76979844690129,6.8193635940552895,7.067034934753328e-06
2030-03-26 08:00:00,33.76986140733978,7.369738101959342,7.163785552377665e-06
2030-03-26 09:00:00,33.769897437199695,7.703601837158317,6.942150406158726e-06
2030-03-26 10:00:00,33.76993233106255,7.795870780944938,7.5503971787207965e-06
2030-03-26 11:00:00,33.769923473905465,7.93259429931652,7.497751861058896e-06
2030-03-26 12:00:00,33.76747885393965,8.539181709289664,5.992217015759874e-06
2030-03-26 13:00:00,27.33407594241329,9.251764297485465,2.9617613300372905e-06
2030-03-26 14:00:00,27.33406802242891,9.424504280090446,2.9568352206435473e-06
2030-03-26 15:00:00,27.334073080657305,9.422257423400993,3.081593574774768e-06
2030-03-26 16:00:00,27.3341259857606,9.370004653930778,3.343333776890527e-06
2030-03-26 17:00:00,27.33431266859603,9.156442642212028,3.444670572852741e-06
2030-03-26 18:00:00,27.334199707186983,8.885444641113395,3.3432149089120024e-06
2030-03-26 19:00:00,27.33409979479933,8.700160026550407,3.1880841886571454e-06
2030-03-26 20:00:00,27.33406686028047,8.485470771789664,3.059440364586416e-06
2030-03-26 21:00:00,27.334061899734294,8.506319046020621,3.0468241583098294e-06
2030-03-26 22:00:00,27.334070391506927,8.47661113739025,3.1691148337088948e-06
2030-03-26 23:00:00,27.33411018549942,8.368404388427848,3.5763837159831262e-06
2030-03-27 00:00:00,27.334126390290606,8.159572601318473,3.7379210873290623e-06
2030-03-27 01:00:00,27.33412098791739,8.0018186569215,3.724320949057528e-06
2030-03-27 02:00:00,27.334135842595582,7.835100650787467,3.7212263850188045e-06
2030-03-27 03:00:00,27.334144689464623,7.803117275238151,3.5674074017025037e-06
2030-03-27 04:00:00,27.334223726586867,7.58321046829235,3.6391486097053236e-06
2030-03-27 05:00:00,27.33487701482901,7.354798793792838,3.749461143210245e-06
2030-03-27 06:00:00,43.30243216967762,7.403370857238883,0.009834057619631624
2030-03-27 07:00:00,43.30317169710899,7.564415454864616,0.021180659895345986
2030-03-27 08:00:00,43.30320644092084,7.816987514495963,0.02270765099087316
2030-03-27 09:00:00,43.3029517987191,8.118035316467399,0.015181421316017036
2030-03-27 10:00:00,43.303154011510586,8.392837524414176,0.021286934656156414
2030-03-27 11:00:00,43.30311325377006,8.630612373352164,0.020309339567315954
2030-03-27 12:00:00,43.30316341723922,8.838701248169059,0.0226287903613047
2030-03-27 13:00:00,43.303159670163055,8.979064941406364,0.02284671794901712
2030-03-27 14:00:00,43.30310951303062,9.106720924377555,0.020465667187320118
2030-03-27 15:00:00,43.30312632036247,8.955084800720329,0.02112650621874258
2030-03-27 16:00:00,43.30335119123945,8.61564159393322,0.03777404702033162
2030-03-27 17:00:00,43.30349072738448,8.36136627197277,0.09529564240140558
2030-03-27 18:00:00,43.30351304440041,8.187279701233024,0.1331368796278506
2030-03-27 19:00:00,43.30352143775069,8.091825485229606,0.16091602304137595
2030-03-27 20:00:00,43.303524621047615,7.9876422882081215,0.17997405498642757
2030-03-27 21:00:00,43.30352760534594,7.470346450805778,0.19748855407197366
2030-03-27 22:00:00,43.30352652884152,7.0194606781007,0.19737488392769106
2030-03-27 23:00:00,43.30352436871203,7.215024948120231,0.19625270460721067
2030-03-28 00:00:00,43.30352039914987,7.414289474487418,0.18827399249927576
2030-03-28 01:00:00,43.30351332214137,6.982996940612907,0.16591279725449315
2030-03-28 02:00:00,43.30350329883415,6.7964544296265785,0.1422655114997439
2030-03-28 03:00:00,43.30349233712141,6.83714866638195,0.12382893414256724
2030-03-28 04:00:00,43.30349215831047,6.476423263549918,0.1217714186333741
2030-03-28 05:00:00,43.30349423079691,6.121449947357291,0.11950260679060909
2030-03-28 06:00:00,43.30348018858057,5.931945800781364,0.09344904014042676
2030-03-28 07:00:00,24.79467695101465,6.139285564422721,3.82665005539752e-06
2030-03-28 08:00:00,20.06451490783788,6.463078498840446,2.345459711878159e-06
2030-03-28 09:00:00,20.064311820584827,7.336861133575553,1.9029350776021181e-06
2030-03-28 10:00:00,20.06426224889101,9.245623588562125,1.7332930064728926e-06
2030-03-28 11:00:00,20.06424918445812,10.295215606689567,1.6399404462167571e-06
2030-03-28 12:00:00,20.06425387846263,11.017852783203239,1.6317534059366703e-06
2030-03-28 13:00:00,20.06428401426432,11.24516582489025,1.727740166387671e-06
2030-03-28 14:00:00,20.06435438900484,11.206988334655875,1.9960748437410693e-06
2030-03-28 15:00:00,20.064467181755315,10.935331344604606,2.1419461977748576e-06
2030-03-28 16:00:00,20.067652300717334,10.170102119445914,2.4125288135275397e-06
2030-03-28 17:00:00,24.88091333506461,9.116928100586051,3.607589099208296e-06
2030-03-28 18:00:00,24.88348141288672,8.15923881530773,3.875725522646032e-06
2030-03-28 19:00:00,24.882902618421628,7.6282296180726235,3.811431298597474e-06
2030-03-28 20:00:00,24.875253496632705,7.648004531860465,3.801170320515247e-06
2030-03-28 21:00:00,24.856823106294776,7.865983486175651,3.734917192415904e-06
2030-03-28 22:00:00,20.1376308113195,6.493851661682243,2.939482726084287e-06
2030-03-28 23:00:00,20.136622098750514,6.263293743133659,3.047806116013883e-06
2030-03-29 00:00:00,20.136703825489157,6.822146892547721,3.220183753576802e-06
2030-03-29 01:00:00,20.13657357243652,7.071052074432487,3.237401864700862e-06
2030-03-29 02:00:00,20.136578222769813,7.020823955536002,3.324855131375779e-06
2030-03-29 03:00:00,20.136835406487496,6.821453571319694,3.5076074213266526e-06
2030-03-29 04:00:00,20.988200463553223,6.409382820129508,3.925835976166645e-06
2030-03-29 05:00:00,20.991684003310333,5.916850090026969,3.911294834382033e-06
2030-03-29 06:00:00,21.01042426370381,5.694541931152457,3.984058580014492e-06
2030-03-29 07:00:00,20.064548530327805,6.0077180862427895,2.9221912607314555e-06
2030-03-29 08:00:00,20.0643164548497,6.180159091949577,2.3868025347764343e-06
2030-03-29 09:00:00,20.064305476102778,6.467426300048942,2.370265866831267e-06
2030-03-29 10:00:00,20.064270214408943,8.259364128112907,2.240165890621604e-06
2030-03-29 11:00:00,20.063490898556736,9.882288932800407,1.9477878307495605e-06
2030-03-29 12:00:00,20.06403842296689,10.158664703369254,2.141624152850005e-06
2030-03-29 13:00:00,20.06326473562242,11.236423492431754,1.8144156365526798e-06
2030-03-29 14:00:00,20.0632852805158,11.426752090454215,1.8456797606263618e-06
2030-03-29 15:00:00,20.06388013652949,11.305645942688102,2.0826594188510178e-06
2030-03-29 16:00:00,20.064300518688512,10.82497596740734,2.3850634429691857e-06
2030-03-29 17:00:00,20.064417151585992,10.008906364441032,2.6497946776123096e-06
2030-03-29 18:00:00,20.06445888755218,9.284760475158805,2.6454479526105786e-06
2030-03-29 19:00:00,20.06435540632888,9.004353523254508,2.5037399328382364e-06
2030-03-29 20:00:00,20.064282498828263,8.952049255371207,2.380913060704654e-06
2030-03-29 21:00:00,20.0637602201471,8.94809436798107,2.2902905029489683e-06
2030-03-29 22:00:00,20.063313911206905,8.727408409118766,2.191314553478141e-06
2030-03-29 23:00:00,20.06329951673153,8.39480304718029,2.2517873002664925e-06
2030-03-30 00:00:00,20.063305321091992,8.153825759887809,2.330426151828928e-06
2030-03-30 01:00:00,20.06330690118852,7.680672168731803,2.3055490957697265e-06
2030-03-30 02:00:00,20.063363926473144,7.12605714797985,2.4203902181822205e-06
2030-03-30 03:00:00,20.063966986950348,6.886684894561881,2.4490234400966516e-06
2030-03-30 04:00:00,20.0642659238716,6.812709331512565,2.3700207663840938e-06
2030-03-30 05:00:00,20.064268798062155,6.4153766632081215,2.3007052217619146e-06
2030-03-30 06:00:00,20.064258133547103,6.288459777832145,2.248273044248718e-06
2030-03-30 07:00:00,19.99067338439175,6.772675991058463,1.9421953670864656e-06
2030-03-30 08:00:00,18.756992622336284,7.708890914917106,1.696712705428049e-06
2030-03-30 09:00:00,18.75694062139691,8.503557205200309,1.6027599556612645e-06
2030-03-30 10:00:00,18.75695173208881,9.546513557434196,1.5855211749233034e-06
2030-03-30 11:00:00,18.7571510905137,9.269077301025504,1.8211141652579572e-06
2030-03-30 12:00:00,18.75711909173564,9.55789947509777,1.8182670981305029e-06
2030-03-30 13:00:00,18.757125176258576,10.19493675231945,1.6877471365501443e-06
2030-03-30 14:00:00,18.757307889597644,11.284553527832145,1.5024332708339624e-06
2030-03-30 15:00:00,19.159896713890877,11.376937866211051,1.6596281908730988e-06
2030-03-30 16:00:00,19.57120853464887,10.461724281311149,2.1149264972206544e-06
2030-03-30 17:00:00,19.9911335775747,9.902339935302848,2.2359141133400074e-06
2030-03-30 18:00:00,20.064332402148537,9.175018310546989,2.5727281874009547e-06
2030-03-30 19:00:00,20.064353708576743,8.781843185424918,2.68236795181702e-06
2030-03-30 20:00:00,20.064383477268223,8.44555473327648,2.742729248655796e-06
2030-03-30 21:00:00,20.064300225961407,8.09545707702648,2.726667721327155e-06
2030-03-30 22:00:00,19.99008151979248,7.93058538436901,2.6561005751945223e-06
2030-03-30 23:00:00,19.98919001658281,7.673902988433952,2.638995802980461e-06
2030-03-31 00:00:00,19.989372137748788,7.276695728302116,2.5891867233015034e-06
2030-03-31 01:00:00,19.990239229247894,6.80265045166027,2.5030329257401907e-06
2030-03-31 02:00:00,20.06413465164798,6.5452971458436195,2.3386632647181597e-06
2030-03-31 03:00:00,20.06428404205769,6.351971149444694,2.2782079513480033e-06
2030-03-31 04:00:00,20.06429585028674,6.162545204162711,2.217232713553825e-06
2030-03-31 05:00:00,20.06430156663945,5.9776301383973305,2.196333115960466e-06
2030-03-31 06:00:00,20.064313472046084,5.886991977691764,2.1907518617056204e-06
2030-03-31 07:00:00,20.06429384775205,6.108249187469596,2.0699456265323848e-06
2030-03-31 08:00:00,20.064252215777827,6.728436470031852,1.917719026457224e-06
2030-03-31 09:00:00,20.062748458985173,7.386275768280143,1.7270393464538762e-06
2030-03-31 10:00:00,19.99023095867023,8.17116737365734,1.7289984832539788e-06
2030-03-31 11:00:00,19.98980889797733,9.541368484497184,1.4538706159244405e-06
2030-03-31 12:00:00,19.990007863389856,9.390107154846305,1.7250541699187066e-06
2030-03-31 13:00:00,19.99009639683493,9.514197349548454,1.7192098934228801e-06
2030-03-31 14:00:00,19.99030109962673,9.777385711670036,1.7334134248226356e-06
2030-03-31 15:00:00,19.99051042653355,9.93741607666027,1.7161706319895505e-06
2030-03-31 16:00:00,20.06425102609466,9.255750656128043,1.9807743199577133e-06
2030-03-31 17:00:00,20.06429038407289,8.47250843048107,2.129499485561757e-06
2030-03-31 18:00:00,20.06429448583464,7.620532512664909,2.170560290379653e-06
2030-03-31 19:00:00,20.064270927270044,6.535991668701286,2.170602152677082e-06
2030-03-31 20:00:00,20.0640079598016,6.0433368682862465,2.1701966126659297e-06
2030-03-31 21:00:00,19.99055627662642,5.8248238563538735,2.2182606996234055e-06
2030-03-31 22:00:00,19.990476859211185,5.785480499267692,2.2273946167312516e-06
2030-03-31 23:00:00,19.990506394205287,5.919955253601188,2.232570976050081e-06
2030-04-01 00:00:00,19.99060402001545,5.697794437408561,2.242593308761836e-06
2030-04-01 01:00:00,19.990829267523026,5.905200958252067,2.237916803757887e-06
2030-04-01 02:00:00,20.06412958401457,6.148215770721549,2.2079333174479565e-06
2030-04-01 03:00:00,20.064310904234027,6.088093757629508,2.226815500510746e-06
2030-04-01 04:00:00,20.064346037710894,5.8504376411439125,2.2653437165718564e-06
2030-04-01 05:00:00,20.06437518356925,5.567605972290153,2.3000175169186682e-06
2030-04-01 06:00:00,20.064406643005512,5.513378143310661,2.320261876489444e-06
2030-04-01 07:00:00,20.064355602941536,5.791993618011588,2.1395032715801995e-06
2030-04-01 08:00:00,20.064340453659145,6.004166126251334,2.084499565625745e-06
2030-04-01 09:00:00,20.064310155952857,6.281587123870963,1.9420672321082103e-06
2030-04-01 10:00:00,20.064288020090963,6.6996736526490395,1.8303713288877365e-06
2030-04-01 11:00:00,20.064311276015967,6.849441528320426,1.989312020851934e-06
2030-04-01 12:00:00,20.06429693889477,7.206689357757682,1.923058989778217e-06
2030-04-01 13:00:00,20.064320021939544,7.589775085449332,2.0808273291090593e-06
2030-04-01 14:00:00,20.06429213726456,8.32438945770275,1.8915907513708156e-06
2030-04-01 15:00:00,20.06429096156441,8.822835922241325,1.824288746478021e-06
2030-04-01 16:00:00,20.0643452324361,8.526817321777457,2.1196235542921223e-06
2030-04-01 17:00:00,20.06519487550297,7.244217872619743,2.760693866493049e-06
2030-04-01 18:00:00,20.065709892879344,6.439998626709098,2.810049140434348e-06
2030-04-01 19:00:00,20.06476258883306,5.744827270507926,2.7226632917792124e-06
2030-04-01 20:00:00,20.06460655250416,5.759490013122672,2.6859749643628367e-06
2030-04-01 21:00:00,20.064577715074208,5.854187011718864,2.723235115532648e-06
2030-04-01 22:00:00,20.064868649597425,5.307657241821403,3.0506923872643686e-06
2030-04-01 23:00:00,20.06459144075359,5.155426025390739,3.050066583673401e-06
2030-04-02 00:00:00,20.06451939979012,5.2901582717896645,3.023238283006144e-06
2030-04-02 01:00:00,20.064455483985363,5.362645149231071,2.926870908463068e-06
2030-04-02 02:00:00,20.064445732427327,5.450640678405875,2.8301650259962997e-06
2030-04-02 03:00:00,20.0644690822455,5.4144964218140785,2.7098578838874613e-06
2030-04-02 04:00:00,20.064584498737457,5.306799411773795,2.6496508144159536e-06
2030-04-02 05:00:00,20.06468725697325,5.329265117645377,2.619273319625737e-06
2030-04-02 06:00:00,20.06475858782036,5.405257225036735,2.579515374556686e-06
2030-04-02 07:00:00,20.064698274548316,5.725724697113151,2.504257057347591e-06
2030-04-02 08:00:00,20.06443181393113,6.509405136108512,2.089489657350178e-06
2030-04-02 09:00:00,20.064450208774627,6.823386192321891,2.148978389578506e-06
2030-04-02 10:00:00,20.064404277728084,8.180717468261832,1.7551381003409825e-06
2030-04-02 11:00:00,20.064585894119617,8.042463302612418,2.2985447530558908e-06
2030-04-02 12:00:00,20.06489455294513,7.930437088012809,2.503544627913737e-06
2030-04-02 13:00:00,20.06477547754645,8.347499847412223,2.350374499015708e-06
2030-04-02 14:00:00,20.064836690079044,8.861223220825309,2.201108621758475e-06
2030-04-02 15:00:00,27.33223382155252,8.69723224639904,3.6873544044326367e-06
2030-04-02 16:00:00,27.334879629792752,8.717005729675407,3.5492888385367284e-06
2030-04-02 17:00:00,27.364391786045434,8.390339851379508,3.7249671400395426e-06
2030-04-02 18:00:00,43.298326932590925,7.076027393341178,0.003898645514834577
2030-04-02 19:00:00,43.30076710710004,5.8249707221986,0.005813604085867732
2030-04-02 20:00:00,43.30310573544499,5.122435569763297,0.02210730938449369
2030-04-02 21:00:00,43.30327355416727,4.451796054840202,0.032764062764702104
2030-04-02 22:00:00,43.30342256907513,4.0759792327882,0.06885000340178753
2030-04-02 23:00:00,43.30337901146447,3.904036521911735,0.05797865343228218
2030-04-03 00:00:00,43.30337609992514,3.581217765808219,0.05886005253825236
2030-04-03 01:00:00,43.30341036881677,3.351769685745353,0.070897731635162
2030-04-03 02:00:00,43.303422127683255,2.8904128074647133,0.07697863021208433
2030-04-03 03:00:00,43.303452127931074,2.5145397186280434,0.092894063040289
2030-04-03 04:00:00,43.303481506132826,2.1574304103852455,0.11077301315292909
2030-04-03 05:00:00,43.30349453438352,2.2052366733552162,0.11856369446668923
2030-04-03 06:00:00,33.76759277100574,2.3614354133607094,8.773900163090962e-06
2030-04-03 07:00:00,33.76743343140498,3.910237312317008,6.633202495147018e-06
2030-04-03 08:00:00,27.33232048062955,6.281539440155143,3.4888995372734066e-06
2030-04-03 09:00:00,27.332112409198807,8.18802642822277,2.8930782702210384e-06
2030-04-03 10:00:00,27.332112752817995,9.615287780761832,2.9226916132245954e-06
2030-04-03 11:00:00,27.332097449990123,11.69315052032482,2.686151709594207e-06
2030-04-03 12:00:00,27.33212511931519,12.800845146179313,2.940132755238999e-06
2030-04-03 13:00:00,27.332138652008503,13.234083175659293,3.00434955611136e-06
2030-04-03 14:00:00,27.332158278466707,13.20121002197277,3.0228264716960977e-06
2030-04-03 15:00:00,27.33223171801441,13.106466293335075,3.2737969173931085e-06
2030-04-03 16:00:00,28.4869863538176,11.768694877624625,4.45389435473304e-06
2030-04-03 17:00:00,28.49208602207985,10.83681964874279,4.4863436166610825e-06
2030-04-03 18:00:00,27.357843219248707,9.930368423462028,4.003455489933936e-06
2030-04-03 19:00:00,27.33258753849074,9.380244255066032,3.7371045736351745e-06
2030-04-03 20:00:00,27.33251012548702,8.99476242065441,3.6837902380063567e-06
2030-04-03 21:00:00,27.33247706060869,8.437842369079704,3.6814946381434167e-06
2030-04-03 22:00:00,27.332464629960203,8.032167434692496,3.6248295291518542e-06
2030-04-03 23:00:00,27.33253387726828,8.035870552063102,3.835859451634101e-06
2030-04-04 00:00:00,27.332955853192757,7.737752437591666,4.453711987510867e-06
2030-04-04 01:00:00,27.344650891888865,7.391142368316764,5.000739506240162e-06
2030-04-04 02:00:00,43.294930205445965,6.925400257110709,0.0033456385283729996
2030-04-04 03:00:00,43.30334826261996,6.525902271270866,0.04477552433610628
2030-04-04 04:00:00,43.30346597200777,6.055788993835563,0.08280498110471074
2030-04-04 05:00:00,43.30350115628914,5.631487369537467,0.11395253360170682
2030-04-04 06:00:00,43.30351095820039,5.910113811493034,0.12760919871396445
2030-04-04 07:00:00,43.30348525158102,6.737839698791618,0.08613441600107051
2030-04-04 08:00:00,43.30345112682581,7.431531429290885,0.06319934340822934
2030-04-04 09:00:00,43.30339899420595,8.50651836395275,0.04516650815516509
2030-04-04 10:00:00,43.30331122281337,9.573002815246696,0.03189727017967886
2030-04-04 11:00:00,43.30339929470178,9.679546356201286,0.04601732283853332
2030-04-04 12:00:00,43.30333340954705,9.653646469116325,0.03505568107632457
2030-04-04 13:00:00,43.303332355616114,9.751755714416618,0.035587756890174294
2030-04-04 14:00:00,43.3033830733112,9.876111984253043,0.04563502815036605
2030-04-04 15:00:00,43.30348883087333,9.845453262329215,0.09536662452500344
2030-04-04 16:00:00,43.30352405916745,9.362538337707633,0.15941795680402113
2030-04-04 17:00:00,43.30352872172353,9.189156532287711,0.1730915383057382
2030-04-04 18:00:00,43.30353057538439,8.607906341552848,0.17706930917066377
2030-04-04 19:00:00,43.30352295060816,8.183543205261344,0.14972641236696818
2030-04-04 20:00:00,43.30351616777579,7.586357593536491,0.13469477442991978
2030-04-04 21:00:00,43.30351698425894,6.716505050659293,0.1428836542826933
2030-04-04 22:00:00,43.30351720869147,6.444343090057487,0.15024013632250655
2030-04-04 23:00:00,43.30352340031783,6.423230648040885,0.1674134095038511
2030-04-05 00:00:00,43.30352359134496,6.325947761535758,0.1726590644155124
2030-04-05 01:00:00,43.303522953381,6.152143478393668,0.17485052134691786
2030-04-05 02:00:00,43.3035244775375,5.8713140487672035,0.17841231475671782
2030-04-05 03:00:00,43.30352551394315,5.596183300018424,0.17976384817635963
2030-04-05 04:00:00,43.30352909010244,5.425993442535514,0.1858834934067502
2030-04-05 05:00:00,43.30352995468019,5.1663484573365395,0.18885426309508382
2030-04-05 06:00:00,43.30353026926353,5.0407500267029945,0.19234437351949082
2030-04-05 07:00:00,43.30352596798737,5.25080776214611,0.17001488925787325
2030-04-05 08:00:00,43.303523823840926,5.598601341247672,0.15850564686871224
2030-04-05 09:00:00,43.303519813777655,6.083859920501823,0.14356340826011135
2030-04-05 10:00:00,43.3031212146681,7.648653984069938,0.020227345261702542
2030-04-05 11:00:00,43.30303732163835,9.25825119018566,0.015405717990317149
2030-04-05 12:00:00,43.30310684013518,10.146775245666618,0.019528455804973244
2030-04-05 13:00:00,43.30328799762464,10.224677085876579,0.03159979427087178
2030-04-05 14:00:00,43.30305101448716,11.272051811218375,0.015967907602185936
2030-04-05 15:00:00,43.30324600967989,11.118902206421012,0.029393428639535715
2030-04-05 16:00:00,43.30344608494401,10.82507419586193,0.06611059981837446
2030-04-05 17:00:00,43.30353055732876,9.809336662292594,0.1910212781766939
2030-04-05 18:00:00,43.30353256672972,8.873028755188102,0.20272650995388644
2030-04-05 19:00:00,43.30353114290408,8.321076393127555,0.1988649827772228
2030-04-05 20:00:00,43.30352848624086,7.902692794799918,0.190100187673385
2030-04-05 21:00:00,43.303524372600975,7.4656133651734535,0.17982963697198848
2030-04-05 22:00:00,43.303520865350265,7.128681182861442,0.17667731985253934
2030-04-05 23:00:00,43.303512768930574,6.873510837555045,0.16063430831678682
2030-04-06 00:00:00,43.30350047301853,6.461263656616325,0.13799204320677905
2030-04-06 01:00:00,43.30348363486088,5.850602149963493,0.11535213573581637
2030-04-06 02:00:00,43.303464381687576,5.871629238128776,0.09738705429333414
2030-04-06 03:00:00,43.30343175538804,5.8821382522584145,0.0748066099061589
2030-04-06 04:00:00,43.30339022971552,5.7806768417359535,0.0570084063398611
2030-04-06 05:00:00,43.30332192127116,5.240531921386832,0.04121106572696775
2030-04-06 06:00:00,24.79464848087182,5.402844905853385,4.694915518394898e-06
2030-04-06 07:00:00,20.075817771137583,5.833525657653922,3.339797145797111e-06
2030-04-06 08:00:00,20.0644297169611,6.987565994262809,2.5286185221632752e-06
2030-04-06 09:00:00,20.06435109532141,8.451251029968375,2.0427907594216113e-06
2030-04-06 10:00:00,20.064340888678394,9.727642059326286,1.7826100245204865e-06
2030-04-06 11:00:00,20.064370206657635,10.144872665405387,1.8211295657306021e-06
2030-04-06 12:00:00,20.064552502220906,10.089830398559684,2.184680180490773e-06
2030-04-06 13:00:00,27.33064486248798,9.374296188354606,4.098523559027457e-06
2030-04-06 14:00:00,27.33204647457064,9.257836341858024,4.50278184739878e-06
2030-04-06 15:00:00,27.33218742644879,9.463181495666618,4.357437633711407e-06
2030-04-06 16:00:00,27.332168623701158,9.391828536987418,3.898540900813742e-06
2030-04-06 17:00:00,27.332288019176044,9.158828735351676,3.7008595659292233e-06
2030-04-06 18:00:00,27.333787432246705,8.630105972290153,4.1279136359673806e-06
2030-04-06 19:00:00,27.333868533292257,8.313777923584098,3.8055379948566944e-06
2030-04-06 20:00:00,43.299618340971705,7.769183635711784,0.004885420256317064
2030-04-06 21:00:00,43.303327604870425,7.75769138336193,0.03733227465593396
2030-04-06 22:00:00,43.303440701630166,7.7638287544251625,0.0746412445914514
2030-04-06 23:00:00,43.30323034221889,7.258800506591911,0.03337370182287762
2030-04-07 00:00:00,43.30301059124911,6.194963455200309,0.023021500447707944
2030-04-07 01:00:00,43.30318581834449,5.846664428711051,0.031159983969748367
2030-04-07 02:00:00,43.30331944948479,5.858957290649528,0.04429926607709151
2030-04-07 03:00:00,43.3034217813257,5.788510799408073,0.06707644380268653
2030-04-07 04:00:00,43.30347059470996,5.759903430938834,0.08815378221169948
2030-04-07 05:00:00,43.3034884188277,5.800575733184928,0.0973395965367047
2030-04-07 06:00:00,43.30348883817575,6.009170055389518,0.09309911249251868
2030-04-07 07:00:00,43.30347333149935,6.22160625457775,0.07766417557816589
2030-04-07 08:00:00,43.30343507702476,6.5885381698609535,0.05612067536599282
2030-04-07 09:00:00,43.30105042756339,7.720860958099479,0.005602326700957544
2030-04-07 10:00:00,43.3006630670233,8.920708656311149,0.00458653461654858
2030-04-07 11:00:00,43.300651743847055,9.542530059814567,0.004333171076063505
2030-04-07 12:00:00,43.30128230683331,9.42753124237072,0.00633230631646169
2030-04-07 13:00:00,43.30127979526806,9.344475746154899,0.006496978262515768
2030-04-07 14:00:00,43.3008714529933,9.541370391845817,0.005202442307937889
2030-04-07 15:00:00,43.30085272847879,10.293957710266227,0.004280946243873009
2030-04-07 16:00:00,43.30184472496149,10.125394821167106,0.00751859175128078
2030-04-07 17:00:00,43.30348063971273,9.708084106445426,0.08287835732746433
2030-04-07 18:00:00,43.303510970645405,9.018376350402946,0.12300650252435157
2030-04-07 19:00:00,43.303518076514855,8.281924247741813,0.14043257307866816
2030-04-07 20:00:00,43.30352466292804,7.907822608947868,0.1615846281637383
2030-04-07 21:00:00,43.30352769649928,7.699346065521354,0.17567626828001034
2030-04-07 22:00:00,43.3035260451237,7.085781574249381,0.17448123359708975
2030-04-07 23:00:00,43.3035227001694,6.976384639740104,0.16932342962238475
2030-04-08 00:00:00,43.30352234882208,6.931715011596793,0.16923361451165975
2030-04-08 01:00:00,43.30352032480366,6.8794598579407875,0.1631080665434603
2030-04-08 02:00:00,43.30352009460067,6.908939361572379,0.15911357696801698
2030-04-08 03:00:00,43.30352755943236,6.756214618682975,0.17376745367420027
2030-04-08 04:00:00,43.30353556178272,6.462476253509635,0.18800826343801275
2030-04-08 05:00:00,43.30354049436973,6.118789672851676,0.1967866563618097
2030-04-08 06:00:00,43.303542845345646,6.318327426910514,0.20431969864697488
2030-04-08 07:00:00,43.30353736362846,7.069505214691276,0.1791677848197273
2030-04-08 08:00:00,43.30350666466632,8.030625343322868,0.10507512952763229
2030-04-08 09:00:00,43.3035175693513,8.670015335083121,0.11738187730735085
2030-04-08 10:00:00,43.30353157434888,8.82114696502697,0.1548819144136558
2030-04-08 11:00:00,43.30353466833608,8.626791000366325,0.17199831141140118
2030-04-08 12:00:00,43.30353065969465,8.59259414672863,0.16268275882782077
2030-04-08 13:00:00,43.303463374265625,9.37013149261486,0.06967006044603569
2030-04-08 14:00:00,43.303188201478015,10.370875358581657,0.021696784451608834
2030-04-08 15:00:00,43.30338649006588,10.488924980163688,0.04347881682961543
2030-04-08 16:00:00,43.30351466657455,10.25630092620861,0.11883328567590976
2030-04-08 17:00:00,43.30353490418921,9.61779880523693,0.17590355077798164
2030-04-08 18:00:00,43.30353596920159,8.965243339538688,0.1785756611080624
2030-04-08 19:00:00,43.30353241527488,8.252178192138786,0.1662582688776129
2030-04-08 20:00:00,43.303528096532204,7.754041671753043,0.15452089090136628
2030-04-08 21:00:00,43.30352283413193,7.398750305175895,0.14430967915186033
2030-04-08 22:00:00,43.30351988843318,7.200000286102409,0.14307516376516854
2030-04-08 23:00:00,43.30351614428668,7.152164459228629,0.13983936652849221
2030-04-09 00:00:00,43.30351591145704,7.1724309921265785,0.14201874948913487
2030-04-09 01:00:00,43.30351828929961,7.219962596893424,0.1487780070036632
2030-04-09 02:00:00,43.30352092934152,7.285327911377067,0.1527858675173349
2030-04-09 03:00:00,43.30352429220296,7.332122802734489,0.15537107614851517
2030-04-09 04:00:00,43.30353402397729,7.340655803680534,0.17210580409317763
2030-04-09 05:00:00,43.30354054543818,7.323838233947868,0.1873440080639524
2030-04-09 06:00:00,43.303539513099466,7.361355304718131,0.1886709524771178
2030-04-09 07:00:00,43.30354103098825,7.495365142822379,0.19649418695677204
2030-04-09 08:00:00,43.30354043143115,7.686855792999381,0.1950913890779644
2030-04-09 09:00:00,43.30353617541769,7.963055133819694,0.17583621210260317
2030-04-09 10:00:00,43.303533117646815,8.213641166687125,0.16885114583451227
2030-04-09 11:00:00,43.30353269170895,8.320206642150993,0.17206076874971218
2030-04-09 12:00:00,43.30353144438572,8.321050643921012,0.1733419408814063
2030-04-09 13:00:00,43.3035259793368,8.360553741455192,0.16131926826374207
2030-04-09 14:00:00,43.30352151159585,8.342522621154899,0.155629520180305
2030-04-09 15:00:00,43.303526393782285,8.255981445312614,0.1699858005359719
2030-04-09 16:00:00,43.30352571023485,8.099263191223258,0.17177610836936757
2030-04-09 17:00:00,43.30352281612858,7.965833187103385,0.16393148639371885
2030-04-09 18:00:00,43.30351199902668,7.898914813995475,0.1379772255927251
2030-04-09 19:00:00,43.30343495001868,7.850965023040885,0.05888928301081681
2030-04-09 20:00:00,43.300173837696704,7.802227020263786,0.005672360772626873
2030-04-09 21:00:00,35.05934568001596,7.77045297622692,6.665156475890059e-06
2030-04-09 22:00:00,35.058735054618154,7.768849372863883,6.178351014171429e-06
2030-04-09 23:00:00,35.058698300681606,7.805382251739616,6.086939792013835e-06
2030-04-10 00:00:00,35.0586773065959,7.828827381134147,5.986035345575454e-06
2030-04-10 01:00:00,35.05866022640479,7.814228057861442,5.761609858843479e-06
2030-04-10 02:00:00,35.058651048772326,7.7451262474061195,5.525216258555795e-06
2030-04-10 03:00:00,35.05865192222922,7.651064395904655,5.404707346658625e-06
2030-04-10 04:00:00,35.058672214447675,7.548076629638786,5.3925122023282105e-06
2030-04-10 05:00:00,35.05870408377232,7.450398921966666,5.3570256471654155e-06
2030-04-10 06:00:00,23.858929823813884,7.405361652374381,3.1655535973356994e-06
2030-04-10 07:00:00,24.79076264758181,7.408713340759391,3.2102717405520507e-06
2030-04-10 08:00:00,24.789295165004447,7.505428314209098,3.218549154250508e-06
2030-04-10 09:00:00,24.793107628895097,7.737232208252067,3.232034073985787e-06
2030-04-10 10:00:00,20.083206947815786,8.167703628540153,2.6336611471228038e-06
2030-04-10 11:00:00,20.0644309323307,8.822875976562614,2.297808979964452e-06
2030-04-10 12:00:00,20.064370342308425,9.330152511596793,2.1845863401122634e-06
2030-04-10 13:00:00,20.06434156100952,9.743089675903434,2.083893783839363e-06
2030-04-10 14:00:00,20.064337612537667,9.75959396362316,2.0961110308955e-06
2030-04-10 15:00:00,20.064360328502165,9.479898452758903,2.161644104285145e-06
2030-04-10 16:00:00,20.064396178191117,9.156835556030387,2.226941995585535e-06
2030-04-10 17:00:00,20.064447803962963,8.862877845764274,2.3188433692446073e-06
2030-04-10 18:00:00,20.064503880494023,8.48841476440441,2.4126919524565324e-06
2030-04-10 19:00:00,20.06479561615924,8.237230300903434,2.576552039222526e-06
2030-04-10 20:00:00,20.067598366641644,8.041615486145133,2.770687017045696e-06
2030-04-10 21:00:00,20.066213187207367,7.986160755157584,2.803069778358572e-06
2030-04-10 22:00:00,20.064467824740262,7.888477802276725,2.6466988470902223e-06
2030-04-10 23:00:00,20.06441695908172,7.74225473403942,2.650810826956066e-06
2030-04-11 00:00:00,20.064377875719863,7.567111015319938,2.55348731992841e-06
2030-04-11 01:00:00,20.06437421248233,7.321819305420036,2.500197909595998e-06
2030-04-11 02:00:00,20.06437370254822,7.144825458526725,2.37241613141031e-06
2030-04-11 03:00:00,20.06441490819008,7.074183464050407,2.4048176308950013e-06
2030-04-11 04:00:00,20.06453914963932,7.031295299530143,2.5330087028563378e-06
2030-04-11 05:00:00,20.064951024962383,7.023845672607536,2.57351320198406e-06
2030-04-11 06:00:00,20.076962955215283,7.081037521362418,2.6231023091238165e-06
2030-04-11 07:00:00,20.06520615137201,7.236227989196891,2.4809679022290837e-06
2030-04-11 08:00:00,20.064403487173724,7.510256290435905,2.2220716176710777e-06
2030-04-11 09:00:00,20.064339682383185,7.875872135162467,2.1288539774369795e-06
2030-04-11 10:00:00,20.06453107807502,8.471798896789664,2.4809312533152093e-06
2030-04-11 11:00:00,20.064361544136805,9.141399383545036,2.3104336936985486e-06
2030-04-11 12:00:00,20.064370947222155,9.780037879943961,2.3879489151314605e-06
2030-04-11 13:00:00,20.06438990228203,10.18608379364025,2.451920939940503e-06
2030-04-11 14:00:00,20.06430752332536,10.559986114502067,2.2218751054375498e-06
2030-04-11 15:00:00,20.06428764642886,10.793113708496207,2.1085003717902334e-06
2030-04-11 16:00:00,20.06435986902443,10.814503669738883,2.350454674775651e-06
2030-04-11 17:00:00,21.01219418272612,10.413274765014762,3.2882485385155083e-06
2030-04-11 18:00:00,24.79439970720795,9.721694946289176,4.12030765481725e-06
2030-04-11 19:00:00,21.088422971639265,9.091658592224235,3.425212137119119e-06
2030-04-11 20:00:00,20.93565010158862,8.71764183044445,3.111087992813682e-06
2030-04-11 21:00:00,20.06475707924189,8.486413002014274,2.7976833019969843e-06
2030-04-11 22:00:00,20.0642050559166,8.359319686889762,2.4820175957296317e-06
2030-04-11 23:00:00,20.064171464600413,8.269214630127067,2.3746163605061976e-06
2030-04-12 00:00:00,20.064164681825112,8.185692787170524,2.3270038802988845e-06
2030-04-12 01:00:00,20.0641735942341,8.065254211425895,2.2877683357647907e-06
2030-04-12 02:00:00,20.064223232212512,7.939907550811881,2.255404539669401e-06
2030-04-12 03:00:00,20.0642999978686,7.820612907409782,2.2662757605754365e-06
2030-04-12 04:00:00,20.06432555939572,7.774882793426627,2.3681461189873025e-06
2030-04-12 05:00:00,20.06441778044642,7.718312263488883,2.7554219322993053e-06
2030-04-12 06:00:00,20.06439212108496,7.81200742721569,2.7353853847144863e-06
2030-04-12 07:00:00,20.064372600811343,8.222560882568473,2.632606383745048e-06
2030-04-12 08:00:00,20.0643082734907,8.794128417968864,2.3382795614048928e-06
2030-04-12 09:00:00,20.06424248922613,9.329727172851676,2.1341059998788406e-06
2030-04-12 10:00:00,20.064205420958903,9.755059242248649,2.109460701318362e-06
2030-04-12 11:00:00,20.064318451416305,9.666734695434684,2.421445866737446e-06
2030-04-12 12:00:00,20.06429222247302,9.873041152954215,2.362657885040648e-06
2030-04-12 13:00:00,20.06372335441663,10.734148025512809,1.789205824461876e-06
2030-04-12 14:00:00,20.06369488816864,10.863168716430778,1.6492890810566527e-06
2030-04-12 15:00:00,20.064254176903265,9.796790122985954,2.1993564471479065e-06
2030-04-12 16:00:00,20.06441035918677,8.558629989624137,2.748182588595975e-06
2030-04-12 17:00:00,20.064381548226297,7.866080284118766,2.6309286238833637e-06
2030-04-12 18:00:00,20.064329700899723,7.338848590850944,2.4008547616531415e-06
2030-04-12 19:00:00,20.064344311269277,6.891627311706657,2.507524144752396e-06
2030-04-12 20:00:00,20.06414704347133,6.688215732574577,2.3227321802833356e-06
2030-04-12 21:00:00,20.06378807315784,6.559484958648795,2.1968762283842402e-06
2030-04-12 22:00:00,20.063764517081022,6.3290987014771645,2.16023852873666e-06
2030-04-12 23:00:00,20.06376750400293,6.029327392578239,2.156959900271026e-06
2030-04-13 00:00:00,20.063825013107927,5.770592689514274,2.1609828559482147e-06
2030-04-13 01:00:00,20.063892528512326,5.632058143615836,2.1700338594809606e-06
2030-04-13 02:00:00,20.064262288590182,5.4815411567689125,2.1810686233430974e-06
2030-04-13 03:00:00,20.06432128148884,5.271669864654655,2.1867816765582807e-06
2030-04-13 04:00:00,20.064331445290676,5.023520946502799,2.193723409933573e-06
2030-04-13 05:00:00,20.06432640736713,4.780198097229118,2.2127290899684254e-06
2030-04-13 06:00:00,20.064339392251384,4.621195793151969,2.2539583239519994e-06
2030-04-13 07:00:00,20.064346238763697,4.466097831726188,2.2778606087656573e-06
2030-04-13 08:00:00,20.06433255137655,4.517456054687614,2.1338563218797753e-06
2030-04-13 09:00:00,20.064314547290024,4.872161865234489,2.0316490624729976e-06
2030-04-13 10:00:00,20.064314152200836,5.396580696106071,2.038946030037101e-06
2030-04-13 11:00:00,20.06429334773173,5.951571941375846,1.9135661979256184e-06
2030-04-13 12:00:00,20.064307527125894,6.389707088470573,1.9515340964166812e-06
2030-04-13 13:00:00,20.06431603690384,7.186631679535026,1.92803970575223e-06
2030-04-13 14:00:00,20.06439252721864,7.118783950805778,2.2673980244698717e-06
2030-04-13 15:00:00,20.06462575229256,7.321568489074821,2.4979996931858294e-06
2030-04-13 16:00:00,20.073209911595367,7.3795771598817055,2.8705462555675096e-06
2030-04-13 17:00:00,27.33234004554543,7.282454490661735,4.315394156562276e-06
2030-04-13 18:00:00,27.332935958398767,6.778593063354606,4.283003196454792e-06
2030-04-13 19:00:00,27.33569880039458,6.238233089447135,4.341650433692825e-06
2030-04-13 20:00:00,27.3329140410918,5.980906486511344,4.306461928505102e-06
2030-04-13 21:00:00,33.7602639492687,5.74011850357067,7.377500978341355e-06
2030-04-13 22:00:00,27.332395567541884,5.517975807190055,5.027264703017216e-06
2030-04-13 23:00:00,27.332346524074296,5.556382656097526,5.293182436213844e-06
2030-04-14 00:00:00,27.332087019423927,5.509753227234,5.214503881214113e-06
2030-04-14 01:00:00,27.33216922868719,5.345352172851676,5.19179754472294e-06
2030-04-14 02:00:00,27.332463938300737,5.052325248718375,5.3759140269733005e-06
2030-04-14 03:00:00,43.30128821015084,4.62625885009777,0.010033814749956226
2030-04-14 04:00:00,43.30343527013864,4.143234729766959,0.07430207156788785
2030-04-14 05:00:00,43.30344705168893,3.8239579200745766,0.07642992696464135
2030-04-14 06:00:00,43.30348371992757,3.6949996948243324,0.09345307793037037
2030-04-14 07:00:00,43.30345718748165,3.8235511779786293,0.07407630574704237
2030-04-14 08:00:00,43.30342799765182,3.9029703140259926,0.05929898613692658
2030-04-14 09:00:00,43.302296997538605,4.222294807434196,0.010823502670942635
2030-04-14 10:00:00,43.3019679943847,5.177226066589469,0.008060436313071977
2030-04-14 11:00:00,43.30213470972752,5.632644176483268,0.008838794146307458
2030-04-14 12:00:00,43.30239800589358,5.6207790374757,0.01092036462170963
2030-04-14 13:00:00,43.303244293986886,5.1952157020569985,0.03186629162077981
2030-04-14 14:00:00,43.30330536016627,5.093824386596793,0.03840352453862192
2030-04-14 15:00:00,43.30324480163503,5.35460996627819,0.03250213563204712
2030-04-14 16:00:00,43.303460894965525,5.523772239685172,0.07646769024627256
2030-04-14 17:00:00,43.30351465369565,5.5206575393677895,0.1355630621117537
2030-04-14 18:00:00,43.30352180620281,5.368833065033073,0.15385802511521302
2030-04-14 19:00:00,43.30352570439754,5.27392148971569,0.1667452581876249
2030-04-14 20:00:00,43.30352274724812,5.109282016754264,0.16091546870525303
2030-04-14 21:00:00,43.30351241152508,4.823026657104606,0.13952359891120333
2030-04-14 22:00:00,43.30347851992185,4.627092838287467,0.10097749974297664
2030-04-14 23:00:00,43.30350203028125,4.4924077987672035,0.13398081213501817
2030-04-15 00:00:00,43.30350725800383,4.332063198089713,0.14386597778444155
2030-04-15 01:00:00,43.30349585993272,4.121016025543327,0.13076057487094345
2030-04-15 02:00:00,43.30348051826998,3.934967994690055,0.11359832490487881
2030-04-15 03:00:00,43.30343312115144,3.772961378097648,0.07928226914501775
2030-04-15 04:00:00,43.30350625261171,3.5525715351105873,0.11866746241087028
2030-04-15 05:00:00,43.303542510468645,3.420490503311271,0.17593253755720464
2030-04-15 06:00:00,43.30350363491576,3.343741416931266,0.12621620767388023
2030-04-15 07:00:00,43.30349180140573,3.257336378097648,0.10827709258267836
2030-04-15 08:00:00,43.3034685384889,2.8141832351685707,0.0887901876918669
2030-04-15 09:00:00,43.303431169830034,2.8722934722901527,0.06518520060770742
2030-04-15 10:00:00,43.302973112901725,3.2915859222413246,0.01910495565487677
2030-04-15 11:00:00,35.09072823412831,3.5728569030762856,6.69092292827902e-06
2030-04-15 12:00:00,35.056284998475725,3.906635284423942,5.297077417370086e-06
2030-04-15 13:00:00,35.056247975289,4.199153900146598,4.740872773068611e-06
2030-04-15 14:00:00,35.056229007518056,4.475707054138297,4.499328945893279e-06
2030-04-15 15:00:00,35.05623226180739,4.698029518127555,4.47757591912736e-06
2030-04-15 16:00:00,35.05625305706202,4.8180818557740395,4.606599582550413e-06
2030-04-15 17:00:00,35.05631325314533,4.8455243110657875,4.998621936385729e-06
2030-04-15 18:00:00,35.056322429710995,4.865221500396842,5.165290399273912e-06
2030-04-15 19:00:00,35.05632449285845,4.891414642334098,5.348777300638267e-06
2030-04-15 20:00:00,35.05636866635144,4.938547611236686,5.65707802606639e-06
2030-04-15 21:00:00,35.056443207344934,4.956479549408073,6.03080712646559e-06
2030-04-15 22:00:00,36.53912572936876,4.9225740432740395,9.35402300643442e-06
2030-04-15 23:00:00,36.53837066709106,4.830112457275504,9.988475257125228e-06
2030-04-16 00:00:00,36.53536200218837,4.740913867950553,9.812586395940903e-06
2030-04-16 01:00:00,35.05874434528681,4.683485031128043,8.04410124584514e-06
2030-04-16 02:00:00,35.057141873942015,4.59311151504528,7.590803327215441e-06
2030-04-16 03:00:00,35.057091759311554,4.466698646545524,7.133460604535281e-06
2030-04-16 04:00:00,35.05779535560854,4.403079509735221,6.884726643832481e-06
2030-04-16 05:00:00,43.29799544071132,4.36285495758068,0.00354929362660779
2030-04-16 06:00:00,43.30289104214437,4.37054014205944,0.01520198372453302
2030-04-16 07:00:00,43.30321336039261,4.452437877655143,0.02387465963180574
2030-04-16 08:00:00,43.30337374652757,4.637601375579948,0.038199458117348005
2030-04-16 09:00:00,43.3034207654203,4.993751049041862,0.04791581735591145
2030-04-16 10:00:00,43.30350014289895,5.288787841796989,0.09432635076157103
2030-04-16 11:00:00,43.30350459827448,5.537608146667594,0.10053324596158322
2030-04-16 12:00:00,43.30349198174586,5.759931564331168,0.08819883083519532
2030-04-16 13:00:00,43.30349972829245,5.923676490783805,0.09520498189636858
2030-04-16 14:00:00,43.30349602232067,6.111562252044791,0.0936103150142921
2030-04-16 15:00:00,43.3035122753172,6.215660572052116,0.11339153553749344
2030-04-16 16:00:00,43.30352701545302,6.228337287902946,0.1406222244952661
2030-04-16 17:00:00,43.303532072775965,6.186313152313346,0.15611862518787065
2030-04-16 18:00:00,43.303531761876606,6.075033187866325,0.1562754074985055
2030-04-16 19:00:00,43.30353359143745,5.925892829895133,0.16161195619710098
2030-04-16 20:00:00,43.30353074849769,5.801964282989616,0.15594783159576653
2030-04-16 21:00:00,43.30352836620129,5.706560134887809,0.1554944733560891
2030-04-16 22:00:00,43.30352690039308,5.598226070404166,0.1634123872705671
2030-04-16 23:00:00,43.30352313538485,5.485680580139274,0.15868064763476183
2030-04-17 00:00:00,43.3035217046418,5.468941688537711,0.1551301679603185
2030-04-17 01:00:00,43.30351521815041,5.515196323394889,0.14131166580217397
2030-04-17 02:00:00,43.30350747497276,5.5397615432740395,0.12696739247229913
2030-04-17 03:00:00,43.303508210787065,5.543698787689323,0.12514351707210897
2030-04-17 04:00:00,43.30351532444892,5.554944038391227,0.1307757053240282
2030-04-17 05:00:00,43.303522228302285,5.570431232452506,0.13992259494784615
2030-04-17 06:00:00,43.30346222228877,5.715137958526725,0.08261770579882734
2030-04-17 07:00:00,43.3034346624898,6.111580848693961,0.06441315276790706
2030-04-17 08:00:00,43.303400734446186,6.628586292266959,0.05212844565593785
2030-04-17 09:00:00,43.30337189706692,7.124752044677848,0.04420362220205903
2030-04-17 10:00:00,43.30342122791373,7.51132965087902,0.05855692508905762
2030-04-17 11:00:00,43.300126953471455,8.154010772705192,0.0051084992339586795
2030-04-17 12:00:00,35.05620842454831,9.790991783142204,4.009773538650107e-06
2030-04-17 13:00:00,35.056244551930575,10.04488849639904,4.736733326279972e-06
2030-04-17 14:00:00,43.27592626196826,8.907231330871696,0.0008572564974266569
2030-04-17 15:00:00,43.30225825129981,8.252707481384391,0.008870991460080024
2030-04-17 16:00:00,43.26959975618921,8.081915855407829,0.0007682284685324594
2030-04-17 17:00:00,35.05689648691279,8.159032821655387,5.9633774461411065e-06
2030-04-17 18:00:00,35.05639811737604,7.79162693023693,5.81703388164776e-06
2030-04-17 19:00:00,35.056309500515766,7.457926273346061,5.638779459201562e-06
2030-04-17 20:00:00,35.05627877148174,7.268848896026725,5.581469628884032e-06
2030-04-17 21:00:00,35.056246320373134,7.277834892273063,5.504726347485521e-06
2030-04-17 22:00:00,35.0562252525935,6.9321002960206215,5.5226993318032285e-06
2030-04-17 23:00:00,35.05622396761788,6.213823318481559,5.684258797600186e-06
2030-04-18 00:00:00,35.05622040349065,4.754611492157096,5.766245770441099e-06
2030-04-18 01:00:00,35.05623529741213,4.226798057556266,6.0186011535598055e-06
2030-04-18 02:00:00,35.056255903314074,4.0492854118348305,6.274404162339131e-06
2030-04-18 03:00:00,35.05629263515354,4.05594635009777,6.427177403021844e-06
2030-04-18 04:00:00,35.056325744201914,4.25614166259777,6.116728284788787e-06
2030-04-18 05:00:00,35.05637314446073,4.5987615585328285,5.91799664223577e-06
2030-04-18 06:00:00,24.7947302707779,5.066051483154411,3.85414795945984e-06
2030-04-18 07:00:00,24.79474010988756,5.902016162872428,3.764082667431622e-06
2030-04-18 08:00:00,20.064356757382583,8.10448265075695,1.9891566062320395e-06
2030-04-18 09:00:00,20.06432817797973,9.049677848816032,1.8806722473969216e-06
2030-04-18 10:00:00,20.064380849958987,8.470268249511832,2.166800249931873e-06
2030-04-18 11:00:00,20.064343583740055,8.89181232452404,1.973765329030519e-06
2030-04-18 12:00:00,20.064399634781008,8.54543781280529,2.282372715885191e-06
2030-04-18 13:00:00,20.064294359240737,9.167194366455192,1.7345210691726183e-06
2030-04-18 14:00:00,20.06438007903147,8.391341209411735,2.268255127925276e-06
2030-04-18 15:00:00,20.06442151701336,7.92834568023693,2.3574613119154785e-06
2030-04-18 16:00:00,20.06446346942071,7.916493415832633,2.4293353641764367e-06
2030-04-18 17:00:00,20.064712759100463,7.960976123809928,2.6761543146120355e-06
2030-04-18 18:00:00,20.06918668393725,7.634379386901969,2.96648187724935e-06
2030-04-18 19:00:00,20.06580210631582,7.271734237671012,2.8995216558404945e-06
2030-04-18 20:00:00,20.064720506662827,6.889055252075309,2.7844654078809953e-06
2030-04-18 21:00:00,20.0645115891385,6.616262912750358,2.6699247920422252e-06
2030-04-18 22:00:00,20.064472100545714,6.438606739044303,2.7035876208395382e-06
2030-04-18 23:00:00,20.064466283215623,6.393284797668571,2.7841299604929884e-06
2030-04-19 00:00:00,20.064436302119717,6.385547637939567,2.7512082612670286e-06
2030-04-19 01:00:00,20.06443106603884,6.391521453857536,2.740839016603322e-06
2030-04-19 02:00:00,20.064472636345997,6.301234722137565,2.8811024405321046e-06
2030-04-19 03:00:00,20.06449369126569,6.155376911163444,2.9780373197484934e-06
2030-04-19 04:00:00,20.06451437587814,5.912661552429313,2.919887724429958e-06
2030-04-19 05:00:00,20.06456777221657,5.602352142334098,2.9108848262991023e-06
2030-04-19 06:00:00,20.06453477553889,5.498617649078483,2.9546693110015535e-06
2030-04-19 07:00:00,20.06472076669768,5.6133441925049965,2.9845030321906887e-06
2030-04-19 08:00:00,20.064681414363065,5.86685419082653,2.8265842057840408e-06
2030-04-19 09:00:00,20.06441085695598,6.2029976844788735,2.581063831645856e-06
2030-04-19 10:00:00,20.064375676347478,6.730135917663688,2.4810604167632117e-06
2030-04-19 11:00:00,20.064303904944644,7.390361785888786,2.074811573895945e-06
2030-04-19 12:00:00,20.06430091810933,7.796809196472282,2.0590660693801322e-06
2030-04-19 13:00:00,20.064237005840088,8.622070312500114,1.8820052069941793e-06
2030-04-19 14:00:00,20.064261530351413,9.526335716247672,1.9814091141936622e-06
2030-04-19 15:00:00,20.064298846795214,9.774076461792106,2.0961245567472985e-06
2030-04-19 16:00:00,20.06429412360231,10.251054763794059,1.9851667214284796e-06
2030-04-19 17:00:00,20.06438910302564,10.047222137451286,2.5473287127683416e-06
2030-04-19 18:00:00,20.064420528864524,9.17428302764904,2.653316086849964e-06
2030-04-19 19:00:00,20.064403918576303,7.877580165863151,2.5663344205841802e-06
2030-04-19 20:00:00,20.06438014252585,7.431138038635368,2.554616231173926e-06
2030-04-19 21:00:00,20.064376774133432,7.296369552612418,2.6236225822441383e-06
2030-04-19 22:00:00,20.06432925194622,7.187843799591178,2.5902472070168657e-06
2030-04-19 23:00:00,20.064346820478,7.0806059837342445,2.6891768466732354e-06
2030-04-20 00:00:00,20.064364756790518,7.081304073333854,2.7567128934902994e-06
2030-04-20 01:00:00,20.064390389348677,7.090311527252311,2.8065386061368058e-06
2030-04-20 02:00:00,20.064417025209924,7.082393646240348,2.844370657991194e-06
2030-04-20 03:00:00,20.06446486958329,7.154930114746207,2.8866920028974977e-06
2030-04-20 04:00:00,20.064610141941284,7.223715305328483,3.0718081732676877e-06
2030-04-20 05:00:00,20.065503538919074,7.326451301574821,3.453582692946134e-06
2030-04-20 06:00:00,20.074399637635345,7.340654850006217,3.4322185852738783e-06
2030-04-20 07:00:00,27.32741022743397,7.344514369964713,4.485354307908636e-06
2030-04-20 08:00:00,27.32869461582069,7.338761806488151,4.112086235150326e-06
2030-04-20 09:00:00,27.32981169587749,7.383782863617057,3.889031095714587e-06
2030-04-20 10:00:00,27.33218128891762,7.406399250030631,4.4460623663333495e-06
2030-04-20 11:00:00,27.33202686426427,7.463126182556266,4.689856557806741e-06
2030-04-20 12:00:00,27.331223396107035,7.524657249450797,4.287087425369555e-06
2030-04-20 13:00:00,27.331295591490147,7.567716598510856,4.236828905861618e-06
2030-04-20 14:00:00,27.331580943257578,7.527031421661491,4.601772104328971e-06
2030-04-20 15:00:00,27.332188602623685,7.371081352234,4.766288587251386e-06
2030-04-20 16:00:00,27.33244325945001,7.2804584503174965,4.53206584795837e-06
2030-04-20 17:00:00,27.33227967916096,7.144556999206657,4.424674387303858e-06
2030-04-20 18:00:00,27.332382481427043,7.022627353668327,4.4412079652448145e-06
2030-04-20 19:00:00,27.33232147478481,6.7671480178834145,4.375192402265796e-06
2030-04-20 20:00:00,27.332454465656603,6.360265254974479,4.453583168386948e-06
2030-04-20 21:00:00,27.332355715059627,6.21386289596569,4.535809237455694e-06
2030-04-20 22:00:00,27.33164457306736,6.294522762298698,3.934477127071849e-06
2030-04-20 23:00:00,27.3316812613478,6.192268848419303,4.086819577784738e-06
2030-04-21 00:00:00,27.33192832669236,5.742770195007438,4.9619072784642395e-06
2030-04-21 01:00:00,27.33319838868368,5.047559261322135,5.653290985809941e-06
2030-04-21 02:00:00,27.33224352119243,4.607314586639518,5.5614007277080005e-06
2030-04-21 03:00:00,27.33233764160393,4.331292629242057,5.591622553419358e-06
2030-04-21 04:00:00,27.33292534313273,4.160461425781364,5.548916785720988e-06
2030-04-21 05:00:00,27.345064197251407,4.163503170013541,5.37698809027937e-06
2030-04-21 06:00:00,27.33824323250587,4.166745662689323,4.529373272390959e-06
2030-04-21 07:00:00,27.332514795522208,4.284908771515006,4.237003622471075e-06
2030-04-21 08:00:00,27.332756847920145,4.451395988464469,4.090775224926989e-06
2030-04-21 09:00:00,28.0533972523672,4.7418489456177895,4.2520179346866805e-06
2030-04-21 10:00:00,43.3032720788299,5.2588591575623695,0.032460723971744335
2030-04-21 11:00:00,43.30321946273851,5.434547901153678,0.03051505348817897
2030-04-21 12:00:00,43.303350121241216,5.272906303405875,0.045695851704461284
2030-04-21 13:00:00,43.30334931095748,5.24609470367443,0.04655270773412651
2030-04-21 14:00:00,43.3027035996645,5.612490653991813,0.014764592818023118
2030-04-21 15:00:00,43.302726043347405,5.926216125488395,0.01432337759085975
2030-04-21 16:00:00,43.303330649455575,5.619621753692741,0.04078560120638161
2030-04-21 17:00:00,43.30347079310563,5.132451057434196,0.08409758880434641
2030-04-21 18:00:00,43.3035044169624,4.703570842743034,0.12013814502082051
2030-04-21 19:00:00,43.303521512042,4.417602539062614,0.15527939123653678
2030-04-21 20:00:00,43.30352680064996,4.277098178863639,0.1703838648484104
2030-04-21 21:00:00,43.303523501008165,4.222961902618522,0.16538157914506466
2030-04-21 22:00:00,43.303524381020985,4.115964889526481,0.17442559881107644
2030-04-21 23:00:00,43.3035092249874,4.020386219024772,0.14219554446398275
2030-04-22 00:00:00,43.30349330150266,3.6869273185731117,0.11919230817405728
2030-04-22 01:00:00,43.3034877494384,3.2573802471162026,0.11260315619225375
2030-04-22 02:00:00,43.3034559006805,2.947644710540885,0.08392694341676993
2030-04-22 03:00:00,43.30342603990169,2.7786085605622475,0.06653493800866515
2030-04-22 04:00:00,43.303482768115614,2.8146760463715736,0.09244923237076093
2030-04-22 05:00:00,43.30350786077103,3.1011977195740883,0.11422448768065423
2030-04-22 06:00:00,43.30280095253293,3.3284292221070473,0.017885289194454736
2030-04-22 07:00:00,43.30273601733613,3.9835383892060463,0.01525346373973558
2030-04-22 08:00:00,43.302686613699336,4.65965843200695,0.013547112829047619
2030-04-22 09:00:00,43.30272132483185,4.618220329284782,0.015142738184918623
2030-04-22 10:00:00,35.055652243842,6.152264595031852,4.587605321889636e-06
2030-04-22 11:00:00,35.055622867573064,7.074386596679801,4.17656809003904e-06
2030-04-22 12:00:00,35.055630269856714,8.448722839355582,4.337973685266667e-06
2030-04-22 13:00:00,35.055732460084684,8.466264724731559,5.683543475069289e-06
2030-04-22 14:00:00,35.05563619250898,9.105229377746696,4.422405846828942e-06
2030-04-22 15:00:00,35.05567000864823,9.271446228027457,4.789746801985675e-06
2030-04-22 16:00:00,35.05685419214854,9.326067924499625,6.3758710652002375e-06
2030-04-22 17:00:00,43.3027608585701,8.775859832763786,0.017162756620872667
2030-04-22 18:00:00,43.302873354598205,7.674320220947379,0.02580591430011187
2030-04-22 19:00:00,43.30286302948869,6.336540222168082,0.02532412183708143
2030-04-22 20:00:00,43.30278770804794,5.313901424408073,0.019805771904405172
2030-04-22 21:00:00,43.30086205972406,4.816487312317008,0.005884298089448266
2030-04-22 22:00:00,35.055898206520475,4.442369461059684,6.829249798814868e-06
2030-04-22 23:00:00,35.055720656986395,4.445165157318229,6.118382366834277e-06
2030-04-23 00:00:00,35.05569102898217,4.724235534668082,5.710386065972992e-06
2030-04-23 01:00:00,35.05568001309212,5.09378814697277,5.56766925201848e-06
2030-04-23 02:00:00,35.05567910135818,5.342733383178825,5.518226198909666e-06
2030-04-23 03:00:00,35.05569040148482,5.460081577301139,5.6477552863273945e-06
2030-04-23 04:00:00,35.05571676235036,5.664271831512565,5.681019291936948e-06
2030-04-23 05:00:00,35.05575485689067,5.852653980255241,5.594718399196515e-06
2030-04-23 06:00:00,25.95519275485508,6.036397457122916,3.702363369392146e-06
2030-04-23 07:00:00,25.95549541935129,5.63978481292736,3.990316282961943e-06
2030-04-23 08:00:00,25.95518385365092,5.482676506042594,3.4949597497286343e-06
2030-04-23 09:00:00,21.006966815274748,6.160342693328971,2.5940251190776914e-06
2030-04-23 10:00:00,21.004525723186205,7.934044361114616,2.41199311688784e-06
2030-04-23 11:00:00,21.00443683059845,10.348855972290153,2.161577752555687e-06
2030-04-23 12:00:00,21.00529671998208,10.70476055145275,2.731800226524282e-06
2030-04-23 13:00:00,21.977753780530936,9.859995841980094,3.3835088837863176e-06
2030-04-23 14:00:00,21.004430878646584,11.510916709900016,2.1897596546480316e-06
2030-04-23 15:00:00,25.897918383520388,10.432608604431266,3.818777825343183e-06
2030-04-23 16:00:00,21.00458942814604,11.159558296203727,2.5449876361561863e-06
2030-04-23 17:00:00,25.95555866849914,9.6469020843507,4.760413461575854e-06
2030-04-23 18:00:00,25.95456088224931,7.9157075881959145,3.978863202282069e-06
2030-04-23 19:00:00,21.00480792050079,7.386018276214713,2.7652859484643044e-06
2030-04-23 20:00:00,21.012624454630597,7.144778728485221,3.0008909965237652e-06
2030-04-23 21:00:00,21.0047156653918,6.802954196930045,2.8892057816819436e-06
2030-04-23 22:00:00,21.00448966436765,6.756205558776969,2.834245302970996e-06
2030-04-23 23:00:00,21.004459911002748,6.763867378234977,2.7836162150918734e-06
2030-04-24 00:00:00,21.00444742434004,6.737256050109977,2.770406262951715e-06
2030-04-24 01:00:00,21.0044441886688,6.591245174408073,2.7188380337518213e-06
2030-04-24 02:00:00,21.004441460095755,6.4376850128174965,2.654518107274846e-06
2030-04-24 03:00:00,21.004447767285413,6.322259902954215,2.6036140710589195e-06
2030-04-24 04:00:00,21.00445912027374,5.942601203918571,2.4689654779003524e-06
2030-04-24 05:00:00,21.004495316493895,5.7894659042359535,2.4102789662399955e-06
2030-04-24 06:00:00,21.00450108678615,6.20380258560192,2.317681423720617e-06
2030-04-24 07:00:00,21.00455465045497,6.7494759559632485,2.19254406495222e-06
2030-04-24 08:00:00,21.004715093966773,6.869711875915641,2.293338048026815e-06
2030-04-24 09:00:00,21.00500647802514,7.152713298797721,2.253596190241794e-06
2030-04-24 10:00:00,21.008602384899216,7.469394207000846,2.545573390198805e-06
2030-04-24 11:00:00,21.894943468207305,7.63616514205944,2.948342215659894e-06
2030-04-24 12:00:00,21.01016613460517,8.365356445312614,2.650589088877864e-06
2030-04-24 13:00:00,21.009942374316296,9.980484008789176,2.100700640886632e-06
2030-04-24 14:00:00,21.097427566448484,10.291697502136344,2.58180337378377e-06
2030-04-24 15:00:00,43.3012827801409,9.566262245178336,0.005818128566346876
2030-04-24 16:00:00,43.301324345927206,10.221523284912223,0.005861521555317223
2030-04-24 17:00:00,43.30348555192511,9.777998924255485,0.09574833181137102
2030-04-24 18:00:00,43.30351246246709,8.450078010559196,0.15007845191418825
2030-04-24 19:00:00,43.3035132904264,7.004416942596549,0.14912551997452786
2030-04-24 20:00:00,43.30351212217592,6.818014621734733,0.14681849497045119
2030-04-24 21:00:00,43.303504767850725,6.809128284454459,0.1332726649778528
2030-04-24 22:00:00,43.30348551990179,6.50365781784069,0.10881306395362147
2030-04-24 23:00:00,43.3034688348976,6.00317478179943,0.09361163042515862
2030-04-25 00:00:00,43.30346141924291,5.814552783966178,0.08849758675489817
2030-04-25 01:00:00,43.303459732501935,5.662697792053336,0.08884096973594878
2030-04-25 02:00:00,43.30341722878552,5.417657852172965,0.06577777040333914
2030-04-25 03:00:00,43.30338188688359,5.013328552246207,0.05264491594348893
2030-04-25 04:00:00,43.30342366839948,4.316733837127799,0.06038379799289314
2030-04-25 05:00:00,43.3034416135218,4.018208980560416,0.06308582607196045
2030-04-25 06:00:00,33.76810012233505,3.947345972061271,7.0270225417871606e-06
2030-04-25 07:00:00,33.76799811944773,4.290584564209098,5.811547874891899e-06
2030-04-25 08:00:00,27.33285467224322,5.368293762207145,3.324875136423164e-06
2030-04-25 09:00:00,27.33260832808259,6.954087734222526,2.749042881356483e-06
2030-04-25 10:00:00,27.332609592709957,8.425415039062614,2.7645462453200746e-06
2030-04-25 11:00:00,27.33259708752177,10.277431488037223,2.546717215873411e-06
2030-04-25 12:00:00,27.332606918270752,11.989890098571891,2.492231237258484e-06
2030-04-25 13:00:00,27.33278181060244,11.94437694549572,3.324083713241651e-06
2030-04-25 14:00:00,27.333006943364477,12.58927154541027,3.2280522722068706e-06
2030-04-25 15:00:00,43.30349248870035,11.116663932800407,0.10742678616316356
2030-04-25 16:00:00,43.30332176546612,10.76055717468273,0.03611826625038444
2030-04-25 17:00:00,43.303441987141504,11.092844963073844,0.06477886874401886
2030-04-25 18:00:00,43.303506982055445,10.195368766784782,0.13261041389486933
2030-04-25 19:00:00,43.30351204264535,8.599208831787223,0.14193394880090657
2030-04-25 20:00:00,43.30351422654217,7.345461845398063,0.148357692686148
2030-04-25 21:00:00,43.30351540615416,6.453289508819694,0.15602751741365586
2030-04-25 22:00:00,43.30351649391633,5.801247119903678,0.1667948216030981
2030-04-25 23:00:00,43.30351502372371,5.057829856872672,0.17104001188680729
2030-04-26 00:00:00,43.30351577326414,4.396579742431754,0.17765356889748787
2030-04-26 01:00:00,43.30351581337111,3.891400337219352,0.18013629319298138
2030-04-26 02:00:00,43.3035141510619,3.5031828880311195,0.17792691386650025
2030-04-26 03:00:00,43.30351451866501,2.711739063263053,0.17875702153380033
2030-04-26 04:00:00,43.30351695707383,1.9093064069749062,0.18501354266624037
2030-04-26 05:00:00,43.30351944519846,2.196912050247306,0.19145709174319042
2030-04-26 06:00:00,43.30350455454634,4.20321893692028,0.15054330018185844
2030-04-26 07:00:00,43.30340816588961,6.958945751190299,0.056287947336961706
2030-04-26 08:00:00,35.10759683189892,9.512686729431266,6.587003023790621e-06
2030-04-26 09:00:00,35.107095671182314,11.314408302307243,5.479127823050434e-06
2030-04-26 10:00:00,35.107075217836616,12.74297904968273,4.957287856403528e-06
2030-04-26 11:00:00,35.10721208383772,12.821816444397086,6.163222812105179e-06
2030-04-26 12:00:00,35.10708089647867,13.060824394226188,4.858065524773626e-06
2030-04-26 13:00:00,35.10710240598075,13.511381149292106,4.875408954281112e-06
2030-04-26 14:00:00,35.10723211572906,13.983652114868278,5.410583577045369e-06
2030-04-26 15:00:00,35.1085497778064,14.08392429351818,6.028000954670934e-06
2030-04-26 16:00:00,43.28926291646884,13.789646148681754,0.0019386306775879072
2030-04-26 17:00:00,43.30343461077899,13.089503288269157,0.07271084461052092
2030-04-26 18:00:00,43.303490459194194,12.050866127014274,0.13241445576932342
2030-04-26 19:00:00,43.3034741883866,10.628614425659293,0.10402541703544962
2030-04-26 20:00:00,43.30343465306287,9.49875640869152,0.07278173319134103
2030-04-26 21:00:00,43.30342579447275,9.416744232177848,0.06894609722613092
2030-04-26 22:00:00,43.30331210634488,8.933283805847282,0.04339421888693626
2030-04-26 23:00:00,43.30333784506027,8.530221939087028,0.0494912651989755
2030-04-27 00:00:00,43.303361630199774,8.330569267273063,0.057387284374343706
2030-04-27 01:00:00,43.303320058929295,7.91058444976818,0.04936670391798145
2030-04-27 02:00:00,43.30150752244686,7.626622200012321,0.009327458720335767
2030-04-27 03:00:00,43.30317023108928,7.422485351562614,0.03397613069136766
2030-04-27 04:00:00,43.3033534113495,7.419413566589469,0.05510553493404713
2030-04-27 05:00:00,43.30318378886479,7.344847202301139,0.03197739680430462
2030-04-27 06:00:00,43.29587977067728,8.201782226562614,0.0035662911270680775
2030-04-27 07:00:00,35.05756290758888,9.69286918640148,6.7907112722645134e-06
2030-04-27 08:00:00,35.05747341805312,11.194925308227653,5.5650660485464285e-06
2030-04-27 09:00:00,35.05990787573277,10.035593032837028,7.2890552942863675e-06
2030-04-27 10:00:00,43.30343721605461,8.049847602844352,0.07564524322602584
2030-04-27 11:00:00,43.303468167673145,7.49446010589611,0.0952122546045138
2030-04-27 12:00:00,43.30344630594416,7.471662521362418,0.08191700275534099
2030-04-27 13:00:00,43.30337285935626,7.119588375091666,0.055245154614784325
2030-04-27 14:00:00,43.302788065282805,6.983596801757926,0.01767546368200908
2030-04-27 15:00:00,43.30141650304369,6.939042568206901,0.007890295381207823
2030-04-27 16:00:00,43.30336350786883,6.854422569275016,0.048978726781361365
2030-04-27 17:00:00,43.30346016799733,6.922439098358268,0.08762639094438429
2030-04-27 18:00:00,43.30324582722277,6.892771720886344,0.032356024615255594
2030-04-27 19:00:00,43.30260998226845,6.259447097778434,0.013973917910511615
2030-04-27 20:00:00,35.0576854915903,5.958175182342643,6.338600447101348e-06
2030-04-27 21:00:00,35.05760859501281,5.5208806991578285,6.080409571917086e-06
2030-04-27 22:00:00,35.05759873757953,5.081827640533561,6.109691946277729e-06
2030-04-27 23:00:00,35.057589152829834,4.621781349182243,6.084090885615445e-06
2030-04-28 00:00:00,35.05757647743599,4.076093673706168,6.02108527660627e-06
2030-04-28 01:00:00,35.05758661770632,4.012388229370231,6.1791105676232195e-06
2030-04-28 02:00:00,35.05760730200424,4.003702640533561,6.416276155066231e-06
2030-04-28 03:00:00,35.05891638828412,3.8091924190522377,6.70641630895785e-06
2030-04-28 04:00:00,35.811581877901375,3.673652410507316,8.160012103056277e-06
2030-04-28 05:00:00,36.57973614258878,3.773111581802482,7.513446144840634e-06
2030-04-28 06:00:00,37.36426771072842,3.937041044235343,7.903861102683125e-06
2030-04-28 07:00:00,36.516654012210296,4.109760284423942,6.7979094144936875e-06
2030-04-28 08:00:00,35.057798632405635,4.247333526611442,5.460674995849313e-06
2030-04-28 09:00:00,35.057742610577726,4.357040882110709,5.313096934600917e-06
2030-04-28 10:00:00,35.0578429512299,4.426854610443229,5.746297344809802e-06
2030-04-28 11:00:00,35.05782778833428,4.401627540588493,5.6225091474834764e-06
2030-04-28 12:00:00,35.05783396228971,4.379691123962516,5.5746214167339555e-06
2030-04-28 13:00:00,35.05784563665389,4.408347606659049,5.527938881100666e-06
2030-04-28 14:00:00,35.05787565352311,4.521994113922233,5.401438041472702e-06
2030-04-28 15:00:00,35.05795815814235,4.61156272888195,5.170790362260018e-06
2030-04-28 16:00:00,35.063036920122606,4.625178337097282,5.304915364197373e-06
2030-04-28 17:00:00,35.82835546038976,4.535740852356071,6.513159055372407e-06
2030-04-28 18:00:00,43.30243236713925,4.3680295944215,0.012942972917986052
2030-04-28 19:00:00,43.30341768010112,4.18332672119152,0.055789622663703686
2030-04-28 20:00:00,43.303448205907074,4.031013011932487,0.06840104329876023
2030-04-28 21:00:00,43.30343461569517,3.9111154079438393,0.06388443648745319
2030-04-28 22:00:00,43.30312399611004,3.80977296829235,0.026360643665549743
2030-04-28 23:00:00,43.303171138889496,3.645149469375724,0.029881563525480787
2030-04-29 00:00:00,43.30335248593109,3.6908710002900307,0.04838068543155389
2030-04-29 01:00:00,43.30340731093273,3.6207408905030434,0.06302830653655175
2030-04-29 02:00:00,43.30338996576475,3.5278835296631996,0.058841061049155596
2030-04-29 03:00:00,43.3034417381387,3.4167544841767494,0.07609964886507907
2030-04-29 04:00:00,43.30349298989462,3.296096324920768,0.10900891660723606
2030-04-29 05:00:00,43.30352224281508,3.372042655944938,0.14764944458661053
2030-04-29 06:00:00,43.30352960509888,3.5820238590241615,0.16564818294729983
2030-04-29 07:00:00,43.30353222734043,3.7551352977753822,0.16897006799457495
2030-04-29 08:00:00,43.30352138520776,4.44093227386486,0.13142461103224
2030-04-29 09:00:00,43.30348683945853,5.892140865326041,0.08178071991057752
2030-04-29 10:00:00,43.303433118209,7.5438628196717445,0.0534347027644098
2030-04-29 11:00:00,43.30350604210231,8.063929557800407,0.10687192183876071
2030-04-29 12:00:00,43.30351251949807,8.466591835022086,0.11862318220202388
2030-04-29 13:00:00,43.303478768724986,9.461688041687125,0.08038914384787607
2030-04-29 14:00:00,43.30346657858063,10.167832374572868,0.07428120218132467
2030-04-29 15:00:00,43.30350764281983,10.036305427551383,0.11382424823952125
2030-04-29 16:00:00,43.30352364396957,8.84088230133068,0.14196578066519672
2030-04-29 17:00:00,43.3035267881074,8.465214729309196,0.15004640504600184
2030-04-29 18:00:00,43.30353034072829,7.889708042144889,0.16367915494067845
2030-04-29 19:00:00,43.30352854572991,7.08187294006359,0.15623849400669004
2030-04-29 20:00:00,43.30352264875826,5.907435894012565,0.1400917459443487
2030-04-29 21:00:00,43.30351909939224,5.103401184082145,0.1352446719845545
2030-04-29 22:00:00,43.303521717914165,4.546290874481315,0.14841489767500265
2030-04-29 23:00:00,43.30351801112277,3.8026704788209145,0.14381546796424685
2030-04-30 00:00:00,43.30350850773613,3.20530462265026,0.129008488361148
2030-04-30 01:00:00,43.30350397489171,2.6690855026246254,0.12152553358283731
2030-04-30 02:00:00,43.303500344283215,2.1281707286835854,0.11629836358087453
2030-04-30 03:00:00,43.30350618947603,1.8312500715256874,0.12124776078858465
2030-04-30 04:00:00,43.3035218611706,1.6775672435761635,0.14073814425382988
2030-04-30 05:00:00,43.30353474494123,2.4734025001527016,0.16153341584121222
2030-04-30 06:00:00,43.303540710248136,4.11728143692028,0.17138011509673243
2030-04-30 07:00:00,43.30353359237032,5.645576000213737,0.15269264787431222
2030-04-30 08:00:00,43.30354166616688,5.404972076416129,0.18715472746423237
2030-04-30 09:00:00,43.303539706842905,5.536408901214713,0.17571782454666185
2030-04-30 10:00:00,43.30353515170063,6.2568941116334145,0.1604885726180015
2030-04-30 11:00:00,43.30324626630786,8.41031932830822,0.02483524662077273
2030-04-30 12:00:00,43.3031843285701,9.98894023895275,0.019286766967536968
2030-04-30 13:00:00,43.303529671927336,7.018246173858756,0.150831701391133
2030-04-30 14:00:00,43.30352023904569,6.008552074432487,0.12807692779289115
2030-04-30 15:00:00,43.30351024457143,6.167369365692252,0.11116861846358428
2030-04-30 16:00:00,43.30353029255499,6.2342290878297035,0.1524175017357657
2030-04-30 17:00:00,43.303522049880144,6.876178264618034,0.12937188959865317
2030-04-30 18:00:00,43.303537765486126,6.688485145568961,0.18204549207817347
2030-04-30 19:00:00,43.3035371252302,5.536811828613395,0.17669887023866576
2030-04-30 20:00:00,43.30353435859882,4.685300350189323,0.16727821751521918
2030-04-30 21:00:00,43.30353007066766,4.4239826202393715,0.15801577834450406
2030-04-30 22:00:00,43.30351536394461,3.9262855052949135,0.13187746162686823
2030-04-30 23:00:00,43.30351522536457,3.3581440448762123,0.13828140929412314
2030-05-01 00:00:00,43.30351858589877,2.8204312324525063,0.14958313795088093
2030-05-01 01:00:00,43.30352268000421,2.3169651031495277,0.16139537773001822
2030-05-01 02:00:00,43.30352494159703,2.605412960052604,0.17058289222918127
2030-05-01 03:00:00,43.30352650625768,2.8663659095765297,0.17639121731163818
2030-05-01 04:00:00,43.30352359684423,2.9464273452759926,0.16798262264559818
2030-05-01 05:00:00,43.3035225994249,3.2823081016541664,0.1569012324678192
2030-05-01 06:00:00,43.30351897532135,3.5792260169984047,0.14968359099242962
2030-05-01 07:00:00,43.30352082928616,3.6966595649720375,0.15330229053759545
2030-05-01 08:00:00,43.303513512444965,4.206525802612418,0.1364366569786446
2030-05-01 09:00:00,43.30351646371021,4.612100601196403,0.1392285880373089
2030-05-01 10:00:00,43.30351237281241,4.694466590881461,0.12721216841325805
2030-05-01 11:00:00,43.30350635902228,4.818340778350944,0.11938610476120046
2030-05-01 12:00:00,43.30342735199429,5.687474727630729,0.062361167507149394
2030-05-01 13:00:00,43.30332063621296,6.717539310455436,0.04037276917670379
2030-05-01 14:00:00,43.30319152337042,7.4101510047913735,0.026755182954995255
2030-05-01 15:00:00,43.30313505649131,8.385721206665153,0.020343691924429003
2030-05-01 16:00:00,43.30326825164347,8.578372001648063,0.03290005638103487
2030-05-01 17:00:00,43.30348830121699,8.345190048217887,0.09987236336373885
2030-05-01 18:00:00,43.30351323744347,7.316469669342155,0.13770082288703495
2030-05-01 19:00:00,43.30352034366901,5.986056327819938,0.14941904449356208
2030-05-01 20:00:00,43.30352084105984,5.648307800293082,0.15029694261060617
2030-05-01 21:00:00,43.3035165271157,5.26253175735485,0.14403246230336614
2030-05-01 22:00:00,43.30351312966617,5.097082138061637,0.14295043489388784
2030-05-01 23:00:00,43.30349411218128,5.132281303405875,0.11525375337635736
2030-05-02 00:00:00,43.30347592141337,5.116871833801383,0.09656542719364429
2030-05-02 01:00:00,43.303438464119246,5.076519489288444,0.07204200217855639
2030-05-02 02:00:00,43.303399192033446,4.987775802612418,0.05782086859381817
2030-05-02 03:00:00,43.30339062523149,4.91133022308361,0.05438151265255149
2030-05-02 04:00:00,43.303391696304445,4.742454051971549,0.052325445376024626
2030-05-02 05:00:00,43.303421948447145,4.726146221161002,0.05805245524379794
2030-05-02 06:00:00,43.30335343053778,4.921196937561149,0.04428037101012626
2030-05-02 07:00:00,43.30338731932736,5.316056251525993,0.04843805881864559
2030-05-02 08:00:00,43.303400074290536,5.672462940216178,0.04885899478836041
2030-05-02 09:00:00,43.3033500284503,6.191644191742057,0.038272401072796884
2030-05-02 10:00:00,43.30333158843866,6.92381858825695,0.03550091735821295
2030-05-02 11:00:00,43.30332379643104,7.773572444915885,0.03401854694894059
2030-05-02 12:00:00,43.30342788699869,7.904594898223991,0.057400251144001324
2030-05-02 13:00:00,43.30347446489069,7.801921367645377,0.08574127514323626
2030-05-02 14:00:00,43.30347217567636,7.79302549362194,0.08504005739308146
2030-05-02 15:00:00,43.3034599712466,7.7049932479859535,0.07705485359917039
2030-05-02 16:00:00,43.30341556228722,7.769857883453483,0.05533986053583054
2030-05-02 17:00:00,43.30345964841473,7.584520816803092,0.0741272689729234
2030-05-02 18:00:00,43.303451835690325,7.324248313903922,0.07039650461713715
2030-05-02 19:00:00,43.303411791395845,7.146440029144401,0.05403316957623024
2030-05-02 20:00:00,43.30342034774508,6.819334506988639,0.05707670788951851
2030-05-02 21:00:00,43.303445120372594,6.459740161895866,0.06842786356732343
2030-05-02 22:00:00,43.30345398551232,6.1982369422913735,0.07585859869656934
2030-05-02 23:00:00,43.30343952315627,6.107277393341178,0.06982312841124566
2030-05-03 00:00:00,43.30341518873082,5.998278141021842,0.060376678018587336
2030-05-03 01:00:00,43.30339414290668,5.790154457092399,0.05476887209727542
2030-05-03 02:00:00,43.30337210837927,5.707076072692985,0.050196711943340924
2030-05-03 03:00:00,43.30340856263094,5.531792640686149,0.06212225035383479
2030-05-03 04:00:00,43.30339038942759,5.160545349121207,0.05552799296728717
2030-05-03 05:00:00,43.30337478218343,5.021585464477653,0.0487601576841401
2030-05-03 06:00:00,32.42587228056937,5.263497352600211,6.202250885996504e-06
2030-05-03 07:00:00,33.75931666682051,5.3949170112611,6.92746026603758e-06
2030-05-03 08:00:00,33.76316866152568,5.635651111602897,7.089830452998593e-06
2030-05-03 09:00:00,33.763264269205,5.832150936126823,7.089250342391547e-06
2030-05-03 10:00:00,33.76336785464001,5.855872631073112,7.626683161636304e-06
2030-05-03 11:00:00,33.76321819729974,6.285522460937614,7.4112440949180104e-06
2030-05-03 12:00:00,27.332428057341637,7.490989685058707,4.692650648247763e-06
2030-05-03 13:00:00,27.328841694862383,8.722470283508414,3.6803693863987857e-06
2030-05-03 14:00:00,27.33084910684689,8.728161811828727,4.370103087266864e-06
2030-05-03 15:00:00,27.328807573875768,9.945219039917106,3.287973676305086e-06
2030-05-03 16:00:00,27.332187732505865,8.821814537048454,4.2022777661230675e-06
2030-05-03 17:00:00,27.329294621811677,8.451675415039176,4.16994045429147e-06
2030-05-03 18:00:00,27.33236023586045,7.431505680084342,4.448243961940558e-06
2030-05-03 19:00:00,27.33046171857767,6.069399833679313,4.257148132613846e-06
2030-05-03 20:00:00,27.32894150509477,5.572458744049186,3.968009318904449e-06
2030-05-03 21:00:00,27.32885146335316,4.980461597442741,3.874041489494988e-06
2030-05-03 22:00:00,27.32878057732551,4.4590497016907875,3.695717729968082e-06
2030-05-03 23:00:00,27.328758848253774,4.583582878112907,3.628544332572261e-06
2030-05-04 00:00:00,27.328755606912683,4.6723394393922035,3.6302647224830366e-06
2030-05-04 01:00:00,27.32875669786649,4.435609340667838,3.708498854646052e-06
2030-05-04 02:00:00,27.328759879668755,4.251048088073844,3.802110855331896e-06
2030-05-04 03:00:00,27.328773396615023,3.586916685104484,3.8744442079239195e-06
2030-05-04 04:00:00,27.328794794330463,3.7888584136964027,3.968673558051925e-06
2030-05-04 05:00:00,27.328802573347872,3.9683573246003334,3.8940154956943505e-06
2030-05-04 06:00:00,20.064354177632083,5.2410860061646645,2.644199874510438e-06
2030-05-04 07:00:00,20.06428864477159,7.095867156982536,2.236634867902332e-06
2030-05-04 08:00:00,20.06421971735509,8.914520263671989,2.0755393839265555e-06
2030-05-04 09:00:00,20.0639304046838,10.749558448791618,1.8251646791864097e-06
2030-05-04 10:00:00,20.06390944572339,12.188925743103141,1.7258696068221896e-06
2030-05-04 11:00:00,20.06391856207236,13.082128524780387,1.6881854457173986e-06
2030-05-04 12:00:00,20.06396065848661,13.87292575836193,1.6788664972122102e-06
2030-05-04 13:00:00,20.064280141305133,13.256929397583121,2.0655220937310555e-06
2030-05-04 14:00:00,27.34471666624878,11.343071937561149,4.1808128121282545e-06
2030-05-04 15:00:00,43.302498109415,9.898774147033805,0.013475902227779567
2030-05-04 16:00:00,43.30332012872636,9.376945495605582,0.049286576092982065
2030-05-04 17:00:00,43.30324015171824,10.322800636291618,0.03640210627456035
2030-05-04 18:00:00,43.30340453532757,10.018504142761344,0.07619698787576731
2030-05-04 19:00:00,43.30296058978414,8.663781166076774,0.0199826631195075
2030-05-04 20:00:00,35.05707136318326,8.424763679504508,6.69728513370907e-06
2030-05-04 21:00:00,35.056532608592526,8.694769859314079,6.142857577336145e-06
2030-05-04 22:00:00,35.05651602568338,7.847273826599235,5.915074727869435e-06
2030-05-04 23:00:00,35.05680149434049,6.9502654075623695,7.168096659537358e-06
2030-05-05 00:00:00,43.290170439503605,6.259905815124625,0.0023137676595761628
2030-05-05 01:00:00,43.3031681854835,5.7403655052186195,0.03234118528070893
2030-05-05 02:00:00,43.30328204650935,5.796076774597282,0.04475738756746926
2030-05-05 03:00:00,43.30328904009607,5.756447315216178,0.04319727912289215
2030-05-05 04:00:00,43.30338322865947,5.509086608886832,0.06081038199134175
2030-05-05 05:00:00,43.30338907793708,5.337076663971061,0.05604923543409836
2030-05-05 06:00:00,43.30261129572007,6.377636432647819,0.01629670234472492
2030-05-05 07:00:00,43.30242595866088,8.194780349731559,0.011058088868088527
2030-05-05 08:00:00,43.30239463583742,8.869307518005485,0.01081858537365972
2030-05-05 09:00:00,35.09805184408265,9.26042461395275,6.176339184066096e-06
2030-05-05 10:00:00,35.05572705989356,10.847483634948844,5.20561122891416e-06
2030-05-05 11:00:00,35.055634001834434,12.875191688537711,4.334979110563737e-06
2030-05-05 12:00:00,35.05563433935271,14.041937828064079,4.2796826892713725e-06
2030-05-05 13:00:00,35.05565546724974,14.705827713012809,4.327093493660095e-06
2030-05-05 14:00:00,35.05572952067056,15.097465515136832,4.661255447431808e-06
2030-05-05 15:00:00,35.05711297838456,14.965814590454215,5.561789998919007e-06
2030-05-05 16:00:00,43.30320516033655,14.700218200683707,0.02529074195647319
2030-05-05 17:00:00,43.30347879858429,14.04718112945568,0.10762701733603833
2030-05-05 18:00:00,43.30350282126542,12.964939117431754,0.16864563984463582
2030-05-05 19:00:00,43.30350324812933,12.031555175781364,0.16825113171319048
2030-05-05 20:00:00,43.30349998922233,11.347476005554313,0.15722396613268494
2030-05-05 21:00:00,43.303489177044135,10.039627075195426,0.13123390952844333
2030-05-05 22:00:00,43.30345316753751,9.58506298065197,0.08557555591714583
2030-05-05 23:00:00,43.30345186141447,8.548407554626579,0.08711231060136682
2030-05-06 00:00:00,43.30344769556792,7.606506824493522,0.08607085858908384
2030-05-06 01:00:00,43.30345264307189,6.904723167419547,0.09124815426365873
2030-05-06 02:00:00,43.303469192155234,6.188439369201774,0.10510188886771236
2030-05-06 03:00:00,43.303492637534696,5.7358160018922035,0.13566469134202566
2030-05-06 04:00:00,43.30350925796537,5.364890098571891,0.16949116396205247
2030-05-06 05:00:00,43.30351712213185,5.620237827301139,0.1889561621107598
2030-05-06 06:00:00,43.30351629070143,6.931560039520377,0.18044197847329582
2030-05-06 07:00:00,43.30352070719805,7.67987680435192,0.19943477316389766
2030-05-06 08:00:00,43.30351519984889,8.320354461670036,0.1763940322635039
2030-05-06 09:00:00,43.30319969315526,11.014742851257438,0.024395319534336848
2030-05-06 10:00:00,43.302633108917526,13.925135612487907,0.009253806452279452
2030-05-06 11:00:00,43.3028777835946,14.390960693359489,0.014199744706679465
2030-05-06 12:00:00,43.302664293627664,15.337926864624137,0.009346080541080362
2030-05-06 13:00:00,43.302711003405946,15.526947975158805,0.010272181836609088
2030-05-06 14:00:00,43.303419855206975,13.496050834655875,0.05537698278450443
2030-05-06 15:00:00,43.30351236094592,10.75710487365734,0.1642730248727021
2030-05-06 16:00:00,43.30345591288065,12.843279838562125,0.07007604364574284
2030-05-06 17:00:00,43.30350764815824,13.174616813659782,0.143275760840497
2030-05-06 18:00:00,43.30352130232146,11.960471153259391,0.2076129098578234
2030-05-06 19:00:00,43.303519943954136,10.646880149841422,0.20212346872319548
2030-05-06 20:00:00,43.30351659570368,10.137729644775504,0.18486638952655077
2030-05-06 21:00:00,43.30351025535412,9.508930206298942,0.1640885985875285
2030-05-06 22:00:00,43.30348562681136,8.679764747619743,0.11508751510525204
2030-05-06 23:00:00,43.30346967989753,7.981683254242057,0.09912316220238261
2030-05-07 00:00:00,43.303468314316895,6.963822364807243,0.10143211076875074
2030-05-07 01:00:00,43.30347593160417,7.477361202240104,0.11200999236024099
2030-05-07 02:00:00,43.303475450856894,7.822519302368278,0.1093657232018742
2030-05-07 03:00:00,43.30347879221598,7.641475677490348,0.11136067501958032
2030-05-07 04:00:00,43.303503583052375,7.164822101593131,0.1484940870537373
2030-05-07 05:00:00,43.30351761210572,6.692333221435661,0.18470108494380022
2030-05-07 06:00:00,43.30351287121145,7.19489145278942,0.164067385033393
2030-05-07 07:00:00,43.30348651484015,8.282940864563102,0.09919259245880878
2030-05-07 08:00:00,43.30349181963768,8.469024658203239,0.10852088812015123
2030-05-07 09:00:00,43.30345742550207,8.994986534118766,0.07135094346289715
2030-05-07 10:00:00,43.30287298119808,10.562960624694938,0.012533516823124199
2030-05-07 11:00:00,43.30348409540159,10.040962219238395,0.10179126926195113
2030-05-07 12:00:00,43.30287595267275,11.461371421814079,0.012774349844028953
2030-05-07 13:00:00,43.30282944325781,13.054619789123649,0.010792644875501299
2030-05-07 14:00:00,43.302884296728095,13.62537765502941,0.012546450143512022
2030-05-07 15:00:00,43.303051651945495,13.83225250244152,0.017507255584805096
2030-05-07 16:00:00,43.30345127661926,13.270205497741813,0.06935506409992587
2030-05-07 17:00:00,43.30350390032778,12.638016700744743,0.143385659637481
2030-05-07 18:00:00,43.303517973803935,11.73896694183361,0.21016879919214856
2030-05-07 19:00:00,43.30351799725547,10.67241191864025,0.20950737666845642
2030-05-07 20:00:00,43.30351677807069,9.793525695800895,0.20733520834453875
2030-05-07 21:00:00,43.30351407172019,9.36468315124523,0.20408995455941323
2030-05-07 22:00:00,43.30350832210823,8.967415809631461,0.19230605957643995
2030-05-07 23:00:00,43.30350203240021,8.653311729431266,0.17675263809340924
2030-05-08 00:00:00,43.30349645191987,8.30750942230236,0.16378330198985983
2030-05-08 01:00:00,43.303495259849136,7.890810489654655,0.16342636172546277
2030-05-08 02:00:00,43.303495976391005,7.442664623260612,0.17025988163042416
2030-05-08 03:00:00,43.303497533075806,6.997188568115348,0.17623314650909677
2030-05-08 04:00:00,43.30350179723758,6.528819561004752,0.18628288559509668
2030-05-08 05:00:00,43.30350502294269,6.534385204315299,0.19639310459353523
2030-05-08 06:00:00,43.30341431371685,7.5651149749757,0.09579920091231739
2030-05-08 07:00:00,43.3033093266629,9.21959495544445,0.04539087913657214
2030-05-08 08:00:00,43.30099111724254,11.044175148010368,0.005611776916359392
2030-05-08 09:00:00,35.056195800822614,12.667001724243278,4.794704578502768e-06
2030-05-08 10:00:00,35.05613710652255,13.683029174804801,4.387983849320159e-06
2030-05-08 11:00:00,35.05612078332467,14.72039890289318,4.217393298528729e-06
2030-05-08 12:00:00,35.05612788848096,15.39895343780529,4.235584304967286e-06
2030-05-08 13:00:00,35.05614477287747,15.77325248718273,4.287234711054348e-06
2030-05-08 14:00:00,35.05618664781938,16.035305023193473,4.422221515401389e-06
2030-05-08 15:00:00,35.056374795773394,15.926559448242301,4.97851591181298e-06
2030-05-08 16:00:00,35.09329004562559,15.742190361023063,6.250999720325313e-06
2030-05-08 17:00:00,43.30342275718826,15.016860961914176,0.07009173565960619
2030-05-08 18:00:00,43.30347584233113,14.175374984741325,0.15264170115715223
2030-05-08 19:00:00,43.3034763649766,12.845033645629996,0.1529889911474848
2030-05-08 20:00:00,43.30347415083963,12.030228614807243,0.14788077999292862
2030-05-08 21:00:00,43.30346793997857,11.585066795349235,0.13957945809962594
2030-05-08 22:00:00,43.30345377770938,10.423511505127067,0.12090641046637171
2030-05-08 23:00:00,43.30343342003362,9.325640678405875,0.09806868188972413
2030-05-09 00:00:00,43.3033992841336,8.796037673950309,0.07421492390002504
2030-05-09 01:00:00,43.3032325465258,8.181907653808707,0.03492284646593119
2030-05-09 02:00:00,43.249416885216576,7.645757198333854,0.0007090015599458275
2030-05-09 03:00:00,35.05961892403105,7.627146720886344,6.969767362412083e-06
2030-05-09 04:00:00,35.05951340229341,7.351674079895133,6.420729411174099e-06
2030-05-09 05:00:00,35.06005318208246,7.249736309051627,6.4034758387543095e-06
2030-05-09 06:00:00,27.334208584331492,8.361517906189079,3.6722503705616973e-06
2030-05-09 07:00:00,27.332532821857544,9.792814254760856,3.3010246538771083e-06
2030-05-09 08:00:00,27.332454655584428,11.176850318908805,3.003482834550612e-06
2030-05-09 09:00:00,27.33244168668741,12.113224983215446,2.8498237425383718e-06
2030-05-09 10:00:00,27.332454004314545,13.03832054138195,2.7884920454737226e-06
2030-05-09 11:00:00,27.33246972765501,13.926130294799918,2.704522606835172e-06
2030-05-09 12:00:00,27.33252174773854,15.168480873108024,2.671229343763124e-06
2030-05-09 13:00:00,43.30331240747428,13.675355911254996,0.03614824262733102
2030-05-09 14:00:00,43.30343246187298,11.645797729492301,0.08619197714218689
2030-05-09 15:00:00,43.3034174070712,11.578830718994254,0.07387106166670757
2030-05-09 16:00:00,43.30340187995188,12.08890533447277,0.0636416680122655
2030-05-09 17:00:00,43.30336441763809,11.965606689453239,0.04972194400702957
2030-05-09 18:00:00,43.30343570576069,11.12079238891613,0.08808588853356973
2030-05-09 19:00:00,43.3034279204506,10.159627914428825,0.08061266724153537
2030-05-09 20:00:00,43.30343155222088,9.581648826599235,0.08281981663445612
2030-05-09 21:00:00,43.30344942738424,8.876646995544547,0.10468507882052105
2030-05-09 22:00:00,43.30343956275178,8.247241973877067,0.09760505314015029
2030-05-09 23:00:00,43.30344333344488,8.043184280395621,0.10661531385923641
2030-05-10 00:00:00,43.30340741402638,7.55574464797985,0.07862566703990007
2030-05-10 01:00:00,43.30338577520147,7.1072125434876625,0.06750916410068178
2030-05-10 02:00:00,43.303274979245785,6.642257690429801,0.04117094958735054
2030-05-10 03:00:00,43.30314353211797,6.313897609710807,0.02930610297162911
2030-05-10 04:00:00,43.30321617143471,6.138000488281364,0.03412550507447423
2030-05-10 05:00:00,43.30335778219991,6.662459850311393,0.05390420498849905
2030-05-10 06:00:00,43.30177942787693,8.038582801818961,0.01177663720689534
2030-05-10 07:00:00,43.30176338121466,8.869477272033805,0.010904187277282233
2030-05-10 08:00:00,43.30039545520495,9.386862754821891,0.006373293124664727
2030-05-10 09:00:00,35.07702377662422,9.803366661071891,6.959175326900733e-06
2030-05-10 10:00:00,35.05511467125812,10.939538002014274,5.565986744297296e-06
2030-05-10 11:00:00,35.05505017217011,13.647192001342887,4.534834724541584e-06
2030-05-10 12:00:00,35.05505825046256,14.908892631530875,4.555746144810602e-06
2030-05-10 13:00:00,35.05506572516682,15.583272933960075,4.5116007487776574e-06
2030-05-10 14:00:00,35.055131627434015,15.651157379150504,4.930488792417219e-06
2030-05-10 15:00:00,35.05570749135856,15.601784706115836,5.856866473741423e-06
2030-05-10 16:00:00,43.30268844747311,15.391740798950309,0.015467619010718026
2030-05-10 17:00:00,43.30344110329214,14.738106727600211,0.09038699313867408
2030-05-10 18:00:00,43.30347323493745,13.684137344360465,0.14032337704972242
2030-05-10 19:00:00,43.30348190310403,11.930461883545036,0.15612642960311748
2030-05-10 20:00:00,43.303487424618986,10.485780715942496,0.1658344113151614
2030-05-10 21:00:00,43.30348951962026,9.61952114105236,0.1728984011311958
2030-05-10 22:00:00,43.30346199482364,9.055860519409293,0.11505348214907361
2030-05-10 23:00:00,43.30345451173984,8.57969188690197,0.10702659891846997
2030-05-11 00:00:00,43.30346454811229,8.298641204834098,0.12376328129145103
2030-05-11 01:00:00,43.30346649845266,8.34363937377941,0.13204237979133998
2030-05-11 02:00:00,43.303474134044905,8.053347587585563,0.14778879343087967
2030-05-11 03:00:00,43.30347755492056,7.710540771484489,0.15144992227654572
2030-05-11 04:00:00,43.30347951965403,7.576324939727897,0.15156952428219622
2030-05-11 05:00:00,43.30348766416808,7.74723052978527,0.16273871586760832
2030-05-11 06:00:00,43.30348873313647,8.349030494690055,0.16723193657790605
2030-05-11 07:00:00,43.30349121112813,8.913739204406852,0.16589500502710292
2030-05-11 08:00:00,43.30349693388249,9.098951339721793,0.17955292733102132
2030-05-11 09:00:00,43.30349476587718,9.214565277099723,0.16621769396054362
2030-05-11 10:00:00,43.30350146142209,9.14410495758068,0.18837833871588508
2030-05-11 11:00:00,43.303473343372765,9.519695281982536,0.11323910047063246
2030-05-11 12:00:00,43.3034550924665,9.862798690796012,0.0953501563728522
2030-05-11 13:00:00,43.30261834840801,11.120540618896598,0.013015068138126909
2030-05-11 14:00:00,43.30263425990525,11.99702358245861,0.013331829946296553
2030-05-11 15:00:00,43.30270365263448,12.799272537231559,0.014144689588981683
2030-05-11 16:00:00,43.303225911571054,13.045041084289664,0.030797890130107076
2030-05-11 17:00:00,43.30347357410251,12.514364242553825,0.12500147771303535
2030-05-11 18:00:00,43.303485192568665,11.615005493164176,0.153930937178133
2030-05-11 19:00:00,43.30347345861227,10.940869331359977,0.12453276946327739
2030-05-11 20:00:00,43.30346951519079,10.557285308838004,0.11832825150067446
2030-05-11 21:00:00,43.30345698434751,9.930978775024528,0.10562798677523573
2030-05-11 22:00:00,43.30345466881708,8.677483558654899,0.10755592223896208
2030-05-11 23:00:00,43.3033534441881,7.955810546875114,0.05206622316144909
2030-05-12 00:00:00,43.30283184777375,7.516905307769889,0.01778068854597713
2030-05-12 01:00:00,43.30259631586642,7.080459117889518,0.013633808345334859
2030-05-12 02:00:00,43.302575282622094,6.680789470672721,0.013124329462348115
2030-05-12 03:00:00,43.3025565431189,6.317900657653922,0.011965853094128457
2030-05-12 04:00:00,43.30259922141145,5.892658233642692,0.011997085070571083
2030-05-12 05:00:00,43.30277853636541,6.8744525909424965,0.013939869990033832
2030-05-12 06:00:00,24.803986626246964,8.39068984985363,3.6080232401352077e-06
2030-05-12 07:00:00,23.777686723638595,9.966913223266715,2.9301818731665937e-06
2030-05-12 08:00:00,24.804059450837464,9.647084236145133,3.8414309294378695e-06
2030-05-12 09:00:00,20.071857587250403,10.568222045898551,2.272568805031679e-06
2030-05-12 10:00:00,20.07176082239605,11.65057182312023,1.8859265973761538e-06
2030-05-12 11:00:00,20.07177006236703,12.341069221496696,1.8971164056251539e-06
2030-05-12 12:00:00,20.071824023724915,12.29668998718273,2.2028196599037674e-06
2030-05-12 13:00:00,20.071840539758536,12.59436130523693,2.191246088364798e-06
2030-05-12 14:00:00,20.07184400957812,12.571622848510856,2.000476413294503e-06
2030-05-12 15:00:00,20.07195827239424,12.89062595367443,2.13640595828853e-06
2030-05-12 16:00:00,20.07315303988511,12.256705284118766,2.2866516420676307e-06
2030-05-12 17:00:00,27.326733330334523,10.987035751342887,3.6022403488778127e-06
2030-05-12 18:00:00,27.332227091621693,10.271609306335563,3.7484331618741383e-06
2030-05-12 19:00:00,27.33201150435005,9.123126029968375,3.784245902566705e-06
2030-05-12 20:00:00,27.332062108476524,8.218147277832145,3.8806839694305635e-06
2030-05-12 21:00:00,27.332185103381253,7.778677940368766,3.935439651449556e-06
2030-05-12 22:00:00,27.33219502045878,7.7403326034547035,4.1813739292464045e-06
2030-05-12 23:00:00,27.32666147011048,7.827436923980827,4.120701779655673e-06
2030-05-13 00:00:00,27.32658789057847,7.835289001464957,4.051598761346476e-06
2030-05-13 01:00:00,27.32678358151327,7.913126945495719,4.217299510299551e-06
2030-05-13 02:00:00,27.326997812071323,7.922231197357291,4.276638434949712e-06
2030-05-13 03:00:00,27.32738833941333,7.952187538147086,4.1978162265603174e-06
2030-05-13 04:00:00,27.331298674079683,8.022871017456168,4.07005153193801e-06
2030-05-13 05:00:00,27.333759392071396,8.04889297485363,3.524851320987738e-06
2030-05-13 06:00:00,27.339961596347383,8.354843139648551,3.4365559006309874e-06
2030-05-13 07:00:00,27.34323563631818,8.542151451110954,3.5670789414038342e-06
2030-05-13 08:00:00,28.44510377463092,8.718989372253532,3.791971885257929e-06
2030-05-13 09:00:00,28.45077911744997,8.891092300415153,3.8295490565907585e-06
2030-05-13 10:00:00,27.34058648741882,9.172537803650016,3.4190461785747735e-06
2030-05-13 11:00:00,27.34040563752102,9.310691833496207,3.173949263678287e-06
2030-05-13 12:00:00,27.340393911967343,9.308199882507438,3.130847477560366e-06
2030-05-13 13:00:00,27.340395175120157,9.340527534484977,3.071003031676334e-06
2030-05-13 14:00:00,27.34042125561088,9.522686958313102,2.884286217662473e-06
2030-05-13 15:00:00,27.340600409890403,9.388042449951286,3.074180663959975e-06
2030-05-13 16:00:00,27.341313092749623,9.262897491455192,3.183967693750713e-06
2030-05-13 17:00:00,27.347887157922056,9.0939235687257,3.4600415585106153e-06
2030-05-13 18:00:00,27.348933934385737,8.93194961547863,3.5765814634412004e-06
2030-05-13 19:00:00,27.349202378222817,8.499752044677848,3.537918675195113e-06
2030-05-13 20:00:00,27.349483989109626,8.124827384948844,3.540551444008661e-06
2030-05-13 21:00:00,27.350034457284195,8.120064735412711,3.569025932318576e-06
2030-05-13 22:00:00,43.28542861830075,8.118668556213493,0.0016944302928944676
2030-05-13 23:00:00,43.16256779760043,7.940434932708854,0.00025291380520694334
2030-05-14 00:00:00,43.163805340306,7.807281494140739,0.00025454633839054917
2030-05-14 01:00:00,43.1693385813,7.774081707000846,0.00026043792572549786
2030-05-14 02:00:00,43.1884724931496,7.626354694366569,0.00028333658952492635
2030-05-14 03:00:00,43.30163749567583,7.540628433227653,0.00858520814792436
2030-05-14 04:00:00,43.303224664238265,7.555581092834586,0.03176423407179254
2030-05-14 05:00:00,43.303372074396606,7.634102821350211,0.052839407644005125
2030-05-14 06:00:00,43.30335454000424,7.871812343597526,0.0466145906239194
2030-05-14 07:00:00,43.303416029019786,8.156403541565055,0.07080728296892173
2030-05-14 08:00:00,43.30342708973438,8.721614837646598,0.0791629005923911
2030-05-14 09:00:00,43.30339645524789,9.300167083740348,0.059304612009888694
2030-05-14 10:00:00,43.30345540952984,9.237983703613395,0.11464966601508415
2030-05-14 11:00:00,43.30344589298865,9.635619163513297,0.09980883297301378
2030-05-14 12:00:00,43.3033420871028,10.277180671692008,0.04269574450105699
2030-05-14 13:00:00,43.30232348139364,11.628685951233024,0.007543293089290492
2030-05-14 14:00:00,43.30233641091375,13.55714321136486,0.007521416967199925
2030-05-14 15:00:00,43.30237585636972,14.136247634887809,0.007946509147678617
2030-05-14 16:00:00,43.30300542304664,13.6756467819215,0.01810064260469466
2030-05-14 17:00:00,43.3034400729506,13.119505882263297,0.10127692783299773
2030-05-14 18:00:00,43.30346653300952,12.303326606750602,0.16970551755213006
2030-05-14 19:00:00,43.30346657618607,11.471895217895621,0.1753952219417619
2030-05-14 20:00:00,43.3034657435386,10.735640525817985,0.17837251950230346
2030-05-14 21:00:00,43.30346147547152,9.863426208496207,0.17487089309815432
2030-05-14 22:00:00,43.30345419503239,9.608371734619254,0.16634442888936737
2030-05-14 23:00:00,43.30344968257981,9.464080810546989,0.16305494205461799
2030-05-15 00:00:00,43.30343513977954,9.594499588012809,0.14518074272143597
2030-05-15 01:00:00,43.30342657362531,9.441528320312614,0.13414475596105632
2030-05-15 02:00:00,43.30342386432635,9.318329811096305,0.13175985068210616
2030-05-15 03:00:00,43.30342981196448,9.393188476562614,0.14262969252635602
2030-05-15 04:00:00,43.30343726554211,9.32912635803234,0.1576425786568245
2030-05-15 05:00:00,43.30344396651475,9.395298004150504,0.1776962424741636
2030-05-15 06:00:00,43.29993663166037,9.987864494323844,0.009264127283467578
2030-05-15 07:00:00,43.28826702168034,10.414898872375602,0.003268089948433979
2030-05-15 08:00:00,27.33178237063976,10.486988067627067,7.114567312421471e-06
2030-05-15 09:00:00,24.702993944335507,10.640731811523551,4.36012072980313e-06
2030-05-15 10:00:00,19.98981722822348,14.852450370788688,1.8768174376134719e-06
2030-05-15 11:00:00,19.98978182912989,19.436979293823356,1.7643086656508084e-06
2030-05-15 12:00:00,19.98979713398689,20.795417785644645,2.014723891087029e-06
2030-05-15 13:00:00,19.98975922438517,21.972282409668082,1.7599963256704666e-06
2030-05-15 14:00:00,19.989742487066483,22.582540512085075,1.7199897184582959e-06
2030-05-15 15:00:00,19.989757965223067,22.398447036743278,1.7846059052247375e-06
2030-05-15 16:00:00,19.98981674238105,21.74217224121105,2.0124104392476083e-06
2030-05-15 17:00:00,19.98993662742734,20.703147888183707,2.450821801073641e-06
2030-05-15 18:00:00,19.990439661729987,19.169122695922965,2.7953767476797473e-06
2030-05-15 19:00:00,19.99005611426402,17.34352302551281,2.730318822622705e-06
2030-05-15 20:00:00,19.99009465961983,15.714269638061637,2.7470048308160265e-06
2030-05-15 21:00:00,19.990116772062787,14.624436378479118,2.858709896854054e-06
2030-05-15 22:00:00,19.99045366529229,13.982288360595817,3.204997294683718e-06
2030-05-15 23:00:00,19.991096037165303,13.48398876190197,3.4328305227525692e-06
2030-05-16 00:00:00,19.99082587667534,12.983318328857536,3.4919437173149222e-06
2030-05-16 01:00:00,19.990569926458445,12.630196571350211,3.402751091113112e-06
2030-05-16 02:00:00,19.990640275367628,12.323369026184196,3.381194996794225e-06
2030-05-16 03:00:00,19.99077205839405,11.920153617859,3.2789861290806768e-06
2030-05-16 04:00:00,19.99539147342294,11.46011829376232,3.2165604230101106e-06
2030-05-16 05:00:00,24.703629085362497,11.749988555908317,4.118823058284475e-06
2030-05-16 06:00:00,21.01201495398196,13.001464843750114,3.248356614822225e-06
2030-05-16 07:00:00,19.99078096086273,14.459891319275016,2.545133399136538e-06
2030-05-16 08:00:00,19.990633574903427,15.697601318359489,2.267106021171194e-06
2030-05-16 09:00:00,19.990650465552392,16.582248687744254,2.247574930231672e-06
2030-05-16 10:00:00,19.99081264654543,17.627111434936637,2.53026997739795e-06
2030-05-16 11:00:00,19.99074618848125,19.403924942016715,2.2828825496388885e-06
2030-05-16 12:00:00,19.99078887157728,20.172866821289176,2.2211712202124234e-06
2030-05-16 13:00:00,19.990975856426324,20.32380867004406,2.3011803984523617e-06
2030-05-16 14:00:00,43.30335077242255,17.693538665771598,0.06778628800668729
2030-05-16 15:00:00,41.552677083604095,18.802930831909293,1.939900904507668e-05
2030-05-16 16:00:00,43.30335780955761,16.444362640380973,0.07164833200706362
2030-05-16 17:00:00,43.303211075233925,15.310851097107047,0.0364953927470212
2030-05-16 18:00:00,43.30339217155848,14.764045715332145,0.09366117135505377
2030-05-16 19:00:00,43.30339975203112,13.498382568359489,0.1006711278680697
2030-05-16 20:00:00,43.30339997271196,13.037801742553825,0.10097681307188415
2030-05-16 21:00:00,43.30339775632306,12.442405700683707,0.09792990537548346
2030-05-16 22:00:00,43.30342785649461,11.865706443786735,0.1281875317926675
2030-05-16 23:00:00,43.30342947612651,11.545150756836051,0.12734325959043707
2030-05-17 00:00:00,43.303419462976265,11.36682510375988,0.11572818061765783
2030-05-17 01:00:00,43.30341831124457,11.032151222229118,0.11309435200602103
2030-05-17 02:00:00,43.30341678858097,10.788753509521598,0.10978717071146561
2030-05-17 03:00:00,43.30341808148436,10.568717956543082,0.10897052027349287
2030-05-17 04:00:00,43.303431446082186,10.388005256652946,0.12005511491932588
2030-05-17 05:00:00,43.303446327070944,10.31524467468273,0.13919441503267954
2030-05-17 06:00:00,43.30345680283551,10.242150306701774,0.16045420452404685
2030-05-17 07:00:00,43.303454338599416,10.506797790527457,0.14102224988126133
2030-05-17 08:00:00,43.30344826733929,10.742563247680778,0.12424364965574988
2030-05-17 09:00:00,43.30345368908429,10.49274063110363,0.1369773387381757
2030-05-17 10:00:00,43.30345480099572,10.467562675476188,0.13634397049335292
2030-05-17 11:00:00,43.30344440063406,10.58179092407238,0.11533469874928651
2030-05-17 12:00:00,43.30343729543039,10.544669151306266,0.1043237094148666
2030-05-17 13:00:00,43.30339458017754,10.62757492065441,0.06866902050038806
2030-05-17 14:00:00,43.30340084543059,10.696421623230094,0.07272575871428406
2030-05-17 15:00:00,43.30338084503583,10.81250095367443,0.06259127635975492
2030-05-17 16:00:00,43.30329564223995,11.023372650146598,0.03957530949635247
2030-05-17 17:00:00,43.3032285124706,11.71775054931652,0.029575977998396258
2030-05-17 18:00:00,43.3034127940881,11.687533378601188,0.07937971278673997
2030-05-17 19:00:00,43.30341463700429,10.922415733337516,0.08144698262502065
2030-05-17 20:00:00,43.30341942139935,9.95008468627941,0.08507226413332697
2030-05-17 21:00:00,43.3034183040882,10.085157394409293,0.08594995388838648
2030-05-17 22:00:00,43.30343187492306,10.23172473907482,0.1055756155342331
2030-05-17 23:00:00,43.30343122300777,10.296723365783805,0.10846603548988838
2030-05-18 00:00:00,43.303432695656056,10.285497665405387,0.11151789570188358
2030-05-18 01:00:00,43.30343186277544,10.425394058227653,0.11274541001670109
2030-05-18 02:00:00,43.303428810155744,10.469112396240348,0.10869799929138962
2030-05-18 03:00:00,43.30342967229677,10.21611309051525,0.10959082311031122
2030-05-18 04:00:00,43.3034345519877,9.805324554443473,0.1153482355208927
2030-05-18 05:00:00,43.30344224793596,10.012368202209586,0.12617368941177778
2030-05-18 06:00:00,43.30342445940272,10.64521408081066,0.1140290344087295
2030-05-18 07:00:00,43.30321390860372,11.998629570007438,0.035061034561018334
2030-05-18 08:00:00,43.303260624831694,12.532806396484489,0.03822395999038034
2030-05-18 09:00:00,41.57178389084765,13.653465270996207,1.7101053942210193e-05
2030-05-18 10:00:00,43.302239443594544,13.379343032837028,0.010934980691788812
2030-05-18 11:00:00,43.303352751802514,12.803140640258903,0.055999927232769454
2030-05-18 12:00:00,41.57176207624168,14.85070896148693,1.4831688436370803e-05
2030-05-18 13:00:00,41.57184830639654,15.03024005889904,1.8629429705035806e-05
2030-05-18 14:00:00,41.5718205203252,16.598712921142692,1.553001905057249e-05
2030-05-18 15:00:00,43.30341620414015,13.67230033874523,0.09341298884388026
2030-05-18 16:00:00,41.57203929376295,15.30207729339611,1.9741831866762943e-05
2030-05-18 17:00:00,43.30338608865343,13.925356864929313,0.06806593177742572
2030-05-18 18:00:00,43.30335078046653,13.371455192566032,0.05392112732626928
2030-05-18 19:00:00,43.30326233446828,12.47709941864025,0.0367815246080791
2030-05-18 20:00:00,43.30318643765246,11.4905300140382,0.02963565890974675
2030-05-18 21:00:00,43.30308057415161,10.938862800598258,0.024864395394047605
2030-05-18 22:00:00,41.5727130223878,10.255167007446403,2.4466868984658004e-05
2030-05-18 23:00:00,43.30049852673273,10.234106063842887,0.005994294941423021
2030-05-19 00:00:00,43.30283950926897,10.042641639709586,0.02007287757940048
2030-05-19 01:00:00,43.30328122305234,9.46356296539318,0.04584883841741534
2030-05-19 02:00:00,43.30329440280508,8.858377456665153,0.04758037414611968
2030-05-19 03:00:00,43.303358741529344,8.601720809936637,0.05996268586903959
2030-05-19 04:00:00,43.30343916725126,8.315723419189567,0.10062858247613456
2030-05-19 05:00:00,43.30346674774587,8.143347740173454,0.13406313030922865
2030-05-19 06:00:00,33.768068463876496,8.33318901062023,9.88625095893114e-06
2030-05-19 07:00:00,33.768099347650214,8.712652206421012,8.940391276036776e-06
2030-05-19 08:00:00,33.768072940535646,9.018133163452262,7.990547524092223e-06
2030-05-19 09:00:00,33.76797925750547,9.661821365356559,6.452485190601705e-06
2030-05-19 10:00:00,33.767894119623826,10.240316390991325,6.129219634429899e-06
2030-05-19 11:00:00,27.335367103824943,10.806788444519157,3.6038649445404754e-06
2030-05-19 12:00:00,27.332993274012736,11.03629302978527,3.537480759387444e-06
2030-05-19 13:00:00,27.333755630673885,10.52529621124279,3.688078413531256e-06
2030-05-19 14:00:00,27.332687949976965,9.77671051025402,3.627857727205348e-06
2030-05-19 15:00:00,27.332423235639805,10.118001937866325,3.0579491500093895e-06
2030-05-19 16:00:00,27.33240313277537,10.38693714141857,3.002758618076453e-06
2030-05-19 17:00:00,27.332514467443023,9.923540115356559,3.3893162647055132e-06
2030-05-19 18:00:00,27.33248753299353,9.464851379394645,3.507009645214488e-06
2030-05-19 19:00:00,27.33242922328591,9.05722522735607,3.4400707738996566e-06
2030-05-19 20:00:00,27.33239187405434,8.756817817688102,3.3551096943790808e-06
2030-05-19 21:00:00,27.33235833566383,7.974472522735709,3.34385287266367e-06
2030-05-19 22:00:00,27.33231450478065,7.820203304290885,3.2224409907951417e-06
2030-05-19 23:00:00,27.3323047646218,7.881756305694694,3.32313013024534e-06
2030-05-20 00:00:00,27.33229949851335,7.82505559921276,3.402022943908605e-06
2030-05-20 01:00:00,27.33229856650889,7.718309879303092,3.431181023118215e-06
2030-05-20 02:00:00,27.332300208980243,7.5187702178956215,3.441391815085496e-06
2030-05-20 03:00:00,27.33230598488843,7.365245819091911,3.460173702271136e-06
2030-05-20 04:00:00,27.33232713061335,7.196813583374137,3.4363190316847183e-06
2030-05-20 05:00:00,27.332401469433364,7.363014698028678,3.4883245460721465e-06
2030-05-20 06:00:00,27.33241578494141,7.509626388549918,3.6248259717799694e-06
2030-05-20 07:00:00,27.334467462609823,7.410410404205436,3.6317048989566946e-06
2030-05-20 08:00:00,27.332562161943915,7.428088665008659,3.4481645724116856e-06
2030-05-20 09:00:00,27.332517976930102,7.190868377685661,3.3490571640643634e-06
2030-05-20 10:00:00,27.332412792793075,7.013586521148795,3.474920503406536e-06
2030-05-20 11:00:00,27.332371060016392,6.943943977356071,3.4176552586709916e-06
2030-05-20 12:00:00,27.33226346381943,7.03907680511486,3.17948745372749e-06
2030-05-20 13:00:00,27.332247567549484,6.988878726959342,3.1787943431386545e-06
2030-05-20 14:00:00,27.332228613972724,6.972077369690055,3.166492204574831e-06
2030-05-20 15:00:00,27.33223275166873,6.9626789093018715,3.1330784136327303e-06
2030-05-20 16:00:00,27.33226221849062,6.850672721862907,3.162466461676426e-06
2030-05-20 17:00:00,27.332340145100247,6.7226018905640785,3.321391125156111e-06
2030-05-20 18:00:00,27.3323505673142,6.550954341888541,3.420750682498032e-06
2030-05-20 19:00:00,27.332361327139274,6.328532695770377,3.4727215371492416e-06
2030-05-20 20:00:00,27.33239145734149,6.156513214111442,3.4637539535165486e-06
2030-05-20 21:00:00,27.33239375150828,6.063568115234489,3.527183320887611e-06
2030-05-20 22:00:00,27.33235094236572,5.984376430511588,3.4673240291492456e-06
2030-05-20 23:00:00,27.33239189582156,5.8971905708314125,3.615806203891358e-06
2030-05-21 00:00:00,27.33247706571433,5.681602001190299,3.851075148553935e-06
2030-05-21 01:00:00,27.332650083022017,5.557425498962516,4.133821171350509e-06
2030-05-21 02:00:00,27.333091050284704,5.8194012641907875,4.386425729769379e-06
2030-05-21 03:00:00,27.3349115537718,6.003694057464713,4.4450727676396615e-06
2030-05-21 04:00:00,43.26251796656072,6.159298419952506,0.0007517235226159641
2030-05-21 05:00:00,43.2994366909833,6.387907981872672,0.003609895569288925
2030-05-21 06:00:00,43.303282340267415,6.667252540588493,0.02627747994679978
2030-05-21 07:00:00,43.303429828873774,6.803479671478385,0.048372490353008495
2030-05-21 08:00:00,43.30298734880832,7.106312274932975,0.015168681959575325
2030-05-21 09:00:00,43.2990535823256,7.0406513214112465,0.0031243500278730846
2030-05-21 10:00:00,43.29930346844503,7.082725048065299,0.0032963711196802577
2030-05-21 11:00:00,43.29905496503595,7.1380095481873695,0.002988471905946753
2030-05-21 12:00:00,43.29901555287693,7.188620090484733,0.0029016360502756287
2030-05-21 13:00:00,43.2990135992284,7.16767787933361,0.00288281945477928
2030-05-21 14:00:00,43.299086698187146,6.931216716766471,0.0030558507072669773
2030-05-21 15:00:00,43.299222574704494,6.680795669555778,0.0032234732242465104
2030-05-21 16:00:00,43.29936289273776,6.546989440918082,0.003324208030303768
2030-05-21 17:00:00,43.29948302775686,6.478446006775016,0.0034065702591444726
2030-05-21 18:00:00,43.299364831057694,6.32755279541027,0.0033021824846161544
2030-05-21 19:00:00,43.29935335464987,6.117259979248161,0.003296186175173407
2030-05-21 20:00:00,43.29962827911243,5.925892829895133,0.0036513662091623017
2030-05-21 21:00:00,43.30299941172861,5.772611141204948,0.017412979468940354
2030-05-21 22:00:00,43.30338592711265,5.6625385284424965,0.04826986647511034
2030-05-21 23:00:00,43.30314467973867,5.5835518836976235,0.024236048732240847
2030-05-22 00:00:00,43.30322276501663,5.503176212310905,0.0291823847989917
2030-05-22 01:00:00,43.30328700665456,5.4071955680848305,0.03563217510797232
2030-05-22 02:00:00,43.30330212879304,5.355767726898307,0.03828514186616608
2030-05-22 03:00:00,43.30342164533625,5.3148751258851235,0.06619743297947961
2030-05-22 04:00:00,43.30348561767741,5.312176704406852,0.112342108466906
2030-05-22 05:00:00,43.30350656857882,5.4147429466248695,0.15086739721879758
2030-05-22 06:00:00,43.303333743014434,5.612983703613395,0.05169026488369053
2030-05-22 07:00:00,43.30296455296105,5.8731098175049965,0.022534920544531212
2030-05-22 08:00:00,43.30267658819847,6.239100933075065,0.014505978140426005
2030-05-22 09:00:00,43.30258675527106,6.761320114135856,0.012066461110950758
2030-05-22 10:00:00,43.30252359103469,7.3831572532654945,0.011480588048494807
2030-05-22 11:00:00,43.30245120468184,7.848466396331901,0.011259291567092282
2030-05-22 12:00:00,27.33247938400444,10.080979347229118,2.221318116181253e-06
2030-05-22 13:00:00,27.3324525983832,10.73510837554943,2.2618368358649024e-06
2030-05-22 14:00:00,27.33257675820097,10.294503211975211,3.4128836007975613e-06
2030-05-22 15:00:00,27.332704439623203,10.293990135192985,3.594079445221362e-06
2030-05-22 16:00:00,27.33250128059637,10.75794887542736,2.9155695960704227e-06
2030-05-22 17:00:00,27.332757950360715,10.295062065124625,3.5106328289875066e-06
2030-05-22 18:00:00,27.333264965757284,8.903760910034293,3.6488286020362427e-06
2030-05-22 19:00:00,27.33260191443532,8.316720008850211,3.4078336723595485e-06
2030-05-22 20:00:00,27.33259574815513,8.382133483886832,3.3873552536842825e-06
2030-05-22 21:00:00,27.33253299273723,8.231192588806266,3.370088241814821e-06
2030-05-22 22:00:00,27.332488759703438,8.03324413299572,3.3324368253922776e-06
2030-05-22 23:00:00,27.332477067782616,7.997879028320426,3.351874559851272e-06
2030-05-23 00:00:00,27.33247699353377,7.861134052276725,3.389200600730097e-06
2030-05-23 01:00:00,27.332462152747524,7.450339317321891,3.299212354483275e-06
2030-05-23 02:00:00,27.332465118614547,7.438255310058707,3.293326214536965e-06
2030-05-23 03:00:00,27.33247259605224,7.575493812561149,3.309330100429783e-06
2030-05-23 04:00:00,27.332488241881787,7.541285991668815,3.231476137749623e-06
2030-05-23 05:00:00,27.33253934007924,7.553580284118766,3.203540461195749e-06
2030-05-23 06:00:00,27.332396945386208,7.704613685608024,3.159873796491238e-06
2030-05-23 07:00:00,27.33239719552237,7.973081111908073,2.9973406565213595e-06
2030-05-23 08:00:00,27.332434713836435,8.226924896240348,3.0182504649601036e-06
2030-05-23 09:00:00,27.33246898152401,8.407977104187125,2.9478591541808526e-06
2030-05-23 10:00:00,27.332507241910317,8.622547149658317,3.058945227344154e-06
2030-05-23 11:00:00,27.33253242919077,8.733654975891227,3.1410266427897913e-06
2030-05-23 12:00:00,27.33253959547126,9.087370872497672,3.1646646718062617e-06
2030-05-23 13:00:00,27.33256884649069,9.386821746826286,3.2133294557536522e-06
2030-05-23 14:00:00,27.33257874597151,10.37840843200695,2.870727749878443e-06
2030-05-23 15:00:00,27.332846770725293,11.08371734619152,3.429033824717103e-06
2030-05-23 16:00:00,27.332961118865185,11.295662879943961,3.350013860752028e-06
2030-05-23 17:00:00,27.33314118302934,10.770000457763786,3.302549295655143e-06
2030-05-23 18:00:00,27.33405715499086,10.330237388610954,3.557002840734292e-06
2030-05-23 19:00:00,27.439404958370712,9.538306236267204,3.6620495500933547e-06
2030-05-23 20:00:00,43.30204923491432,8.71897125244152,0.008622281978629756
2030-05-23 21:00:00,43.30301110467461,8.62514972686779,0.01938733202898022
2030-05-23 22:00:00,43.30333982817691,8.302492141723746,0.048202583189268636
2030-05-23 23:00:00,43.30337898792529,7.832870006561393,0.06817852529347643
2030-05-24 00:00:00,43.30341322048455,7.50645208358776,0.09819476749891032
2030-05-24 01:00:00,43.30342797893029,7.344283103942985,0.11990254274817522
2030-05-24 02:00:00,43.30342776865941,7.238363742828483,0.12368291748803556
2030-05-24 03:00:00,43.303429686433496,7.179482460022086,0.1331418817670429
2030-05-24 04:00:00,43.30343331325075,7.146923542022819,0.14296870717075139
2030-05-24 05:00:00,43.303440839701615,7.176532745361442,0.16155248713664044
2030-05-24 06:00:00,43.303442862922346,7.306149959564323,0.17313861319842622
2030-05-24 07:00:00,43.303435908636814,7.634324550628776,0.15297341904417147
2030-05-24 08:00:00,43.303427251887605,8.037133216858024,0.13421348543960052
2030-05-24 09:00:00,43.30341246296663,8.497367858886832,0.11123855833238769
2030-05-24 10:00:00,43.30340009898594,8.903227806091422,0.09959895762725333
2030-05-24 11:00:00,43.30321957512691,9.741752624511832,0.033493021455741415
2030-05-24 12:00:00,43.30292756594791,10.379835128784293,0.017581180034784046
2030-05-24 13:00:00,43.30328058221995,10.24316215515148,0.0459560634909896
2030-05-24 14:00:00,43.30282861638529,10.782297134399528,0.013382099337035394
2030-05-24 15:00:00,43.30306845906284,10.794716835022086,0.023695771704879666
2030-05-24 16:00:00,43.30324199638985,10.879974365234489,0.040781700998468076
2030-05-24 17:00:00,43.30328085920638,11.07055759429943,0.05106050328794309
2030-05-24 18:00:00,43.30334787648734,10.697287559509391,0.0914331195223006
2030-05-24 19:00:00,43.3033108903875,9.581566810608024,0.06757872098914977
2030-05-24 20:00:00,43.30324236836535,8.379235267639274,0.04578502654575565
2030-05-24 21:00:00,43.30316690663168,7.5814299583436195,0.03524734964698252
2030-05-24 22:00:00,43.303021172477166,7.087392330169791,0.024389068858151213
2030-05-24 23:00:00,43.30300308131508,6.660232543945426,0.02424318535076741
2030-05-25 00:00:00,43.30304824912371,6.024254322052116,0.027983506149603706
2030-05-25 01:00:00,43.3030875917062,5.501397132873649,0.03172333197736785
2030-05-25 02:00:00,43.30312937804754,5.235305786132926,0.03745167671733559
2030-05-25 03:00:00,43.30317607149644,4.738397598266715,0.04620747594272511
2030-05-25 04:00:00,43.30320954757861,3.4747169017792885,0.056287575757777035
2030-05-25 05:00:00,43.30325046184524,4.208297252655143,0.07613223480943937
2030-05-25 06:00:00,19.99931158396039,6.417431354522819,5.2516336837044436e-06
2030-05-25 07:00:00,19.99310946780444,8.151452064514274,3.8556283919332365e-06
2030-05-25 08:00:00,19.99299413806201,9.421562194824332,3.018548119638462e-06
2030-05-25 09:00:00,19.990325356254832,10.737439155578727,2.5824409317143897e-06
2030-05-25 10:00:00,16.174842287942774,12.394331932067985,1.9324478162373943e-06
2030-05-25 11:00:00,16.174757818814246,14.60941600799572,1.6347798653842102e-06
2030-05-25 12:00:00,16.174724979515272,16.09239006042492,1.4938232824199341e-06
2030-05-25 13:00:00,16.174711049039633,16.92272758483898,1.4328986127761055e-06
2030-05-25 14:00:00,16.174748872091676,17.863716125488395,1.5118201250469556e-06
2030-05-25 15:00:00,16.174902591995398,18.242826461792106,1.6845866527240694e-06
2030-05-25 16:00:00,16.522063137940584,17.851482391357536,2.0113375435157593e-06
2030-05-25 17:00:00,19.988309683701885,17.038797378540153,3.1066454408731263e-06
2030-05-25 18:00:00,19.990830867601865,16.226299285888786,3.133385431813341e-06
2030-05-25 19:00:00,19.99032454406997,15.17639541625988,3.1586653046432045e-06
2030-05-25 20:00:00,19.990140652104856,13.83649063110363,3.201649607563286e-06
2030-05-25 21:00:00,19.98823816716085,13.08340930938732,3.3475434753591326e-06
2030-05-25 22:00:00,16.198198711319165,12.692932128906364,2.9075996510072807e-06
2030-05-25 23:00:00,16.18681940178513,12.53497409820568,2.997937591288815e-06
2030-05-26 00:00:00,16.17693470914643,12.311783790588493,3.1237186140122335e-06
2030-05-26 01:00:00,16.176788696521434,11.967534065246696,3.2154969532255516e-06
2030-05-26 02:00:00,16.1781597436232,11.70336723327648,3.2146698598038384e-06
2030-05-26 03:00:00,16.182757363452385,11.58450794219982,3.1864865220314676e-06
2030-05-26 04:00:00,16.886263640205986,11.451163291931266,3.268386905853303e-06
2030-05-26 05:00:00,19.99098892421644,11.944169044494743,3.259678888451476e-06
2030-05-26 06:00:00,0.0552513152522525,13.373123168945426,2.1221386341119466e-06
2030-05-26 07:00:00,0.0267056847146066,15.735314369201774,1.7097280272243801e-06
2030-05-26 08:00:00,0.0253013881642894,18.12328147888195,1.5374529257440277e-06
2030-05-26 09:00:00,0.0252497073852075,20.200645446777457,1.3812053096781853e-06
2030-05-26 10:00:00,0.02529702776987,21.88821601867687,1.4801514965877827e-06
2030-05-26 11:00:00,0.0258072958527328,21.237712860107536,1.6599954477668802e-06
2030-05-26 12:00:00,0.0252988152430466,21.481954574585075,1.4139272688921611e-06
2030-05-26 13:00:00,0.0252699237019965,22.793525695800895,1.164940988232795e-06
2030-05-26 14:00:00,0.0255489271274352,20.64328002929699,1.6460507258737336e-06
2030-05-26 15:00:00,0.025425322788632,21.777061462402457,1.2683921573148235e-06
2030-05-26 16:00:00,0.0266022135390375,21.22675704956066,1.4617198604859394e-06
2030-05-26 17:00:00,0.7020225120345641,19.905429840088004,1.1300223788053668e-06
2030-05-26 18:00:00,0.8298479320085732,18.09448051452648,1.549415657101002e-06
2030-05-26 19:00:00,0.7513648438355196,16.365858078003043,1.3731398370408658e-06
2030-05-26 20:00:00,0.7103800524944527,15.28225421905529,1.294889028892952e-06
2030-05-26 21:00:00,0.7088242719943636,14.522113800048942,1.2528660634813349e-06
2030-05-26 22:00:00,0.708757365200758,13.781199455261344,1.2872950333878107e-06
2030-05-26 23:00:00,0.7087950049193116,12.951829910278434,1.3414816788625208e-06
2030-05-27 00:00:00,0.7092614640189193,12.16790866851818,1.3904515181420612e-06
2030-05-27 01:00:00,0.7134073006239736,11.59025096893322,1.4467021294374525e-06
2030-05-27 02:00:00,0.7223857871872579,11.238217353820914,1.504676766391533e-06
2030-05-27 03:00:00,19.98411336823184,11.182023048400993,3.4895931047788925e-06
2030-05-27 04:00:00,19.993471304951665,11.115844726562614,2.9806469748156866e-06
2030-05-27 05:00:00,27.33243073205076,11.223730087280387,3.7010348263246924e-06
2030-05-27 06:00:00,36.59837104343249,11.861977577209586,6.640502107107224e-06
2030-05-27 07:00:00,43.30093375829164,13.174065589904899,0.006674900324338899
2030-05-27 08:00:00,35.062830002792204,14.665350914001579,5.621251498455258e-06
2030-05-27 09:00:00,35.06258342436661,15.712739944458121,5.14804691035563e-06
2030-05-27 10:00:00,35.06263049155193,16.553758621215934,5.259804205578851e-06
2030-05-27 11:00:00,35.06266036111358,17.366521835327262,5.393673283649268e-06
2030-05-27 12:00:00,35.06384299853778,17.83306694030773,5.769404388838697e-06
2030-05-27 13:00:00,35.06271516037788,18.525749206543082,5.009240771179684e-06
2030-05-27 14:00:00,43.302227615303096,17.340684890747184,0.01248993949335469
2030-05-27 15:00:00,43.30272582708222,16.38596916198742,0.025770783321220764
2030-05-27 16:00:00,43.30280243462002,15.60387229919445,0.03464588216218745
2030-05-27 17:00:00,43.30264763330182,14.846444129943961,0.022272657949409212
2030-05-27 18:00:00,43.30260443046464,14.70666313171398,0.02109054948835784
2030-05-27 19:00:00,43.27386883747632,14.468280792236442,0.0010606577005419049
2030-05-27 20:00:00,35.06353839631124,14.323665618896598,6.593170246174443e-06
2030-05-27 21:00:00,35.063032768280884,14.35450649261486,6.674727785239482e-06
2030-05-27 22:00:00,35.06285556265741,14.091424942016715,6.051201532358683e-06
2030-05-27 23:00:00,35.062919922846724,13.865587234497184,6.441705082643029e-06
2030-05-28 00:00:00,35.06300482150159,13.777210235595817,6.669529931835619e-06
2030-05-28 01:00:00,35.063047648631496,13.32221889495861,6.75049040995615e-06
2030-05-28 02:00:00,35.063640920851455,13.000378608703727,7.2708508797956455e-06
2030-05-28 03:00:00,35.10078761513211,12.740018844604606,7.627101239478212e-06
2030-05-28 04:00:00,37.75107501445679,12.523344993591422,1.0941813710855999e-05
2030-05-28 05:00:00,43.30269674110494,12.23381328582775,0.028731181314572432
2030-05-28 06:00:00,33.763436330168176,12.317260742187614,7.815449256233965e-06
2030-05-28 07:00:00,33.763404599236395,12.733833312988395,7.185535809494017e-06
2030-05-28 08:00:00,33.76337952680152,12.95929050445568,6.907634477363975e-06
2030-05-28 09:00:00,33.76340826950491,12.679885864257926,7.3297124564404366e-06
2030-05-28 10:00:00,33.76328325573341,12.507980346679801,6.170330198156595e-06
2030-05-28 11:00:00,27.332324140791744,12.73627090454113,3.7591258938251926e-06
2030-05-28 12:00:00,27.32921990121893,13.031493186950797,3.7028714434763226e-06
2030-05-28 13:00:00,27.32879640574917,13.345467567443961,3.474913424839293e-06
2030-05-28 14:00:00,27.32870582926637,13.466907501220817,3.349248875435661e-06
2030-05-28 15:00:00,27.328757498571694,13.330673217773551,3.506555161872562e-06
2030-05-28 16:00:00,27.328578232174305,13.253729820251579,3.375058949757041e-06
2030-05-28 17:00:00,27.32938167985061,13.233695030212516,3.569071997473912e-06
2030-05-28 18:00:00,27.328598685616203,12.995645523071403,3.6369574338538576e-06
2030-05-28 19:00:00,27.32752533470383,12.616706848144645,3.3765132927213063e-06
2030-05-28 20:00:00,27.32727204527894,12.226381301879996,3.2005280325504204e-06
2030-05-28 21:00:00,27.32717295121852,11.77902984619152,3.1565760787816634e-06
2030-05-28 22:00:00,27.32712664517184,11.521584510803336,3.2437616975793846e-06
2030-05-28 23:00:00,27.32711844839632,11.29397010803234,3.2727685977790684e-06
2030-05-29 00:00:00,27.327115827783565,11.141333580017204,3.3010395968003215e-06
2030-05-29 01:00:00,27.327111195822592,10.998778343200797,3.33747856950167e-06
2030-05-29 02:00:00,27.32710789128551,10.845000267028922,3.333356739167249e-06
2030-05-29 03:00:00,27.32709944468431,10.765367507934684,3.2694485299967635e-06
2030-05-29 04:00:00,27.327101581695985,10.517671585083121,3.224847890652494e-06
2030-05-29 05:00:00,27.327113071944066,10.65158557891857,3.286368653812373e-06
2030-05-29 06:00:00,0.0568327768055971,10.722039222717399,1.9410730937301035e-06
2030-05-29 07:00:00,0.0568838087480006,11.10805988311779,1.9363114163557783e-06
2030-05-29 08:00:00,0.0266488809341509,12.267752647400016,1.404635612110508e-06
2030-05-29 09:00:00,0.0266166309336684,12.672711372375602,1.288769736828655e-06
2030-05-29 10:00:00,0.0265892744978382,13.175394058227653,1.1364960438737793e-06
2030-05-29 11:00:00,0.0272497286454597,13.026549339294547,1.725990275498575e-06
2030-05-29 12:00:00,0.0267482327831856,13.394350051879996,1.6192211822648884e-06
2030-05-29 13:00:00,0.026687796531038,14.079112052917594,1.4079669536988943e-06
2030-05-29 14:00:00,0.0267165333754609,14.060845375061149,1.4375476417234285e-06
2030-05-29 15:00:00,0.0267486038017212,14.82357501983654,1.3911566623933283e-06
2030-05-29 16:00:00,0.0269932309771237,14.412759780883903,1.6048079104464666e-06
2030-05-29 17:00:00,0.0301623112383721,13.70858478546154,1.7325683509135525e-06
2030-05-29 18:00:00,0.0343012530455389,13.494904518127555,1.7744740284871008e-06
2030-05-29 19:00:00,0.028464517878532,12.698364257812614,1.7432948051163432e-06
2030-05-29 20:00:00,0.0277862297274823,11.80410480499279,1.7079583230739e-06
2030-05-29 21:00:00,0.0272868680571233,11.372645378112907,1.7113562123689756e-06
2030-05-29 22:00:00,0.0273990350969909,11.197169303894157,1.8058310305619666e-06
2030-05-29 23:00:00,0.0273529449094444,10.932206153869743,1.827505180522993e-06
2030-05-30 00:00:00,0.0273401546993296,10.658194541931266,1.843106898332348e-06
2030-05-30 01:00:00,0.0273221051364594,10.484220504760856,1.8496517809873993e-06
2030-05-30 02:00:00,0.0274608995962965,10.288939476013297,1.8765207594280764e-06
2030-05-30 03:00:00,0.0281490878332827,10.194047927856559,1.8974132981807575e-06
2030-05-30 04:00:00,0.0376487206776439,10.19429969787609,1.8999085679288776e-06
2030-05-30 05:00:00,0.0432437351942221,10.466806411743278,1.8862432831049063e-06
2030-05-30 06:00:00,0.0455014723955156,10.944746971130485,1.8585323423978673e-06
2030-05-30 07:00:00,0.0464551232419336,11.344078063964957,1.8016174662745724e-06
2030-05-30 08:00:00,0.0447536417812099,11.643280982971305,1.7097627948377527e-06
2030-05-30 09:00:00,0.0276051199132722,12.41299152374279,1.516031227781485e-06
2030-05-30 10:00:00,0.027284679340728,13.519790649414176,1.3159001105230517e-06
2030-05-30 11:00:00,0.0272891029681131,15.14301967620861,1.2585206633539005e-06
2030-05-30 12:00:00,0.0272694794258882,17.296882629394645,1.0758672653309837e-06
2030-05-30 13:00:00,0.0272991194141554,18.418003082275504,9.997082635156867e-07
2030-05-30 14:00:00,0.1380935388983755,16.96408843994152,1.442356328603164e-06
2030-05-30 15:00:00,19.073905032351163,15.55510234832775,2.5520769033421533e-06
2030-05-30 16:00:00,19.12876806580125,14.780672073364371,2.552672884950552e-06
2030-05-30 17:00:00,19.878825094078373,15.502803802490348,2.7647173747698095e-06
2030-05-30 18:00:00,19.990145497063565,14.956614494323844,2.9519470750274407e-06
2030-05-30 19:00:00,19.93396723183696,13.855691909790153,3.03855121438616e-06
2030-05-30 20:00:00,19.93459759269877,12.70028114318859,2.9588404283442796e-06
2030-05-30 21:00:00,19.93386448872232,12.277241706848258,2.943984918469157e-06
2030-05-30 22:00:00,19.93415957941079,12.142876625061149,2.948936211803691e-06
2030-05-30 23:00:00,19.934517770428933,11.855094909668082,3.0293069625500895e-06
2030-05-31 00:00:00,19.935351021110773,11.41436862945568,3.234284348363708e-06
2030-05-31 01:00:00,19.987025570460524,11.00060081481945,3.4757312278728936e-06
2030-05-31 02:00:00,19.99015427816371,10.846549987793082,3.542739357186314e-06
2030-05-31 03:00:00,19.99026248840063,10.706050872802848,3.585146625839667e-06
2030-05-31 04:00:00,19.990246398281144,10.632360458374137,3.539213760849624e-06
2030-05-31 05:00:00,19.992557259880925,10.704067230224723,3.3744297808969247e-06
2030-05-31 06:00:00,20.008989215999247,10.911385536193961,3.2394182017991096e-06
2030-05-31 07:00:00,20.00755620615741,11.196209907531852,3.041966038762685e-06
2030-05-31 08:00:00,20.00872613788821,11.385883331298942,2.957539572746599e-06
2030-05-31 09:00:00,20.022079506416286,11.56177902221691,2.8471348226240347e-06
2030-05-31 10:00:00,19.99089426742167,11.735609054565543,2.6729661098828157e-06
2030-05-31 11:00:00,19.98831819097961,11.924459457397575,2.7567246285796337e-06
2030-05-31 12:00:00,19.93728548029148,12.524978637695426,2.355972697416312e-06
2030-05-31 13:00:00,19.93734681062713,12.966563224792594,2.5166707125698376e-06
2030-05-31 14:00:00,19.937292371078488,13.923132896423454,2.3303141150999266e-06
2030-05-31 15:00:00,19.93724979750688,15.387731552124137,1.981256302021058e-06
2030-05-31 16:00:00,19.937292655081983,15.888445854187125,2.1318504380495708e-06
2030-05-31 17:00:00,19.93771266160188,15.65464019775402,2.590726520566332e-06
2030-05-31 18:00:00,19.990916270370956,13.38309192657482,2.8106369504473505e-06
2030-05-31 19:00:00,19.990307586676508,12.350906372070426,2.9466107408585287e-06
2030-05-31 20:00:00,19.990207480928348,12.074661254882926,2.8971103542166645e-06
2030-05-31 21:00:00,19.96054558853784,11.085763931274528,3.0307100762175e-06
2030-05-31 22:00:00,19.937612335576365,10.166191101074332,3.14594189392005e-06
2030-05-31 23:00:00,19.937949770722184,9.65374851226818,3.2237806566417504e-06
2030-06-01 00:00:00,19.937600181317823,9.443611145019645,3.343271209798711e-06
2030-06-01 01:00:00,19.93766428848601,9.221086502075309,3.383732786072902e-06
2030-06-01 02:00:00,19.93768657867167,8.983126640319938,3.437266408658772e-06
2030-06-01 03:00:00,19.93778263832932,9.266699790954704,3.5549356695211884e-06
2030-06-01 04:00:00,19.93811227526894,8.99160480499279,3.7584456015213653e-06
2030-06-01 05:00:00,19.98993833503856,9.508591651916618,3.959290734400789e-06
2030-06-01 06:00:00,0.0548148753670049,10.794625282287711,2.4741876035728043e-06
2030-06-01 07:00:00,0.0267027455891904,12.36669731140148,1.997800623814445e-06
2030-06-01 08:00:00,0.0251044792729216,13.73645401000988,1.793851365956989e-06
2030-06-01 09:00:00,0.0250402053074085,16.509372711181754,1.6685750624661067e-06
2030-06-01 10:00:00,0.0250082960021891,18.348390579223746,1.5246871706603975e-06
2030-06-01 11:00:00,0.0250050043757879,19.13120841979992,1.4896950511121182e-06
2030-06-01 12:00:00,0.0250206091453706,19.504585266113395,1.539658719931143e-06
2030-06-01 13:00:00,0.0250328704005836,19.84806060791027,1.5195994649484865e-06
2030-06-01 14:00:00,0.0250674086852484,20.130413055420036,1.5401215817836115e-06
2030-06-01 15:00:00,0.0251167465099803,20.138782501220817,1.4529964733126557e-06
2030-06-01 16:00:00,0.0261234776656991,19.050838470459098,1.7030303404533259e-06
2030-06-01 17:00:00,0.0277216950018411,19.14849662780773,1.669708993786815e-06
2030-06-01 18:00:00,19.451352821456656,18.15509414672863,3.0502566924704407e-06
2030-06-01 19:00:00,19.45026605514594,17.11794471740734,2.99709428451943e-06
2030-06-01 20:00:00,19.45064599171191,16.078029632568473,3.0280009847820717e-06
2030-06-01 21:00:00,19.450938412601275,15.234926223754996,3.1177211550036118e-06
2030-06-01 22:00:00,19.982516255098584,15.157928466796989,3.7521521889777967e-06
2030-06-01 23:00:00,19.454987353147835,14.763072013855094,3.7054029719758624e-06
2030-06-02 00:00:00,19.45177850304998,14.048475265503043,3.5093514374048607e-06
2030-06-02 01:00:00,19.452026504543177,13.071966171264762,3.4650870676267284e-06
2030-06-02 02:00:00,19.452879822042483,12.310029029846305,3.46269647753702e-06
2030-06-02 03:00:00,19.62924753704592,11.692805290222282,3.5145264716982287e-06
2030-06-02 04:00:00,19.990429150530307,11.247311592102164,3.3296785666322034e-06
2030-06-02 05:00:00,20.39609674294455,11.914824485778922,3.265978841343103e-06
2030-06-02 06:00:00,20.350115023305925,13.595599174499625,2.9182526091768063e-06
2030-06-02 07:00:00,20.354457819191133,14.655997276306266,2.8325566147899e-06
2030-06-02 08:00:00,19.521748165046525,16.781772613525504,2.3223633816444515e-06
2030-06-02 09:00:00,19.52201179664025,18.432701110839957,2.26749660185101e-06
2030-06-02 10:00:00,19.522930889068217,19.20536613464367,2.4763853716093764e-06
2030-06-02 11:00:00,19.523999476385868,19.608224868774528,2.6085731813637353e-06
2030-06-02 12:00:00,19.524038694810557,20.30337524414074,2.4670259882837138e-06
2030-06-02 13:00:00,19.534661169296285,20.73643302917492,2.6963641357760886e-06
2030-06-02 14:00:00,19.524163455791523,21.869949340820426,2.1784882271330347e-06
2030-06-02 15:00:00,19.524352150280944,22.393033981323356,2.183876960989951e-06
2030-06-02 16:00:00,19.99035123989545,21.18845367431652,2.8307549091917148e-06
2030-06-02 17:00:00,19.990337286068492,20.692510604858512,2.782648170088519e-06
2030-06-02 18:00:00,20.00236960744053,19.895067214965934,2.9223274637058014e-06
2030-06-02 19:00:00,19.990638369239225,18.716451644897575,2.9725361927010476e-06
2030-06-02 20:00:00,19.99043943560681,17.56588935852062,2.9432932825529395e-06
2030-06-02 21:00:00,19.99039179810816,16.850280761718864,3.022789672867153e-06
2030-06-02 22:00:00,19.99017803120381,16.4189910888673,3.1947326950537423e-06
2030-06-02 23:00:00,19.99015595467044,16.149320602417106,3.3197677567686476e-06
2030-06-03 00:00:00,19.99008614336115,16.045406341552848,3.5056397731950854e-06
2030-06-03 01:00:00,19.99037561613146,15.847105979919547,3.574856225835269e-06
2030-06-03 02:00:00,19.992081135375305,15.707221984863395,3.5462027079673885e-06
2030-06-03 03:00:00,24.573797741065437,15.63952445983898,4.28035765152557e-06
2030-06-03 04:00:00,24.701341782700634,15.518517494201774,4.228542296449995e-06
2030-06-03 05:00:00,24.70268461277353,15.571290969848746,4.3247547256613376e-06
2030-06-03 06:00:00,24.69661976650677,16.065679550171012,4.569131505802506e-06
2030-06-03 07:00:00,24.696587692255505,17.48553848266613,4.048555947797856e-06
2030-06-03 08:00:00,19.990703073461244,19.802286148071403,2.586126368307679e-06
2030-06-03 09:00:00,19.984842575854724,21.461462020874137,2.36500938660464e-06
2030-06-03 10:00:00,19.98475359136805,22.526525497436637,2.100587741958009e-06
2030-06-03 11:00:00,19.984722874744246,23.431430816650504,1.8090779138490203e-06
2030-06-03 12:00:00,19.984879912320988,22.42733955383312,2.46398481427711e-06
2030-06-03 13:00:00,19.984718654406247,23.976493835449332,1.6983874298202194e-06
2030-06-03 14:00:00,19.98478148905085,24.219041824340934,1.9619283971348614e-06
2030-06-03 15:00:00,19.984921560326544,24.190856933593864,2.129425481664807e-06
2030-06-03 16:00:00,19.98717905673349,23.827995300293082,2.4267731183826424e-06
2030-06-03 17:00:00,19.991049298960437,22.9576873779298,2.751834680854442e-06
2030-06-03 18:00:00,19.990862638839367,21.818897247314567,2.8545617986750987e-06
2030-06-03 19:00:00,19.990269038607227,20.242685317993278,2.9044118521501344e-06
2030-06-03 20:00:00,19.99002088832369,18.979146957397575,2.9298722177693236e-06
2030-06-03 21:00:00,19.989355214696243,18.42624092102062,2.9999161543366615e-06
2030-06-03 22:00:00,19.988579761533423,17.338705062866325,3.031623700167148e-06
2030-06-03 23:00:00,19.988695194999007,16.782865524292106,3.2089222773094933e-06
2030-06-04 00:00:00,19.988887326994917,16.82637977600109,3.2877111030269916e-06
2030-06-04 01:00:00,19.989752517054875,16.750507354736442,3.413574536874872e-06
2030-06-04 02:00:00,19.99026427636253,16.513851165771598,3.4521142594372178e-06
2030-06-04 03:00:00,19.992115727908388,16.691143035888786,3.384670428273654e-06
2030-06-04 04:00:00,24.700152953790344,16.396091461181754,4.231503643425454e-06
2030-06-04 05:00:00,24.701948316221728,17.845731735229606,4.558874028028301e-06
2030-06-04 06:00:00,24.701920953776007,19.471578598022575,4.429118837782519e-06
2030-06-04 07:00:00,24.70186088905729,22.68993186950695,3.7326072727938572e-06
2030-06-04 08:00:00,20.01915081859328,25.45688629150402,2.596581733133751e-06
2030-06-04 09:00:00,19.989787633041413,27.452001571655387,2.4338733703860423e-06
2030-06-04 10:00:00,19.98909566401495,28.983114242553825,2.1350080884029166e-06
2030-06-04 11:00:00,19.989050879678796,30.197570800781364,1.8742532841977178e-06
2030-06-04 12:00:00,19.989047900766653,30.97306060791027,1.7721958944855206e-06
2030-06-04 13:00:00,19.9890708533863,30.888223648071403,1.7742863467433086e-06
2030-06-04 14:00:00,19.9893667479459,28.23146247863781,2.519413988140624e-06
2030-06-04 15:00:00,19.990090619611923,26.799186706543082,2.728653591308462e-06
2030-06-04 16:00:00,19.989443887746823,26.636192321777457,2.3627173437767476e-06
2030-06-04 17:00:00,19.990286751516592,26.60706710815441,2.643716050375496e-06
2030-06-04 18:00:00,20.83909414888122,25.038600921630973,3.069012259703488e-06
2030-06-04 19:00:00,19.99242751045356,22.30190467834484,2.8571396507398542e-06
2030-06-04 20:00:00,19.990513064127587,20.046443939209098,2.8298631516467e-06
2030-06-04 21:00:00,19.99029626795279,18.92288208007824,2.9429608931713462e-06
2030-06-04 22:00:00,19.99013759115219,17.980779647827262,3.128361671313898e-06
2030-06-04 23:00:00,19.990196934662958,17.601692199707145,3.249989640457702e-06
2030-06-05 00:00:00,19.99020723328768,17.852560043335075,3.3175737881392556e-06
2030-06-05 01:00:00,19.990125472930547,17.78396797180187,3.4127598019734593e-06
2030-06-05 02:00:00,19.99023368818751,17.87560844421398,3.3986458614532903e-06
2030-06-05 03:00:00,19.990552959061272,18.633600234985465,3.322106641210615e-06
2030-06-05 04:00:00,19.992837450774573,19.413797378540153,3.2142190805177445e-06
2030-06-05 05:00:00,24.695785488291552,19.472072601318473,3.858176727817839e-06
2030-06-05 06:00:00,24.70254417620625,20.02648735046398,3.982240941070689e-06
2030-06-05 07:00:00,24.70257090347285,20.852832794189567,3.910579514535665e-06
2030-06-05 08:00:00,24.6938126763714,21.476795196533317,3.3341010958329085e-06
2030-06-05 09:00:00,19.990733419961387,22.26585197448742,2.439283838825147e-06
2030-06-05 10:00:00,19.989740551888524,23.361654281616325,2.298348853096846e-06
2030-06-05 11:00:00,19.989616676754228,25.598016738891715,2.0005351015735183e-06
2030-06-05 12:00:00,19.989586899975308,28.705018997192496,1.727223733151864e-06
2030-06-05 13:00:00,19.98961005191511,29.93192863464367,1.8240156434419336e-06
2030-06-05 14:00:00,19.989681066968984,30.107007980346793,2.044913473902679e-06
2030-06-05 15:00:00,19.990021115678537,29.520433425903434,2.344155967334541e-06
2030-06-05 16:00:00,20.84184063776636,26.888799667358512,2.9670767286344025e-06
2030-06-05 17:00:00,19.992177116468188,25.680936813354606,2.709358985392207e-06
2030-06-05 18:00:00,20.83731024024381,24.64682197570812,3.1074001961573503e-06
2030-06-05 19:00:00,19.99228847269396,22.954158782959098,2.9104273557215793e-06
2030-06-05 20:00:00,19.991552756454645,20.449659347534293,2.8161425544022894e-06
2030-06-05 21:00:00,19.99148101945386,19.623914718628043,2.841855571266237e-06
2030-06-05 22:00:00,19.99149237319505,18.65603828430187,2.985902781679663e-06
2030-06-05 23:00:00,19.991608599508908,18.149406433105582,3.073632403044069e-06
2030-06-06 00:00:00,19.99175243325931,18.045824050903434,3.211193644656601e-06
2030-06-06 01:00:00,19.992155293239303,17.986091613769645,3.3859958053350225e-06
2030-06-06 02:00:00,19.99274935437965,16.50351715087902,3.4191834439336632e-06
2030-06-06 03:00:00,19.995845169087517,15.57218170166027,3.432147009876511e-06
2030-06-06 04:00:00,24.706714057611823,14.472770690918082,4.249451454374287e-06
2030-06-06 05:00:00,24.707608056044577,13.621631622314567,4.639870217073867e-06
2030-06-06 06:00:00,24.70764390786868,13.166237831115836,4.855056291244495e-06
2030-06-06 07:00:00,24.70754831631606,13.244285583496207,3.8999577295819915e-06
2030-06-06 08:00:00,24.70728707509076,13.399337768554801,3.7007320011223263e-06
2030-06-06 09:00:00,19.993678525816307,15.757710456848258,2.3291637176908833e-06
2030-06-06 10:00:00,19.99366065524678,17.27667617797863,2.278355705579599e-06
2030-06-06 11:00:00,19.993626948853727,18.49337768554699,2.1087143225161636e-06
2030-06-06 12:00:00,19.993893759445523,18.348831176757926,2.7101412219724383e-06
2030-06-06 13:00:00,19.993714565182582,18.350484848022575,2.577526984784113e-06
2030-06-06 14:00:00,19.99418542004457,18.4982147216798,2.868952687965667e-06
2030-06-06 15:00:00,19.998454577021896,18.97763252258312,2.9241924488241004e-06
2030-06-06 16:00:00,19.9936567969756,20.632188796997184,2.1683137590875295e-06
2030-06-06 17:00:00,19.993749712950468,20.89229011535656,2.594674222735605e-06
2030-06-06 18:00:00,20.8418245749294,18.64599990844738,3.3651159553566425e-06
2030-06-06 19:00:00,20.160853052363738,17.156095504760856,3.174441497534453e-06
2030-06-06 20:00:00,19.99574514318545,16.298389434814567,3.0569160135203237e-06
2030-06-06 21:00:00,19.99409667517493,15.944816589355582,3.0390211222330067e-06
2030-06-06 22:00:00,19.99380571581851,15.720116615295524,2.987086260973293e-06
2030-06-06 23:00:00,19.9938050899164,15.313144683838004,3.082319754984144e-06
2030-06-07 00:00:00,19.993788000721832,14.840612411499137,3.15143083104175e-06
2030-06-07 01:00:00,19.9938267299099,14.46860504150402,3.27180920225683e-06
2030-06-07 02:00:00,19.99387354017737,14.278877258300895,3.3843045456108435e-06
2030-06-07 03:00:00,19.993853499988024,14.039291381836051,3.363809234742942e-06
2030-06-07 04:00:00,19.99383663354203,13.824935913086051,3.327787172305305e-06
2030-06-07 05:00:00,19.993917228101157,13.799790382385368,3.419250614039738e-06
2030-06-07 06:00:00,19.99222570172137,14.07536602020275,3.5849122905903664e-06
2030-06-07 07:00:00,20.840734691389912,14.556398391723746,3.74020077600018e-06
2030-06-07 08:00:00,20.52606219722971,15.302898406982536,3.329102081861482e-06
2030-06-07 09:00:00,19.990370728612824,16.63089179992687,3.0227066120006545e-06
2030-06-07 10:00:00,19.98960663136861,18.35398864746105,2.6794356809162978e-06
2030-06-07 11:00:00,19.989510239291377,20.108806610107536,2.093001772792598e-06
2030-06-07 12:00:00,19.989503677720105,21.148370742797965,1.940253750662356e-06
2030-06-07 13:00:00,19.98962208888297,19.922052383422965,2.68503507585826e-06
2030-06-07 14:00:00,19.98977324250677,18.45731353759777,3.0184968171315516e-06
2030-06-07 15:00:00,19.98972624030265,18.19423866271984,2.8505586836315795e-06
2030-06-07 16:00:00,19.98969390829675,18.965440750122184,2.4137721415225885e-06
2030-06-07 17:00:00,19.989939492490663,18.435230255127067,2.8730576728966604e-06
2030-06-07 18:00:00,20.012359583108825,17.465517044067496,3.30665705452388e-06
2030-06-07 19:00:00,19.990927537787304,16.679559707641715,3.26763515668701e-06
2030-06-07 20:00:00,19.990573854623708,16.417406082153434,3.2133901803647218e-06
2030-06-07 21:00:00,19.99059531117637,16.17610359191906,3.2331143224209666e-06
2030-06-07 22:00:00,19.99035076631001,15.63425445556652,3.3897653933748183e-06
2030-06-07 23:00:00,19.990279531855805,15.192574501037711,3.475428226501896e-06
2030-06-08 00:00:00,19.99025186735264,14.776170730590934,3.567775790050531e-06
2030-06-08 01:00:00,19.99030677134812,14.534792900085563,3.649965227914738e-06
2030-06-08 02:00:00,19.990402788450652,14.302375793457145,3.704642656381718e-06
2030-06-08 03:00:00,19.990428753556355,13.893683433532829,3.7326924399914034e-06
2030-06-08 04:00:00,19.99108262614337,13.714131355285758,3.808169246968298e-06
2030-06-08 05:00:00,20.86756084929155,13.806513786316032,4.1943855813437075e-06
2030-06-08 06:00:00,24.70287819281745,13.746904373169059,5.227062813928446e-06
2030-06-08 07:00:00,24.70307725143613,13.806818962097282,5.271960832930165e-06
2030-06-08 08:00:00,20.876383189649573,14.135358810424918,3.928540293883584e-06
2030-06-08 09:00:00,19.99025860714686,15.582731246948356,2.8178212765519576e-06
2030-06-08 10:00:00,19.9961235205683,15.901050567627067,2.97677698457489e-06
2030-06-08 11:00:00,19.990302354849085,17.520311355590934,2.5023342764608287e-06
2030-06-08 12:00:00,20.86269237295881,16.825819015503043,3.3802289945998566e-06
2030-06-08 13:00:00,19.99234836838768,16.689359664917106,3.200163325872133e-06
2030-06-08 14:00:00,19.990293498115975,17.409866333007926,2.9893993867417893e-06
2030-06-08 15:00:00,19.99026824273703,18.11288452148449,2.8666701579804822e-06
2030-06-08 16:00:00,19.99024709833586,18.914300918579215,2.623641917721819e-06
2030-06-08 17:00:00,19.990441887750386,18.610420227050895,2.976885361026275e-06
2030-06-08 18:00:00,19.99424271501335,18.15296554565441,3.233109156892119e-06
2030-06-08 19:00:00,19.991770726041437,17.276828765869254,3.250291150019484e-06
2030-06-08 20:00:00,19.991106349856,16.000000000000114,3.135068635384141e-06
2030-06-08 21:00:00,19.99050263854258,14.768235206604118,3.139211980887171e-06
2030-06-08 22:00:00,19.99038860470775,13.962057113647575,3.0703874866691124e-06
2030-06-08 23:00:00,19.99037337619538,13.334918975830192,3.1086630029988575e-06
2030-06-09 00:00:00,19.99037422069102,12.667074203491325,3.2311155527073457e-06
2030-06-09 01:00:00,19.990385403784543,12.274960517883414,3.3018479453814906e-06
2030-06-09 02:00:00,19.990419566904595,12.24860763549816,3.354578041481355e-06
2030-06-09 03:00:00,19.99048078075374,12.173833847046012,3.397349700426216e-06
2030-06-09 04:00:00,19.99050619788621,12.500247001648063,3.259002402005491e-06
2030-06-09 05:00:00,19.9906240352672,13.136583328247184,3.280107705739131e-06
2030-06-09 06:00:00,19.991697435703188,14.408596038818473,3.3990312001294043e-06
2030-06-09 07:00:00,24.703530059463283,14.870015144348258,4.987920804920421e-06
2030-06-09 08:00:00,24.703850357362537,15.142088890075797,5.4482141606033995e-06
2030-06-09 09:00:00,24.701196517610317,15.88821125030529,3.993692380936811e-06
2030-06-09 10:00:00,24.70385129651364,15.403097152710075,4.828275267124348e-06
2030-06-09 11:00:00,24.703560024938565,14.764185905456657,4.70933051864797e-06
2030-06-09 12:00:00,24.685562600535537,14.97146320343029,4.178552652204087e-06
2030-06-09 13:00:00,19.990972358575338,15.468159675598258,3.022937590839558e-06
2030-06-09 14:00:00,19.990658161625028,15.934915542602653,2.2610904489571336e-06
2030-06-09 15:00:00,19.990642087188096,17.42602920532238,1.9832008445773402e-06
2030-06-09 16:00:00,19.990778284241884,17.89749145507824,2.7139587330256383e-06
2030-06-09 17:00:00,19.99326746510044,17.216684341430778,3.147245237656527e-06
2030-06-09 18:00:00,21.004209563877996,16.805116653442496,3.7852643310338405e-06
2030-06-09 19:00:00,20.97477615249305,16.016921997070426,3.836619352263775e-06
2030-06-09 20:00:00,20.850241321633074,15.224108695984,3.5626407076377857e-06
2030-06-09 21:00:00,19.991190377388424,14.40824413299572,3.191317238562303e-06
2030-06-09 22:00:00,19.990944928974724,13.848908424377555,3.137493042154532e-06
2030-06-09 23:00:00,19.99083534317578,13.636046409607047,2.889159765685545e-06
2030-06-10 00:00:00,19.990844452567654,12.836334228515739,2.8142948824260213e-06
2030-06-10 01:00:00,19.990860033795755,11.847308158874625,2.8129435938497725e-06
2030-06-10 02:00:00,19.990925846508546,11.4020290374757,2.835861698379761e-06
2030-06-10 03:00:00,19.99126499724377,11.4519557952882,2.8496312306070992e-06
2030-06-10 04:00:00,20.198251637698704,11.003035545349235,2.8426067201818113e-06
2030-06-10 05:00:00,24.142537878921303,11.291227340698356,3.3367304541776308e-06
2030-06-10 06:00:00,24.143391965174583,12.347623825073356,3.1396687332633093e-06
2030-06-10 07:00:00,24.144330238229657,13.162131309509391,3.233510824328959e-06
2030-06-10 08:00:00,24.143698287102392,14.923843383789176,2.5240766035198767e-06
2030-06-10 09:00:00,27.33269047105436,14.149820327758903,3.865965563520446e-06
2030-06-10 10:00:00,25.233277557384387,14.72352504730236,3.5923842215120813e-06
2030-06-10 11:00:00,24.14437695215926,16.39936447143566,2.2407219611223886e-06
2030-06-10 12:00:00,24.16537429839602,16.543035507202262,2.6054854019872975e-06
2030-06-10 13:00:00,27.33243840707654,15.383150100708121,3.8226304345594e-06
2030-06-10 14:00:00,27.330880548547764,17.620077133178825,3.2936035964286898e-06
2030-06-10 15:00:00,28.491069835379943,16.85457038879406,4.434869583197552e-06
2030-06-10 16:00:00,27.33255491048874,17.834447860717887,3.5574705006936475e-06
2030-06-10 17:00:00,28.39967689585064,17.91212654113781,4.106275024499046e-06
2030-06-10 18:00:00,33.75503412446176,16.713781356811637,6.36308709353559e-06
2030-06-10 19:00:00,27.36109137030824,15.865809440612907,3.963660901754476e-06
2030-06-10 20:00:00,27.332479264185835,14.63694000244152,3.844472653833974e-06
2030-06-10 21:00:00,27.33186730853661,13.735652923584098,3.996042652752875e-06
2030-06-10 22:00:00,27.331753600036272,13.0139675140382,4.1155001811069705e-06
2030-06-10 23:00:00,27.331623142334227,11.83396148681652,4.049745532119058e-06
2030-06-11 00:00:00,27.331650917933423,11.395534515380973,4.029487610115129e-06
2030-06-11 01:00:00,27.33176210241595,11.154721260070914,4.167883547509486e-06
2030-06-11 02:00:00,27.332125202658997,10.89570522308361,4.519951376104822e-06
2030-06-11 03:00:00,27.332435211277872,10.428010940551871,4.485715873401308e-06
2030-06-11 04:00:00,27.33699921063105,10.43311691284191,4.31221335066104e-06
2030-06-11 05:00:00,33.767161832842554,11.218199729919547,6.618934569473334e-06
2030-06-11 06:00:00,33.76742645894311,11.785444259643668,6.780814123867942e-06
2030-06-11 07:00:00,33.76717547005021,12.446273803711051,6.308215546301039e-06
2030-06-11 08:00:00,33.60473823554902,13.577902793884391,5.302672108525942e-06
2030-06-11 09:00:00,27.332303254449823,15.24621391296398,2.9843289595019086e-06
2030-06-11 10:00:00,27.33226816660006,18.137599945068473,2.8751787482552356e-06
2030-06-11 11:00:00,27.33226088446784,19.706029891967887,2.7517159154966456e-06
2030-06-11 12:00:00,27.3322787598159,20.913860321045036,2.7037788434403753e-06
2030-06-11 13:00:00,27.33232128127345,21.255872726440543,2.715875052004733e-06
2030-06-11 14:00:00,27.33246337686219,21.471435546875114,2.8464379593574514e-06
2030-06-11 15:00:00,43.299939824349856,21.228015899658317,0.004352713824651974
2030-06-11 16:00:00,43.3024431483646,21.049467086792106,0.02094946002029293
2030-06-11 17:00:00,43.30267769280427,20.691469192504996,0.048823681788987834
2030-06-11 18:00:00,43.30275904950743,19.412618637085075,0.11152824261193565
2030-06-11 19:00:00,43.3027730318992,18.112989425659293,0.13330594700131712
2030-06-11 20:00:00,43.30278291725289,16.870105743408317,0.1443614480476059
2030-06-11 21:00:00,43.3027768598785,15.834469795227164,0.1250509652543684
2030-06-11 22:00:00,43.30276837326232,15.053925514221305,0.11478415037424063
2030-06-11 23:00:00,43.30276186189744,14.142548561096305,0.1063708229038995
2030-06-12 00:00:00,43.30276393532597,13.2708034515382,0.107897734802904
2030-06-12 01:00:00,43.30276536952468,12.556855201721305,0.10717190913256809
2030-06-12 02:00:00,43.30277318108448,11.896295547485465,0.11460693590958307
2030-06-12 03:00:00,43.3027846418656,11.417441368103141,0.1274088604612799
2030-06-12 04:00:00,43.30280277807145,11.245265960693473,0.14961912357026738
2030-06-12 05:00:00,43.30281317040151,12.142217636108512,0.16649396192481433
2030-06-12 06:00:00,33.76692390888259,14.034896850586051,9.676045706355915e-06
2030-06-12 07:00:00,33.766817800996485,16.19770431518566,7.056696403649849e-06
2030-06-12 08:00:00,33.76412837232951,18.389200210571403,5.482276338804937e-06
2030-06-12 09:00:00,27.332279706241685,20.265722274780387,3.4872188183613575e-06
2030-06-12 10:00:00,27.331733483743285,21.46271896362316,3.2804987737990835e-06
2030-06-12 11:00:00,27.331651529537066,22.499885559082145,3.145571480249404e-06
2030-06-12 12:00:00,27.33161155371944,23.347900390625114,3.069179621206495e-06
2030-06-12 13:00:00,27.33159912540891,24.050252914428825,2.944635409698811e-06
2030-06-12 14:00:00,27.33156491612628,24.423801422119254,2.6364860353211326e-06
2030-06-12 15:00:00,27.331569510652383,24.77095222473156,2.622322676188886e-06
2030-06-12 16:00:00,27.331608164668776,24.330459594726676,2.9145719091209128e-06
2030-06-12 17:00:00,27.331767688903856,23.80527496337902,3.4365625780934958e-06
2030-06-12 18:00:00,27.33249598466916,22.40482330322277,3.706782654375729e-06
2030-06-12 19:00:00,27.33225292786522,21.1371307373048,3.8706743352655845e-06
2030-06-12 20:00:00,27.331950038697588,19.9430389404298,3.832102893863769e-06
2030-06-12 21:00:00,27.33181593198522,19.141147613525504,3.826280867752333e-06
2030-06-12 22:00:00,27.33174343729895,18.31406974792492,3.822452824257755e-06
2030-06-12 23:00:00,27.33207923515194,17.61043739318859,4.456495240904279e-06
2030-06-13 00:00:00,27.3321934653102,17.07183647155773,4.626642565284583e-06
2030-06-13 01:00:00,27.33191962145717,16.504333496093864,4.442211871623389e-06
2030-06-13 02:00:00,27.331878940020754,15.936550140380973,4.307886363404496e-06
2030-06-13 03:00:00,27.331895708086236,15.346211433410758,4.259069263653562e-06
2030-06-13 04:00:00,27.332291362887933,15.060297012329215,4.156656288586947e-06
2030-06-13 05:00:00,27.333963884353118,15.728141784668082,3.941951518308199e-06
2030-06-13 06:00:00,24.701182727973396,16.92625236511242,3.981602219954053e-06
2030-06-13 07:00:00,20.77061242402588,18.60260391235363,2.6590863269658075e-06
2030-06-13 08:00:00,19.98909162231497,20.55039215087902,2.389730610923597e-06
2030-06-13 09:00:00,19.988504412092045,22.312976837158317,2.140030968571879e-06
2030-06-13 10:00:00,19.98849905400709,23.62496948242199,2.113273268094495e-06
2030-06-13 11:00:00,19.98846255653036,24.924236297607536,1.8598263211418584e-06
2030-06-13 12:00:00,19.988473580865936,26.04569244384777,1.8470561563720176e-06
2030-06-13 13:00:00,19.98850921792557,26.713005065918082,1.9136160802552865e-06
2030-06-13 14:00:00,19.988576432929214,27.006824493408317,2.009512441465533e-06
2030-06-13 15:00:00,19.988731342194967,27.046096801757926,2.1273084903638977e-06
2030-06-13 16:00:00,19.98917728299187,26.723442077636832,2.3883685910797405e-06
2030-06-13 17:00:00,19.990426694508223,25.78369522094738,2.6905306260910415e-06
2030-06-13 18:00:00,20.866827573829024,24.49900054931652,3.210552084409512e-06
2030-06-13 19:00:00,20.847994013608325,23.00699615478527,3.2080819336098737e-06
2030-06-13 20:00:00,20.82857084209758,21.806049346923942,3.1038137762256024e-06
2030-06-13 21:00:00,19.99290320158944,20.831674575805778,3.0328159409878956e-06
2030-06-13 22:00:00,19.990499065347823,20.001186370849723,3.1286565007636345e-06
2030-06-13 23:00:00,19.990494939380795,19.23785781860363,3.275247010443231e-06
2030-06-14 00:00:00,19.990408987631078,18.57637977600109,3.503372620272422e-06
2030-06-14 01:00:00,19.99043248296377,17.90063858032238,3.7012951265580146e-06
2030-06-14 02:00:00,19.99225476246216,17.269435882568473,3.7537252995372473e-06
2030-06-14 03:00:00,20.66167538302141,16.652959823608512,4.054342898482761e-06
2030-06-14 04:00:00,20.993159141760124,16.13755607604992,4.121370726811196e-06
2030-06-14 05:00:00,24.70242408997704,16.372999191284293,5.238876889323503e-06
2030-06-14 06:00:00,24.70095750611666,17.390823364257926,4.99966590098108e-06
2030-06-14 07:00:00,21.00986672346613,18.935552597046012,3.734752761128462e-06
2030-06-14 08:00:00,19.991482480593547,20.700920104980582,2.9991630342718035e-06
2030-06-14 09:00:00,19.98877099840217,22.52516365051281,2.7930047473507662e-06
2030-06-14 10:00:00,19.988529854489315,24.340814590454215,2.502945279923996e-06
2030-06-14 11:00:00,19.988482923410555,25.743869781494254,2.2212855741589387e-06
2030-06-14 12:00:00,19.98848286170129,26.883146286010856,2.1083087261480282e-06
2030-06-14 13:00:00,19.988497135545447,27.718309402465934,2.1060167861487868e-06
2030-06-14 14:00:00,19.98851694343855,28.486572265625114,2.064745760644049e-06
2030-06-14 15:00:00,19.98859442558418,28.49942207336437,2.0932916871186485e-06
2030-06-14 16:00:00,19.98923813722942,27.714609146118278,2.3876046355418425e-06
2030-06-14 17:00:00,20.02296288377867,27.095832824707145,2.6019340424487124e-06
2030-06-14 18:00:00,23.05667964476874,25.862087249755973,3.60709227441184e-06
2030-06-14 19:00:00,23.06082602929473,24.33336448669445,3.6901139114586046e-06
2030-06-14 20:00:00,22.12223985123068,23.073387145996207,3.444815033093217e-06
2030-06-14 21:00:00,22.120026813266467,22.016242980957145,3.3805779043021686e-06
2030-06-14 22:00:00,22.120300812207056,21.205770492553825,3.572314597583591e-06
2030-06-14 23:00:00,27.33096146937732,20.869363784790153,5.329627554725269e-06
2030-06-15 00:00:00,27.332324806318777,20.18148994445812,5.865360013131554e-06
2030-06-15 01:00:00,27.33245139347845,19.20813369750988,5.8950121153315764e-06
2030-06-15 02:00:00,27.33244613851933,18.34218025207531,5.922473131153335e-06
2030-06-15 03:00:00,27.332449319886187,17.455011367797965,5.9597581679450775e-06
2030-06-15 04:00:00,27.33237506694315,16.814455032348746,5.866184578047984e-06
2030-06-15 05:00:00,27.332306267432276,16.928365707397575,5.778864375593964e-06
2030-06-15 06:00:00,24.703184263851668,17.786838531494254,5.279505165989887e-06
2030-06-15 07:00:00,24.703009637122683,19.48572158813488,4.4546171576601054e-06
2030-06-15 08:00:00,20.23131631761443,21.535585403442496,3.2097777205935768e-06
2030-06-15 09:00:00,19.990521386122456,23.446142196655387,2.8725219332200124e-06
2030-06-15 10:00:00,19.99033357733559,25.333515167236442,2.7695877580576296e-06
2030-06-15 11:00:00,19.990222384959043,26.912590026855582,2.6106790327752723e-06
2030-06-15 12:00:00,19.990188642021028,28.0443572998048,2.4263366707467296e-06
2030-06-15 13:00:00,19.99016519254988,28.62406730651867,2.1889252036016725e-06
2030-06-15 14:00:00,19.990166393335898,28.981031417846793,2.0439795870077842e-06
2030-06-15 15:00:00,19.990210399458903,29.0345973968507,2.1268790337454766e-06
2030-06-15 16:00:00,19.99032790652238,28.513637542724723,2.361429666310404e-06
2030-06-15 17:00:00,19.99195196312297,27.865459442138786,2.701149696980114e-06
2030-06-15 18:00:00,27.332125937545666,26.707134246826286,4.142274671620357e-06
2030-06-15 19:00:00,27.332417136258695,24.921527862548942,3.956524702912326e-06
2030-06-15 20:00:00,27.35498820784491,23.691957473754996,4.204812183645715e-06
2030-06-15 21:00:00,43.30206772146319,22.84749031066906,0.01225363369643801
2030-06-15 22:00:00,43.30293443747831,22.10489654541027,0.04036051844974643
2030-06-15 23:00:00,43.30300189373496,21.329835891723746,0.05386452843413053
2030-06-16 00:00:00,43.303001244071616,20.44998168945324,0.053932171352738076
2030-06-16 01:00:00,43.30308035546073,19.657566070556754,0.07761203343583221
2030-06-16 02:00:00,43.30312149921741,18.937438964843864,0.09654897843319844
2030-06-16 03:00:00,43.30315912478101,18.20405197143566,0.12273755575545342
2030-06-16 04:00:00,43.30318320985383,17.862148284912223,0.14477765533128661
2030-06-16 05:00:00,43.303201731241366,18.43954658508312,0.1661046032946133
2030-06-16 06:00:00,43.30319729740887,19.736314773559684,0.13261053641336934
2030-06-16 07:00:00,43.30313921561267,21.298259735107536,0.06011794128770912
2030-06-16 08:00:00,43.29947015866735,23.141712188720817,0.0038161373114519318
2030-06-16 09:00:00,35.05673435712238,25.08156776428234,5.4316924772798924e-06
2030-06-16 10:00:00,35.05658202549309,26.557989120483512,4.939156296516042e-06
2030-06-16 11:00:00,35.05658088906233,27.814550399780387,4.737381436811281e-06
2030-06-16 12:00:00,35.0566073720322,28.909132003784293,4.664122022016139e-06
2030-06-16 13:00:00,35.05665009737394,29.313529968261832,4.721593189155304e-06
2030-06-16 14:00:00,35.05675970832915,29.14459609985363,4.910401246971946e-06
2030-06-16 15:00:00,35.057378685980474,29.869190216064567,5.271113268674721e-06
2030-06-16 16:00:00,43.30048918619983,29.459173202514762,0.004352210357844953
2030-06-16 17:00:00,43.30316351348738,28.54516983032238,0.04698945580712669
2030-06-16 18:00:00,43.3032536483352,27.663980484008903,0.11786890277147027
2030-06-16 19:00:00,43.30325130382003,26.003900527954215,0.10881679030642798
2030-06-16 20:00:00,43.30325316122675,24.04487228393566,0.1038033006696862
2030-06-16 21:00:00,43.303250033417655,22.556051254272575,0.09903230120384277
2030-06-16 22:00:00,43.30316999668899,21.40318298339855,0.05302025637053421
2030-06-16 23:00:00,43.30317217752076,20.457839965820426,0.05499381756521854
2030-06-17 00:00:00,43.30321912244507,19.61048507690441,0.07358204993779335
2030-06-17 01:00:00,43.303250598854696,18.615283966064567,0.09582868246023811
2030-06-17 02:00:00,43.30326989647474,17.62699127197277,0.11484497717943393
2030-06-17 03:00:00,43.30327947631549,16.816524505615348,0.1222381483454853
2030-06-17 04:00:00,43.30329252519931,16.17181777954113,0.13396471018230083
2030-06-17 05:00:00,43.3032991332952,15.892668724060172,0.1327871593752846
2030-06-17 06:00:00,43.30329818578654,16.099630355835075,0.12295162357857642
2030-06-17 07:00:00,43.303219775758144,17.639366149902457,0.05019129056658706
2030-06-17 08:00:00,43.30292398157097,18.84591674804699,0.018079607542916525
2030-06-17 09:00:00,43.30158409361113,20.184257507324332,0.005397146153609822
2030-06-17 10:00:00,43.30155189648297,21.596687316894645,0.005003723358194848
2030-06-17 11:00:00,43.30156618411038,22.66933631896984,0.004920768095921441
2030-06-17 12:00:00,43.301608338819705,23.32465744018566,0.0050932537781429145
2030-06-17 13:00:00,43.30169862492556,23.639223098754996,0.005542093336240273
2030-06-17 14:00:00,43.30193748161228,23.561220169067496,0.006998250493325707
2030-06-17 15:00:00,43.30240621692173,23.421100616455192,0.010201909089331317
2030-06-17 16:00:00,43.3032787692566,22.951160430908317,0.07097901836749819
2030-06-17 17:00:00,43.303325788807385,22.199836730957145,0.13721429834327667
2030-06-17 18:00:00,43.30333904571292,21.23534202575695,0.18694115681984433
2030-06-17 19:00:00,43.30333870309104,19.977413177490348,0.18023351879526503
2030-06-17 20:00:00,43.30333681772456,18.490980148315543,0.16493515488264618
2030-06-17 21:00:00,43.30332824776523,17.396093368530387,0.1394896389509302
2030-06-17 22:00:00,43.30332585152049,16.574275970459098,0.14101206549013043
2030-06-17 23:00:00,43.30331558617553,15.828039169311637,0.12375602943017663
2030-06-18 00:00:00,43.30328355170396,15.119865417480582,0.08741046171719151
2030-06-18 01:00:00,43.30321329851208,14.437229156494254,0.0531090950381025
2030-06-18 02:00:00,43.30310630113771,13.812150001525993,0.03498141479494807
2030-06-18 03:00:00,43.30302286544501,13.247314453125114,0.027796180063639053
2030-06-18 04:00:00,43.30298197811402,12.929621696472282,0.024028774522383632
2030-06-18 05:00:00,43.30329425049837,13.318401336670036,0.07678611027828451
2030-06-18 06:00:00,32.37233263703473,14.43587684631359,7.125094732465193e-06
2030-06-18 07:00:00,32.371942032533234,16.13015747070324,5.226696301149662e-06
2030-06-18 08:00:00,27.29478850766218,17.9152126312257,3.5619716507875655e-06
2030-06-18 09:00:00,26.202122640367577,19.594362258911246,2.9543187584994474e-06
2030-06-18 10:00:00,26.20200609458986,21.40048408508312,2.235541804233661e-06
2030-06-18 11:00:00,26.202009521039315,22.707447052002067,2.195361447710826e-06
2030-06-18 12:00:00,26.202065638246104,23.736869812011832,2.6284730103547235e-06
2030-06-18 13:00:00,26.202127622325584,24.58340644836437,2.8836395468013252e-06
2030-06-18 14:00:00,26.20225405362492,25.19495010375988,3.169607083579831e-06
2030-06-18 15:00:00,26.20524555782692,25.620008468628043,3.467716797393883e-06
2030-06-18 16:00:00,27.33210641735419,25.82994079589855,3.872016161901174e-06
2030-06-18 17:00:00,27.33221405343081,25.3225555419923,3.9000428920610695e-06
2030-06-18 18:00:00,27.333674109343747,24.37071037292492,4.0607698536007394e-06
2030-06-18 19:00:00,27.339701059652917,23.152301788330192,4.274297003342151e-06
2030-06-18 20:00:00,27.332071693094765,21.848516464233512,4.218918332631982e-06
2030-06-18 21:00:00,26.202595618644093,21.025840759277457,3.637916210543752e-06
2030-06-18 22:00:00,26.20237933319176,20.391859054565543,3.61857898025781e-06
2030-06-18 23:00:00,26.202319339296743,19.788932800293082,3.385093807236112e-06
2030-06-19 00:00:00,26.20232935613464,19.158250808715934,3.4131163763052047e-06
2030-06-19 01:00:00,26.2023658993082,18.73219490051281,3.5117879941124655e-06
2030-06-19 02:00:00,26.202441502381003,18.30056190490734,3.58729433317055e-06
2030-06-19 03:00:00,26.20272991285865,17.747320175171012,3.739777716199855e-06
2030-06-19 04:00:00,26.22136104258821,17.444965362548942,3.914930194021029e-06
2030-06-19 05:00:00,27.33172026189233,17.891807556152457,4.0956962161676425e-06
2030-06-19 06:00:00,26.229211719957288,18.981594085693473,3.55352252317869e-06
2030-06-19 07:00:00,26.224898547728024,20.785524368286246,3.0439419476010055e-06
2030-06-19 08:00:00,26.22487486565685,23.15163612365734,2.667977389327521e-06
2030-06-19 09:00:00,26.22505839917048,25.399999618530387,2.639093664415486e-06
2030-06-19 10:00:00,26.234638993260155,27.143804550171012,2.926152474701368e-06
2030-06-19 11:00:00,27.25072763825353,27.83568382263195,3.071285942748467e-06
2030-06-19 12:00:00,27.330969561806597,28.438287734985465,3.193063826315302e-06
2030-06-19 13:00:00,27.332350903384693,29.0868377685548,3.1747737613859434e-06
2030-06-19 14:00:00,27.37761325857275,29.2742156982423,3.2264687356836087e-06
2030-06-19 15:00:00,43.30174307109659,29.155118942260856,0.006433937313643935
2030-06-19 16:00:00,43.30332882275318,28.588615417480582,0.06646373412427173
2030-06-19 17:00:00,43.30337794181557,27.406454086303825,0.1398125725287234
2030-06-19 18:00:00,43.30339251073568,25.651536941528434,0.198302846848507
2030-06-19 19:00:00,43.30339283929696,23.825426101684684,0.1968608400757622
2030-06-19 20:00:00,43.30339364363261,22.428201675415153,0.19246169147928446
2030-06-19 21:00:00,43.30338980591196,21.56375885009777,0.17373135822791638
2030-06-19 22:00:00,43.30338548945641,21.03188514709484,0.16484651919223103
2030-06-19 23:00:00,43.30337547380727,20.515340805053825,0.14089649329614834
2030-06-20 00:00:00,43.30336758224168,20.067783355713004,0.1274728248635703
2030-06-20 01:00:00,43.30333599134042,19.763814926147575,0.0877497045596332
2030-06-20 02:00:00,43.30316586670519,19.487421035766715,0.03591722758383004
2030-06-20 03:00:00,43.30259839906183,19.088466644287223,0.014286290386946107
2030-06-20 04:00:00,43.30250236203013,18.829948425293082,0.012122464212087136
2030-06-20 05:00:00,43.30328494443644,19.27168464660656,0.049148842847300575
2030-06-20 06:00:00,43.30330825210845,19.829080581665153,0.05659076967806484
2030-06-20 07:00:00,43.30330200921727,20.577157974243278,0.05179618960571181
2030-06-20 08:00:00,43.303255894445485,21.14920234680187,0.0385292706081413
2030-06-20 09:00:00,43.30137817086644,21.865840911865348,0.0056354922889380625
2030-06-20 10:00:00,43.30323041220021,22.754858016967887,0.03295001998548209
2030-06-20 11:00:00,43.30082933582028,23.69865226745617,0.0043675407059122675
2030-06-20 12:00:00,43.30069494370202,24.480808258056754,0.0037061187792876934
2030-06-20 13:00:00,43.30067353884496,25.170459747314567,0.0035375210134220244
2030-06-20 14:00:00,43.30070925040103,25.983339309692496,0.0038814838042509946
2030-06-20 15:00:00,43.30090478618536,26.21347808837902,0.0048446653976867
2030-06-20 16:00:00,43.30315616408877,26.498025894165153,0.02698736572174951
2030-06-20 17:00:00,43.30322948561535,26.17947578430187,0.03543124266942312
2030-06-20 18:00:00,43.30265144396999,25.109302520752067,0.01289372759413874
2030-06-20 19:00:00,43.30095853985095,24.339784622192496,0.0052377153657164515
2030-06-20 20:00:00,43.30113031658562,22.34265518188488,0.005664187478013407
2030-06-20 21:00:00,43.30089094948484,21.514663696289176,0.005156082688437304
2030-06-20 22:00:00,43.300839811572914,20.985853195190543,0.005008058467762337
2030-06-20 23:00:00,43.30081211643384,20.511543273925895,0.004875203763749163
2030-06-21 00:00:00,43.30083780833153,20.161155700683707,0.005151609101034796
2030-06-21 01:00:00,43.30086799015023,19.980979919433707,0.005317582593030927
2030-06-21 02:00:00,43.30092206258966,19.695423126220817,0.0055935350623411125
2030-06-21 03:00:00,43.3011059039635,19.63051033020031,0.006668145084619537
2030-06-21 04:00:00,43.30258206181229,19.593498229980582,0.014756309089543422
2030-06-21 05:00:00,43.30320647803501,19.675193786621207,0.03851257011963177
2030-06-21 06:00:00,43.30318578451695,19.751836776733512,0.03556639115296295
2030-06-21 07:00:00,43.30300048475808,20.035243988037223,0.022132006915778532
2030-06-21 08:00:00,43.30278004162216,20.43745040893566,0.01563262843206521
2030-06-21 09:00:00,43.30267332951207,20.955152511596793,0.013350157552209911
2030-06-21 10:00:00,43.30277698945261,21.256782531738395,0.014446386965980317
2030-06-21 11:00:00,43.30118162864634,22.252691268921012,0.004831976497789956
2030-06-21 12:00:00,43.30113086610044,24.02162361145031,0.00400586157237558
2030-06-21 13:00:00,43.30116717974371,26.84749031066906,0.004237130362590481
2030-06-21 14:00:00,43.3012715616053,26.82776260375988,0.004866642158964142
2030-06-21 15:00:00,43.30151831827192,26.567064285278434,0.006105283410652566
2030-06-21 16:00:00,43.30325965430859,26.163581848144645,0.03893484605765815
2030-06-21 17:00:00,43.30340913870042,25.309261322021598,0.1226099588938889
2030-06-21 18:00:00,43.30342961453674,24.106586456298942,0.18338968770709282
2030-06-21 19:00:00,43.30343049036204,22.577405929565543,0.18090703163056593
2030-06-21 20:00:00,43.303429264791056,21.3069305419923,0.17105795935974832
2030-06-21 21:00:00,43.30342442582976,20.732444763183707,0.15505767169004112
2030-06-21 22:00:00,43.303415441828086,20.17335128784191,0.13849430379526698
2030-06-21 23:00:00,43.3034087111145,19.56321716308605,0.13084533145026875
2030-06-22 00:00:00,43.3033967505244,19.060323715210075,0.11403206119571316
2030-06-22 01:00:00,43.30339017445316,18.767801284790153,0.10744921767601269
2030-06-22 02:00:00,43.3033898672106,18.559383392334098,0.10854031453768156
2030-06-22 03:00:00,43.30338309204348,18.441358566284293,0.1023155304002168
2030-06-22 04:00:00,43.30337718430855,18.466382980346793,0.09501606576469715
2030-06-22 05:00:00,43.303396658680654,18.822095870971793,0.10875105677262072
2030-06-22 06:00:00,26.01305838318392,19.278591156005973,8.16291420154515e-06
2030-06-22 07:00:00,26.012990019380787,19.90283012390148,5.560641182493022e-06
2030-06-22 08:00:00,26.012330851453218,21.446735382080192,4.40553799189032e-06
2030-06-22 09:00:00,21.051084463549973,23.845405578613395,2.8954869240838652e-06
2030-06-22 10:00:00,21.050994384478923,25.97486495971691,2.5542023488746865e-06
2030-06-22 11:00:00,21.050986763164072,26.18784332275402,2.540838945318768e-06
2030-06-22 12:00:00,21.050961620249364,27.140932083129996,2.1655985345070983e-06
2030-06-22 13:00:00,21.050973700648903,27.596380233764762,2.1830065149084393e-06
2030-06-22 14:00:00,21.05100597582403,27.590799331665153,2.3785136524683035e-06
2030-06-22 15:00:00,21.05102801977109,27.28372192382824,2.2944159877624877e-06
2030-06-22 16:00:00,21.05115414176209,26.620418548584098,2.4705569642539624e-06
2030-06-22 17:00:00,21.061481205790265,25.55994033813488,2.941007496951032e-06
2030-06-22 18:00:00,27.33226095320684,24.24851989746105,4.060593846415891e-06
2030-06-22 19:00:00,27.33294685432792,22.894775390625114,3.866485687902853e-06
2030-06-22 20:00:00,43.24806487924723,21.87031745910656,0.0006093468138159221
2030-06-22 21:00:00,43.298272314961,21.332607269287223,0.003956693705567665
2030-06-22 22:00:00,43.30332546947578,21.131919860839957,0.04774534015488369
2030-06-22 23:00:00,43.303109153046925,20.899442672729606,0.027750005054623484
2030-06-23 00:00:00,43.303218586426965,20.5162868499757,0.036099420304829696
2030-06-23 01:00:00,43.30331827806175,20.283988952636832,0.05346628718563112
2030-06-23 02:00:00,43.30338068760759,19.942737579345817,0.07673526019389988
2030-06-23 03:00:00,43.30341370907061,19.573038101196403,0.09609699560696687
2030-06-23 04:00:00,43.3034477387836,19.422779083252067,0.13084589453679774
2030-06-23 05:00:00,43.30346705822461,19.429498672485465,0.16511957932449844
2030-06-23 06:00:00,43.30347233297382,19.601114273071403,0.17702983814498946
2030-06-23 07:00:00,43.30346211163584,20.237253189087028,0.12579701405071816
2030-06-23 08:00:00,43.30331926411068,21.485378265380973,0.03489017001209142
2030-06-23 09:00:00,43.3029123164706,22.353687286377067,0.013968369553084259
2030-06-23 10:00:00,43.30346178791449,22.413988113403434,0.11718675897337556
2030-06-23 11:00:00,43.3034801844049,22.223104476928825,0.1790431250334079
2030-06-23 12:00:00,43.30347080671486,21.274902343750114,0.14259808978903535
2030-06-23 13:00:00,43.3034108165055,22.157293319702262,0.06460831759265487
2030-06-23 14:00:00,43.30275974206518,24.073635101318473,0.01067787351501527
2030-06-23 15:00:00,43.30315127395741,24.7279510498048,0.0230671101715056
2030-06-23 16:00:00,43.30347096229419,24.516702651977653,0.1307710098660058
2030-06-23 17:00:00,43.30348698581979,24.087030410766715,0.18510276804646
2030-06-23 18:00:00,43.30348747861521,23.818523406982536,0.18843874002858438
2030-06-23 19:00:00,43.30348042805892,23.157337188720817,0.1584387855593083
2030-06-23 20:00:00,43.303466686344976,22.27078247070324,0.12186315551997266
2030-06-23 21:00:00,43.30342889800288,21.52445220947277,0.07956250358820235
2030-06-23 22:00:00,43.30319534225283,21.069192886352653,0.028839829667759727
2030-06-23 23:00:00,43.30319002907413,20.686315536499137,0.02980126157771016
2030-06-24 00:00:00,43.30328510723604,20.450950622558707,0.04013889120295226
2030-06-24 01:00:00,43.30335391038953,20.183017730713004,0.05401685959306084
2030-06-24 02:00:00,43.30336751072867,19.856037139892692,0.05850774936669402
2030-06-24 03:00:00,43.30342496601688,19.61831855773937,0.08236978638218967
2030-06-24 04:00:00,43.30346618265947,19.98135375976574,0.12016594493497319
2030-06-24 05:00:00,43.30348341292148,20.385168075561637,0.14935923889144084
2030-06-24 06:00:00,43.30348252935271,20.829101562500114,0.14466215710392377
2030-06-24 07:00:00,43.30347739113975,21.372308731079215,0.12516290840179542
2030-06-24 08:00:00,43.30343761052288,22.382629394531364,0.07058548293002138
2030-06-24 09:00:00,43.30309879232504,23.769199371338004,0.017367136743977073
2030-06-24 10:00:00,43.30314370628467,24.454246520996207,0.020103049572481314
2030-06-24 11:00:00,43.30310411112348,25.112115859985465,0.017751869788823045
2030-06-24 12:00:00,43.30314905408272,25.49086189270031,0.019507875944017063
2030-06-24 13:00:00,43.30323408446132,25.580207824707145,0.02478243138969903
2030-06-24 14:00:00,43.30331850522907,25.886713027954215,0.03281183616868352
2030-06-24 15:00:00,43.30343290245345,26.32049942016613,0.06471173430609752
2030-06-24 16:00:00,43.30348354529838,25.90701293945324,0.1259700342544477
2030-06-24 17:00:00,43.30350402219055,24.457267761230582,0.21106928614491477
2030-06-24 18:00:00,43.30350260344559,21.105539321899528,0.20578863864018748
2030-06-24 19:00:00,43.3035006732362,21.106771469116325,0.19623525149497204
2030-06-24 20:00:00,43.303498206198896,20.784385681152457,0.18499569038974767
2030-06-24 21:00:00,43.303492241869904,19.995811462402457,0.165331096601723
2030-06-24 22:00:00,43.303484860665016,19.611118316650504,0.1528030983647178
2030-06-24 23:00:00,43.30347565843244,19.42823410034191,0.13522498479963913
2030-06-25 00:00:00,43.30346117290267,19.792659759521598,0.11111007012356916
2030-06-25 01:00:00,43.303450026366605,20.07344245910656,0.0968003792606771
2030-06-25 02:00:00,43.303449935246526,19.687143325805778,0.09675650469180727
2030-06-25 03:00:00,43.30344652075453,19.330831527710075,0.09461561560741766
2030-06-25 04:00:00,43.3034709392132,19.09938240051281,0.11968626322546862
2030-06-25 05:00:00,43.30348644379494,19.03480720520031,0.14627430872728917
2030-06-25 06:00:00,43.30347457671763,19.12738418579113,0.13262851591443478
2030-06-25 07:00:00,43.30348729352008,18.952215194702262,0.16673136096103816
2030-06-25 08:00:00,43.30349055646909,18.767831802368278,0.17775367195424963
2030-06-25 09:00:00,43.3034890416734,18.810317993164176,0.17547962360666286
2030-06-25 10:00:00,43.30347202696037,18.58193397521984,0.12937169831061232
2030-06-25 11:00:00,43.30347778820028,18.130807876587028,0.14844603204402104
2030-06-25 12:00:00,43.30347934796103,18.268657684326286,0.15495325231887153
2030-06-25 13:00:00,43.303479118969776,18.520290374755973,0.16205615028348036
2030-06-25 14:00:00,43.30347249621388,18.662715911865348,0.14665819207734052
2030-06-25 15:00:00,43.30346714245876,18.849760055542106,0.13658342185757985
2030-06-25 16:00:00,43.3034484703128,18.91751861572277,0.1052104356006414
2030-06-25 17:00:00,43.30341479546708,18.86658859252941,0.07404685588653404
2030-06-25 18:00:00,43.303289141341466,18.632886886596793,0.03588986447199152
2030-06-25 19:00:00,43.30188408861944,18.42377090454113,0.00859961174496176
2030-06-25 20:00:00,35.056160399211244,17.97042274475109,6.029797021252967e-06
2030-06-25 21:00:00,35.05598723106914,17.709703445434684,5.7884140552519146e-06
2030-06-25 22:00:00,35.0558948058756,17.542284011840934,5.423914358709014e-06
2030-06-25 23:00:00,35.055865213434025,17.43677902221691,5.3971553325527186e-06
2030-06-26 00:00:00,35.05585220285797,17.283700942993278,5.36807040334043e-06
2030-06-26 01:00:00,35.05583992696693,17.17885780334484,5.245586756169646e-06
2030-06-26 02:00:00,35.05583695894321,17.163404464721793,5.127609273075406e-06
2030-06-26 03:00:00,35.05584836623596,16.96787261962902,5.2579154398647595e-06
2030-06-26 04:00:00,35.055876024992806,16.952068328857536,5.395487129236381e-06
2030-06-26 05:00:00,35.055902411748605,16.82047271728527,5.3837061661841385e-06
2030-06-26 06:00:00,27.33219235647721,16.734369277954215,3.593973845805773e-06
2030-06-26 07:00:00,27.33219168836967,17.114782333374137,3.413261256638044e-06
2030-06-26 08:00:00,27.331493197210417,18.595825195312614,2.5222183931878697e-06
2030-06-26 09:00:00,27.331730610242257,18.14077949523937,3.397287036510402e-06
2030-06-26 10:00:00,27.331771756485228,18.704847335815543,3.265249726400454e-06
2030-06-26 11:00:00,27.332213516732264,18.94320678710949,3.431302769696904e-06
2030-06-26 12:00:00,27.33161756969712,20.312887191772575,3.0325495806214757e-06
2030-06-26 13:00:00,27.331584990680632,23.033346176147575,2.590528331626324e-06
2030-06-26 14:00:00,27.331645229419472,23.739320755004996,2.726476032536041e-06
2030-06-26 15:00:00,27.332093139842776,23.569715499878043,3.1237505843144546e-06
2030-06-26 16:00:00,27.34771555206804,23.068918228149528,3.4094786509363576e-06
2030-06-26 17:00:00,43.273622959405984,22.37238693237316,0.0008278097980684077
2030-06-26 18:00:00,43.30331969778983,21.4456081390382,0.03570831437845458
2030-06-26 19:00:00,43.3026180047768,20.599304199218864,0.013092510583715671
2030-06-26 20:00:00,43.30047950412382,19.54805946350109,0.0054816467005930425
2030-06-26 21:00:00,41.772680027939685,19.15696525573742,2.1612258632475783e-05
2030-06-26 22:00:00,41.57164534223716,18.817958831787223,1.868026324234298e-05
2030-06-26 23:00:00,41.571772580971576,17.670124053955192,2.043522549027525e-05
2030-06-27 00:00:00,41.572081238976295,17.068984985351676,2.2073489216643243e-05
2030-06-27 01:00:00,41.572930556372135,16.198698043823356,2.335213014923206e-05
2030-06-27 02:00:00,43.30305631457461,16.031637191772575,0.025544935310711486
2030-06-27 03:00:00,43.30338511895816,15.973810195922965,0.07723985973641623
2030-06-27 04:00:00,43.303433490621295,15.92792892456066,0.123338575072739
2030-06-27 05:00:00,43.30345422748652,16.790094375610465,0.16285046330445432
2030-06-27 06:00:00,43.303453209778674,17.93448638916027,0.14864236763784125
2030-06-27 07:00:00,43.303433072933096,19.04934692382824,0.0980112818372007
2030-06-27 08:00:00,43.30333386388719,20.113105773925895,0.03966530748000033
2030-06-27 09:00:00,43.30088470082708,21.117174148559684,0.0043746500391392915
2030-06-27 10:00:00,43.3006716124145,22.14445304870617,0.0036348135212724937
2030-06-27 11:00:00,43.300683107785495,23.095643997192496,0.0035496158775657474
2030-06-27 12:00:00,43.300743988271215,24.672342300415153,0.0036075746999462196
2030-06-27 13:00:00,43.30107332812528,25.407283782959098,0.00427446686364235
2030-06-27 14:00:00,43.30333883199907,24.185548782348746,0.04364769030923959
2030-06-27 15:00:00,43.30345509193413,21.452171325683707,0.14429983924901194
2030-06-27 16:00:00,43.30346471427335,18.143724441528434,0.17764476372903495
2030-06-27 17:00:00,43.30346470036021,18.03598213195812,0.17528974604495964
2030-06-27 18:00:00,43.30346421080701,17.81413078308117,0.17024543325032798
2030-06-27 19:00:00,43.3034572725644,17.447069168090934,0.1477777466363896
2030-06-27 20:00:00,43.30344815673664,17.120517730713004,0.12484694889114144
2030-06-27 21:00:00,43.30343733606372,17.052791595459098,0.10876125148264393
2030-06-27 22:00:00,43.303437499800815,16.969259262085075,0.11704616187783612
2030-06-27 23:00:00,43.30342005598708,16.72972679138195,0.09676673059423181
2030-06-28 00:00:00,43.30338843459391,16.701700210571403,0.0747661765131769
2030-06-28 01:00:00,43.30336797607479,16.592063903808707,0.065818679608068
2030-06-28 02:00:00,43.30339151823892,16.352628707885856,0.07997849787609738
2030-06-28 03:00:00,43.30339135399075,16.27902412414562,0.0812110236668109
2030-06-28 04:00:00,43.30340305315089,16.38565063476574,0.08784195154465788
2030-06-28 05:00:00,43.30343369763894,16.667020797729606,0.11789358772695518
2030-06-28 06:00:00,43.303440315768086,16.835382461547965,0.12811918307176878
2030-06-28 07:00:00,43.30343415729183,17.171081542968864,0.11269945533030218
2030-06-28 08:00:00,43.30341989059958,17.480600357055778,0.09269165180305212
2030-06-28 09:00:00,43.30342710746625,17.519296646118278,0.10171948655990115
2030-06-28 10:00:00,43.30343931743221,17.388210296630973,0.12947216161585917
2030-06-28 11:00:00,43.303415217642325,17.45733451843273,0.09299627774705846
2030-06-28 12:00:00,43.30343749753058,16.923164367675895,0.13757451451960742
2030-06-28 13:00:00,43.30343551464034,16.402034759521598,0.1378248327787578
2030-06-28 14:00:00,43.303429529378334,16.26321601867687,0.12558734391370835
2030-06-28 15:00:00,43.303431877044765,16.103006362915153,0.12994382838537194
2030-06-28 16:00:00,43.303429612534,15.942364692688102,0.12699367647752274
2030-06-28 17:00:00,43.30342638697138,15.677204132080192,0.12582255268909748
2030-06-28 18:00:00,43.30342457862417,15.398747444152946,0.1265482265481988
2030-06-28 19:00:00,43.303422645580575,15.079762458801383,0.1291806327027463
2030-06-28 20:00:00,43.30342241519176,14.889033317566032,0.13448943690264542
2030-06-28 21:00:00,43.303412388271525,14.694858551025504,0.12097038810745646
2030-06-28 22:00:00,43.30337821717669,14.487780570984,0.08482485123098434
2030-06-28 23:00:00,43.30335083995376,14.327632904052848,0.07167151465746016
2030-06-29 00:00:00,43.30330596066834,14.115796089172477,0.05370548196788609
2030-06-29 01:00:00,43.30328656774319,13.675252914428825,0.04799339929954013
2030-06-29 02:00:00,43.30325660757124,13.644339561462516,0.04094878619011138
2030-06-29 03:00:00,43.30325109057724,13.555439949035758,0.04030139281327495
2030-06-29 04:00:00,43.30326292974826,13.32410812377941,0.04241128787335045
2030-06-29 05:00:00,43.30326709953058,13.25319862365734,0.04186428262349444
2030-06-29 06:00:00,27.33677720870454,13.638659477234,4.613080486998426e-06
2030-06-29 07:00:00,27.333349538267875,14.070613861084098,4.381522032965506e-06
2030-06-29 08:00:00,27.368998628762736,14.18870067596447,4.294554942087687e-06
2030-06-29 09:00:00,27.33226914678061,14.731441497802848,4.148167508709964e-06
2030-06-29 10:00:00,27.332282486375192,14.950624465942496,4.09519210449424e-06
2030-06-29 11:00:00,27.331886407240763,15.31824874877941,4.077349909253559e-06
2030-06-29 12:00:00,27.323380567096688,16.049257278442496,3.249197518315716e-06
2030-06-29 13:00:00,27.32334157980695,17.185583114624137,2.663258917120429e-06
2030-06-29 14:00:00,27.323377211124644,17.20803833007824,2.9577212364789027e-06
2030-06-29 15:00:00,27.323369031861063,18.229070663452262,2.5199427061917436e-06
2030-06-29 16:00:00,27.3235455335052,19.157146453857536,3.0696758715033284e-06
2030-06-29 17:00:00,27.334385399302267,18.342109680175895,3.671121215016814e-06
2030-06-29 18:00:00,43.30329414867208,17.054409027099723,0.06015179623459189
2030-06-29 19:00:00,43.30334453828338,15.823151588440055,0.11304808397912632
2030-06-29 20:00:00,43.30335585084376,14.747117996215934,0.14377596375601584
2030-06-29 21:00:00,43.30335245235775,14.253318786621207,0.14982679902196455
2030-06-29 22:00:00,43.30333869833697,13.623599052429313,0.13550142664828996
2030-06-29 23:00:00,43.303326537409056,13.012846946716422,0.1220416576404091
2030-06-30 00:00:00,43.30330681531933,12.564428329467887,0.10315554844694225
2030-06-30 01:00:00,43.30327867346788,12.178411483764762,0.08333066681415678
2030-06-30 02:00:00,43.30325891231888,11.790808677673454,0.0722644576939749
2030-06-30 03:00:00,43.30329231672374,11.552736282348746,0.0941822429866247
2030-06-30 04:00:00,43.30331317218787,11.058203697204704,0.11699826597140336
2030-06-30 05:00:00,43.30332548910405,11.855381011963004,0.14110713042137865
2030-06-30 06:00:00,24.713220977449986,13.485650062561149,7.953153877547746e-06
2030-06-30 07:00:00,24.70482393458416,14.519018173217887,5.9342144462103775e-06
2030-06-30 08:00:00,24.704594680973692,14.934637069702262,4.844287648155484e-06
2030-06-30 09:00:00,24.704431317350316,15.81932640075695,3.5354699259221202e-06
2030-06-30 10:00:00,19.992097434940625,17.095575332641715,2.3820709136586086e-06
2030-06-30 11:00:00,19.991051203938504,19.157966613769645,1.772542430048558e-06
2030-06-30 12:00:00,19.99106520339781,19.903930664062614,1.951692762082579e-06
2030-06-30 13:00:00,19.991027048719147,20.397462844848746,1.8046462494421328e-06
2030-06-30 14:00:00,19.991008881367744,20.967388153076286,1.7234472460352446e-06
2030-06-30 15:00:00,19.991029472943566,20.802089691162223,1.8560104272077201e-06
2030-06-30 16:00:00,19.99107024286016,20.435508728027457,2.089881088988716e-06
2030-06-30 17:00:00,19.9915877427918,19.833698272705192,2.558402602454671e-06
2030-06-30 18:00:00,24.704139025527176,18.795877456665153,3.8913802462565776e-06
2030-06-30 19:00:00,24.704244126864182,17.385877609253043,4.080948735374245e-06
2030-06-30 20:00:00,24.704211542196173,16.33654594421398,4.005059537541969e-06
2030-06-30 21:00:00,24.695534699577337,15.577830314636344,3.8409233695339995e-06
2030-06-30 22:00:00,19.991914454937223,15.010884284973258,3.0306373372299848e-06
2030-06-30 23:00:00,19.991193407909623,14.472607612609977,2.8829080702020553e-06
2030-07-01 00:00:00,19.99112943707121,13.925118446350211,2.7315934283474158e-06
2030-07-01 01:00:00,19.99112445765154,13.483655929565543,2.6731621788211784e-06
2030-07-01 02:00:00,19.99112986729945,13.103225708007926,2.646593922173145e-06
2030-07-01 03:00:00,19.991132054312875,12.716206550598258,2.585937701858381e-06
2030-07-01 04:00:00,19.991150244592102,12.67657279968273,2.511354622820748e-06
2030-07-01 05:00:00,19.99116696365415,13.629645347595329,2.3919901320087523e-06
2030-07-01 06:00:00,0.0252075340582914,15.476291656494254,1.551587504876992e-06
2030-07-01 07:00:00,0.0250990598610549,17.43661689758312,1.44944881789214e-06
2030-07-01 08:00:00,0.0250504538706252,19.351625442504996,1.3349828291889027e-06
2030-07-01 09:00:00,0.0250172505753608,20.92031860351574,1.2322087635779473e-06
2030-07-01 10:00:00,0.0250492732839946,22.331195831298942,1.2443399330849252e-06
2030-07-01 11:00:00,0.0250593738633123,23.185607910156364,1.207159449090409e-06
2030-07-01 12:00:00,0.0250760880341752,24.133144378662223,1.172709392139188e-06
2030-07-01 13:00:00,0.0251091893994555,24.829311370849723,1.183362126652638e-06
2030-07-01 14:00:00,0.0252591954077018,25.213813781738395,1.2248369914951955e-06
2030-07-01 15:00:00,0.0259586903723615,25.324884414672965,1.276667255994271e-06
2030-07-01 16:00:00,0.0294030956222969,25.213169097900504,1.3122479698742515e-06
2030-07-01 17:00:00,20.011523465256605,24.74022483825695,2.2924955993132666e-06
2030-07-01 18:00:00,23.071080044593305,23.922546386718864,3.0879368116545955e-06
2030-07-01 19:00:00,27.322787025738972,22.563533782959098,3.847718851518474e-06
2030-07-01 20:00:00,23.06897237591849,21.094497680664176,3.133456229179193e-06
2030-07-01 21:00:00,22.123713809735232,20.091106414795036,3.017592193732302e-06
2030-07-01 22:00:00,22.11945276413609,19.38211250305187,2.930852867749349e-06
2030-07-01 23:00:00,22.11962237153644,18.76748657226574,3.029212929959722e-06
2030-07-02 00:00:00,22.13735439825565,18.3400115966798,3.409610260919203e-06
2030-07-02 01:00:00,27.330141985301054,17.847818374633903,4.558622219637896e-06
2030-07-02 02:00:00,27.33176611932418,17.261936187744254,4.750066539749512e-06
2030-07-02 03:00:00,27.332037003417437,16.93634414672863,4.750214020809632e-06
2030-07-02 04:00:00,27.33213681071063,17.018434524536246,4.497475404794835e-06
2030-07-02 05:00:00,27.33231664340761,17.618307113647575,4.36950499395709e-06
2030-07-02 06:00:00,24.702953655761306,18.552997589111442,3.4219893217609114e-06
2030-07-02 07:00:00,19.99081122919735,20.193138122558707,2.402177913570756e-06
2030-07-02 08:00:00,19.99004214419606,22.55170822143566,2.1370789785471914e-06
2030-07-02 09:00:00,19.98998863855505,24.715068817138786,1.920428172008551e-06
2030-07-02 10:00:00,19.99001458441909,27.299724578857536,1.9778580995390538e-06
2030-07-02 11:00:00,19.990011517887204,29.401830673217887,1.8939331558891532e-06
2030-07-02 12:00:00,19.990037284982545,30.010250091552848,1.9455527994424574e-06
2030-07-02 13:00:00,19.99021535080121,28.863180160522575,2.2592067259366864e-06
2030-07-02 14:00:00,19.99013793888672,27.96857833862316,2.2445515050282357e-06
2030-07-02 15:00:00,19.9928141114032,21.97065353393566,2.5888258385049693e-06
2030-07-02 16:00:00,20.430888890424477,19.7319850921632,2.647526282248682e-06
2030-07-02 17:00:00,19.99065105669174,19.039558410644645,2.5798887823484696e-06
2030-07-02 18:00:00,19.99068553949764,18.939876556396598,2.713406759854006e-06
2030-07-02 19:00:00,19.991134360954923,19.145643234253043,2.780280806597071e-06
2030-07-02 20:00:00,20.02821157448141,19.20413398742687,2.852240953868339e-06
2030-07-02 21:00:00,19.991513839203886,19.19415664672863,2.9052169996413535e-06
2030-07-02 22:00:00,19.99049841778801,19.565002441406364,2.9078648490252933e-06
2030-07-02 23:00:00,19.99040436749789,19.819585800171012,2.881495536436848e-06
2030-07-03 00:00:00,19.990318305893805,19.42196655273449,2.8447479017884522e-06
2030-07-03 01:00:00,19.99030631049377,18.768413543701286,2.856230696433383e-06
2030-07-03 02:00:00,19.990357156001256,18.403356552124137,2.904551553130819e-06
2030-07-03 03:00:00,19.990427619728173,18.141670227050895,2.9175106012809336e-06
2030-07-03 04:00:00,19.99077971342401,17.943603515625114,2.916686173283125e-06
2030-07-03 05:00:00,20.435529837087063,17.87042617797863,2.976622839464068e-06
2030-07-03 06:00:00,0.0646401367196611,17.983474731445426,2.080796346862837e-06
2030-07-03 07:00:00,0.0632750325422601,18.00317192077648,1.7495040176821078e-06
2030-07-03 08:00:00,0.0391251288316892,18.166851043701286,1.6491034482603568e-06
2030-07-03 09:00:00,0.033091193405606,18.43446540832531,1.5117481766935666e-06
2030-07-03 10:00:00,0.0332115579362581,18.676624298095817,1.5181362374684835e-06
2030-07-03 11:00:00,0.0329463730714523,18.82613563537609,1.437689961732944e-06
2030-07-03 12:00:00,0.0328348111888579,19.516746520996207,1.1402530402110525e-06
2030-07-03 13:00:00,0.032767983378589,22.015159606933707,9.500581410479628e-07
2030-07-03 14:00:00,0.0328819630913107,22.836324691772575,1.2547256025025207e-06
2030-07-03 15:00:00,0.0329325668883366,22.56491851806652,1.1812692110514859e-06
2030-07-03 16:00:00,19.98121615149622,19.576662063598746,2.490174451357859e-06
2030-07-03 17:00:00,19.98225414768292,19.85381889343273,2.4286155496447834e-06
2030-07-03 18:00:00,19.989041645448825,19.751409530639762,2.7488447920972204e-06
2030-07-03 19:00:00,19.98974316648202,18.86729240417492,2.8404070251082075e-06
2030-07-03 20:00:00,19.989885783585,18.338947296142692,2.840133047082665e-06
2030-07-03 21:00:00,19.98855123122347,17.899663925171012,2.9030369861158107e-06
2030-07-03 22:00:00,19.988312841632403,17.464185714721793,3.04563987113801e-06
2030-07-03 23:00:00,19.98799207008907,17.017171859741325,3.0532885876781243e-06
2030-07-04 00:00:00,19.98805818354999,16.715093612671012,3.1033298878888883e-06
2030-07-04 01:00:00,19.9884265578855,16.54740715026867,3.146055584791281e-06
2030-07-04 02:00:00,19.98897865132285,16.381488800048942,3.1339568549266527e-06
2030-07-04 03:00:00,19.990120762608427,16.217992782592887,3.0277055460221023e-06
2030-07-04 04:00:00,19.9983692532672,16.138767242431754,2.9294039660804453e-06
2030-07-04 05:00:00,23.0413788925036,16.062133789062614,3.365710352973501e-06
2030-07-04 06:00:00,23.094555890257027,15.96058273315441,3.430720078847772e-06
2030-07-04 07:00:00,22.15086243222322,16.058324813842887,3.0055417456120647e-06
2030-07-04 08:00:00,22.119121907366093,16.35461807250988,2.8683809955785228e-06
2030-07-04 09:00:00,22.118219663549397,16.74213027954113,2.7133088499532574e-06
2030-07-04 10:00:00,22.121124229440923,17.539653778076286,2.840346246677017e-06
2030-07-04 11:00:00,22.118173581738723,18.453039169311637,2.6537728854631823e-06
2030-07-04 12:00:00,22.11799767725893,20.433195114135856,2.105187837509133e-06
2030-07-04 13:00:00,27.33028307852948,21.200510025024528,4.484512108512315e-06
2030-07-04 14:00:00,22.118103673944656,22.72948265075695,2.4183807652224635e-06
2030-07-04 15:00:00,22.13009236853765,23.53731727600109,2.9322716128652596e-06
2030-07-04 16:00:00,27.33046173005591,23.36029434204113,5.196431827875173e-06
2030-07-04 17:00:00,27.331808127321363,22.782676696777457,8.500769780505277e-06
2030-07-04 18:00:00,27.33257262712347,20.453634262085075,9.747357032298706e-06
2030-07-04 19:00:00,27.33066191744626,19.744285583496207,9.059683230630096e-06
2030-07-04 20:00:00,27.33032060160601,18.111614227295036,5.370191892212445e-06
2030-07-04 21:00:00,19.990436054471704,17.896049499511832,2.8109471079874472e-06
2030-07-04 22:00:00,19.98409062323388,17.62543106079113,2.5284177273601917e-06
2030-07-04 23:00:00,19.983938931412705,17.515478134155387,2.336022681801555e-06
2030-07-05 00:00:00,19.98389716059545,17.036203384399528,2.2566891190255346e-06
2030-07-05 01:00:00,19.983882090952797,16.276645660400504,2.2191383751025973e-06
2030-07-05 02:00:00,19.983874020883377,15.924639701843375,2.220392704631639e-06
2030-07-05 03:00:00,19.983870519994785,15.935017585754508,2.212254924932658e-06
2030-07-05 04:00:00,19.983872611951394,15.759226799011344,2.214570242547766e-06
2030-07-05 05:00:00,19.983883219054103,15.55886268615734,2.226587054075322e-06
2030-07-05 06:00:00,0.0250540295074986,15.776582717895621,1.9042843525552273e-06
2030-07-05 07:00:00,0.0246000447796025,16.286615371704215,1.7576851259625573e-06
2030-07-05 08:00:00,0.0245311222194735,17.663982391357536,1.61399402874385e-06
2030-07-05 09:00:00,0.0244969993163492,19.041082382202262,1.5485485075659588e-06
2030-07-05 10:00:00,0.0248581761895688,18.230367660522575,1.790902425892712e-06
2030-07-05 11:00:00,0.0244495338689204,19.667819976806754,1.4047746731750487e-06
2030-07-05 12:00:00,0.0244550027302105,20.598865509033317,1.3587457010712646e-06
2030-07-05 13:00:00,0.0245044558542888,20.5586452484132,1.5048993149533206e-06
2030-07-05 14:00:00,0.0245317455947164,21.38772583007824,1.3575145797130116e-06
2030-07-05 15:00:00,0.0247673121029411,20.874063491821403,1.5825894547064477e-06
2030-07-05 16:00:00,0.0252020199483229,20.000631332397575,1.5260396961992957e-06
2030-07-05 17:00:00,0.0319099954499989,19.517742156982536,1.6392202881474973e-06
2030-07-05 18:00:00,19.990666951088865,18.877271652221793,2.887370816072891e-06
2030-07-05 19:00:00,20.934087858676897,18.032308578491325,3.159846969999617e-06
2030-07-05 20:00:00,27.332451895706598,16.922864913940543,4.654320990729266e-06
2030-07-05 21:00:00,27.337544536851173,16.20176696777355,4.8853643521124006e-06
2030-07-05 22:00:00,27.327578959575263,15.564139366150016,4.8111347132363675e-06
2030-07-05 23:00:00,26.215846191263523,15.067457199096793,4.302432486380014e-06
2030-07-06 00:00:00,26.215931805866287,14.722939491272086,4.323124903276509e-06
2030-07-06 01:00:00,26.21694481840012,14.489532470703239,4.539713332426716e-06
2030-07-06 02:00:00,27.331279314180783,13.900969505310172,5.3210174864643e-06
2030-07-06 03:00:00,27.332284424717383,12.669703483581657,5.547129478886751e-06
2030-07-06 04:00:00,27.33259771273888,12.662705421447868,5.6286688694153515e-06
2030-07-06 05:00:00,32.381638930927586,13.962652206421012,7.639336282382043e-06
2030-07-06 06:00:00,27.33761368402581,16.336399078369254,5.1361361265235085e-06
2030-07-06 07:00:00,27.32885847724416,18.390720367431754,4.638339382407191e-06
2030-07-06 08:00:00,26.216894162008487,20.15888595581066,3.5517791661614627e-06
2030-07-06 09:00:00,26.216947823056785,21.16250801086437,3.4292656724617332e-06
2030-07-06 10:00:00,26.2169304348704,21.554927825927848,3.1203756735809345e-06
2030-07-06 11:00:00,26.21694499740209,22.044239044189567,2.6818683154392023e-06
2030-07-06 12:00:00,27.33239416235204,21.318950653076286,4.261747676327176e-06
2030-07-06 13:00:00,33.76619545503618,20.513069152832145,7.529309796088227e-06
2030-07-06 14:00:00,27.332256065306904,22.286901473999137,3.250430349337241e-06
2030-07-06 15:00:00,27.33260090911673,22.543754577636832,3.5701109513926073e-06
2030-07-06 16:00:00,35.05984618955248,22.089056015014762,7.2257018117938046e-06
2030-07-06 17:00:00,43.30308133265619,21.424974441528434,0.04674301407495496
2030-07-06 18:00:00,43.30319452708213,20.415283203125114,0.11779565919372921
2030-07-06 19:00:00,43.30319919094764,19.37583732604992,0.12014824561881463
2030-07-06 20:00:00,43.30319924066927,18.69505882263195,0.11499499547886978
2030-07-06 21:00:00,43.30318283545322,18.095670700073356,0.09556735779001523
2030-07-06 22:00:00,43.30312865949709,17.053157806396598,0.06562944562491095
2030-07-06 23:00:00,43.30287565679723,16.103328704834098,0.02691403055696824
2030-07-07 00:00:00,43.24215223634976,15.623969078064079,0.000673303097553171
2030-07-07 01:00:00,35.056199739049035,15.103570938110465,7.67732467957638e-06
2030-07-07 02:00:00,35.05612371429017,14.43987846374523,6.687826924275198e-06
2030-07-07 03:00:00,35.0561040168463,13.878486633300895,5.912072161895189e-06
2030-07-07 04:00:00,35.056112933486304,13.74928188323986,5.626435686140022e-06
2030-07-07 05:00:00,35.05615272371903,14.634805679321403,5.702522686250127e-06
2030-07-07 06:00:00,19.990300641751,16.221172332763786,2.8301660238705357e-06
2030-07-07 07:00:00,19.979380721205025,18.07197761535656,2.63872478342424e-06
2030-07-07 08:00:00,19.97606754601943,20.02985763549816,2.3412203433345483e-06
2030-07-07 09:00:00,19.975959541407075,21.675529479980582,2.1371124444581983e-06
2030-07-07 10:00:00,19.975926879945412,23.07064247131359,1.9387155201466834e-06
2030-07-07 11:00:00,19.975983283026757,23.828804016113395,2.1144172127556383e-06
2030-07-07 12:00:00,19.976031348511324,24.20681190490734,2.057304369514081e-06
2030-07-07 13:00:00,19.97622449595816,24.795934677124137,2.1616378672131974e-06
2030-07-07 14:00:00,27.33245129313964,24.391935348510856,3.956789840615726e-06
2030-07-07 15:00:00,27.331040818826352,24.62549972534191,3.458938428293528e-06
2030-07-07 16:00:00,27.332088406102304,24.662616729736442,3.903006457959634e-06
2030-07-07 17:00:00,28.482816211570157,24.518978118896598,4.501466754067637e-06
2030-07-07 18:00:00,33.76654522864172,23.85531806945812,7.893165654546728e-06
2030-07-07 19:00:00,28.498648059716704,22.61117744445812,5.092061622208338e-06
2030-07-07 20:00:00,27.332410726058807,21.169591903686637,4.245891952795753e-06
2030-07-07 21:00:00,27.331650485815597,20.234586715698356,4.033453262358325e-06
2030-07-07 22:00:00,27.33175950149557,19.60644912719738,4.0413993694582e-06
2030-07-07 23:00:00,27.33174233064623,18.53784561157238,4.07314110348936e-06
2030-07-08 00:00:00,27.331764057917304,17.748062133789176,4.088226153891658e-06
2030-07-08 01:00:00,27.331806153144363,17.028585433960075,4.183399282278706e-06
2030-07-08 02:00:00,27.331928378798484,16.37515449523937,4.341021969797432e-06
2030-07-08 03:00:00,27.332258354750618,15.741385459900016,4.3223748886311275e-06
2030-07-08 04:00:00,27.332513812610827,15.459307670593375,4.07051441851721e-06
2030-07-08 05:00:00,28.491790131528887,16.405635833740348,4.388121861873154e-06
2030-07-08 06:00:00,28.49234701856545,18.312364578247184,4.1825380047541435e-06
2030-07-08 07:00:00,27.350324058049782,20.719984054565543,3.574199673270581e-06
2030-07-08 08:00:00,27.33281294250167,23.12349128723156,3.322302132182333e-06
2030-07-08 09:00:00,27.33243053307712,24.955690383911246,3.19229124095389e-06
2030-07-08 10:00:00,27.33237019969961,25.998880386352653,2.9643376498805693e-06
2030-07-08 11:00:00,27.332398092538234,26.887819290161246,2.8963489899497046e-06
2030-07-08 12:00:00,27.332435921352836,27.698719024658317,2.8703912799157543e-06
2030-07-08 13:00:00,27.332505984965344,28.356771469116325,2.9221420668897305e-06
2030-07-08 14:00:00,27.33287284769933,28.595790863037223,3.12654575736752e-06
2030-07-08 15:00:00,43.296394594369886,28.321590423584098,0.0020369321672875224
2030-07-08 16:00:00,43.303187695753856,28.333864212036246,0.031703805283056795
2030-07-08 17:00:00,43.30332993838648,27.327960968017692,0.11242108597978243
2030-07-08 18:00:00,43.30335416261124,25.91250610351574,0.18341044953598665
2030-07-08 19:00:00,43.30335747761394,24.45738220214855,0.1871941497030939
2030-07-08 20:00:00,43.30335945442414,23.062784194946403,0.1824365655956252
2030-07-08 21:00:00,43.30335715794981,22.030391693115348,0.1688927771043589
2030-07-08 22:00:00,43.30335851299368,21.395936965942496,0.17392444824189096
2030-07-08 23:00:00,43.30335519850207,20.795906066894645,0.16008182525955536
2030-07-09 00:00:00,43.30335023485137,20.17356681823742,0.14770412790005294
2030-07-09 01:00:00,43.30334643896949,19.49487113952648,0.13556939396041767
2030-07-09 02:00:00,43.30332780555372,18.959045410156364,0.10325623622816697
2030-07-09 03:00:00,43.30332410511088,18.49447631835949,0.09460218891430106
2030-07-09 04:00:00,43.303328420106496,18.271816253662223,0.09379814038337775
2030-07-09 05:00:00,43.30334088043744,18.833362579345817,0.1015445256395734
2030-07-09 06:00:00,43.29805231411319,20.22251892089855,0.00702609115149648
2030-07-09 07:00:00,43.29776093320872,22.067623138427848,0.0036416766434895394
2030-07-09 08:00:00,35.05199879585748,23.82568740844738,5.553728516190601e-06
2030-07-09 09:00:00,35.0518614455754,25.340909957885856,4.563021400357465e-06
2030-07-09 10:00:00,35.051856358890134,26.61757850646984,4.372186195376314e-06
2030-07-09 11:00:00,35.05185284654283,27.42440223693859,4.142041700723946e-06
2030-07-09 12:00:00,35.05188156249611,28.240560531616325,4.303290807522799e-06
2030-07-09 13:00:00,35.051956536581486,28.88590240478527,4.636404940140929e-06
2030-07-09 14:00:00,35.052212310597305,29.26545333862316,5.033954202153704e-06
2030-07-09 15:00:00,35.084319641612204,29.093738555908317,5.438223846681132e-06
2030-07-09 16:00:00,43.30194006287084,28.690872192382926,0.007652421255073441
2030-07-09 17:00:00,43.30336129813404,28.208469390869254,0.1148779833506405
2030-07-09 18:00:00,43.30338249580815,26.99111366271984,0.1824298908434052
2030-07-09 19:00:00,43.3033823589744,25.583810806274528,0.18296145835621508
2030-07-09 20:00:00,43.30338112616958,24.153842926025504,0.17558534078459206
2030-07-09 21:00:00,43.30337522008598,22.971681594848746,0.15809412053196226
2030-07-09 22:00:00,43.30337393363013,22.120658874511832,0.16256513559758268
2030-07-09 23:00:00,43.30335972217159,21.397684097290153,0.1275631767594973
2030-07-10 00:00:00,43.303348642181554,21.106502532959098,0.1134523422386118
2030-07-10 01:00:00,43.30334450098946,20.632381439209098,0.10781602931252181
2030-07-10 02:00:00,43.3033465908363,20.027956008911246,0.11079328438112594
2030-07-10 03:00:00,43.30333842999988,19.30623054504406,0.09915212200159249
2030-07-10 04:00:00,43.30334682508837,19.020191192627067,0.10622215959589779
2030-07-10 05:00:00,43.30336132609062,19.86862373352062,0.12684914671604197
2030-07-10 06:00:00,43.30334397623565,21.4042205810548,0.09866897874596549
2030-07-10 07:00:00,43.30323333510383,23.282363891601676,0.03919473320882525
2030-07-10 08:00:00,35.4190580119807,25.297321319580192,6.282303191453771e-06
2030-07-10 09:00:00,35.41722171947134,27.078453063964957,5.344971875205415e-06
2030-07-10 10:00:00,35.41720173377799,28.5499782562257,5.019795534880369e-06
2030-07-10 11:00:00,35.41719267746635,29.530036926269645,4.8116838842574874e-06
2030-07-10 12:00:00,35.41721156532089,30.183444976806754,4.9059103589733616e-06
2030-07-10 13:00:00,35.41725209090705,30.292615890503043,5.056298870752832e-06
2030-07-10 14:00:00,35.417317031291844,30.14244651794445,5.4327146680387974e-06
2030-07-10 15:00:00,35.41852991678235,31.047899246215934,6.301081995528566e-06
2030-07-10 16:00:00,43.30322125663084,31.07669830322277,0.037802705055483665
2030-07-10 17:00:00,43.30334569663097,29.997579574585075,0.1184448574850747
2030-07-10 18:00:00,43.30336209755456,28.788141250610465,0.18083704189405994
2030-07-10 19:00:00,43.30335962164956,27.500179290771598,0.18062101880004228
2030-07-10 20:00:00,43.30335977751975,26.00041007995617,0.1909152134010263
2030-07-10 21:00:00,43.30335501618885,24.605060577392692,0.1852283139808579
2030-07-10 22:00:00,43.303346460526605,23.50325202941906,0.1671574260958425
2030-07-10 23:00:00,43.30333533810163,23.025255203247184,0.15079653896990108
2030-07-11 00:00:00,43.3033201207897,22.95579338073742,0.12676510924779813
2030-07-11 01:00:00,43.30326663592213,22.285734176635856,0.07290132330370401
2030-07-11 02:00:00,35.418843592562936,21.385616302490348,8.132807492120967e-06
2030-07-11 03:00:00,35.417482111259574,20.161003112793082,6.275237811322503e-06
2030-07-11 04:00:00,35.41748626893432,19.640115737915153,5.978019470712846e-06
2030-07-11 05:00:00,35.41753454541716,20.17970466613781,6.034048779398822e-06
2030-07-11 06:00:00,21.00902243808498,21.28167533874523,3.022576372321475e-06
2030-07-11 07:00:00,19.99303497556433,22.730108261108512,2.615634304980118e-06
2030-07-11 08:00:00,19.9906633746161,24.554300308227653,2.242536978986843e-06
2030-07-11 09:00:00,19.990600895269267,26.23081207275402,1.9599283150154274e-06
2030-07-11 10:00:00,19.990603526285994,27.829935073852653,1.8783870437245062e-06
2030-07-11 11:00:00,19.99063570994301,28.94286155700695,1.8697209463223562e-06
2030-07-11 12:00:00,19.99079264762048,29.113994598388786,2.0648891240695108e-06
2030-07-11 13:00:00,22.11822303375569,27.792591094970817,2.776764972066398e-06
2030-07-11 14:00:00,27.332023442930137,24.88708305358898,5.158334026102284e-06
2030-07-11 15:00:00,27.330927917639222,23.745639801025504,4.182016399363407e-06
2030-07-11 16:00:00,22.11964306969701,25.41466331481945,2.7980727516864167e-06
2030-07-11 17:00:00,27.331120620089223,25.37226486206066,4.233726394034104e-06
2030-07-11 18:00:00,27.332132529353466,24.617174148559684,5.589072270586184e-06
2030-07-11 19:00:00,27.33204559437684,23.17593574523937,5.026228830713249e-06
2030-07-11 20:00:00,27.328568115965822,21.686407089233512,4.313499261317303e-06
2030-07-11 21:00:00,22.12568335876797,20.468765258789176,3.4133896704673926e-06
2030-07-11 22:00:00,22.11984050677088,19.489820480346793,3.441270144763566e-06
2030-07-11 23:00:00,22.11971268870928,18.80485343933117,3.521546878059403e-06
2030-07-12 00:00:00,22.119691598399204,18.382503509521598,3.557326579754498e-06
2030-07-12 01:00:00,22.11961867165616,18.177619934082145,3.427039758449042e-06
2030-07-12 02:00:00,22.119582250364186,17.914321899414176,3.24613746328629e-06
2030-07-12 03:00:00,22.119583417082985,17.762493133545036,3.220094140380618e-06
2030-07-12 04:00:00,22.11961099902367,17.643081665039176,3.3017541341036884e-06
2030-07-12 05:00:00,22.119635391275008,17.27160453796398,3.2838732136031664e-06
2030-07-12 06:00:00,0.0602080511160064,17.129821777343864,2.359380548622975e-06
2030-07-12 07:00:00,0.0551399939913049,17.00869941711437,2.117839016237267e-06
2030-07-12 08:00:00,0.0540857285350453,17.132854461670036,2.0402715269484868e-06
2030-07-12 09:00:00,0.0314210961651105,17.507411956787223,1.8366570930759264e-06
2030-07-12 10:00:00,0.0602913891731039,17.664329528808707,1.985320061616365e-06
2030-07-12 11:00:00,0.0296441943149414,18.773654937744254,1.697481914651424e-06
2030-07-12 12:00:00,0.0295028765894745,21.875318527221793,1.2444236326626727e-06
2030-07-12 13:00:00,0.0295833483041894,21.815143585205192,1.6282000257053492e-06
2030-07-12 14:00:00,0.02948163976055,23.428663253784293,1.172590302434729e-06
2030-07-12 15:00:00,0.0295453372786037,23.50405883789074,1.2776462135745432e-06
2030-07-12 16:00:00,0.029688474967238,23.018766403198356,1.488508980789242e-06
2030-07-12 17:00:00,0.1452269950422304,22.027393341064567,1.564194125399254e-06
2030-07-12 18:00:00,19.980164388983216,20.872112274170036,3.302225907909401e-06
2030-07-12 19:00:00,19.989854804672728,19.631855010986442,3.5033051780331583e-06
2030-07-12 20:00:00,19.990242487513544,18.50283241271984,3.4896128405497346e-06
2030-07-12 21:00:00,19.990215075115525,17.77590370178234,3.5614492782974963e-06
2030-07-12 22:00:00,19.886403905677007,17.133090972900504,3.4943042674420725e-06
2030-07-12 23:00:00,19.945412416849194,16.528396606445426,3.6476751041679032e-06
2030-07-13 00:00:00,19.973617747795902,16.311130523681754,3.793694803528738e-06
2030-07-13 01:00:00,19.984986052193168,15.746829032898063,3.896587159420857e-06
2030-07-13 02:00:00,19.98509887087724,14.864524841308707,3.951199537182286e-06
2030-07-13 03:00:00,19.985246703040115,14.216284751892204,3.979913461021545e-06
2030-07-13 04:00:00,19.990360088025845,14.083374023437614,4.148942190351817e-06
2030-07-13 05:00:00,19.990744741804725,15.382875442504996,4.3524591168473605e-06
2030-07-13 06:00:00,0.0549302740676552,17.07764053344738,2.967248964356597e-06
2030-07-13 07:00:00,0.0256679625939302,19.228517532348746,2.1179807935847373e-06
2030-07-13 08:00:00,0.0250970184031976,21.541368484497184,1.8414277342517093e-06
2030-07-13 09:00:00,0.0250563569276364,23.159301757812614,1.671638491496712e-06
2030-07-13 10:00:00,0.0250347514602992,24.618787765503043,1.5902557768834697e-06
2030-07-13 11:00:00,0.025008359986794,25.657566070556754,1.462625299913976e-06
2030-07-13 12:00:00,0.0250539678641394,26.035747528076286,1.628585641254635e-06
2030-07-13 13:00:00,0.0250261304155484,27.27489280700695,1.4328300581869027e-06
2030-07-13 14:00:00,0.0250680778075606,27.836711883545036,1.4951323622735772e-06
2030-07-13 15:00:00,0.0251380723693031,27.300102233886832,1.4568341535987005e-06
2030-07-13 16:00:00,0.0255772540479108,27.11295890808117,1.5999158461264658e-06
2030-07-13 17:00:00,27.332227141011906,25.120368957519645,4.26241550361819e-06
2030-07-13 18:00:00,27.332912305637382,24.05499649047863,4.254850773107829e-06
2030-07-13 19:00:00,27.33288097176021,22.938957214355582,4.302304401460991e-06
2030-07-13 20:00:00,27.33275389224099,22.170497894287223,4.287258466047203e-06
2030-07-13 21:00:00,27.33251094618408,21.411928176879996,4.4209393548705065e-06
2030-07-13 22:00:00,27.33213293117144,20.71361351013195,4.5963193270164204e-06
2030-07-13 23:00:00,27.331994881661817,19.995592117309684,4.739620369804227e-06
2030-07-14 00:00:00,27.332000683532343,19.451591491699332,4.818582225028575e-06
2030-07-14 01:00:00,27.331714388440457,19.43013191223156,4.852270345274999e-06
2030-07-14 02:00:00,27.332236262397952,19.350402832031364,4.814974273293214e-06
2030-07-14 03:00:00,33.75851309168485,19.20822143554699,7.349638384034644e-06
2030-07-14 04:00:00,33.7663841680407,19.234430313110465,8.561185893387412e-06
2030-07-14 05:00:00,33.76649913139028,19.87933158874523,9.06153556367353e-06
2030-07-14 06:00:00,33.75276247253558,20.55725479125988,8.855504407918134e-06
2030-07-14 07:00:00,33.75279861238977,20.789600372314567,8.847750684956764e-06
2030-07-14 08:00:00,33.75281925504768,21.082357406616325,8.322111705120157e-06
2030-07-14 09:00:00,33.752758141846684,21.49607849121105,7.087302654619603e-06
2030-07-14 10:00:00,33.75267256947728,22.27875137329113,6.469819817423033e-06
2030-07-14 11:00:00,27.33217594656569,23.69681549072277,3.678320597329004e-06
2030-07-14 12:00:00,27.32011003849272,25.631729125976676,2.6243960994772367e-06
2030-07-14 13:00:00,27.32027403674572,24.444080352783317,3.3754259548776907e-06
2030-07-14 14:00:00,27.33190227846865,21.803216934204215,3.7696014902820298e-06
2030-07-14 15:00:00,27.32834362091853,21.078166961670036,3.756886952307456e-06
2030-07-14 16:00:00,27.32104622102724,20.993705749511832,3.650521301040824e-06
2030-07-14 17:00:00,27.320436874883576,21.37542533874523,3.518451951750166e-06
2030-07-14 18:00:00,27.321223818399748,21.216938018798942,3.747469382726892e-06
2030-07-14 19:00:00,27.320171130841803,20.557279586792106,3.5409536414314912e-06
2030-07-14 20:00:00,27.32005254363974,20.033142089843864,3.2961830324869484e-06
2030-07-14 21:00:00,27.31999161626585,19.78964996337902,3.141986577257875e-06
2030-07-14 22:00:00,27.3199461341074,19.520345687866325,2.79512313140072e-06
2030-07-14 23:00:00,27.319944750624828,18.918292999267692,2.940888380018662e-06
2030-07-15 00:00:00,27.31994163152005,18.216484069824332,2.9337240554294454e-06
2030-07-15 01:00:00,27.31995668262217,17.619812011718864,3.169786187713291e-06
2030-07-15 02:00:00,27.31998462909665,17.5170135498048,3.479107165916902e-06
2030-07-15 03:00:00,27.320027997842555,17.345384597778434,3.691512596404245e-06
2030-07-15 04:00:00,27.320123951799143,17.1613006591798,3.853294028535289e-06
2030-07-15 05:00:00,27.328565755094434,17.055110931396598,3.993941478896779e-06
2030-07-15 06:00:00,0.0548917218603934,17.299583435058707,2.428975228185971e-06
2030-07-15 07:00:00,0.0544375402375323,18.24107170104992,1.7635624504542761e-06
2030-07-15 08:00:00,0.0251067379793452,19.298772811889762,1.5733059661610035e-06
2030-07-15 09:00:00,0.0251125337026508,19.39459609985363,1.5804037486797424e-06
2030-07-15 10:00:00,0.0249966720385477,20.19622611999523,1.5811642793045174e-06
2030-07-15 11:00:00,0.0247758933935833,22.42287635803234,1.1445259402394821e-06
2030-07-15 12:00:00,0.0248867759277019,22.47867012023937,1.4587946608287307e-06
2030-07-15 13:00:00,0.0248084486913738,23.438133239746207,1.3129961850975905e-06
2030-07-15 14:00:00,0.0247935762620479,24.40153312683117,1.2178681580098537e-06
2030-07-15 15:00:00,0.0248579200522275,23.764186859130973,1.4405885876580383e-06
2030-07-15 16:00:00,0.0249183544237537,23.400064468383903,1.550127047597002e-06
2030-07-15 17:00:00,0.0251041192273193,22.329822540283317,1.6732818502607938e-06
2030-07-15 18:00:00,0.0252275071585092,21.545114517212028,1.7188971761526706e-06
2030-07-15 19:00:00,0.0262034587996641,20.288335800171012,1.8087872311243882e-06
2030-07-15 20:00:00,0.0258350841960613,19.23153686523449,1.8017751854101547e-06
2030-07-15 21:00:00,0.0252257173541265,18.019048690796012,1.8297016735189733e-06
2030-07-15 22:00:00,0.0253405637785524,17.320686340332145,1.964834599047173e-06
2030-07-15 23:00:00,0.0251596383645923,16.90074157714855,1.9665803921337067e-06
2030-07-16 00:00:00,0.0251248534047723,16.4999294281007,1.9951122162642006e-06
2030-07-16 01:00:00,0.0251014999604266,16.11581611633312,2.0519468437838866e-06
2030-07-16 02:00:00,0.0251022172929705,15.739340782165641,2.0295530279663473e-06
2030-07-16 03:00:00,0.0251150242084799,15.344780921936149,1.918684338518137e-06
2030-07-16 04:00:00,0.0251275474719141,15.084472656250114,1.8088470333988799e-06
2030-07-16 05:00:00,0.0251575355538657,15.571489334106559,1.7019986851649238e-06
2030-07-16 06:00:00,0.0250994704890172,16.774637222290153,1.6831681439865767e-06
2030-07-16 07:00:00,0.0248812109161051,18.269042968750114,1.5953263131708256e-06
2030-07-16 08:00:00,0.0246090381549017,19.910821914672965,1.4143877922060883e-06
2030-07-16 09:00:00,0.0245848251435563,21.325412750244254,1.2633546266088445e-06
2030-07-16 10:00:00,0.0246099705051742,22.806070327758903,1.3330558484099884e-06
2030-07-16 11:00:00,0.0246165713597121,23.81272697448742,1.2799998429317183e-06
2030-07-16 12:00:00,0.0246800185993716,24.618427276611442,1.2881136580753529e-06
2030-07-16 13:00:00,0.0249915465402389,24.18264770507824,1.5579375864542785e-06
2030-07-16 14:00:00,0.0250864356069335,24.4543972015382,1.3912416747728567e-06
2030-07-16 15:00:00,19.181823728380355,22.839729309082145,2.5458423018320314e-06
2030-07-16 16:00:00,19.98685600292135,21.540866851806754,2.705781005009603e-06
2030-07-16 17:00:00,19.990281286984874,21.120544433593864,2.858371763866539e-06
2030-07-16 18:00:00,24.69778393191333,20.424472808838004,3.836223892225038e-06
2030-07-16 19:00:00,24.699730286695115,19.599691390991325,4.103790671562387e-06
2030-07-16 20:00:00,24.69950677071391,18.234327316284293,3.980405576546829e-06
2030-07-16 21:00:00,24.690252375291173,17.808694839477653,3.948759009122178e-06
2030-07-16 22:00:00,19.99028175280148,17.92934608459484,3.2656346326373635e-06
2030-07-16 23:00:00,19.99023096094141,17.799243927002067,3.3986146751025527e-06
2030-07-17 00:00:00,19.99017614593617,17.257564544677848,3.4896472404302947e-06
2030-07-17 01:00:00,19.990172940348284,17.135168075561637,3.4990779625188305e-06
2030-07-17 02:00:00,19.99024128427228,17.31699943542492,3.4822241571133975e-06
2030-07-17 03:00:00,19.990306952595628,17.245140075683707,3.423867489131484e-06
2030-07-17 04:00:00,19.999149636818395,17.178087234497184,3.2540984402949705e-06
2030-07-17 05:00:00,20.82048286425707,17.62849044799816,3.2979872719897814e-06
2030-07-17 06:00:00,0.0552175852636234,18.75439262390148,2.182227165081642e-06
2030-07-17 07:00:00,0.0261170599103556,20.314012527465934,1.6660856875397987e-06
2030-07-17 08:00:00,0.0252667953702669,21.98361206054699,1.470552890229512e-06
2030-07-17 09:00:00,0.0252180153120365,23.420139312744254,1.2909015228445581e-06
2030-07-17 10:00:00,0.0252169150629184,24.737712860107536,1.242411086419861e-06
2030-07-17 11:00:00,0.025222612283958,25.711709976196403,1.1869664240264175e-06
2030-07-17 12:00:00,0.0252511580688804,26.06765937805187,1.1562402884123154e-06
2030-07-17 13:00:00,0.0255562340523959,25.19714164733898,1.3521751151882791e-06
2030-07-17 14:00:00,19.958175028865373,23.913654327392692,2.5489372831870512e-06
2030-07-17 15:00:00,19.95950577990981,23.998928070068473,2.411929793912251e-06
2030-07-17 16:00:00,19.990442247682054,23.750982284546012,2.4061201821176045e-06
2030-07-17 17:00:00,27.332126949411,21.63148689270031,3.529502459348795e-06
2030-07-17 18:00:00,27.333242635933253,20.20819473266613,3.5251951220023476e-06
2030-07-17 19:00:00,27.33603179030885,19.58590698242199,3.6546919773104943e-06
2030-07-17 20:00:00,43.12270595883884,19.03175544738781,0.0001845583888300396
2030-07-17 21:00:00,43.25751169997976,18.574844360351676,0.0006865599385133519
2030-07-17 22:00:00,43.13727999776661,18.215202331543082,0.00020066098020223543
2030-07-17 23:00:00,43.27568955823558,17.72432136535656,0.0010018626402545309
2030-07-18 00:00:00,43.303158823035815,17.549396514892692,0.03811673377247897
2030-07-18 01:00:00,43.303242030780616,17.259460449218864,0.05947300919982245
2030-07-18 02:00:00,43.30328066405268,16.791845321655387,0.07833589186438966
2030-07-18 03:00:00,43.30331388151296,16.597509384155387,0.10518311242648738
2030-07-18 04:00:00,43.30333274983057,16.659423828125114,0.12510239503212764
2030-07-18 05:00:00,43.30334571484428,16.556585311889762,0.13976136834284655
2030-07-18 06:00:00,43.30335376654735,16.39141654968273,0.15344918849222913
2030-07-18 07:00:00,43.30331687085676,17.108825683593864,0.07730772396062666
2030-07-18 08:00:00,43.303339603890414,17.186681747436637,0.09905856274404386
2030-07-18 09:00:00,43.303169460330544,18.45700263977062,0.02778672219450584
2030-07-18 10:00:00,43.30253336925521,20.620050430297965,0.0095825444148755
2030-07-18 11:00:00,43.30234380528864,21.882137298584098,0.007051405646350284
2030-07-18 12:00:00,43.30235774141367,23.105754852295036,0.0069236558986874525
2030-07-18 13:00:00,43.30335932032795,21.036857604980582,0.1232183282609212
2030-07-18 14:00:00,43.30250358110912,22.37339591979992,0.008529524547396848
2030-07-18 15:00:00,43.303357582914046,21.534023284912223,0.10841729773568373
2030-07-18 16:00:00,43.30335551997688,21.059453964233512,0.10338579013772162
2030-07-18 17:00:00,43.30337332988334,21.09479904174816,0.14070427443026282
2030-07-18 18:00:00,43.30338495161827,20.2512722015382,0.1907660303018509
2030-07-18 19:00:00,43.30338591161317,19.10169601440441,0.1931137290598158
2030-07-18 20:00:00,43.30338492889951,18.12615776062023,0.18576693005587447
2030-07-18 21:00:00,43.30338006190495,17.485216140747184,0.16993610871084838
2030-07-18 22:00:00,43.30337276204885,17.066286087036246,0.1533055520026976
2030-07-18 23:00:00,43.30336419106973,16.65647888183605,0.13634098692408297
2030-07-19 00:00:00,43.30334089887457,16.23117065429699,0.1011697830500774
2030-07-19 01:00:00,43.303256030842334,15.688323974609489,0.05351053249187779
2030-07-19 02:00:00,43.303027576921984,15.169804573059196,0.025943221359459628
2030-07-19 03:00:00,43.302948047830334,14.789918899536246,0.02260412105531665
2030-07-19 04:00:00,43.302872858791865,14.58172988891613,0.0193051343451001
2030-07-19 05:00:00,43.30286834762714,14.684551239013786,0.018456275654785356
2030-07-19 06:00:00,27.33284888182069,15.052307128906364,4.496308122882991e-06
2030-07-19 07:00:00,27.33248690023928,15.510750770568961,3.936343652275562e-06
2030-07-19 08:00:00,27.33279580981589,15.826974868774528,4.00727301572289e-06
2030-07-19 09:00:00,27.333209327649374,16.155931472778434,3.991909111012619e-06
2030-07-19 10:00:00,27.33248069386833,16.957580566406364,3.3785053733503615e-06
2030-07-19 11:00:00,33.76719628935268,16.08052253723156,7.068150392498785e-06
2030-07-19 12:00:00,27.3326735525113,15.690473556518668,3.976402749811318e-06
2030-07-19 13:00:00,27.33246568604073,15.985260009765739,3.279854880311741e-06
2030-07-19 14:00:00,27.332444044148325,16.63179206848156,2.9029285161020784e-06
2030-07-19 15:00:00,27.332436857619168,18.237216949463004,2.601984656447283e-06
2030-07-19 16:00:00,27.33250202023132,17.981548309326286,2.90108936556874e-06
2030-07-19 17:00:00,27.33265729054657,17.150640487671012,3.1843501338650216e-06
2030-07-19 18:00:00,41.540308329658565,16.08027839660656,2.3427774871731667e-05
2030-07-19 19:00:00,43.30323771542767,15.173311233520621,0.04234627413867845
2030-07-19 20:00:00,43.303348156215904,14.560958862304801,0.10092354359808034
2030-07-19 21:00:00,43.30334177203908,14.476364135742301,0.09824199491050889
2030-07-19 22:00:00,43.30304629493157,14.11911773681652,0.027778765020315153
2030-07-19 23:00:00,43.303214964536,13.797223091125602,0.04560956846447475
2030-07-20 00:00:00,43.30327079709904,13.430792808532829,0.06103442838750711
2030-07-20 01:00:00,43.30330119681852,13.420803070068473,0.07625192290629741
2030-07-20 02:00:00,43.30331776744347,13.489238739013786,0.08863934428529409
2030-07-20 03:00:00,43.3033429382446,13.352671623230094,0.11135954487450257
2030-07-20 04:00:00,43.30335534655526,13.111332893371696,0.12828064706660253
2030-07-20 05:00:00,43.303366196215336,13.019483566284293,0.14611853834427535
2030-07-20 06:00:00,43.303363485461134,13.220150947570914,0.14124498392915313
2030-07-20 07:00:00,43.30336029867262,13.567494392395133,0.1281926273831857
2030-07-20 08:00:00,43.30064824872135,14.538375854492301,0.006138329456215916
2030-07-20 09:00:00,41.55144016174021,14.97273159027111,2.315993346673739e-05
2030-07-20 10:00:00,43.30247014088689,15.332232475280875,0.01465887911615376
2030-07-20 11:00:00,41.54405099097617,17.984653472900504,1.7063703238542705e-05
2030-07-20 12:00:00,41.54408994250329,19.7411346435548,1.884532164322445e-05
2030-07-20 13:00:00,41.54411047784418,21.079944610595817,1.7159246620441892e-05
2030-07-20 14:00:00,41.54424977288958,21.764484405517692,1.845228974514995e-05
2030-07-20 15:00:00,43.301702898524994,21.390869140625114,0.008572588587402384
2030-07-20 16:00:00,43.30331111960822,20.69751358032238,0.07046742405461821
2030-07-20 17:00:00,43.3033391657281,21.251199722290153,0.08998217958559544
2030-07-20 18:00:00,43.30337957416863,20.76798820495617,0.17059852659392427
2030-07-20 19:00:00,43.30338129321286,19.436971664428825,0.17849561303217104
2030-07-20 20:00:00,43.30338094796416,17.83491134643566,0.17859121689489518
2030-07-20 21:00:00,43.30337758742191,17.595922470092887,0.17322269732681134
2030-07-20 22:00:00,43.3033709909825,17.853029251098746,0.16166015382588206
2030-07-20 23:00:00,43.30336710859575,17.211120605468864,0.158626892655103
2030-07-21 00:00:00,43.30336165920502,16.79831123352062,0.15245138584710144
2030-07-21 01:00:00,43.30335589826591,15.773489952087516,0.14531032393602333
2030-07-21 02:00:00,43.30335450280556,15.886049270629996,0.14491440611146802
2030-07-21 03:00:00,43.30335444933711,16.06667518615734,0.1468542674878973
2030-07-21 04:00:00,43.30335351010813,16.1056423187257,0.1484311320459967
2030-07-21 05:00:00,43.30335643752121,16.197732925415153,0.15587211985926103
2030-07-21 06:00:00,43.3033487383366,16.27247810363781,0.1449575266652729
2030-07-21 07:00:00,43.30332726088022,16.364847183227653,0.10946222313648891
2030-07-21 08:00:00,43.30323822863371,16.36135864257824,0.05467089763297724
2030-07-21 09:00:00,43.30305396711073,16.394184112548942,0.02841650176448899
2030-07-21 10:00:00,43.3028521215508,16.39840888977062,0.019474176573109
2030-07-21 11:00:00,43.30288780003101,16.22283744812023,0.020882036048983595
2030-07-21 12:00:00,43.30248040569749,16.19088172912609,0.01235678633954596
2030-07-21 13:00:00,43.302371247741945,16.44946670532238,0.01043723917603746
2030-07-21 14:00:00,43.30239609773436,16.640300750732536,0.01038728234367727
2030-07-21 15:00:00,43.30249985179831,16.701299667358512,0.011891202762388134
2030-07-21 16:00:00,43.30273228189993,16.62680053710949,0.015975040308970057
2030-07-21 17:00:00,43.303119188083606,16.53956794738781,0.033500393552159155
2030-07-21 18:00:00,43.30324472494002,16.485818862915153,0.061370603301245025
2030-07-21 19:00:00,43.30330263261924,16.42667388916027,0.11082959792824154
2030-07-21 20:00:00,43.30331509228338,16.25907135009777,0.1393070149316888
2030-07-21 21:00:00,43.30331146953696,16.185323715210075,0.14037723702924723
2030-07-21 22:00:00,43.30328371177881,16.154651641845817,0.10211204680807293
2030-07-21 23:00:00,43.30324285763916,15.98862743377697,0.07469754429598047
2030-07-22 00:00:00,43.303023378632055,15.803014755249137,0.03050026555057368
2030-07-22 01:00:00,43.30310657520492,15.653001785278434,0.03948133305105484
2030-07-22 02:00:00,43.303206340938544,15.524066925048942,0.06306195934678217
2030-07-22 03:00:00,43.30323889774077,15.312774658203239,0.07992700950636207
2030-07-22 04:00:00,43.30323093112189,15.168507575988883,0.0723769672031748
2030-07-22 05:00:00,43.3032044011295,15.019670486450309,0.055456882397127656
2030-07-22 06:00:00,24.70350981201225,14.975270271301383,5.302608719795817e-06
2030-07-22 07:00:00,24.70340013893607,15.254439353942985,4.228193096793131e-06
2030-07-22 08:00:00,24.703144211723806,15.330935478210563,3.676129400482734e-06
2030-07-22 09:00:00,20.005870670878185,15.639807701110954,2.6672431022956525e-06
2030-07-22 10:00:00,20.97500395016424,15.615453720092887,3.17330818687072e-06
2030-07-22 11:00:00,20.963799505979303,15.328681945800895,2.9784386606915615e-06
2030-07-22 12:00:00,19.99086665924864,15.224103927612418,2.733103376612328e-06
2030-07-22 13:00:00,19.9904958556878,15.185305595398063,2.6374032695478087e-06
2030-07-22 14:00:00,19.99035499637853,15.219942092895621,2.5755585311627607e-06
2030-07-22 15:00:00,19.99032189182463,15.27541542053234,2.5387526849299876e-06
2030-07-22 16:00:00,19.991363710148523,15.295036315918082,2.874847250728307e-06
2030-07-22 17:00:00,20.833949419091866,15.349865913391227,3.214375595303893e-06
2030-07-22 18:00:00,20.828990036068,15.245443344116325,3.2239786160884416e-06
2030-07-22 19:00:00,20.828410861559764,15.242182731628532,3.2526522749524056e-06
2030-07-22 20:00:00,20.830424311228583,15.152128219604606,3.347666079818193e-06
2030-07-22 21:00:00,19.99168521142652,15.006695747375602,3.291092018758668e-06
2030-07-22 22:00:00,19.99322003048632,14.850514411926383,3.4549025300522787e-06
2030-07-22 23:00:00,19.990478571553343,14.814619064331168,3.269674832767804e-06
2030-07-23 00:00:00,19.99025593790156,14.663042068481559,2.929352582515519e-06
2030-07-23 01:00:00,19.99021530453272,14.630482673645133,2.561225823954239e-06
2030-07-23 02:00:00,19.990205931918183,14.549568176269645,2.4420324381981843e-06
2030-07-23 03:00:00,19.99020657780021,14.385605812072868,2.3941424004687325e-06
2030-07-23 04:00:00,19.99021327595717,14.264061927795524,2.3607143544050574e-06
2030-07-23 05:00:00,19.99023014211406,14.321505546569938,2.359096578610395e-06
2030-07-23 06:00:00,0.0251486591630956,14.457198143005485,1.7647486763676017e-06
2030-07-23 07:00:00,0.0251304070950602,14.658408164978141,1.7136603310521082e-06
2030-07-23 08:00:00,0.0251105436617026,14.950205802917594,1.7019952509341002e-06
2030-07-23 09:00:00,0.0250913781723932,15.207054138183707,1.665542579475988e-06
2030-07-23 10:00:00,0.0251016682122224,15.714343070984,1.6770850118067624e-06
2030-07-23 11:00:00,0.0249744594245405,16.587717056274528,1.5541548845593762e-06
2030-07-23 12:00:00,0.0249023327705434,17.94330215454113,1.1299392918625265e-06
2030-07-23 13:00:00,0.025009776948574,17.488948822021598,1.564624072463004e-06
2030-07-23 14:00:00,0.025021461850639,16.986206054687614,1.5083319617547866e-06
2030-07-23 15:00:00,0.0250468886702551,17.664203643798942,1.3214341142279576e-06
2030-07-23 16:00:00,0.0252253730435037,16.875036239624137,1.422858497453396e-06
2030-07-23 17:00:00,0.0286950046521484,16.66025543212902,1.5646881628842629e-06
2030-07-23 18:00:00,19.97221975697923,16.07884025573742,2.815108134526473e-06
2030-07-23 19:00:00,19.989347375941158,15.052129745483512,2.9982172457411544e-06
2030-07-23 20:00:00,19.989948551057857,14.070930480957145,3.0623357273291807e-06
2030-07-23 21:00:00,19.99023437328517,13.213667869567985,3.2212498033438277e-06
2030-07-23 22:00:00,19.988826333282567,12.87246417999279,3.271846616981795e-06
2030-07-23 23:00:00,19.989371332072636,12.496165275573844,3.5118593847388015e-06
2030-07-24 00:00:00,19.98954295988193,12.362522125244254,3.5826719562777742e-06
2030-07-24 01:00:00,19.99014468592063,12.483041763305778,3.5455923747973698e-06
2030-07-24 02:00:00,19.990691892946664,12.186115264892692,3.340745494512191e-06
2030-07-24 03:00:00,20.380247772077496,12.12829685211193,3.2491281805455596e-06
2030-07-24 04:00:00,20.667541418743625,11.811203956604118,3.246423121261474e-06
2030-07-24 05:00:00,21.18963985126671,11.967380523681754,3.2753641686893112e-06
2030-07-24 06:00:00,21.896285668345868,12.447527885437125,3.3264619694807973e-06
2030-07-24 07:00:00,22.00437133334299,12.97968673706066,3.1510537205785223e-06
2030-07-24 08:00:00,21.190313606918625,13.282773017883414,2.977411499983063e-06
2030-07-24 09:00:00,21.188892543479675,13.615125656128043,2.7778951435684023e-06
2030-07-24 10:00:00,21.188791174452422,14.631376266479606,2.519964891665104e-06
2030-07-24 11:00:00,26.183113490625303,13.81296253204357,5.620577210133824e-06
2030-07-24 12:00:00,21.18879885166836,14.541584014892692,2.5313938236389646e-06
2030-07-24 13:00:00,21.188730989089425,15.72343730926525,1.9879632863995377e-06
2030-07-24 14:00:00,21.188770399440884,15.857789993286246,2.1461635478107904e-06
2030-07-24 15:00:00,21.1889481445731,15.39317893981945,2.6011446375569513e-06
2030-07-24 16:00:00,21.18894489944429,16.60998344421398,2.0281774322667686e-06
2030-07-24 17:00:00,22.899751564195263,16.88898086547863,2.9458749409430502e-06
2030-07-24 18:00:00,35.057268523386966,16.34438514709484,6.912756796573261e-06
2030-07-24 19:00:00,43.30191376122497,15.485570907592887,0.009647733813527343
2030-07-24 20:00:00,43.30306546846765,14.914752006530875,0.059865161892295835
2030-07-24 21:00:00,43.30307994750618,14.330961227417106,0.07450879224293062
2030-07-24 22:00:00,43.30311213640924,13.678984642028922,0.11580242147482002
2030-07-24 23:00:00,43.303086902790575,11.837842941284293,0.09523669797400715
2030-07-25 00:00:00,43.30307789830392,11.203076362609977,0.08898345166681748
2030-07-25 01:00:00,43.30306796568333,10.75766754150402,0.08365321329364864
2030-07-25 02:00:00,43.30306765841545,10.322923660278434,0.08383541223602817
2030-07-25 03:00:00,43.30306875951595,9.874848365783805,0.08315915319728615
2030-07-25 04:00:00,43.30308284160093,9.81845855712902,0.09203509446952578
2030-07-25 05:00:00,43.303087855883554,11.039177894592399,0.09409850053894474
2030-07-25 06:00:00,33.76830941342111,12.894086837768668,8.491073538472031e-06
2030-07-25 07:00:00,33.76379650282792,14.984872817993278,6.098147132798695e-06
2030-07-25 08:00:00,33.76804544477214,15.808389663696403,6.411640088934073e-06
2030-07-25 09:00:00,27.332791894376523,17.968378067016715,2.845582122596132e-06
2030-07-25 10:00:00,27.33277022177996,19.814237594604606,2.5462888468527653e-06
2030-07-25 11:00:00,27.332778524584494,20.52005004882824,2.5443244117316388e-06
2030-07-25 12:00:00,27.332831228336797,20.654777526855582,2.8808879282769815e-06
2030-07-25 13:00:00,27.332876567740747,21.01326179504406,2.7399272264480987e-06
2030-07-25 14:00:00,43.30300970873514,19.447212219238395,0.049736150626444896
2030-07-25 15:00:00,43.30308472111881,16.8516082763673,0.10853624516216691
2030-07-25 16:00:00,43.3017380156394,18.28796768188488,0.007920790023217033
2030-07-25 17:00:00,43.30308864403478,18.697322845459098,0.11997762294656186
2030-07-25 18:00:00,43.30308460072678,17.906185150146598,0.11954460142721099
2030-07-25 19:00:00,43.30306472133278,17.120735168457145,0.09545020452919338
2030-07-25 20:00:00,43.3030535560457,16.496927261352653,0.08761764403602339
2030-07-25 21:00:00,43.3030452045784,15.514048576355094,0.08575953171480964
2030-07-25 22:00:00,43.30289866717906,14.718728065490836,0.03824579056924041
2030-07-25 23:00:00,43.30222566803569,14.240181922912711,0.013359724084584544
2030-07-26 00:00:00,43.30241015725965,13.798336982727164,0.016464791839702935
2030-07-26 01:00:00,43.30263374119649,13.524929046630973,0.022598932325236014
2030-07-26 02:00:00,43.301902431895854,13.347652435302848,0.01104402392413952
2030-07-26 03:00:00,43.302217235318174,13.782311439514274,0.013940845468833979
2030-07-26 04:00:00,43.30267232909889,14.197220802307243,0.024366262843549962
2030-07-26 05:00:00,43.30286454992793,14.711664199829215,0.03812587779519762
2030-07-26 06:00:00,43.30203158585455,15.668232917785758,0.012534719315036958
2030-07-26 07:00:00,43.30252059781095,16.102016448974723,0.019221328553053037
2030-07-26 08:00:00,43.30285502658822,16.18698883056652,0.038804062614048944
2030-07-26 09:00:00,43.30292568156707,16.453344345092887,0.05259512349454156
2030-07-26 10:00:00,43.30223325963074,17.597326278686637,0.013496610521503895
2030-07-26 11:00:00,41.55691417746299,18.099136352539176,2.2915816958805215e-05
2030-07-26 12:00:00,43.30286142568799,17.0100612640382,0.04320793971040834
2030-07-26 13:00:00,43.30294349966972,16.610195159912223,0.06778770371925859
2030-07-26 14:00:00,43.30293888129582,16.31381988525402,0.06852579991654946
2030-07-26 15:00:00,43.30287144474814,16.737834930420036,0.04705080635796908
2030-07-26 16:00:00,43.30296421051006,16.65280342102062,0.08672264348635893
2030-07-26 17:00:00,43.30295959444943,16.49146652221691,0.08472945652463995
2030-07-26 18:00:00,43.30287641393208,16.439428329467887,0.04946698688493119
2030-07-26 19:00:00,43.29875410041622,16.461191177368278,0.003998985958374362
2030-07-26 20:00:00,41.54209942332948,16.419584274292106,2.302172163680683e-05
2030-07-26 21:00:00,43.299435990490366,16.38881111145031,0.004953106702353704
2030-07-26 22:00:00,43.2972142342302,16.41601371765148,0.0036205637731852036
2030-07-26 23:00:00,27.332501767290683,16.420446395874137,4.167446494075495e-06
2030-07-27 00:00:00,27.332249824486823,16.432691574096793,3.4433140138633316e-06
2030-07-27 01:00:00,27.332204864857133,16.39788627624523,3.3279456081015616e-06
2030-07-27 02:00:00,27.332185448081788,16.38683128356945,3.266324936052534e-06
2030-07-27 03:00:00,27.332168828928985,16.364437103271598,3.0696419713093937e-06
2030-07-27 04:00:00,27.33215687646685,16.368396759033317,2.847257960147827e-06
2030-07-27 05:00:00,27.332156592348117,16.43123054504406,2.7643849140729734e-06
2030-07-27 06:00:00,0.0250903897148594,16.573364257812614,2.0563310820265346e-06
2030-07-27 07:00:00,0.0250872128089169,16.794754028320426,2.012738993404117e-06
2030-07-27 08:00:00,0.0250608783021216,17.070583343505973,2.0118468825111416e-06
2030-07-27 09:00:00,0.02487238828358,17.756517410278434,1.922275780268162e-06
2030-07-27 10:00:00,0.025019798784542,18.355030059814567,1.9044886481936826e-06
2030-07-27 11:00:00,0.0245913536928015,19.85305213928234,1.3492829399878763e-06
2030-07-27 12:00:00,0.0246090992546842,20.540859222412223,1.4039606918102273e-06
2030-07-27 13:00:00,0.0246367140668642,20.854709625244254,1.4204947962235214e-06
2030-07-27 14:00:00,0.024739719292859,20.77696228027355,1.6979547294917239e-06
2030-07-27 15:00:00,0.0249094775268411,20.600107192993278,1.906206442447935e-06
2030-07-27 16:00:00,0.0250552383402977,20.184965133667106,1.8774620048922487e-06
2030-07-27 17:00:00,0.0251050907550356,18.390441894531364,1.737561615070121e-06
2030-07-27 18:00:00,0.0252152066607826,17.9770965576173,1.7062281963334306e-06
2030-07-27 19:00:00,0.0265834184212501,17.57838630676281,1.8341956435215367e-06
2030-07-27 20:00:00,0.0292005838517404,16.668849945068473,1.8977859716934967e-06
2030-07-27 21:00:00,0.0292404319957582,15.99259471893322,1.9361198101891743e-06
2030-07-27 22:00:00,0.0297691374723779,15.710961341858024,2.0217018617424984e-06
2030-07-27 23:00:00,0.030314535297933,15.584615707397575,2.0819153834873645e-06
2030-07-28 00:00:00,0.0311758541050759,15.459179878234977,2.1534991259861233e-06
2030-07-28 01:00:00,0.0317430234061965,15.38446426391613,2.149852371483018e-06
2030-07-28 02:00:00,0.055541419720484,15.445062637329215,2.217009990185976e-06
2030-07-28 03:00:00,19.99057950244294,15.434895515442008,3.602933186327713e-06
2030-07-28 04:00:00,27.33231397392356,15.437326431274528,4.801169388430294e-06
2030-07-28 05:00:00,27.33247728421489,15.423174858093375,4.46120278679436e-06
2030-07-28 06:00:00,27.332471489687865,15.493566513061637,4.115724449037648e-06
2030-07-28 07:00:00,27.332632497781848,15.64743518829357,3.939830642376677e-06
2030-07-28 08:00:00,33.57433556629866,15.602168083191032,5.943515302428378e-06
2030-07-28 09:00:00,32.21295804239209,15.640030860900993,5.09616904588581e-06
2030-07-28 10:00:00,33.76469976730806,15.709998130798454,6.166206200763338e-06
2030-07-28 11:00:00,33.599484667789696,15.660029411316032,5.980550546580756e-06
2030-07-28 12:00:00,32.213682104877,15.52257347106945,5.288728979139904e-06
2030-07-28 13:00:00,27.333624284211314,16.021905899047965,3.7688213332938743e-06
2030-07-28 14:00:00,27.33201190734821,17.48281288146984,3.342946509022392e-06
2030-07-28 15:00:00,33.76369440483696,17.60351943969738,6.402007496584011e-06
2030-07-28 16:00:00,33.767186533674014,17.499246597290153,7.162644706844754e-06
2030-07-28 17:00:00,33.76725594836548,17.34285163879406,7.478449763192682e-06
2030-07-28 18:00:00,33.76690441543397,17.041526794433707,6.9295910642121355e-06
2030-07-28 19:00:00,27.33589796652565,16.83876991271984,4.2272090457528705e-06
2030-07-28 20:00:00,27.332433511246386,16.856546401977653,4.057774147907825e-06
2030-07-28 21:00:00,27.332257505728737,16.851556777954215,4.113323041230648e-06
2030-07-28 22:00:00,27.332100008068213,16.715995788574332,3.983393813319904e-06
2030-07-28 23:00:00,27.33209700252204,16.59616851806652,4.024883733050531e-06
2030-07-29 00:00:00,27.33213602528145,16.373283386230582,4.258396540398458e-06
2030-07-29 01:00:00,27.332180002987283,16.00835990905773,4.472783088641429e-06
2030-07-29 02:00:00,27.33216072750353,15.451972961425895,4.3890451149110074e-06
2030-07-29 03:00:00,27.332168674275444,14.940374374389762,4.279178109553942e-06
2030-07-29 04:00:00,27.33222190923204,14.67334079742443,4.147881748108925e-06
2030-07-29 05:00:00,27.33233702068957,14.446652412414664,4.012948218316717e-06
2030-07-29 06:00:00,20.32155523436093,14.371716499328727,3.343543808372227e-06
2030-07-29 07:00:00,20.32139407589336,14.784126281738395,3.1331254762600817e-06
2030-07-29 08:00:00,19.990053171004647,15.530933380127067,2.856494393247935e-06
2030-07-29 09:00:00,19.99011321834807,16.037088394165153,2.7560202225932088e-06
2030-07-29 10:00:00,16.50213947785749,16.860908508300895,2.5364019390821935e-06
2030-07-29 11:00:00,16.441143273396616,18.49082946777355,1.9324649631831774e-06
2030-07-29 12:00:00,16.441100430444354,19.662454605102653,1.6112823468672729e-06
2030-07-29 13:00:00,16.44110000668432,20.077074050903434,1.5670174008940825e-06
2030-07-29 14:00:00,16.441244184703447,18.543392181396598,2.2140891917067376e-06
2030-07-29 15:00:00,16.441219284002027,18.238445281982536,1.8932038642033713e-06
2030-07-29 16:00:00,16.44131494616751,18.621311187744254,1.9002934843810667e-06
2030-07-29 17:00:00,19.989785445277867,18.00454902648937,3.1569472167128333e-06
2030-07-29 18:00:00,19.990090078561423,17.427936553955192,3.1991934105258806e-06
2030-07-29 19:00:00,19.99020064747664,16.79653358459484,3.240855089634586e-06
2030-07-29 20:00:00,19.99034898844001,16.49883842468273,3.2234217565556486e-06
2030-07-29 21:00:00,19.990223981439243,16.260198593139762,3.376272644142791e-06
2030-07-29 22:00:00,19.989931069324573,15.788805007934684,3.566960693822062e-06
2030-07-29 23:00:00,19.988389757003983,15.105285644531364,3.711783530737115e-06
2030-07-30 00:00:00,19.97814299349175,14.713235855102653,3.699672161376561e-06
2030-07-30 01:00:00,19.59548034513877,14.374152183532829,3.6338545509677594e-06
2030-07-30 02:00:00,19.277321627958845,14.189234733581657,3.565039904855171e-06
2030-07-30 03:00:00,19.96708887797407,13.912512779235954,3.7049572636101743e-06
2030-07-30 04:00:00,19.98972962372293,13.646259307861442,3.550960035126867e-06
2030-07-30 05:00:00,19.990110192394773,13.474841117859,3.3527072293449804e-06
2030-07-30 06:00:00,0.0544024408954986,13.466124534607047,1.9626265210762635e-06
2030-07-30 07:00:00,0.0252785556403831,13.81143951416027,1.676944623975768e-06
2030-07-30 08:00:00,0.0251132355469566,14.473422050476188,1.6465958208873806e-06
2030-07-30 09:00:00,0.0250586045031362,15.168260574340934,1.6310041489422402e-06
2030-07-30 10:00:00,0.0250324064786808,15.542140960693473,1.6195014425069948e-06
2030-07-30 11:00:00,0.0249909942109543,15.573898315429801,1.6419221091612663e-06
2030-07-30 12:00:00,0.024708164900787,17.07429122924816,1.140831958470167e-06
2030-07-30 13:00:00,0.0247192148678761,19.290140151977653,1.1755009279565097e-06
2030-07-30 14:00:00,0.0250564701966106,18.745401382446403,1.7481287853215468e-06
2030-07-30 15:00:00,0.025034312634267,18.649349212646598,1.6928500929592544e-06
2030-07-30 16:00:00,0.0249265998650288,19.71939849853527,1.634325062046871e-06
2030-07-30 17:00:00,0.0250975725090623,19.444023132324332,1.7373755515321241e-06
2030-07-30 18:00:00,0.0251974714667807,18.388359069824332,1.7730150330807087e-06
2030-07-30 19:00:00,0.0251484307369428,17.550720214843864,1.8057582959008862e-06
2030-07-30 20:00:00,0.0251368804319139,17.067276000976676,1.794160647818921e-06
2030-07-30 21:00:00,0.025119564670267,16.708984375000114,1.8496686031872248e-06
2030-07-30 22:00:00,0.0251017619433483,16.020910263061637,1.980753547636326e-06
2030-07-30 23:00:00,0.0250939861110012,15.139236450195426,2.046624063933929e-06
2030-07-31 00:00:00,0.0250978843166566,14.339254379272575,2.1203123050047513e-06
2030-07-31 01:00:00,0.0251048776346836,13.69052886962902,2.1439576078177622e-06
2030-07-31 02:00:00,0.0251166056374526,13.615472793579215,2.1428999720001154e-06
2030-07-31 03:00:00,0.0251318701491878,13.96510219573986,2.0570108773370928e-06
2030-07-31 04:00:00,0.0251332311002139,14.090429306030387,1.942773751522618e-06
2030-07-31 05:00:00,0.0251543046281341,14.189238548278922,1.793783175764859e-06
2030-07-31 06:00:00,0.0251314730547813,14.732743263244743,1.734693233260734e-06
2030-07-31 07:00:00,0.0250865780419004,15.963689804077262,1.6641898707178394e-06
2030-07-31 08:00:00,0.0250488620164841,16.952638626098746,1.6269838830270573e-06
2030-07-31 09:00:00,0.0247876002644876,18.217901229858512,1.5249456338562527e-06
2030-07-31 10:00:00,0.0250327463373843,18.70322990417492,1.6316124171705058e-06
2030-07-31 11:00:00,0.0247204893454456,18.977912902832145,1.5547889927574268e-06
2030-07-31 12:00:00,0.0245986928336481,20.951274871826286,1.057466856380934e-06
2030-07-31 13:00:00,0.0246204112096753,22.548435211181754,1.0789463589593313e-06
2030-07-31 14:00:00,0.025031090477468,21.052993774414176,1.6650538569321962e-06
2030-07-31 15:00:00,0.0250427615433904,19.86504936218273,1.6158381725328653e-06
2030-07-31 16:00:00,0.025041984601689,20.61765289306652,1.593804692571939e-06
2030-07-31 17:00:00,0.0250703886455103,20.78274726867687,1.6293537077632691e-06
2030-07-31 18:00:00,0.0251231971323226,20.206617355346793,1.7106977171729905e-06
2030-07-31 19:00:00,0.025117956667507,18.91123771667492,1.751363338595778e-06
2030-07-31 20:00:00,0.0251213923092711,17.516819000244254,1.7429304222693346e-06
2030-07-31 21:00:00,0.0251092931237464,16.804330825805778,1.822654888688365e-06
2030-07-31 22:00:00,0.0251012353215116,16.280479431152457,1.914260903931625e-06
2030-07-31 23:00:00,0.0251004221285271,15.47821426391613,1.9676094450149208e-06
2030-08-01 00:00:00,0.0251004099480377,14.951274871826286,2.01020226057145e-06
2030-08-01 01:00:00,0.0251169027954856,14.741423606872672,2.0293241945068074e-06
2030-08-01 02:00:00,0.025139291556065,14.476669311523551,1.971987042120138e-06
2030-08-01 03:00:00,0.0252372268676426,14.385712623596305,1.8750357019258962e-06
2030-08-01 04:00:00,0.0263792134999993,14.23006629943859,1.937387346834516e-06
2030-08-01 05:00:00,0.0282070311708049,14.516267776489371,1.8405809129685756e-06
2030-08-01 06:00:00,0.0270883777291316,15.107822418213004,1.6711778775931237e-06
2030-08-01 07:00:00,0.0270136529871813,16.04295921325695,1.529924026732139e-06
2030-08-01 08:00:00,0.0275942529651089,16.679588317871207,1.6344457207804128e-06
2030-08-01 09:00:00,0.0462100782583592,16.844802856445426,1.737257017367665e-06
2030-08-01 10:00:00,0.0490426610148256,17.02386283874523,1.7700189978074703e-06
2030-08-01 11:00:00,0.0282468746242714,16.90314865112316,1.7050681482214655e-06
2030-08-01 12:00:00,0.027185440256203,17.248388290405387,1.570422909161811e-06
2030-08-01 13:00:00,0.0271336263406998,17.77120971679699,1.4538643405935693e-06
2030-08-01 14:00:00,0.0271479917622565,18.19589424133312,1.46850985100325e-06
2030-08-01 15:00:00,0.0271853464421425,19.39047431945812,1.5245192827702827e-06
2030-08-01 16:00:00,0.0559696472517899,19.15631484985363,1.9526631048751345e-06
2030-08-01 17:00:00,0.0566997807084009,19.46115875244152,1.945266242645953e-06
2030-08-01 18:00:00,0.0576199638580994,19.167968750000114,2.289310075010213e-06
2030-08-01 19:00:00,0.057531630453097,18.521024703979606,2.2106100689817317e-06
2030-08-01 20:00:00,0.0575151621932402,17.64178276062023,2.2030672180133298e-06
2030-08-01 21:00:00,0.0560193221012073,17.173442840576286,2.0821161003076486e-06
2030-08-01 22:00:00,0.0277881356891213,16.510412216186637,1.9414231006629563e-06
2030-08-01 23:00:00,0.0278964631063741,15.680611610412711,2.0583899476868104e-06
2030-08-02 00:00:00,0.0277187502361366,15.378974914550895,2.0676553912739717e-06
2030-08-02 01:00:00,0.027475402663278,15.232271194458121,2.040711864472016e-06
2030-08-02 02:00:00,0.0273954529106663,15.042159080505485,1.9857612619499653e-06
2030-08-02 03:00:00,0.0272648998225142,15.268214225769157,1.7073423723380813e-06
2030-08-02 04:00:00,0.0272382350224561,15.048981666565055,1.5499972547165797e-06
2030-08-02 05:00:00,0.0272338823725781,14.81495285034191,1.447807141440409e-06
2030-08-02 06:00:00,0.0250510168615869,14.799187660217399,1.974390219769205e-06
2030-08-02 07:00:00,0.025043091736204,15.110281944275016,1.8347751772015426e-06
2030-08-02 08:00:00,0.0249495658750394,15.496583938598746,1.811946373930467e-06
2030-08-02 09:00:00,0.0246504957998061,16.046354293823356,1.6876006015933562e-06
2030-08-02 10:00:00,0.0245285348799522,17.068439483642692,1.5168138467920066e-06
2030-08-02 11:00:00,0.0244720339241317,18.819513320922965,1.203209135666561e-06
2030-08-02 12:00:00,0.0245159903571261,20.557069778442496,1.3921741337918708e-06
2030-08-02 13:00:00,0.0245533611128001,21.21014213562023,1.4674572596257687e-06
2030-08-02 14:00:00,0.0246635924210699,20.645006179809684,1.7279608907265855e-06
2030-08-02 15:00:00,0.0250582185576027,19.16529464721691,1.8719398781722971e-06
2030-08-02 16:00:00,0.0248583948256218,19.533569335937614,1.801269858671823e-06
2030-08-02 17:00:00,0.0250653930868619,18.430137634277457,1.9241701658249447e-06
2030-08-02 18:00:00,0.025058639678359,17.216323852539176,1.925914488666928e-06
2030-08-02 19:00:00,0.0250617738632134,17.131994247436637,1.9020640183196896e-06
2030-08-02 20:00:00,0.0250618412214092,16.944200515747184,1.8988598405359893e-06
2030-08-02 21:00:00,0.0250476840795814,16.741870880127067,1.970528722499925e-06
2030-08-02 22:00:00,0.0250352848168467,16.40527153015148,2.023647081731754e-06
2030-08-02 23:00:00,0.0250197532414545,16.04638481140148,2.080951285362781e-06
2030-08-03 00:00:00,0.0250029678597471,15.578585624694938,2.1351435176289015e-06
2030-08-03 01:00:00,0.0249961843626312,15.262996673584098,2.1658846016204345e-06
2030-08-03 02:00:00,0.024998681615772,15.039937973022575,2.177448444436678e-06
2030-08-03 03:00:00,0.0250193738495674,14.907046318054313,2.1758088190436657e-06
2030-08-03 04:00:00,0.0250344367129638,14.766315460205192,2.1772196435222203e-06
2030-08-03 05:00:00,0.0250520719544956,14.685061454773063,2.1080318528724383e-06
2030-08-03 06:00:00,0.0250149847121507,14.996252059936637,2.0639781434685105e-06
2030-08-03 07:00:00,0.0249634264216899,15.253104209900016,1.8839292721219335e-06
2030-08-03 08:00:00,0.0250063902890913,15.482942581176871,1.813731483834901e-06
2030-08-03 09:00:00,0.0250490598848934,15.765455245971793,1.7997430424462658e-06
2030-08-03 10:00:00,0.0251768590277645,15.792879104614371,1.7998401824307056e-06
2030-08-03 11:00:00,0.0251524745379555,15.975240707397575,1.794842342871955e-06
2030-08-03 12:00:00,0.0252838102652599,16.03825187683117,1.8926878767410674e-06
2030-08-03 13:00:00,0.0250819129827131,17.718410491943473,1.369614949120267e-06
2030-08-03 14:00:00,0.0251655550275133,18.49191474914562,1.3758705057291798e-06
2030-08-03 15:00:00,19.99177783647668,18.11311531066906,3.062342727064874e-06
2030-08-03 16:00:00,27.33230665036942,18.447698593139762,3.952812865048327e-06
2030-08-03 17:00:00,43.30055577517172,18.27511787414562,0.005642287425980635
2030-08-03 18:00:00,43.30283050684724,17.71878051757824,0.08154601042110995
2030-08-03 19:00:00,43.30285055657576,16.84417533874523,0.10492781776459839
2030-08-03 20:00:00,43.302857738265445,15.969050407409782,0.11564018414764177
2030-08-03 21:00:00,43.302843415329306,15.325422286987418,0.10081352527677892
2030-08-03 22:00:00,43.30281094823846,14.85068798065197,0.07646069463415588
2030-08-03 23:00:00,43.30276573597976,14.48507118225109,0.05653234408668413
2030-08-04 00:00:00,43.3026212254066,14.185534477234,0.03377354107688553
2030-08-04 01:00:00,41.56947631884877,14.365831375122184,2.563910560896223e-05
2030-08-04 02:00:00,35.05713493387794,14.698122978210563,7.85849578784992e-06
2030-08-04 03:00:00,35.06172622174139,14.89770889282238,7.760555298073974e-06
2030-08-04 04:00:00,43.28825204759649,15.103260040283317,0.0016806320731961204
2030-08-04 05:00:00,43.3016988764237,15.297472000122184,0.009216488040959397
2030-08-04 06:00:00,43.30163829805758,15.625877380371207,0.009960586426099241
2030-08-04 07:00:00,43.30172964041718,16.144004821777457,0.01025111894559292
2030-08-04 08:00:00,43.30180963903391,16.605552673339957,0.01096328333899711
2030-08-04 09:00:00,43.2987609663178,17.349365234375114,0.0032342105548005574
2030-08-04 10:00:00,35.05509826432596,18.19748115539562,5.310446851675889e-06
2030-08-04 11:00:00,35.05496823806898,19.304790496826286,4.064675504257695e-06
2030-08-04 12:00:00,35.05523922078475,19.299732208252067,5.952980532693373e-06
2030-08-04 13:00:00,35.05498773842534,21.16749191284191,4.065133433803158e-06
2030-08-04 14:00:00,35.05504227946996,22.549156188964957,4.57898119532662e-06
2030-08-04 15:00:00,35.0551793252395,22.77247810363781,4.9264225928770355e-06
2030-08-04 16:00:00,43.29674803786708,22.07057380676281,0.0025425990923311514
2030-08-04 17:00:00,43.30283700670682,21.900249481201286,0.05157338341861471
2030-08-04 18:00:00,43.302912697310994,20.920001983642692,0.132417553839667
2030-08-04 19:00:00,43.302920829996864,19.561185836792106,0.15009281684282277
2030-08-04 20:00:00,43.30292753963084,18.36163139343273,0.1697990184339632
2030-08-04 21:00:00,43.30292580904338,17.591976165771598,0.1665227613105303
2030-08-04 22:00:00,43.30292282348525,16.86599159240734,0.16071306104878944
2030-08-04 23:00:00,43.30291901686896,16.216850280761832,0.1533234790810639
2030-08-05 00:00:00,43.30290900169043,15.59837913513195,0.13302808503491817
2030-08-05 01:00:00,43.302902021954,15.007233619690055,0.11857452126454832
2030-08-05 02:00:00,43.30289234652047,14.632032394409293,0.10345012629695484
2030-08-05 03:00:00,43.30287608499792,14.594725608825797,0.08404834216280208
2030-08-05 04:00:00,43.30287114865577,14.80559062957775,0.07341762661135828
2030-08-05 05:00:00,43.30282538645324,14.96481800079357,0.04246662681089362
2030-08-05 06:00:00,0.058234078051857,14.969037055969352,2.9649239448204e-06
2030-08-05 07:00:00,0.0562597483603859,15.059161186218375,2.2164971557267833e-06
2030-08-05 08:00:00,0.0514300055810059,15.398107528686637,1.76587188093892e-06
2030-08-05 09:00:00,0.0260985152448478,16.016447067260856,1.5185041537038423e-06
2030-08-05 10:00:00,0.0260998141767585,16.933864593505973,1.5271355744658836e-06
2030-08-05 11:00:00,0.0260300731661278,17.40851211547863,1.3825143475826254e-06
2030-08-05 12:00:00,0.0259943489508616,19.12351989746105,1.2293460947009165e-06
2030-08-05 13:00:00,0.0259511368983238,21.355306625366325,1.0401414800890498e-06
2030-08-05 14:00:00,0.0259645907236273,22.199655532837028,1.0662528938486147e-06
2030-08-05 15:00:00,0.0261382163924812,21.869819641113395,1.5242576762036252e-06
2030-08-05 16:00:00,0.0261393685032009,22.08914947509777,1.2855131270983582e-06
2030-08-05 17:00:00,0.0266036552484181,21.533916473388786,1.4831870586894036e-06
2030-08-05 18:00:00,16.171985797912242,20.05638122558605,2.5747077174560646e-06
2030-08-05 19:00:00,19.98874265095808,18.40448379516613,3.346237132340061e-06
2030-08-05 20:00:00,19.990257069147017,17.27466964721691,5.1711716842342265e-06
2030-08-05 21:00:00,19.99031685692728,16.52635002136242,6.42891787640199e-06
2030-08-05 22:00:00,19.990288309100887,15.992441177368278,5.6987761366588165e-06
2030-08-05 23:00:00,19.99020817603698,15.664196968078727,4.7194603091123684e-06
2030-08-06 00:00:00,19.981780791784143,15.714647293090934,3.7973303964275668e-06
2030-08-06 01:00:00,16.172641254501187,15.81037807464611,2.6503018762179245e-06
2030-08-06 02:00:00,16.172625781514743,15.581673622131461,2.554889317685888e-06
2030-08-06 03:00:00,16.172613732930035,15.294466018676871,2.3854759898665836e-06
2030-08-06 04:00:00,16.17261055838954,15.33933258056652,2.2669451935008224e-06
2030-08-06 05:00:00,16.172629654240776,15.303521156311149,2.1790635483069566e-06
2030-08-06 06:00:00,0.0251381655017995,15.355538368225211,1.6525296895949067e-06
2030-08-06 07:00:00,0.0250787037793922,15.614674568176383,1.6270461778567155e-06
2030-08-06 08:00:00,0.024889663516433,16.326803207397575,1.584541052297258e-06
2030-08-06 09:00:00,0.0246714377076909,16.922744750976676,1.4886059169437648e-06
2030-08-06 10:00:00,0.0246437187639751,18.195108413696403,1.4945409262575908e-06
2030-08-06 11:00:00,0.0245941247408392,19.481657028198356,1.40977308380043e-06
2030-08-06 12:00:00,0.0246694009824728,20.040105819702262,1.5264380504152904e-06
2030-08-06 13:00:00,0.0245422530547982,21.83127593994152,1.119074570890226e-06
2030-08-06 14:00:00,0.0245877151946091,22.087850570678825,1.3174189718331642e-06
2030-08-06 15:00:00,0.0246219638582754,22.125204086303825,1.326634833181724e-06
2030-08-06 16:00:00,0.0249170241581353,21.50165939331066,1.6649702906635484e-06
2030-08-06 17:00:00,0.025073929370631,20.923227310180778,1.7019345010061618e-06
2030-08-06 18:00:00,0.0251389261094342,19.96200752258312,1.7483253447667858e-06
2030-08-06 19:00:00,0.0251997837024871,18.76813888549816,1.757188097901709e-06
2030-08-06 20:00:00,0.0252669493425753,17.970031738281364,1.8087699032608338e-06
2030-08-06 21:00:00,0.0252313958089557,17.097848892212028,1.894988827993291e-06
2030-08-06 22:00:00,0.0251616774620564,16.364337921142692,1.951162777707603e-06
2030-08-06 23:00:00,0.0251701164719355,15.585756301879996,1.9955707529568345e-06
2030-08-07 00:00:00,0.0251893307234567,15.023622512817496,1.995672726934564e-06
2030-08-07 01:00:00,0.0252363847198715,14.502558708191032,1.926234816070901e-06
2030-08-07 02:00:00,0.0254070216352422,13.97967624664318,1.892258334054274e-06
2030-08-07 03:00:00,0.026371401669427,13.63766956329357,1.9162885933835486e-06
2030-08-07 04:00:00,0.0614901890517189,13.580527305603141,2.1242714205859874e-06
2030-08-07 05:00:00,18.319041380547727,14.225532531738395,2.9319805912116134e-06
2030-08-07 06:00:00,18.32017399502207,15.039094924926871,2.760485323083266e-06
2030-08-07 07:00:00,18.320068953514284,15.942003250122184,2.4930181138638254e-06
2030-08-07 08:00:00,18.32017178027641,17.097560882568473,2.2784510647199037e-06
2030-08-07 09:00:00,18.32051410059074,17.60697746276867,2.266882359936134e-06
2030-08-07 10:00:00,18.32406391354649,18.537164688110465,2.541240361141923e-06
2030-08-07 11:00:00,18.320779140016118,19.972251892089957,2.0777844855215506e-06
2030-08-07 12:00:00,19.881028648029996,19.585828781128043,3.2155075559135622e-06
2030-08-07 13:00:00,19.07952726751072,19.93031501770031,2.8526797526146745e-06
2030-08-07 14:00:00,19.06769839173537,21.61154365539562,2.056805284702024e-06
2030-08-07 15:00:00,19.068584570439636,22.199258804321403,2.3534188463046127e-06
2030-08-07 16:00:00,21.021119183157086,22.118160247802848,2.779240843163294e-06
2030-08-07 17:00:00,25.97725677797332,21.548578262329215,5.3228627293447984e-06
2030-08-07 18:00:00,25.97736773744904,20.386537551879996,6.696112393826676e-06
2030-08-07 19:00:00,25.977295496566743,19.27152824401867,5.1207425991417925e-06
2030-08-07 20:00:00,25.970704513027503,18.08796310424816,4.1748955840876515e-06
2030-08-07 21:00:00,21.023195812435667,17.094043731689567,3.281039968106409e-06
2030-08-07 22:00:00,21.02221426072217,16.452386856079215,3.0640516293206035e-06
2030-08-07 23:00:00,21.022179865945525,15.82004261016857,2.9946764608901766e-06
2030-08-08 00:00:00,21.02218255919369,15.262636184692496,2.993613562187817e-06
2030-08-08 01:00:00,21.02220059956977,14.658332824707145,3.042042243046658e-06
2030-08-08 02:00:00,21.02224521694626,14.383893013000602,3.150965329190022e-06
2030-08-08 03:00:00,21.02291504142914,14.447002410888786,3.586614589102456e-06
2030-08-08 04:00:00,25.977018373619856,14.450720787048454,4.997202348072563e-06
2030-08-08 05:00:00,25.97751779668412,14.690841674804801,5.140603359741235e-06
2030-08-08 06:00:00,0.126226477646159,15.353185653686637,3.6967912670258596e-06
2030-08-08 07:00:00,0.125742162270223,16.903232574463004,2.4589009517620836e-06
2030-08-08 08:00:00,0.0823435582259539,19.204713821411246,1.4426896846077568e-06
2030-08-08 09:00:00,0.0822891673601928,21.18501472473156,1.1267334522506349e-06
2030-08-08 10:00:00,0.0825400022267776,21.151268005371207,1.6640451316720918e-06
2030-08-08 11:00:00,0.0823289792233629,21.606878280639762,1.3110464331470794e-06
2030-08-08 12:00:00,0.0823930120604174,21.63393592834484,1.5001918977534235e-06
2030-08-08 13:00:00,0.0823700720557741,21.791957855224723,1.4509216726707334e-06
2030-08-08 14:00:00,0.0823304116146674,23.379348754882926,1.1876297671757235e-06
2030-08-08 15:00:00,0.0824153063915406,23.89457511901867,1.3006132639629916e-06
2030-08-08 16:00:00,0.0829950986110563,23.341464996338004,1.5198094406401712e-06
2030-08-08 17:00:00,20.47256498680816,22.569370269775504,2.57451217204118e-06
2030-08-08 18:00:00,27.33224391853557,21.372093200683707,4.057498487318128e-06
2030-08-08 19:00:00,27.3314592064334,19.873510360717887,4.1496485073622395e-06
2030-08-08 20:00:00,27.328184456178167,18.546344757080192,4.0999841737957745e-06
2030-08-08 21:00:00,27.32783326761723,17.61393547058117,3.897544628159734e-06
2030-08-08 22:00:00,27.32822304689348,16.909809112548942,4.145533130197007e-06
2030-08-08 23:00:00,27.33251548054305,16.272670745849723,4.6327133893283395e-06
2030-08-09 00:00:00,43.1178876717923,15.821394920349235,0.0002580089383156032
2030-08-09 01:00:00,43.30115617315247,15.24269008636486,0.007245868704812345
2030-08-09 02:00:00,43.30201170530116,14.681810379028434,0.0109465207784108
2030-08-09 03:00:00,43.302178500686026,14.20911026000988,0.011956590972598883
2030-08-09 04:00:00,43.30230082040357,13.76338100433361,0.013288042811854962
2030-08-09 05:00:00,43.30242068520242,14.037621498108024,0.01556651180970262
2030-08-09 06:00:00,33.76701371692292,15.872385025024528,8.5077970931545e-06
2030-08-09 07:00:00,27.33370541511407,18.27839279174816,4.184131180098852e-06
2030-08-09 08:00:00,27.332175202787884,20.63809204101574,3.775967916680915e-06
2030-08-09 09:00:00,27.331835020724263,22.35095024108898,3.136712969090009e-06
2030-08-09 10:00:00,27.331818314189,23.665533065796012,2.856872178447763e-06
2030-08-09 11:00:00,27.33182062079572,24.51575088500988,2.7077749196648903e-06
2030-08-09 12:00:00,27.33184641170782,25.50858306884777,2.6820627875176044e-06
2030-08-09 13:00:00,27.33198380309601,25.868619918823356,3.0694724458600267e-06
2030-08-09 14:00:00,27.332986575075424,25.28126716613781,3.822654802829123e-06
2030-08-09 15:00:00,27.33313868431088,25.879705429077262,3.240630544263712e-06
2030-08-09 16:00:00,41.60192748917147,25.648729324340934,2.2401039153895178e-05
2030-08-09 17:00:00,43.30302981619434,24.92562866210949,0.08389390913171212
2030-08-09 18:00:00,43.30307269815778,23.735414505004996,0.1589498391647969
2030-08-09 19:00:00,43.30307317967246,22.261554718017692,0.15432591810653568
2030-08-09 20:00:00,43.303073742684674,21.220392227172965,0.15066991411711467
2030-08-09 21:00:00,43.30307053003324,20.392173767089957,0.14309791969685567
2030-08-09 22:00:00,43.30305658077325,19.74537849426281,0.12072352588862081
2030-08-09 23:00:00,43.30304678513239,19.443717956543082,0.10947045436092297
2030-08-10 00:00:00,43.30304067665583,19.015245437622184,0.10161196024286405
2030-08-10 01:00:00,43.30302840180176,18.360900878906364,0.09031617584756793
2030-08-10 02:00:00,43.30302739286665,17.962965011596793,0.08887918444128262
2030-08-10 03:00:00,43.30303548257342,17.63065338134777,0.09352167904947724
2030-08-10 04:00:00,43.303038905918335,17.209161758422965,0.0947126845247913
2030-08-10 05:00:00,43.30304227758148,17.604995727539176,0.09417062885476306
2030-08-10 06:00:00,43.30295079503644,19.238309860229606,0.05273338839639919
2030-08-10 07:00:00,41.54359039254173,21.31677627563488,2.7966203174863943e-05
2030-08-10 08:00:00,41.5430966065707,23.89870643615734,2.1999399562926013e-05
2030-08-10 09:00:00,41.543077468108265,26.095100402832145,1.960449940496147e-05
2030-08-10 10:00:00,41.54316082365695,26.82587051391613,2.2257818641977338e-05
2030-08-10 11:00:00,41.54319623018666,27.321874618530387,2.3096763873088278e-05
2030-08-10 12:00:00,41.54325207912105,27.87823295593273,2.3724004918124845e-05
2030-08-10 13:00:00,41.54323792078951,28.600826263427848,2.266958969569783e-05
2030-08-10 14:00:00,41.543690713950326,28.144227981567496,2.6686977975828045e-05
2030-08-10 15:00:00,41.544260107393086,28.341684341430778,2.744232653204437e-05
2030-08-10 16:00:00,43.30292279780508,28.15878295898449,0.03908482288349486
2030-08-10 17:00:00,43.30308139190342,27.8807888031007,0.1000192841185403
2030-08-10 18:00:00,43.30311345198837,26.952711105346793,0.15790683753611726
2030-08-10 19:00:00,43.303098942154726,25.149063110351676,0.12258085144319504
2030-08-10 20:00:00,43.30307123025679,23.846410751342887,0.08769622463382283
2030-08-10 21:00:00,43.30288943955153,23.33042716979992,0.03630638183986096
2030-08-10 22:00:00,41.54577673915442,22.68461418151867,2.991932176722246e-05
2030-08-10 23:00:00,41.54352656614555,22.554988861084098,2.8145400680336162e-05
2030-08-11 00:00:00,41.54343907806568,21.611478805542106,2.6810808237706562e-05
2030-08-11 01:00:00,41.54345206162601,20.724731445312614,2.6983315031893654e-05
2030-08-11 02:00:00,41.54352279613634,20.29843330383312,2.7903811961544848e-05
2030-08-11 03:00:00,41.54406184324935,19.49132347106945,2.9173204612966703e-05
2030-08-11 04:00:00,43.295943228305056,19.008890151977653,0.003944452490185373
2030-08-11 05:00:00,43.302929857311085,18.901952743530387,0.03646009619993629
2030-08-11 06:00:00,33.76900956852977,19.44095611572277,7.88565140574693e-06
2030-08-11 07:00:00,33.76900298429216,20.297477722168082,7.106962520141068e-06
2030-08-11 08:00:00,27.33354908209998,21.459936141967887,3.337013561096552e-06
2030-08-11 09:00:00,27.333385795206304,22.634813308715934,2.85243457140169e-06
2030-08-11 10:00:00,27.340036103042536,24.046504974365348,3.56915578606878e-06
2030-08-11 11:00:00,27.333364675093435,26.288936614990348,2.5560376881293793e-06
2030-08-11 12:00:00,27.33334891404507,27.726203918457145,2.3159289293765603e-06
2030-08-11 13:00:00,27.333380114681056,27.811319351196403,2.364373145135546e-06
2030-08-11 14:00:00,27.334058501925742,26.125745773315543,3.6212541446555396e-06
2030-08-11 15:00:00,27.33382949088525,26.09302902221691,3.109105741308559e-06
2030-08-11 16:00:00,27.33415326579505,26.793071746826286,3.063812242774493e-06
2030-08-11 17:00:00,35.06198386029416,26.778543472290153,6.07938074044562e-06
2030-08-11 18:00:00,43.30294757897939,25.537096023559684,0.02921019925940935
2030-08-11 19:00:00,43.30303311926463,23.571430206298942,0.0427960309369829
2030-08-11 20:00:00,43.30295758531495,22.216695785522575,0.03174828914172092
2030-08-11 21:00:00,43.30219534730308,21.751377105713004,0.011998925307118082
2030-08-11 22:00:00,41.623225348471685,20.965610504150504,2.4324142378013763e-05
2030-08-11 23:00:00,41.54550193837618,20.567676544189567,2.7121759819279438e-05
2030-08-12 00:00:00,41.55120693997522,20.37689590454113,2.6340029167415406e-05
2030-08-12 01:00:00,43.3027205220699,20.205314636230582,0.023392657284389676
2030-08-12 02:00:00,43.30301684743111,20.12540435791027,0.048734742800618666
2030-08-12 03:00:00,43.30309207873628,19.773616790771598,0.0696278952566788
2030-08-12 04:00:00,43.30306957051765,19.27156257629406,0.0541721004000954
2030-08-12 05:00:00,43.30312797742879,18.833543777465934,0.07875097855396573
2030-08-12 06:00:00,24.712078012421948,19.757385253906364,4.947907521245001e-06
2030-08-12 07:00:00,20.013623631949017,21.03513908386242,2.6419360558038598e-06
2030-08-12 08:00:00,19.997205010698625,22.401868820190543,2.0570532388278597e-06
2030-08-12 09:00:00,19.99718872002843,24.382442474365348,1.9207953887271203e-06
2030-08-12 10:00:00,19.99721065511797,26.01382446289074,1.9915495368615706e-06
2030-08-12 11:00:00,19.997234394217408,26.698764801025504,2.0699626823483398e-06
2030-08-12 12:00:00,19.997290362098507,26.15565109252941,2.210528122286401e-06
2030-08-12 13:00:00,19.99719768977889,27.509319305420036,1.6976634026466117e-06
2030-08-12 14:00:00,19.997284341810605,26.739454269409293,2.1341588744309135e-06
2030-08-12 15:00:00,19.99729494550977,27.35667991638195,1.8667253190637813e-06
2030-08-12 16:00:00,19.99864939050288,27.50839233398449,2.1589972156259956e-06
2030-08-12 17:00:00,27.31465778036133,27.0491237640382,3.5506249177823006e-06
2030-08-12 18:00:00,27.33244839854524,25.886524200439567,3.746135961224357e-06
2030-08-12 19:00:00,27.332499673954924,24.64535713195812,3.760971413413027e-06
2030-08-12 20:00:00,27.33247527843858,23.69575691223156,3.85304882232325e-06
2030-08-12 21:00:00,27.33232871753116,23.091485977172965,4.067507608960777e-06
2030-08-12 22:00:00,27.32641059452793,22.40858078002941,4.349607613998438e-06
2030-08-12 23:00:00,26.223405763540956,21.733350753784293,4.1991997719766625e-06
2030-08-13 00:00:00,26.22087868265651,21.358102798462028,4.207019789864192e-06
2030-08-13 01:00:00,26.224433280068297,21.37491035461437,4.3220714903299975e-06
2030-08-13 02:00:00,27.33034814630826,21.483360290527457,4.6810601671011755e-06
2030-08-13 03:00:00,27.332192684151828,21.172912597656364,4.561695115002538e-06
2030-08-13 04:00:00,27.33258763997373,20.304527282714957,4.299116178953752e-06
2030-08-13 05:00:00,27.37200536730456,20.1913299560548,4.0802820091347926e-06
2030-08-13 06:00:00,32.38486977450396,20.34248542785656,5.322040016180462e-06
2030-08-13 07:00:00,27.332361783048928,21.180597305297965,3.5490998053990034e-06
2030-08-13 08:00:00,26.219549526792232,22.075719833374137,3.1163031568551616e-06
2030-08-13 09:00:00,26.218407066472185,23.542842864990348,2.550076124476422e-06
2030-08-13 10:00:00,26.218425115153664,24.9935817718507,2.583436258943439e-06
2030-08-13 11:00:00,26.21844666080756,25.675035476684684,2.553892174979727e-06
2030-08-13 12:00:00,26.21857272898442,26.317972183227653,2.8725140430138984e-06
2030-08-13 13:00:00,26.21846132805465,29.14659118652355,2.329487827437644e-06
2030-08-13 14:00:00,26.21854741541354,29.276895523071403,2.4932793035106655e-06
2030-08-13 15:00:00,26.21908941999077,29.374851226806754,2.68767413309464e-06
2030-08-13 16:00:00,27.332276649131348,29.08620643615734,3.0397334175964894e-06
2030-08-13 17:00:00,43.30032602169277,28.624233245849723,0.004734842588635467
2030-08-13 18:00:00,43.303201152400106,27.22220039367687,0.06727243582926497
2030-08-13 19:00:00,43.30322520064516,25.422060012817496,0.09077096336935497
2030-08-13 20:00:00,43.30323300432809,24.444499969482536,0.10055243282032447
2030-08-13 21:00:00,43.3032150428604,23.864433288574332,0.08118787272797466
2030-08-13 22:00:00,43.302797924966384,23.413236618042106,0.019801193450639475
2030-08-13 23:00:00,43.302844127178766,23.47871589660656,0.021839689369654983
2030-08-14 00:00:00,43.30306563888302,23.77012443542492,0.03764602055500921
2030-08-14 01:00:00,43.30323251989876,24.912298202514762,0.09980953555976432
2030-08-14 02:00:00,43.30324562516217,25.70667648315441,0.11322644986333462
2030-08-14 03:00:00,43.303229492281886,25.07993888854992,0.08794719713336478
2030-08-14 04:00:00,43.30321570256968,23.185947418213004,0.07100087057177931
2030-08-14 05:00:00,43.30321698205735,22.326707839965934,0.06609744642599198
2030-08-14 06:00:00,43.30316415023149,21.869310379028434,0.04496964376672845
2030-08-14 07:00:00,43.30290819483524,21.447546005249137,0.020828112127958202
2030-08-14 08:00:00,43.28885325059312,21.083450317382926,0.001527458509576829
2030-08-14 09:00:00,35.06757118601566,21.2101287841798,4.429176929354982e-06
2030-08-14 10:00:00,35.06756010737012,23.010709762573356,4.209856693994016e-06
2030-08-14 11:00:00,35.06755180043002,25.36887931823742,3.830910764790963e-06
2030-08-14 12:00:00,35.06760470530703,26.785097122192496,3.960658375194099e-06
2030-08-14 13:00:00,43.30318308101551,25.33004188537609,0.044430934237494654
2030-08-14 14:00:00,35.06958235185624,26.767038345337028,4.418449748873178e-06
2030-08-14 15:00:00,43.245481417459295,26.795314788818473,0.00038040785935305863
2030-08-14 16:00:00,43.30326779520366,25.83375740051281,0.08030504172882973
2030-08-14 17:00:00,43.30329979935948,24.727174758911246,0.12619899352612288
2030-08-14 18:00:00,43.30326102098724,23.744812011718864,0.07592030853179324
2030-08-14 19:00:00,43.3031550493071,22.03968429565441,0.03828554633914122
2030-08-14 20:00:00,43.302990322123456,20.91721916198742,0.02410039616550387
2030-08-14 21:00:00,43.302782900319855,20.231338500976676,0.017970574513633736
2030-08-14 22:00:00,43.30316946020668,19.897069931030387,0.04538938077265027
2030-08-14 23:00:00,43.30324297561615,19.817270278930778,0.07096588146740956
2030-08-15 00:00:00,43.30290637101804,19.59487915039074,0.024494995087443305
2030-08-15 01:00:00,43.30296053492047,19.213596343994254,0.027299719274209062
2030-08-15 02:00:00,43.30325994907979,18.69857215881359,0.08153683595298676
2030-08-15 03:00:00,43.30327525884271,18.345005035400504,0.09159567864130684
2030-08-15 04:00:00,43.30324740876018,18.057765960693473,0.07127018931772429
2030-08-15 05:00:00,43.3032247377438,18.01634216308605,0.05994178863049736
2030-08-15 06:00:00,43.3028246959614,18.569919586181754,0.021191420986371237
2030-08-15 07:00:00,43.29751690247112,19.182748794555778,0.0033226993561234555
2030-08-15 08:00:00,43.297380811066255,19.77646636962902,0.0029238939787325077
2030-08-15 09:00:00,43.29727465839504,20.81049728393566,0.002430374725260941
2030-08-15 10:00:00,43.29737622877483,21.404609680175895,0.002702649437070704
2030-08-15 11:00:00,43.29725989079864,23.082424163818473,0.0021602855366413733
2030-08-15 12:00:00,43.29728057786407,24.149042129516715,0.002128366905615931
2030-08-15 13:00:00,43.29739501566524,24.417285919189567,0.0023697458048668536
2030-08-15 14:00:00,43.29966150563309,24.366422653198356,0.00393270284277838
2030-08-15 15:00:00,43.303327829924456,21.928092956543082,0.11361523974115909
2030-08-15 16:00:00,43.302842097006646,22.674074172973746,0.01884817446294464
2030-08-15 17:00:00,43.30334003880837,22.553960800171012,0.11705249085288459
2030-08-15 18:00:00,43.30336602916397,21.27960014343273,0.18646343047183306
2030-08-15 19:00:00,43.30336916113785,20.069919586181754,0.19022424184205866
2030-08-15 20:00:00,43.30337042416665,19.057218551635856,0.18840603573874015
2030-08-15 21:00:00,43.30336965272704,18.67698478698742,0.18323847696093826
2030-08-15 22:00:00,43.30336682608818,18.631050109863395,0.1738535950222122
2030-08-15 23:00:00,43.30336417177749,18.603260040283317,0.1650906179280147
2030-08-16 00:00:00,43.30336329133392,18.415414810180778,0.16119982331008104
2030-08-16 01:00:00,43.30336382530884,17.970094680786246,0.1609489827433812
2030-08-16 02:00:00,43.30336407750714,18.015577316284293,0.15827389959561416
2030-08-16 03:00:00,43.303366839964966,17.904413223266715,0.1626491660258332
2030-08-16 04:00:00,43.303369417383976,17.803031921386832,0.1648714425429696
2030-08-16 05:00:00,43.30337225859343,17.8342800140382,0.16737827643327294
2030-08-16 06:00:00,43.30336793702489,18.345088958740348,0.1512945265449042
2030-08-16 07:00:00,43.30337469156663,18.369892120361442,0.1673968350752322
2030-08-16 08:00:00,43.30337751646968,18.383077621460075,0.16993692417625922
2030-08-16 09:00:00,43.30334180563368,19.543910980224723,0.09350369069650032
2030-08-16 10:00:00,43.30336340153198,19.525032043457145,0.12712727765206258
2030-08-16 11:00:00,43.30333862802901,20.139364242553825,0.09409372502316896
2030-08-16 12:00:00,43.30331772328685,20.346673965454215,0.08071804208314426
2030-08-16 13:00:00,43.30330017790087,20.634969711303825,0.07146567485646432
2030-08-16 14:00:00,43.30299877856225,21.104770660400504,0.026060810436364677
2030-08-16 15:00:00,43.20312261072653,20.931846618652457,0.00033782648663764706
2030-08-16 16:00:00,43.303287885623845,19.345607757568473,0.06242366725815336
2030-08-16 17:00:00,43.30311913581806,19.317674636840934,0.031455473784705104
2030-08-16 18:00:00,43.20116910577054,19.397192001342887,0.00030509459883122403
2030-08-16 19:00:00,43.20099670437619,19.187086105346793,0.00027585315435591445
2030-08-16 20:00:00,43.20097508119306,18.822345733642692,0.00027277671174216273
2030-08-16 21:00:00,43.2009508168786,18.503376007080192,0.00027389262700162843
2030-08-16 22:00:00,43.20094262400502,18.114652633667106,0.00028425897503766786
2030-08-16 23:00:00,43.2009269904421,18.027288436889762,0.0002742686499118898
2030-08-17 00:00:00,43.20092994893741,17.916688919067496,0.0002788543672752867
2030-08-17 01:00:00,43.20096770044163,17.880325317382926,0.0003080806674359539
2030-08-17 02:00:00,43.200992218491336,17.83179855346691,0.0003229580310328645
2030-08-17 03:00:00,43.20100019657695,17.718450546264762,0.0003172491860232199
2030-08-17 04:00:00,43.201016202122496,17.601028442382926,0.00031025739005114474
2030-08-17 05:00:00,43.20112275492367,17.557958602905387,0.0003271728494115702
2030-08-17 06:00:00,41.55114802487636,17.52193641662609,2.9989091024062355e-05
2030-08-17 07:00:00,43.29222501092308,17.602043151855582,0.0030890559923275247
2030-08-17 08:00:00,35.05725833364254,17.843500137329215,7.298617551680736e-06
2030-08-17 09:00:00,35.056376609702,18.118144989013786,6.3807385768647045e-06
2030-08-17 10:00:00,36.54100197367445,18.214893341064567,8.637377187258298e-06
2030-08-17 11:00:00,35.05655111149151,18.647846221923942,6.364274833625244e-06
2030-08-17 12:00:00,35.056307485275944,19.015335083007926,5.214906043541215e-06
2030-08-17 13:00:00,35.0563489261639,19.26446342468273,5.849892764538897e-06
2030-08-17 14:00:00,35.05630194624859,19.92724990844738,4.6889933223950905e-06
2030-08-17 15:00:00,35.0563530931475,19.588521957397575,5.046488241874822e-06
2030-08-17 16:00:00,35.05656714111543,19.173986434936637,5.871892497477893e-06
2030-08-17 17:00:00,35.061776242749374,19.354694366455192,7.257818259152946e-06
2030-08-17 18:00:00,43.30327899299135,18.755512237548942,0.05449365301006384
2030-08-17 19:00:00,43.303295617286615,17.899719238281364,0.0591996313835843
2030-08-17 20:00:00,43.30326854169798,17.236639022827262,0.051907875340626235
2030-08-17 21:00:00,43.3032347558614,16.592922210693473,0.04639434530501528
2030-08-17 22:00:00,43.30322529302315,16.212970733642692,0.04600685779348394
2030-08-17 23:00:00,43.30331417224189,16.205009460449332,0.07200688367652437
2030-08-18 00:00:00,43.303323285043966,16.325040817260856,0.0795864981295812
2030-08-18 01:00:00,43.30334277421905,16.663631439209098,0.09200536287920916
2030-08-18 02:00:00,43.3033481971689,17.16921424865734,0.09267211825048997
2030-08-18 03:00:00,43.30336984530695,17.45127677917492,0.10731652180544848
2030-08-18 04:00:00,43.30338855831129,17.909524917602653,0.12360142109785666
2030-08-18 05:00:00,43.30339715260845,18.259897232055778,0.12634220739411386
2030-08-18 06:00:00,43.3033972174219,18.419868469238395,0.12352205990501054
2030-08-18 07:00:00,43.303399967365166,18.66754531860363,0.1214973211117691
2030-08-18 08:00:00,43.30339569639562,18.876348495483512,0.11040155697677866
2030-08-18 09:00:00,43.30340253177732,19.11676406860363,0.12031726379152598
2030-08-18 10:00:00,43.30341035782243,19.35792732238781,0.1379220802722556
2030-08-18 11:00:00,43.30341951439927,19.570531845092887,0.16166590459311983
2030-08-18 12:00:00,43.3034088890138,19.85803031921398,0.13018531888339
2030-08-18 13:00:00,43.30340067583881,20.04857444763195,0.11626913082106163
2030-08-18 14:00:00,43.30336973096339,20.26012229919445,0.0787460686561552
2030-08-18 15:00:00,43.30004042985989,20.687810897827262,0.0042539051398849574
2030-08-18 16:00:00,43.30339365883543,20.680223464965934,0.10223602101283777
2030-08-18 17:00:00,43.30338679002256,20.410646438598746,0.09322557910748658
2030-08-18 18:00:00,43.30336252608343,19.966060638427848,0.07519699439778436
2030-08-18 19:00:00,43.30321771808668,19.438709259033317,0.034265590090174505
2030-08-18 20:00:00,35.0582591581912,18.902030944824332,6.586050388448937e-06
2030-08-18 21:00:00,35.05654837392251,18.39121246337902,5.690757884215239e-06
2030-08-18 22:00:00,35.05650934958544,18.066822052002067,5.438077204667056e-06
2030-08-18 23:00:00,35.05649457456924,18.006490707397575,5.305473747096847e-06
2030-08-19 00:00:00,35.05649139775807,17.84615516662609,5.266478564863873e-06
2030-08-19 01:00:00,35.05650179250911,17.71377754211437,5.4716199256441825e-06
2030-08-19 02:00:00,35.0565811635526,17.63031387329113,6.600200607829582e-06
2030-08-19 03:00:00,35.05672735881583,17.404968261718864,6.942271357503135e-06
2030-08-19 04:00:00,35.05659493323773,17.37359428405773,6.003601172925211e-06
2030-08-19 05:00:00,35.056567189629725,17.409847259521598,5.328997351353121e-06
2030-08-19 06:00:00,35.01191419603701,17.56766510009777,5.388392979574237e-06
2030-08-19 07:00:00,35.01185959501479,18.191509246826286,4.932415778509285e-06
2030-08-19 08:00:00,35.011933465137965,18.685111999511832,5.1909155270819265e-06
2030-08-19 09:00:00,35.01191202155805,19.320497512817496,4.91923405230807e-06
2030-08-19 10:00:00,35.012009281998324,19.426610946655387,5.234803717123278e-06
2030-08-19 11:00:00,36.49067627483182,19.104812622070426,7.004668843454871e-06
2030-08-19 12:00:00,35.01226916370414,19.653247833252067,5.500431545003605e-06
2030-08-19 13:00:00,35.011853510750875,21.2283172607423,3.3780875516871866e-06
2030-08-19 14:00:00,35.01209467132532,21.13653373718273,4.6940861859086815e-06
2030-08-19 15:00:00,43.30045454238024,20.454154968261832,0.004682010032518245
2030-08-19 16:00:00,43.30070575257536,20.354579925537223,0.0043600830456163924
2030-08-19 17:00:00,43.30334268990899,20.26305961608898,0.04544651773633235
2030-08-19 18:00:00,43.30341227064304,19.627084732055778,0.08626829896048668
2030-08-19 19:00:00,43.30341350645639,19.20221328735363,0.08684071901940756
2030-08-19 20:00:00,43.30341891585568,19.036960601806754,0.09435170914130714
2030-08-19 21:00:00,43.303416508727416,18.75822257995617,0.09616066697250818
2030-08-19 22:00:00,43.303416132750016,18.401590347290153,0.09938658233468452
2030-08-19 23:00:00,43.30341840647507,18.03159904479992,0.10330585173962803
2030-08-20 00:00:00,43.3034264438751,17.821622848510856,0.11419439403081716
2030-08-20 01:00:00,43.303444954251766,17.68585014343273,0.14507968391998002
2030-08-20 02:00:00,43.30345017629735,17.528198242187614,0.15389131893531124
2030-08-20 03:00:00,43.30345450873532,17.42209053039562,0.1579698059428142
2030-08-20 04:00:00,43.30346535767229,17.25593757629406,0.17634005374556708
2030-08-20 05:00:00,43.30347295793461,17.136955261230582,0.19137983731341165
2030-08-20 06:00:00,43.303474708301394,17.206592559814567,0.1918378413079133
2030-08-20 07:00:00,43.30347375497863,17.3198757171632,0.1755282173804118
2030-08-20 08:00:00,43.30346685889594,17.58880424499523,0.14436920295144584
2030-08-20 09:00:00,43.30296816087466,19.043422698974723,0.01433566758203839
2030-08-20 10:00:00,43.30291528459022,20.2113552093507,0.01227900729302741
2030-08-20 11:00:00,43.30342426546378,21.433677673339957,0.07064601995274061
2030-08-20 12:00:00,43.30337664330643,22.288284301757926,0.04759857924108239
2030-08-20 13:00:00,43.30327786554869,23.219339370727653,0.03095427875157981
2030-08-20 14:00:00,43.30300852344232,24.344190597534293,0.014512657513875638
2030-08-20 15:00:00,43.30346416544605,23.937885284423942,0.11867818208052854
2030-08-20 16:00:00,43.30344788704864,23.996221542358512,0.088682357351202
2030-08-20 17:00:00,43.30348254532029,23.860088348388786,0.16962581886003383
2030-08-20 18:00:00,43.30348898983932,23.054849624633903,0.20505539166678194
2030-08-20 19:00:00,43.303489057125,21.81216621398937,0.20028585723868292
2030-08-20 20:00:00,43.30348710869638,20.902189254760856,0.1920814708975237
2030-08-20 21:00:00,43.30348470594598,20.636474609375114,0.1856385561927257
2030-08-20 22:00:00,43.30348216131828,20.511564254760856,0.181163617383426
2030-08-20 23:00:00,43.303476154062174,20.33368301391613,0.16443545117189498
2030-08-21 00:00:00,43.30347146001305,20.268758773803825,0.15214473214245997
2030-08-21 01:00:00,43.30347049835383,20.129444122314567,0.15081321564302405
2030-08-21 02:00:00,43.30347402584941,19.889419555664176,0.15809455132127992
2030-08-21 03:00:00,43.30347764483422,19.72482490539562,0.16477703169903407
2030-08-21 04:00:00,43.30348307288074,19.550271987915153,0.173764302158967
2030-08-21 05:00:00,43.30348707630622,19.661506652832145,0.18174361086116134
2030-08-21 06:00:00,43.30348093050668,20.657506942749137,0.15945992787976468
2030-08-21 07:00:00,43.30345179310368,22.207872390747184,0.0929377446099771
2030-08-21 08:00:00,43.30327987775144,23.49100494384777,0.03019820169647609
2030-08-21 09:00:00,43.30267165251383,26.373788833618278,0.010295698311027807
2030-08-21 10:00:00,43.302627890476096,29.834331512451286,0.009385881263696999
2030-08-21 11:00:00,43.30262065573884,31.435697555542106,0.009012535825144292
2030-08-21 12:00:00,43.30263837356853,32.323799133300895,0.009079430618748396
2030-08-21 13:00:00,43.30267620691257,33.14879989624035,0.00962084131449984
2030-08-21 14:00:00,43.30275852765691,33.755081176757926,0.011182823637785434
2030-08-21 15:00:00,43.303160393847165,33.84048461914074,0.022260429220535456
2030-08-21 16:00:00,43.30344798075029,32.863296508789176,0.08667845086428128
2030-08-21 17:00:00,43.30348291528536,30.01849174499523,0.16047181492300447
2030-08-21 18:00:00,43.30348935778479,27.72311592102062,0.20107354867172658
2030-08-21 19:00:00,43.30348778149974,26.09173393249523,0.1935450134806472
2030-08-21 20:00:00,43.30348628559069,25.035955429077262,0.18829127077278537
2030-08-21 21:00:00,43.30348350021952,24.159934997558707,0.18268262742331817
2030-08-21 22:00:00,43.3034804315892,23.04009819030773,0.1787473952021715
2030-08-21 23:00:00,43.30347626489336,22.214925765991325,0.16790286698615564
2030-08-22 00:00:00,43.30346977686911,21.519445419311637,0.15128800975264595
2030-08-22 01:00:00,43.303465084089794,20.82467651367199,0.14339234083749045
2030-08-22 02:00:00,43.303463808301295,20.337099075317496,0.14140011348212048
2030-08-22 03:00:00,43.30346532150848,20.067209243774528,0.14062496693267817
2030-08-22 04:00:00,43.30346873803456,19.674682617187614,0.1437516641382875
2030-08-22 05:00:00,43.30347003943706,19.264884948730582,0.14321595109551083
2030-08-22 06:00:00,43.3034668032283,18.95999145507824,0.1357697509238225
2030-08-22 07:00:00,43.30344682564366,19.077541351318473,0.09703096113659554
2030-08-22 08:00:00,43.30327875272712,19.434429168701286,0.031150616988763473
2030-08-22 09:00:00,43.30259735458952,19.75729560852062,0.010886094543175682
2030-08-22 10:00:00,43.30244460654424,21.292121887207145,0.009249692569914815
2030-08-22 11:00:00,43.30228904119762,22.96604728698742,0.007189130613339188
2030-08-22 12:00:00,43.30227208304276,24.524843215942496,0.006681258651324668
2030-08-22 13:00:00,43.30229736763068,25.586536407470817,0.00702280805795614
2030-08-22 14:00:00,43.30235843439482,26.004739761352653,0.00782812483356924
2030-08-22 15:00:00,43.302599242007936,26.057380676269645,0.010893454252371633
2030-08-22 16:00:00,43.30340551482893,25.841789245605582,0.06767492597393779
2030-08-22 17:00:00,43.30346413973412,25.053052902221793,0.14991986235701207
2030-08-22 18:00:00,43.30347412840982,23.967061996460075,0.198254679511972
2030-08-22 19:00:00,43.303472942741976,23.09754562377941,0.19289521927875236
2030-08-22 20:00:00,43.30346835738308,22.834148406982536,0.17972444503839632
2030-08-22 21:00:00,43.303460066053056,22.524559020996207,0.15810707104904706
2030-08-22 22:00:00,43.30343542978077,22.178035736084098,0.11471535465361152
2030-08-22 23:00:00,43.30343252385881,21.959533691406364,0.11572677095040855
2030-08-23 00:00:00,43.303440419377374,21.823472976684684,0.13377812530318312
2030-08-23 01:00:00,43.30344303520285,21.585947036743278,0.14440753308046742
2030-08-23 02:00:00,43.303441733035264,21.527948379516715,0.14601095240886242
2030-08-23 03:00:00,43.30344354585987,21.493896484375114,0.15380892699935766
2030-08-23 04:00:00,43.303450396689264,21.873643875122184,0.17131509332763747
2030-08-23 05:00:00,43.30345257100584,22.041622161865348,0.17851078237778634
2030-08-23 06:00:00,43.303442659511234,22.52388191223156,0.153929487819318
2030-08-23 07:00:00,43.30338512097679,23.252395629882926,0.0714090839206167
2030-08-23 08:00:00,43.3023495510829,26.940238952636832,0.009787120097635639
2030-08-23 09:00:00,43.30125110744306,30.80735015869152,0.005010936027002512
2030-08-23 10:00:00,43.301222275874125,32.431430816650504,0.004583229449342786
2030-08-23 11:00:00,43.30121776925412,33.52357101440441,0.004441054292497862
2030-08-23 12:00:00,43.30123137340761,33.065795898437614,0.0044453410032778175
2030-08-23 13:00:00,43.30135309891495,30.0239772796632,0.005641781460964062
2030-08-23 14:00:00,43.30343155959018,26.605709075927848,0.15358557255769498
2030-08-23 15:00:00,43.30343237801202,24.767814636230582,0.15773515793023687
2030-08-23 16:00:00,43.30343522982226,22.4692897796632,0.172717370362393
2030-08-23 17:00:00,43.30343326717587,21.49984169006359,0.16978854770515478
2030-08-23 18:00:00,43.30342790380749,20.78670692443859,0.1600597501703678
2030-08-23 19:00:00,43.30341108397302,19.74535179138195,0.1248729386931367
2030-08-23 20:00:00,43.30337085242829,19.933994293213004,0.08234680070731042
2030-08-23 21:00:00,43.30330153246246,19.81468772888195,0.0540012328428856
2030-08-23 22:00:00,43.30318222203975,19.582363128662223,0.03628455388299506
2030-08-23 23:00:00,43.30254046254823,19.545293807983512,0.015086987028595737
2030-08-24 00:00:00,43.30179346426129,19.518255233764762,0.00959643455327108
2030-08-24 01:00:00,43.30148755341472,19.331462860107536,0.006887427320649884
2030-08-24 02:00:00,43.30158154423441,18.80985832214367,0.008201106385619326
2030-08-24 03:00:00,43.30172805661297,18.04839897155773,0.009311460306905921
2030-08-24 04:00:00,43.30151487545146,17.821838378906364,0.006756598925708106
2030-08-24 05:00:00,43.30152854440463,17.995750427246207,0.006495060841196016
2030-08-24 06:00:00,43.30154793914648,18.448616027832145,0.006968632267786812
2030-08-24 07:00:00,43.301746872033,18.648948669433707,0.008237658843346604
2030-08-24 08:00:00,43.30293268267579,18.68161010742199,0.022106572645397313
2030-08-24 09:00:00,43.30281385235591,18.74666786193859,0.018483730185449382
2030-08-24 10:00:00,43.302060106470016,19.5204372406007,0.008528328268122142
2030-08-24 11:00:00,43.302245527073694,20.31676292419445,0.00998520152147065
2030-08-24 12:00:00,43.302324866021806,20.38936042785656,0.010719013096732748
2030-08-24 13:00:00,43.30313126095983,19.797777175903434,0.03273542108371684
2030-08-24 14:00:00,43.30293496591685,19.21549797058117,0.022865315674693007
2030-08-24 15:00:00,43.30302713853472,19.012382507324332,0.02622283642726543
2030-08-24 16:00:00,43.30322660459521,18.92513465881359,0.04222989373061781
2030-08-24 17:00:00,43.30335391962837,19.03800773620617,0.08605028041575524
2030-08-24 18:00:00,43.30337576438748,18.837099075317496,0.11140232104438172
2030-08-24 19:00:00,43.30337699444876,18.46079826354992,0.11254798247960805
2030-08-24 20:00:00,43.303376752124215,18.18068122863781,0.11626780582820793
2030-08-24 21:00:00,43.30335211622663,18.054533004760856,0.0919123214148788
2030-08-24 22:00:00,43.30338663098277,18.157627105713004,0.15113158176389593
2030-08-24 23:00:00,43.3033800832452,18.183752059936637,0.1419893093936396
2030-08-25 00:00:00,43.30335810805448,18.441184997558707,0.11106491371450501
2030-08-25 01:00:00,43.30335798498155,18.343627929687614,0.11170050299883032
2030-08-25 02:00:00,43.30337220300641,18.03758239746105,0.13356743326271872
2030-08-25 03:00:00,43.30337744854939,17.895521163940543,0.13817722873866348
2030-08-25 04:00:00,43.30338206883776,18.004287719726676,0.14067162919109222
2030-08-25 05:00:00,43.30338488857381,17.959350585937614,0.14108106185012279
2030-08-25 06:00:00,33.77441306850492,19.117208480835075,8.942785475217492e-06
2030-08-25 07:00:00,33.774358227252776,21.340469360351676,7.034638483553086e-06
2030-08-25 08:00:00,32.246289011873984,23.079677581787223,4.746312126692179e-06
2030-08-25 09:00:00,27.337783029239315,24.40862846374523,3.056052960497303e-06
2030-08-25 10:00:00,27.33773300130194,25.24766349792492,2.8645248942447033e-06
2030-08-25 11:00:00,27.337707069981235,25.891153335571403,2.649623799884857e-06
2030-08-25 12:00:00,27.337704732217,26.396770477295036,2.6136592559439845e-06
2030-08-25 13:00:00,27.337725293853747,26.179533004760856,2.751082241622906e-06
2030-08-25 14:00:00,27.33776009734042,25.578683853149528,2.961511894269633e-06
2030-08-25 15:00:00,27.33862937159948,24.53201293945324,3.5799488951058565e-06
2030-08-25 16:00:00,33.77440819225489,23.525875091552848,6.5292976257571726e-06
2030-08-25 17:00:00,33.7745156582448,22.393976211547965,7.929202661516519e-06
2030-08-25 18:00:00,33.77465842269146,21.01861953735363,1.13823514004234e-05
2030-08-25 19:00:00,33.7745610112396,20.1199188232423,1.0144672028320822e-05
2030-08-25 20:00:00,33.77431700262681,19.19030570983898,7.000672117312425e-06
2030-08-25 21:00:00,27.33782258694109,18.462320327758903,3.5481532386677353e-06
2030-08-25 22:00:00,27.3377895163044,17.96598052978527,3.44401721046589e-06
2030-08-25 23:00:00,27.33779023264855,17.597074508667106,3.6471437491725685e-06
2030-08-26 00:00:00,27.33779564053052,17.367628097534293,3.816706196442013e-06
2030-08-26 01:00:00,27.33778075177892,17.19919013977062,3.649557666801293e-06
2030-08-26 02:00:00,27.337772108879648,16.96801567077648,3.461044696434596e-06
2030-08-26 03:00:00,27.337779752477616,16.788335800171012,3.425449235976854e-06
2030-08-26 04:00:00,27.337798075301876,16.62687492370617,3.3490333910958275e-06
2030-08-26 05:00:00,27.337843580122744,16.406066894531364,3.3175559445612314e-06
2030-08-26 06:00:00,24.703022618601345,16.52798652648937,3.3574586358590045e-06
2030-08-26 07:00:00,19.99076413594522,17.315130233764762,2.28995010223084e-06
2030-08-26 08:00:00,19.99041023849416,18.511968612671012,1.9261328139736796e-06
2030-08-26 09:00:00,19.99040661286966,19.494329452514762,1.7679778858487945e-06
2030-08-26 10:00:00,19.990474017751385,20.501403808593864,1.9955829158693683e-06
2030-08-26 11:00:00,19.99047479699554,21.38987541198742,1.9069885425260033e-06
2030-08-26 12:00:00,19.990523072665493,22.092121124267692,1.909395583535748e-06
2030-08-26 13:00:00,19.990657322132783,22.48319244384777,1.977815232265148e-06
2030-08-26 14:00:00,19.991150753110396,22.69054222106945,2.028180166827757e-06
2030-08-26 15:00:00,27.33220404815406,22.36264038085949,3.0667137162686437e-06
2030-08-26 16:00:00,43.30325958769077,20.922405242920036,0.038269095544853304
2030-08-26 17:00:00,43.30328659665486,19.929458618164176,0.04977576201514083
2030-08-26 18:00:00,43.30324245466908,18.670566558838004,0.03980840953045091
2030-08-26 19:00:00,43.30326056395969,17.533452987671012,0.044114773152429794
2030-08-26 20:00:00,43.30328745088583,16.200649261474723,0.053018058701181044
2030-08-26 21:00:00,43.3032497211984,15.748293876648063,0.045567863990742474
2030-08-26 22:00:00,43.30159242463286,15.506782531738395,0.007873094807167524
2030-08-26 23:00:00,43.30315037807387,15.360187530517692,0.03422906503464783
2030-08-27 00:00:00,43.30310640810843,15.263722419738883,0.030943558574780775
2030-08-27 01:00:00,43.30292481016266,15.138837814331168,0.02238881557876548
2030-08-27 02:00:00,43.30315380379691,14.890862464904899,0.03551969347789087
2030-08-27 03:00:00,43.30331319301565,14.760866165161246,0.06808700553977433
2030-08-27 04:00:00,43.30332074465926,14.607639312744254,0.065957879973138
2030-08-27 05:00:00,43.30335486458074,14.611701011657829,0.07911209163863502
2030-08-27 06:00:00,43.30326201835622,14.696041107177848,0.05888439306895269
2030-08-27 07:00:00,43.30327047394776,14.90297889709484,0.059024513801457935
2030-08-27 08:00:00,43.3032167053641,15.142523765564079,0.03910761280881876
2030-08-27 09:00:00,43.30283111609752,15.28474330902111,0.013696868574705954
2030-08-27 10:00:00,35.05607278878391,16.106512069702262,3.957769196558993e-06
2030-08-27 11:00:00,35.056092598415034,16.088886260986442,4.44238573325771e-06
2030-08-27 12:00:00,35.05608968538505,16.92225837707531,4.518524544186266e-06
2030-08-27 13:00:00,35.05605448846391,18.534059524536246,3.956350738161293e-06
2030-08-27 14:00:00,35.05602069198044,19.66576194763195,3.5585873891795862e-06
2030-08-27 15:00:00,35.05608850199397,19.926609039306754,3.861899826934889e-06
2030-08-27 16:00:00,35.05636029906759,19.746088027954215,4.62517520117596e-06
2030-08-27 17:00:00,43.30318754615376,18.583238601684684,0.02646263813848702
2030-08-27 18:00:00,43.30340485385119,17.48814201354992,0.10849909209778147
2030-08-27 19:00:00,43.303418175268725,16.602056503296012,0.1338412935565682
2030-08-27 20:00:00,43.30340926946311,15.909315109253043,0.11554847687939374
2030-08-27 21:00:00,43.30339243388043,15.233228683471793,0.0938689463486174
2030-08-27 22:00:00,43.30339204901655,15.493542671203727,0.09670432495049221
2030-08-27 23:00:00,43.30339344817743,14.95212268829357,0.10014906454281057
2030-08-28 00:00:00,43.30334957670594,14.270027160644645,0.06866797885548137
2030-08-28 01:00:00,43.30337138458442,13.670540809631461,0.08083529166200704
2030-08-28 02:00:00,43.303384197000646,13.147551536560172,0.08892169004648615
2030-08-28 03:00:00,43.303407039198845,12.750041961670036,0.10740116478352679
2030-08-28 04:00:00,43.303433890918505,12.48111724853527,0.1437388571947251
2030-08-28 05:00:00,43.303444138690935,12.334650993347282,0.16179990590189267
2030-08-28 06:00:00,43.3034454064529,12.996668815612907,0.15441561380497693
2030-08-28 07:00:00,43.30342627136749,14.534591674804801,0.09951544827868643
2030-08-28 08:00:00,43.30334409241883,16.31727218627941,0.04311728868767101
2030-08-28 09:00:00,43.302306230299486,18.093418121338004,0.00788407371248968
2030-08-28 10:00:00,43.30216136006169,19.608886718750114,0.006584039419410164
2030-08-28 11:00:00,43.3021668423772,20.657159805297965,0.00642448328060488
2030-08-28 12:00:00,43.30218634778355,21.459569931030387,0.006476054425854305
2030-08-28 13:00:00,43.30224320713091,21.827394485473746,0.00690230516204863
2030-08-28 14:00:00,43.30238550844233,21.68666267395031,0.008054194170225536
2030-08-28 15:00:00,43.30340248742051,21.01937294006359,0.0662964932922887
2030-08-28 16:00:00,43.30345013440255,20.33041381835949,0.12058097582090814
2030-08-28 17:00:00,43.30346425389376,19.781503677368278,0.15776389413574743
2030-08-28 18:00:00,43.30346934678786,18.921396255493278,0.17865318493821558
2030-08-28 19:00:00,43.30347112614268,18.015911102295036,0.182674087853716
2030-08-28 20:00:00,43.30347211845498,17.353023529052848,0.18713112608790605
2030-08-28 21:00:00,43.303470793736025,16.67319488525402,0.18406061642024388
2030-08-28 22:00:00,43.3034682325447,16.186742782592887,0.17899265264815648
2030-08-28 23:00:00,43.30346688146956,15.945271492004508,0.1742477194107586
2030-08-29 00:00:00,43.30346573093366,15.97668838500988,0.1696895523850213
2030-08-29 01:00:00,43.30346589406738,15.882623672485465,0.1707823378464579
2030-08-29 02:00:00,43.3034694442823,15.60095310211193,0.1768356964877935
2030-08-29 03:00:00,43.30347462816381,15.249398231506461,0.1850520976855012
2030-08-29 04:00:00,43.30348069590346,14.966947555542106,0.19659481736507795
2030-08-29 05:00:00,43.30348399683499,15.10514068603527,0.20196264761041294
2030-08-29 06:00:00,43.30348652924137,15.319198608398551,0.21037054233870658
2030-08-29 07:00:00,43.30348603920413,15.364968299865836,0.20163903176565115
2030-08-29 08:00:00,43.303485436354194,14.797305107116813,0.1969269147769464
2030-08-29 09:00:00,43.30347698131061,14.674942970275993,0.15617076417609463
2030-08-29 10:00:00,43.30343013918024,15.69144153594982,0.07567529912839562
2030-08-29 11:00:00,43.30347839851475,14.587116241455192,0.17126124467148296
2030-08-29 12:00:00,43.3034699902932,14.483357429504508,0.14464388105048356
2030-08-29 13:00:00,43.30346873686195,14.892098426818961,0.1451130862780492
2030-08-29 14:00:00,43.30339963141452,15.510764122009391,0.06057201237497397
2030-08-29 15:00:00,43.3034376587888,15.560074806213493,0.09203671744332784
2030-08-29 16:00:00,43.30346248520608,15.185589790344352,0.13841884269263882
2030-08-29 17:00:00,43.30346714255946,14.911337852478141,0.16079520761032443
2030-08-29 18:00:00,43.30346674246806,14.466302871704215,0.16989904674548273
2030-08-29 19:00:00,43.30345781585058,14.348160743713493,0.14900009766386874
2030-08-29 20:00:00,43.30343722937914,13.973422050476188,0.11255433046998185
2030-08-29 21:00:00,43.303406818770334,13.539361953735465,0.08409209530706371
2030-08-29 22:00:00,43.30336020287405,13.280538558960075,0.060540374389062936
2030-08-29 23:00:00,43.30338822805265,13.044100761413688,0.07872383790397551
2030-08-30 00:00:00,43.30338383951333,12.722594261169547,0.08005232254613648
2030-08-30 01:00:00,43.30337321305664,12.363330841064567,0.07441501187552986
2030-08-30 02:00:00,43.3033711433576,12.14962482452404,0.0720873943105628
2030-08-30 03:00:00,43.303350480147536,11.967329978942985,0.06045827073347786
2030-08-30 04:00:00,43.30335542738791,12.138254165649528,0.060701752412315325
2030-08-30 05:00:00,43.3033828117335,12.218450546264762,0.07544174913877028
2030-08-30 06:00:00,24.703537784602634,12.314234733581657,5.171102266189006e-06
2030-08-30 07:00:00,21.012537661966377,12.606392860412711,3.1734390408132792e-06
2030-08-30 08:00:00,19.990586160299305,12.90627479553234,2.5197657425330146e-06
2030-08-30 09:00:00,19.990418144828556,13.441435813903922,2.2693172075508262e-06
2030-08-30 10:00:00,19.99056771408188,14.131485939025993,2.476139651215875e-06
2030-08-30 11:00:00,19.99039147678532,15.025153160095329,2.165336180727048e-06
2030-08-30 12:00:00,19.990360612852086,15.95850753784191,1.8996611241109044e-06
2030-08-30 13:00:00,19.990381189479617,16.648736953735465,1.9641495607511033e-06
2030-08-30 14:00:00,19.990411508729483,17.320644378662223,1.8618911911569548e-06
2030-08-30 15:00:00,19.99065920837352,17.59268951416027,2.1045747978921172e-06
2030-08-30 16:00:00,20.837640879797775,17.283887863159293,2.6846188177715937e-06
2030-08-30 17:00:00,35.05631361775415,16.6705837249757,6.4668208179293104e-06
2030-08-30 18:00:00,43.3031154168073,15.625750541687125,0.025553785184290485
2030-08-30 19:00:00,43.303212062276565,14.63305759429943,0.031763271022079355
2030-08-30 20:00:00,43.30224401504015,13.97320365905773,0.00970622631898804
2030-08-30 21:00:00,43.30330554299636,13.406037330627555,0.05452664824982505
2030-08-30 22:00:00,43.303374813837614,12.942263603210563,0.10074601217632195
2030-08-30 23:00:00,43.30331137359357,12.643509864807243,0.06380623981750133
2030-08-31 00:00:00,43.30311294197681,12.35589981079113,0.0329192686037518
2030-08-31 01:00:00,43.30087193379849,12.159397125244254,0.0074745170229552895
2030-08-31 02:00:00,43.29439246630547,11.854422569275016,0.0028281815475696293
2030-08-31 03:00:00,43.29694780276586,12.04598426818859,0.0036770408550370224
2030-08-31 04:00:00,43.30273038548551,12.303400993347282,0.01879259023238328
2030-08-31 05:00:00,43.30325261703473,12.003816604614371,0.04160034110789887
2030-08-31 06:00:00,33.7676328139915,12.555731773376579,9.144427657995226e-06
2030-08-31 07:00:00,33.76287241265638,13.938672065734977,6.59564048699243e-06
2030-08-31 08:00:00,27.33242486163699,15.503997802734489,3.5991468604270915e-06
2030-08-31 09:00:00,27.33231949023136,16.76771736145031,3.052922505240363e-06
2030-08-31 10:00:00,27.33230538009314,17.47205734252941,2.7746064951891264e-06
2030-08-31 11:00:00,27.332343815703695,17.654520034790153,3.097153311547569e-06
2030-08-31 12:00:00,27.33236656283696,17.898941040039176,3.144317129033455e-06
2030-08-31 13:00:00,27.332408647548444,18.005771636963004,3.047083932613162e-06
2030-08-31 14:00:00,27.33254892589667,18.354885101318473,3.315584486106939e-06
2030-08-31 15:00:00,27.334378672082774,18.407566070556754,3.61557924341362e-06
2030-08-31 16:00:00,43.27335491171266,18.31026649475109,0.0007793651232978923
2030-08-31 17:00:00,43.30335067238863,17.890247344970817,0.05754526014978159
2030-08-31 18:00:00,43.30342023226503,16.70360374450695,0.12446117967336297
2030-08-31 19:00:00,43.303419650477416,15.53608322143566,0.12248614629645513
2030-08-31 20:00:00,43.303415347160175,14.74076366424572,0.11627502656759121
2030-08-31 21:00:00,43.30341351672953,14.406949996948356,0.11614450810016902
2030-08-31 22:00:00,43.30342155563128,14.418969154358024,0.13076995962295557
2030-08-31 23:00:00,43.30341535372894,13.330056190490836,0.12211523966215954
2030-09-01 00:00:00,43.30339820003188,12.417145729065055,0.10220802830155737
2030-09-01 01:00:00,43.30338181758991,12.240359306335563,0.08796601059484796
2030-09-01 02:00:00,43.303389824831285,12.193701744079704,0.09252695595458674
2030-09-01 03:00:00,43.30341467718039,11.845952033996696,0.10998723093516775
2030-09-01 04:00:00,43.303439373931,11.860383033752555,0.13877327856624733
2030-09-01 05:00:00,43.30344850751653,11.794038772583121,0.14895221691263108
2030-09-01 06:00:00,43.303451486337465,12.087116241455192,0.15036656520444255
2030-09-01 07:00:00,43.303420828695934,13.504057884216422,0.08596551246413485
2030-09-01 08:00:00,43.30223793317762,15.055226325988883,0.008807061603041967
2030-09-01 09:00:00,43.27374813036748,16.356956481933707,0.0006023164950271827
2030-09-01 10:00:00,43.273758457606434,17.31712341308605,0.0005997243080628743
2030-09-01 11:00:00,43.27382668340997,17.773105621338004,0.0006066645482122111
2030-09-01 12:00:00,43.27425026223012,18.19998931884777,0.0006805793857254151
2030-09-01 13:00:00,43.29665196099393,18.7466278076173,0.002150912916744034
2030-09-01 14:00:00,43.303183735479735,18.925029754638786,0.025640091679145206
2030-09-01 15:00:00,43.30343129296933,18.846511840820426,0.09116383562199598
2030-09-01 16:00:00,43.30340760264636,19.217990875244254,0.06735361553862086
2030-09-01 17:00:00,43.30346180035337,18.431209564209098,0.1381199901213739
2030-09-01 18:00:00,43.30347530846075,17.22714424133312,0.18661557952555913
2030-09-01 19:00:00,43.30347743537942,15.863154411316032,0.19257122434615762
2030-09-01 20:00:00,43.30347665343666,15.116216659546012,0.19089235012178699
2030-09-01 21:00:00,43.30347391327577,14.70617771148693,0.18156160309378197
2030-09-01 22:00:00,43.30347008576306,14.299180984497184,0.16942406190059664
2030-09-01 23:00:00,43.30347154595893,13.855510711670036,0.1757699902905584
2030-09-02 00:00:00,43.303468996067,13.437971115112418,0.17092996187510334
2030-09-02 01:00:00,43.30346802828964,13.02780628204357,0.16816389581420205
2030-09-02 02:00:00,43.30346806811396,13.163781166076774,0.16492308574900444
2030-09-02 03:00:00,43.30347420338197,13.89278888702404,0.1727419813445457
2030-09-02 04:00:00,43.30348396109187,14.305918693542594,0.1901470559164686
2030-09-02 05:00:00,43.30348883779916,14.480348587036246,0.19882976677107628
2030-09-02 06:00:00,43.30349028978111,14.965764999389762,0.20092331070068373
2030-09-02 07:00:00,43.30349224854018,15.525530815124625,0.2054396297817303
2030-09-02 08:00:00,43.303468521698775,17.16979026794445,0.11026988777868744
2030-09-02 09:00:00,43.30312762082757,19.120231628418082,0.01904003455889351
2030-09-02 10:00:00,43.30307088852742,20.239753723144645,0.017183783040094852
2030-09-02 11:00:00,43.30299169051638,21.226760864257926,0.014202312408279948
2030-09-02 12:00:00,43.302970034681,22.18422126770031,0.01313697696879346
2030-09-02 13:00:00,43.30333656264082,21.530981063842887,0.04056659136428402
2030-09-02 14:00:00,43.3034787252642,20.444375991821403,0.15353623634791658
2030-09-02 15:00:00,43.30348509881716,19.899246215820426,0.17610764813097168
2030-09-02 16:00:00,43.30348268932679,19.459098815918082,0.16284866249036828
2030-09-02 17:00:00,43.303469044398696,18.86131286621105,0.12504673828167184
2030-09-02 18:00:00,43.30344190440712,18.34479904174816,0.08825987630817747
2030-09-02 19:00:00,43.30341353662487,17.69408988952648,0.06748917848323849
2030-09-02 20:00:00,43.30341600537309,17.430351257324332,0.07141380820204808
2030-09-02 21:00:00,43.30343776233001,17.409336090088004,0.09236632563593403
2030-09-02 22:00:00,43.3034438187242,17.593288421630973,0.10625609110205396
2030-09-02 23:00:00,43.303434947281474,17.629985809326286,0.09784945913981957
2030-09-03 00:00:00,43.30343693920339,17.463886260986442,0.10140453826709354
2030-09-03 01:00:00,43.30343909165476,17.108591079712028,0.10309887620102763
2030-09-03 02:00:00,43.30345223880614,16.94863319396984,0.11828662055493933
2030-09-03 03:00:00,43.30346702600366,15.981306076049918,0.14270326121932517
2030-09-03 04:00:00,43.303480306326726,15.327031135559196,0.17031062885270623
2030-09-03 05:00:00,43.303488827795285,15.211189270019645,0.19430732333706238
2030-09-03 06:00:00,43.30348958547004,14.912936210632438,0.19645774198775656
2030-09-03 07:00:00,43.30348646046295,14.67428302764904,0.17546985291769338
2030-09-03 08:00:00,43.30348752229907,14.344789505004996,0.18671605181625817
2030-09-03 09:00:00,43.30348001750169,14.455239295959586,0.1532247178773638
2030-09-03 10:00:00,43.30345099641909,14.607275009155387,0.0909192272871883
2030-09-03 11:00:00,43.30345504440716,14.693037033081168,0.10216841560289401
2030-09-03 12:00:00,43.30337415708639,15.278855323791618,0.04695995655414081
2030-09-03 13:00:00,43.30347241628613,14.548193931579704,0.1538788585332179
2030-09-03 14:00:00,43.30339591462196,15.827346801757926,0.055686208414326636
2030-09-03 15:00:00,43.3034105021163,16.446058273315543,0.06262477106121031
2030-09-03 16:00:00,43.3034402467636,16.59398460388195,0.08933322117918553
2030-09-03 17:00:00,43.30346920683236,14.99039459228527,0.16846915253346284
2030-09-03 18:00:00,43.30345530140119,14.145073890686149,0.1303046252465448
2030-09-03 19:00:00,43.30343441343833,13.868956565857047,0.09698454332590885
2030-09-03 20:00:00,43.303409470735545,13.181043624878043,0.0777482870768143
2030-09-03 21:00:00,43.30338254978707,12.870866775512809,0.06467250249795038
2030-09-03 22:00:00,43.30340332607951,13.140927314758414,0.08396182483694156
2030-09-03 23:00:00,43.303385328023055,13.097211837768668,0.07468685200650654
2030-09-04 00:00:00,43.30337949852022,13.119320869445914,0.07239419455175823
2030-09-04 01:00:00,43.30338375005937,13.00461292266857,0.07715434885994504
2030-09-04 02:00:00,43.30339833672497,12.786006927490348,0.08851182275868502
2030-09-04 03:00:00,43.30341436641243,12.712145805359,0.10416423990493719
2030-09-04 04:00:00,43.30342126499296,12.870110511779899,0.10918245226517152
2030-09-04 05:00:00,43.3034263415945,13.064961433410758,0.11425657064307461
2030-09-04 06:00:00,43.30330729651655,13.243330955505485,0.05335682167922763
2030-09-04 07:00:00,43.30330160403267,13.46225738525402,0.04932706003196375
2030-09-04 08:00:00,43.3033400854826,13.518976211547965,0.06360967937482435
2030-09-04 09:00:00,43.3032684068163,14.023758888244743,0.03789818191694549
2030-09-04 10:00:00,43.303006263028045,14.581255912780875,0.017925356247389293
2030-09-04 11:00:00,43.30266055154742,15.015043258667106,0.012184197695768282
2030-09-04 12:00:00,41.54773524781987,16.267309188842887,2.040327354914633e-05
2030-09-04 13:00:00,43.299895359037045,17.147104263305778,0.004506786231296262
2030-09-04 14:00:00,43.300999292093934,17.461326599121207,0.005799862305840987
2030-09-04 15:00:00,35.05624185500757,18.26857948303234,5.472004053147151e-06
2030-09-04 16:00:00,35.05616427994012,18.822179794311637,5.082287754875552e-06
2030-09-04 17:00:00,35.056796466499954,18.107357025146598,5.788540711635671e-06
2030-09-04 18:00:00,35.056165948400206,16.897203445434684,5.357185626958855e-06
2030-09-04 19:00:00,35.05610269991548,15.724993705749625,5.160427124943199e-06
2030-09-04 20:00:00,35.056099973261595,14.625748634338493,5.491255369584315e-06
2030-09-04 21:00:00,35.056101663505444,13.813051223754996,5.8235201410306655e-06
2030-09-04 22:00:00,35.05610435921445,13.365633964538688,6.130215150489122e-06
2030-09-04 23:00:00,35.056073620191746,12.898361206054801,5.925746319820335e-06
2030-09-05 00:00:00,35.05606331710216,12.622213363647575,5.722865200795685e-06
2030-09-05 01:00:00,35.05607124010358,12.307106971740836,5.835596294775752e-06
2030-09-05 02:00:00,35.05608723894587,12.136599540710563,5.975682217936178e-06
2030-09-05 03:00:00,35.05611503064648,12.191702842712516,6.095968939348238e-06
2030-09-05 04:00:00,35.05617197740362,12.354182243347282,6.090892819211873e-06
2030-09-05 05:00:00,35.05642460873956,12.772989273071403,6.078981925514843e-06
2030-09-05 06:00:00,27.33275674414321,13.522148132324332,3.437166001260203e-06
2030-09-05 07:00:00,27.3320941867026,15.262805938720817,3.0760586479428558e-06
2030-09-05 08:00:00,27.331995752443195,17.728443145752067,2.7573206778952497e-06
2030-09-05 09:00:00,27.332002586324933,20.2734889984132,2.742774222222735e-06
2030-09-05 10:00:00,27.332002767913472,22.4137477874757,2.7071899483703576e-06
2030-09-05 11:00:00,27.33202781343038,23.783819198608512,2.6760902376733448e-06
2030-09-05 12:00:00,27.3320720110865,24.77947807312023,2.7010565918896383e-06
2030-09-05 13:00:00,27.332169260707435,25.280925750732536,2.7889848131436404e-06
2030-09-05 14:00:00,27.332462094188067,25.534418106079215,2.9251385082253426e-06
2030-09-05 15:00:00,43.30340584338691,24.38887977600109,0.12463470325070009
2030-09-05 16:00:00,43.303373427060265,24.052612304687614,0.07829582976416508
2030-09-05 17:00:00,43.303405203128,23.57983779907238,0.12015275042512386
2030-09-05 18:00:00,43.30340828816008,22.013828277588004,0.12696765391577708
2030-09-05 19:00:00,43.30339553659135,20.74592781066906,0.10554763555267868
2030-09-05 20:00:00,43.30337980923586,20.067270278930778,0.08981551054980622
2030-09-05 21:00:00,43.303356458394575,19.16543769836437,0.07516145341961995
2030-09-05 22:00:00,43.30336373434678,18.53103828430187,0.0819492439469026
2030-09-05 23:00:00,43.30335213829557,18.24999809265148,0.07705176628501434
2030-09-06 00:00:00,43.30335237200239,18.261861801147575,0.07901152181021388
2030-09-06 01:00:00,43.30336176753906,17.363504409790153,0.08536803896759197
2030-09-06 02:00:00,43.30336466138724,16.94404220581066,0.08785349056475764
2030-09-06 03:00:00,43.30337996445024,16.518772125244254,0.0995573650084308
2030-09-06 04:00:00,43.30340225483516,16.138828277588004,0.12270190118121838
2030-09-06 05:00:00,43.30341365210301,15.79760551452648,0.14103805582399268
2030-09-06 06:00:00,43.30341687295783,16.369129180908317,0.14314375160366696
2030-09-06 07:00:00,43.30338225420158,18.307847976684684,0.08175057010908839
2030-09-06 08:00:00,43.303121519341445,20.280857086181754,0.023683254727530818
2030-09-06 09:00:00,43.30278617716777,21.276258468628043,0.012173839800545299
2030-09-06 10:00:00,43.30277586428894,21.621889114379996,0.011561410994832691
2030-09-06 11:00:00,43.303409661049024,20.55645561218273,0.10844069734510045
2030-09-06 12:00:00,43.303411531226566,19.846265792846793,0.1143965565478663
2030-09-06 13:00:00,43.30341616782592,19.531211853027457,0.12548025763962092
2030-09-06 14:00:00,43.30286283480134,21.36123657226574,0.013812377400001366
2030-09-06 15:00:00,43.30296442748654,21.98041152954113,0.01736501570685259
2030-09-06 16:00:00,43.303372476177486,21.473011016845817,0.07104662761285227
2030-09-06 17:00:00,43.30341270349747,20.739313125610465,0.11634978644792494
2030-09-06 18:00:00,43.30342338901544,19.729309082031364,0.14047816409986658
2030-09-06 19:00:00,43.30341258930626,18.548070907592887,0.11828676580935266
2030-09-06 20:00:00,43.30338168581181,17.571315765380973,0.08641963108529963
2030-09-06 21:00:00,43.30331491206324,16.659370422363395,0.055761970642197636
2030-09-06 22:00:00,43.302993458929485,15.811881065368766,0.021762213563244173
2030-09-06 23:00:00,43.30295214704836,15.347200393676871,0.020434095128345743
2030-09-07 00:00:00,43.30294173940896,15.039534568786735,0.02015811599268451
2030-09-07 01:00:00,43.30297400049369,14.554708480835075,0.02213276284607855
2030-09-07 02:00:00,43.30308239220404,14.071646690368766,0.028683859412397508
2030-09-07 03:00:00,43.30323370533096,13.711787223816032,0.04323708123115606
2030-09-07 04:00:00,43.30333932407076,13.659906387329215,0.06649545839060461
2030-09-07 05:00:00,43.30336597970885,13.456513404846305,0.07608667635291023
2030-09-07 06:00:00,33.76521221416038,13.903510093689079,7.991899455011911e-06
2030-09-07 07:00:00,27.3323438535101,15.470134735107536,4.245112848881272e-06
2030-09-07 08:00:00,27.331665869026956,17.28331565856945,3.862841758399777e-06
2030-09-07 09:00:00,27.330667258737364,18.911674499511832,3.3517573312540084e-06
2030-09-07 10:00:00,27.330582414082755,20.215087890625114,2.9701365570777937e-06
2030-09-07 11:00:00,27.330571637103915,21.341619491577262,2.8255879208913365e-06
2030-09-07 12:00:00,27.33057997972002,22.23782348632824,2.7492231839164373e-06
2030-09-07 13:00:00,27.330599542349265,22.891174316406364,2.7110427028646526e-06
2030-09-07 14:00:00,27.33071185018205,23.107326507568473,2.993187755055033e-06
2030-09-07 15:00:00,27.33211713577652,23.102058410644645,3.4770720056993296e-06
2030-09-07 16:00:00,43.30070510380934,22.63333892822277,0.005045655661552085
2030-09-07 17:00:00,43.30341582544938,21.416204452514762,0.09292137822530513
2030-09-07 18:00:00,43.30344271106728,19.96500396728527,0.1371329901779823
2030-09-07 19:00:00,43.30343348814318,18.71796798706066,0.11645758518433352
2030-09-07 20:00:00,43.30339830022388,17.63295173645031,0.08212486193756591
2030-09-07 21:00:00,43.303349090029,16.625551223754996,0.061712010955274656
2030-09-07 22:00:00,43.30334698612496,15.714412689209098,0.06267443474423291
2030-09-07 23:00:00,43.3033646841533,15.604277610778922,0.07099295174453484
2030-09-08 00:00:00,43.30338979538034,15.280317306518668,0.0835227212085344
2030-09-08 01:00:00,43.30341272278032,15.2448024749757,0.09857032908111352
2030-09-08 02:00:00,43.30343004483296,15.65393447875988,0.11513971466209443
2030-09-08 03:00:00,43.303450452337685,15.944588661193961,0.13972571972749634
2030-09-08 04:00:00,43.30346810326806,16.12535667419445,0.16748853540048766
2030-09-08 05:00:00,43.30347897919025,16.360862731933707,0.19012164217805191
2030-09-08 06:00:00,43.30348378249179,16.75351715087902,0.20159236142740833
2030-09-08 07:00:00,43.30348143162641,17.500745773315543,0.17338168450595215
2030-09-08 08:00:00,43.303421096499946,19.066001892089957,0.0630352712207651
2030-09-08 09:00:00,43.30310124138176,20.42035293579113,0.018246070136387734
2030-09-08 10:00:00,43.30264881944508,21.457101821899528,0.009442366122910035
2030-09-08 11:00:00,43.3026771863502,22.31316947937023,0.009187515154875524
2030-09-08 12:00:00,43.30342251239699,21.964803695678825,0.06200319441804529
2030-09-08 13:00:00,43.303459753591554,21.669229507446403,0.0967229943915236
2030-09-08 14:00:00,43.30348217152966,21.563146591186637,0.14052703430493707
2030-09-08 15:00:00,43.303496794657846,20.943294525146598,0.19471308792005446
2030-09-08 16:00:00,43.30349773821175,20.267713546753043,0.19085650828417886
2030-09-08 17:00:00,43.30349779069608,19.23956108093273,0.18919209543004906
2030-09-08 18:00:00,43.30350259927978,18.232597351074332,0.2112881443526973
2030-09-08 19:00:00,43.3035021915697,17.241651535034293,0.20752335060308835
2030-09-08 20:00:00,43.30350111730719,16.988410949707145,0.20263370222205906
2030-09-08 21:00:00,43.30349830013999,16.792955398559684,0.19445027076776633
2030-09-08 22:00:00,43.30349550541724,16.69212341308605,0.18727227505565425
2030-09-08 23:00:00,43.30349393987617,16.539693832397575,0.18308077118339586
2030-09-09 00:00:00,43.30349293914856,16.505168914795036,0.18009580350752252
2030-09-09 01:00:00,43.303492777367,16.595766067504996,0.17861476165751633
2030-09-09 02:00:00,43.30349343435227,16.59633827209484,0.17846976992894564
2030-09-09 03:00:00,43.30349866412851,16.434476852417106,0.18680886784711515
2030-09-09 04:00:00,43.30350543743975,16.20905685424816,0.2000234638929309
2030-09-09 05:00:00,43.30350975569424,16.032775878906364,0.20972828773391855
2030-09-09 06:00:00,43.30351112464924,15.223685264587516,0.21355243666244755
2030-09-09 07:00:00,43.303513137825455,14.702868461609,0.21827462628811234
2030-09-09 08:00:00,43.30351186138597,14.730028152465934,0.20767009313805798
2030-09-09 09:00:00,43.30350931405929,15.06734657287609,0.1903349519471597
2030-09-09 10:00:00,43.30350228610898,15.665615081787223,0.15712321861657533
2030-09-09 11:00:00,43.30327537258112,16.977153778076286,0.026710928210071705
2030-09-09 12:00:00,43.30325782639896,17.433288574218864,0.025054674394885113
2030-09-09 13:00:00,43.30349924818052,16.963333129882926,0.1582388159624076
2030-09-09 14:00:00,43.303492861314496,16.88753700256359,0.14101161555271186
2030-09-09 15:00:00,43.30348867784338,17.136327743530387,0.13013947926136737
2030-09-09 16:00:00,43.303471282142034,17.45982360839855,0.09684501095454671
2030-09-09 17:00:00,43.303499495069374,17.119121551513786,0.17253378098913896
2030-09-09 18:00:00,43.3034974093165,16.626302719116325,0.16868474227369837
2030-09-09 19:00:00,43.303488874934544,16.482967376709098,0.14618541788980774
2030-09-09 20:00:00,43.30347859207215,15.741438865661735,0.12657498253066016
2030-09-09 21:00:00,43.30346999400225,14.840134620666618,0.1169025064567029
2030-09-09 22:00:00,43.303479820925176,14.44228839874279,0.1472063861819485
2030-09-09 23:00:00,43.30347882071995,14.79382705688488,0.15154425994894727
2030-09-10 00:00:00,43.3034781924479,15.039497375488395,0.15476920166024366
2030-09-10 01:00:00,43.30347825335824,15.023483276367301,0.1574717508250225
2030-09-10 02:00:00,43.30347806288543,15.215851783752555,0.15941217091511292
2030-09-10 03:00:00,43.30347854342446,15.14343070983898,0.15836352447466126
2030-09-10 04:00:00,43.30348221997908,15.16214752197277,0.16273477263485048
2030-09-10 05:00:00,43.30348398622107,14.956075668335075,0.16345784222697302
2030-09-10 06:00:00,43.30346790808073,14.894499778747672,0.1343967501198887
2030-09-10 07:00:00,43.30347005512043,14.571955680847282,0.13900987254952524
2030-09-10 08:00:00,43.30345794622433,14.464114189148063,0.11544582603165353
2030-09-10 09:00:00,35.05721288165643,15.871538162231559,5.267155903192334e-06
2030-09-10 10:00:00,35.05669238734031,16.921466827392692,4.5745725087090555e-06
2030-09-10 11:00:00,35.056668372385985,18.609619140625114,4.3848809472041305e-06
2030-09-10 12:00:00,35.05667639179294,20.784769058227653,4.432246436509611e-06
2030-09-10 13:00:00,35.056704479032454,21.323974609375114,4.507842661916054e-06
2030-09-10 14:00:00,35.05678209266053,21.30349159240734,4.706292486504923e-06
2030-09-10 15:00:00,35.057219015329544,21.349962234497184,5.118988752150704e-06
2030-09-10 16:00:00,43.29796328903354,20.81549453735363,0.0030401852645873277
2030-09-10 17:00:00,43.30325577872972,19.782249450683707,0.0317097375477527
2030-09-10 18:00:00,43.3033892223031,18.238952636718864,0.06193433576176432
2030-09-10 19:00:00,43.30341749083167,16.973587036132926,0.0840513963151581
2030-09-10 20:00:00,43.30341724908528,16.197467803955192,0.08945860701105986
2030-09-10 21:00:00,43.30341507594907,15.710191726684684,0.09232787683837655
2030-09-10 22:00:00,43.3034185048117,15.63586807250988,0.10166121541349783
2030-09-10 23:00:00,43.30342116343255,15.096671104431266,0.1087601248923987
2030-09-11 00:00:00,43.3034145926696,14.46972465515148,0.10523526951591679
2030-09-11 01:00:00,43.30337704568772,13.994158744812125,0.07667864636025645
2030-09-11 02:00:00,43.3029441528428,13.644636154174918,0.022860243065132842
2030-09-11 03:00:00,43.30315824475044,13.29249191284191,0.031100802222049168
2030-09-11 04:00:00,43.30328997991669,13.048448562622184,0.04098224435535895
2030-09-11 05:00:00,43.30337746225535,12.8016233444215,0.058838491540107785
2030-09-11 06:00:00,43.3034347340166,13.005217552185172,0.09918561586773272
2030-09-11 07:00:00,43.30342755341124,13.817072868347282,0.08788896047509771
2030-09-11 08:00:00,43.30342462658508,14.558818817138786,0.08130920565771063
2030-09-11 09:00:00,43.303420743393154,14.978512763977164,0.07850981657700581
2030-09-11 10:00:00,43.30337717318349,15.57474803924572,0.05301908355336875
2030-09-11 11:00:00,43.3029665915035,16.46779060363781,0.016106893526478396
2030-09-11 12:00:00,43.3026944588821,17.53433990478527,0.010460439147767547
2030-09-11 13:00:00,43.30267131549783,20.264196395874137,0.009446673596871567
2030-09-11 14:00:00,43.30270053565428,22.055786132812614,0.010024695080967466
2030-09-11 15:00:00,43.30301617864061,22.692544937133903,0.017512801406954676
2030-09-11 16:00:00,43.303424166823504,22.66685485839855,0.08346543852220163
2030-09-11 17:00:00,43.30346065231022,21.84238433837902,0.1543137177460354
2030-09-11 18:00:00,43.30346914855258,20.556514739990348,0.19098884206590033
2030-09-11 19:00:00,43.30346692808492,19.290651321411246,0.18148831293043607
2030-09-11 20:00:00,43.30346277040304,18.360555648803825,0.16973990633417668
2030-09-11 21:00:00,43.303453440996016,17.846090316772575,0.14746482497355168
2030-09-11 22:00:00,43.30339456436666,17.44924926757824,0.07865514598056393
2030-09-11 23:00:00,43.30339231465493,17.651878356933707,0.08151011771949623
2030-09-12 00:00:00,43.30340626819886,17.856027603149528,0.09380429025579944
2030-09-12 01:00:00,43.30341337375777,17.49815368652355,0.10132019331232034
2030-09-12 02:00:00,43.30343077472849,17.31490516662609,0.12010753411765035
2030-09-12 03:00:00,43.30344506691616,16.902717590332145,0.1413337469969812
2030-09-12 04:00:00,43.3034606642645,16.84810066223156,0.1720193512202685
2030-09-12 05:00:00,43.30346801405884,16.432855606079215,0.1944438952933028
2030-09-12 06:00:00,43.30346962890382,16.550909042358512,0.20453314344276302
2030-09-12 07:00:00,43.30346348499418,17.205404281616325,0.1649676512407785
2030-09-12 08:00:00,43.30345221125037,18.00657653808605,0.12588979361208147
2030-09-12 09:00:00,43.30328265599455,19.86013221740734,0.030725021270853813
2030-09-12 10:00:00,43.302818116266856,21.52112197875988,0.011630892908670244
2030-09-12 11:00:00,43.30307943298534,21.91086006164562,0.01887430218798374
2030-09-12 12:00:00,43.3027438851525,24.11705589294445,0.00997224855482578
2030-09-12 13:00:00,43.302752396203445,25.383275985717887,0.010467894231440648
2030-09-12 14:00:00,43.30279477480671,26.177431106567496,0.011752222141608901
2030-09-12 15:00:00,43.30311113006508,26.47262573242199,0.021419041015375027
2030-09-12 16:00:00,43.30341503628839,25.888612747192496,0.08729642114586253
2030-09-12 17:00:00,43.303449045272586,24.80214118957531,0.16321731873023
2030-09-12 18:00:00,43.30345498052572,23.284736633300895,0.20223579138744135
2030-09-12 19:00:00,43.30345015356462,22.048023223877067,0.18974653115458726
2030-09-12 20:00:00,43.30344540983145,21.155187606811637,0.18033813916896796
2030-09-12 21:00:00,43.30343576264998,20.153863906860465,0.16142945038570952
2030-09-12 22:00:00,43.30342362749631,20.331365585327262,0.13876804055010072
2030-09-12 23:00:00,43.30342054991372,20.313844680786246,0.14098747315214208
2030-09-13 00:00:00,43.30337565689174,19.979139328003043,0.08817712881842608
2030-09-13 01:00:00,43.30310769694663,19.33081436157238,0.029537696148126787
2030-09-13 02:00:00,43.30294117670266,18.85833549499523,0.020053547410051505
2030-09-13 03:00:00,43.30304085944568,18.458868026733512,0.025512572691290644
2030-09-13 04:00:00,43.30316409635016,17.979982376098746,0.03295419216408359
2030-09-13 05:00:00,43.30296877421601,17.51899337768566,0.019707242092675815
2030-09-13 06:00:00,20.00073130313836,17.50614738464367,2.1708828433094118e-06
2030-09-13 07:00:00,19.990270863756763,18.006450653076286,3.112192291539904e-06
2030-09-13 08:00:00,16.181407153498274,19.654026031494254,1.5485660231872214e-06
2030-09-13 09:00:00,16.18136377769398,21.863304138183707,1.3192633919065072e-06
2030-09-13 10:00:00,16.181382670434722,24.808113098144645,1.3177015766997349e-06
2030-09-13 11:00:00,16.181428072562156,26.95124435424816,1.4190370061867128e-06
2030-09-13 12:00:00,16.181500271075432,28.31248283386242,1.517673898522691e-06
2030-09-13 13:00:00,16.181634929732496,29.030891418457145,1.5506067728988697e-06
2030-09-13 14:00:00,16.184448840881153,29.157444000244254,1.6901564829115633e-06
2030-09-13 15:00:00,19.990647334096,28.388698577880973,2.6786573644770784e-06
2030-09-13 16:00:00,41.56325099956087,27.88186836242687,1.991981048479813e-05
2030-09-13 17:00:00,43.30327178003751,27.40983390808117,0.0430041281875909
2030-09-13 18:00:00,43.30337251685681,25.521785736084098,0.09506553196113333
2030-09-13 19:00:00,43.30335509546968,23.720018386840934,0.08649960913979057
2030-09-13 20:00:00,43.30333337305486,22.918560028076286,0.07821086818961251
2030-09-13 21:00:00,43.30335297715798,22.731336593628043,0.0929152202140588
2030-09-13 22:00:00,43.30337732849424,22.487102508545036,0.12213219225300376
2030-09-13 23:00:00,43.303372321795145,22.370830535888786,0.11942892056112524
2030-09-14 00:00:00,43.30336782028103,22.183145523071403,0.11811601804022696
2030-09-14 01:00:00,43.30337134440981,21.80027580261242,0.12465245894132093
2030-09-14 02:00:00,43.30336903955872,21.27582168579113,0.1217523060040096
2030-09-14 03:00:00,43.303370438244976,20.69041442871105,0.12338708272930016
2030-09-14 04:00:00,43.30337757128953,20.24965095520031,0.13198226636391
2030-09-14 05:00:00,43.30337842723611,19.832201004028434,0.13283866650538997
2030-09-14 06:00:00,43.303384018459205,19.609619140625114,0.13768670903632702
2030-09-14 07:00:00,43.303339135969125,20.340795516967887,0.07832787936578632
2030-09-14 08:00:00,43.30158578575984,22.142139434814567,0.009115085957502803
2030-09-14 09:00:00,41.563708524596215,24.563648223877067,2.1037509458500487e-05
2030-09-14 10:00:00,41.56361922806638,26.48452186584484,1.8627137135174594e-05
2030-09-14 11:00:00,41.56361327815457,27.764038085937614,1.780637613469643e-05
2030-09-14 12:00:00,41.56362854052987,29.110160827636832,1.774061860383849e-05
2030-09-14 13:00:00,41.56367003115225,29.288169860839957,1.8469645670066575e-05
2030-09-14 14:00:00,41.56385131898325,28.947734832763786,2.0072122993885574e-05
2030-09-14 15:00:00,43.29573817301356,28.653861999511832,0.002585515133970255
2030-09-14 16:00:00,43.30327113760693,28.228212356567496,0.04819803036138081
2030-09-14 17:00:00,43.30339674040633,27.38840484619152,0.15188776039116422
2030-09-14 18:00:00,43.30340170836399,25.933406829834098,0.16716374357929745
2030-09-14 19:00:00,43.30338721365406,24.765497207641715,0.13281701909070545
2030-09-14 20:00:00,43.30334149522152,23.83046913146984,0.08394979567762856
2030-09-14 21:00:00,43.30321223046115,23.35457038879406,0.044087452283431625
2030-09-14 22:00:00,43.30270550699512,22.98654365539562,0.018939764844666373
2030-09-14 23:00:00,43.302357616062814,22.77299308776867,0.014532469478929383
2030-09-15 00:00:00,43.302246017351145,22.690511703491325,0.013823265484940759
2030-09-15 01:00:00,43.30251307205674,22.032114028930778,0.017209931300612387
2030-09-15 02:00:00,43.30289471014104,20.814373016357536,0.025386450263161928
2030-09-15 03:00:00,43.30326800878949,20.585193634033317,0.059025863411223935
2030-09-15 04:00:00,43.30336753243395,20.566148757934684,0.10599556305717801
2030-09-15 05:00:00,43.303388304406205,20.458745956421012,0.12804716579150996
2030-09-15 06:00:00,43.30339482789767,20.560729980468864,0.13773648519978107
2030-09-15 07:00:00,43.30338718531525,20.81698608398449,0.11655788124942774
2030-09-15 08:00:00,43.30338249444704,21.01577186584484,0.10774905079305303
2030-09-15 09:00:00,43.30334676477374,21.223014831543082,0.07060870889020533
2030-09-15 10:00:00,43.30334366986136,21.38810539245617,0.07039061855365435
2030-09-15 11:00:00,43.30336503349877,21.426277160644645,0.08823373113767749
2030-09-15 12:00:00,43.303316316209326,21.602928161621207,0.057859350767562094
2030-09-15 13:00:00,43.30334051873584,21.307693481445426,0.07557506576401962
2030-09-15 14:00:00,43.303362916777104,20.688341140747184,0.09569884615495106
2030-09-15 15:00:00,43.30338883033573,20.03543281555187,0.13997898209046417
2030-09-15 16:00:00,43.30338731090304,19.63224601745617,0.1385780090020618
2030-09-15 17:00:00,43.303385088900285,18.988079071045036,0.14047418159402275
2030-09-15 18:00:00,43.303372847132245,18.405864715576286,0.11884140497088323
2030-09-15 19:00:00,43.30332675083363,17.82914543151867,0.07563306036936682
2030-09-15 20:00:00,43.30326612983344,17.36771392822277,0.05409960817283026
2030-09-15 21:00:00,43.30317492053814,17.095390319824332,0.040179040637025674
2030-09-15 22:00:00,43.30314683110558,16.845600128173942,0.03888286853822922
2030-09-15 23:00:00,43.302904368863054,16.532693862915153,0.024110148056119097
2030-09-16 00:00:00,43.30272610630959,16.15096473693859,0.017512313255264964
2030-09-16 01:00:00,43.30271741425296,15.723258018493766,0.01682133141155185
2030-09-16 02:00:00,43.30277975628013,15.29267787933361,0.019206740760992384
2030-09-16 03:00:00,43.30298560347962,15.040940284729118,0.0269441215853874
2030-09-16 04:00:00,43.30327211532344,14.854902267456168,0.06096731479893048
2030-09-16 05:00:00,43.30331948616313,14.78619766235363,0.08094818118258035
2030-09-16 06:00:00,43.303332784645086,14.750739097595329,0.09329265629867868
2030-09-16 07:00:00,43.30334604939654,14.809942245483512,0.11073497889814611
2030-09-16 08:00:00,43.30335086547362,15.083495140075797,0.12341841077387822
2030-09-16 09:00:00,43.303345383054456,15.423057556152457,0.1182611282932137
2030-09-16 10:00:00,43.30330513141521,15.797490119934196,0.07469605209311064
2030-09-16 11:00:00,43.303156887731824,16.365818023681754,0.03224247764720602
2030-09-16 12:00:00,43.29735471976792,16.784044265747184,0.0027065715451210647
2030-09-16 13:00:00,43.29702352326511,17.14169311523449,0.002366353269578646
2030-09-16 14:00:00,43.29692790935129,17.94790649414074,0.0019078032905842726
2030-09-16 15:00:00,43.29703127226226,17.90240859985363,0.002400813023353353
2030-09-16 16:00:00,43.303034737814095,17.611816406250114,0.025504787576332278
2030-09-16 17:00:00,43.30327561563616,16.83694648742687,0.06910752559465343
2030-09-16 18:00:00,43.303268165179865,16.172744750976676,0.06680053656433024
2030-09-16 19:00:00,43.29893139775637,15.788282394409293,0.003936766332780424
2030-09-16 20:00:00,43.29705094036724,15.344684600830192,0.0026482705646878146
2030-09-16 21:00:00,43.29702633169485,15.158858299255485,0.002595570669064207
2030-09-16 22:00:00,43.29702017818787,15.12054824829113,0.0026049870209797674
2030-09-16 23:00:00,43.297039063830496,15.075478553772086,0.002737770286162228
2030-09-17 00:00:00,43.29707266623284,15.02736854553234,0.002861777595045349
2030-09-17 01:00:00,43.29720482593851,15.022109985351676,0.003299546547714559
2030-09-17 02:00:00,43.29728828293264,14.986236572265739,0.0031323379899293033
2030-09-17 03:00:00,43.299166553283854,14.902504920959586,0.004623617020076414
2030-09-17 04:00:00,43.30323478228393,14.886252403259391,0.0664657891147879
2030-09-17 05:00:00,43.30327851300249,14.948311805725211,0.09012323492820637
2030-09-17 06:00:00,43.30329213913221,14.96506214141857,0.10415310825103122
2030-09-17 07:00:00,43.30328403505135,14.996421813964957,0.09358338231403909
2030-09-17 08:00:00,43.30327079772919,15.274321556091422,0.08150154122728011
2030-09-17 09:00:00,43.30328068576337,15.603249549865836,0.08949996739689578
2030-09-17 10:00:00,43.303302026397255,16.16702270507824,0.132081806186682
2030-09-17 11:00:00,43.30328967208738,16.791736602783317,0.11145586476171057
2030-09-17 12:00:00,43.303290086060734,17.22571945190441,0.11933558683594768
2030-09-17 13:00:00,43.30215600238411,18.592239379882926,0.008121032154818675
2030-09-17 14:00:00,43.30326757914703,18.520223617553825,0.10015806248200218
2030-09-17 15:00:00,43.30328204663853,18.532119750976676,0.13115672642081172
2030-09-17 16:00:00,43.30325415670693,18.8110809326173,0.090408068870901
2030-09-17 17:00:00,43.303265608959165,18.459154129028434,0.11660377761927035
2030-09-17 18:00:00,43.30327163116716,17.486459732055778,0.14138766408833925
2030-09-17 19:00:00,43.303228128870806,17.15487670898449,0.0879381569402623
2030-09-17 20:00:00,43.303176980635016,16.96616935729992,0.062278511605368674
2030-09-17 21:00:00,43.30319380744529,16.937831878662223,0.07751923009789696
2030-09-17 22:00:00,43.30222292050251,16.84361267089855,0.010924992017860078
2030-09-17 23:00:00,43.30296435175987,16.536060333252067,0.03298976458101155
2030-09-18 00:00:00,43.3027329436525,16.345695495605582,0.022238753227971437
2030-09-18 01:00:00,43.3025147817433,16.1344451904298,0.017372265896827135
2030-09-18 02:00:00,43.30243130169039,15.884789466858024,0.015519277964996095
2030-09-18 03:00:00,43.30227454694801,15.592843055725211,0.01213680613232163
2030-09-18 04:00:00,43.30232754036265,15.453845977783317,0.012179716647532696
2030-09-18 05:00:00,43.302225767419706,15.212679862976188,0.009299327694835581
2030-09-18 06:00:00,0.0548066140913365,14.969308853149528,1.8858630964514057e-06
2030-09-18 07:00:00,0.0303589854225663,14.92709827423107,1.6478911784418125e-06
2030-09-18 08:00:00,0.0251388046752225,15.154755592346305,1.5595040222385343e-06
2030-09-18 09:00:00,0.0250550069310706,15.761544227600211,1.4952250217423718e-06
2030-09-18 10:00:00,0.0250564127378548,16.347379684448356,1.5465592985400615e-06
2030-09-18 11:00:00,0.0249880340849209,17.537538528442496,1.4583926879793053e-06
2030-09-18 12:00:00,0.0249443595309046,19.909009933471793,1.2767654805185046e-06
2030-09-18 13:00:00,0.0249554557207482,22.817247390747184,1.2860850288899436e-06
2030-09-18 14:00:00,0.0249769411654345,23.38802528381359,1.324660179678728e-06
2030-09-18 15:00:00,0.0250269996928568,23.51340484619152,1.4024063084986103e-06
2030-09-18 16:00:00,0.025109900087659,22.846193313598746,1.4656790578602297e-06
2030-09-18 17:00:00,0.0266486306872241,21.632596969604606,1.6621234720258954e-06
2030-09-18 18:00:00,0.0468983071438515,19.773710250854606,1.8311984455635839e-06
2030-09-18 19:00:00,0.0273567928828114,18.102241516113395,1.8106033783070842e-06
2030-09-18 20:00:00,0.0266317839106239,17.43270874023449,1.867750021551894e-06
2030-09-18 21:00:00,0.0260616688824973,16.73163986206066,1.9195144676611974e-06
2030-09-18 22:00:00,0.0261661064651989,16.675794601440543,1.99646128476695e-06
2030-09-18 23:00:00,0.0258775413261855,16.546251296997184,2.0762727460344975e-06
2030-09-19 00:00:00,0.0257560690237542,15.576088905334586,2.1118579291135696e-06
2030-09-19 01:00:00,0.0256926762981458,14.972604751587028,2.13133395459019e-06
2030-09-19 02:00:00,0.0257232451611034,14.423466682434196,2.116575396389349e-06
2030-09-19 03:00:00,0.0260509589178562,13.848752021789664,2.061085710393026e-06
2030-09-19 04:00:00,0.0283020135805054,13.091810226440543,1.9479326349994053e-06
2030-09-19 05:00:00,0.0414723805182945,12.313292503357047,1.8376726404661502e-06
2030-09-19 06:00:00,0.0514189047171734,11.95673751831066,1.74014817442902e-06
2030-09-19 07:00:00,0.0251410183490013,12.754670143127555,1.5047922019419688e-06
2030-09-19 08:00:00,0.0250359170562864,14.347381591796989,1.4450937431306423e-06
2030-09-19 09:00:00,0.0246493080868805,16.501897811889762,1.343006711464494e-06
2030-09-19 10:00:00,0.0245477940214126,18.580179214477653,1.279569231722767e-06
2030-09-19 11:00:00,0.024526325372042,20.212848663330192,1.1969926513293064e-06
2030-09-19 12:00:00,0.0245315046495831,21.50621604919445,1.178401466801355e-06
2030-09-19 13:00:00,0.0245511759406024,22.382286071777457,1.2178676251008045e-06
2030-09-19 14:00:00,0.0245745256618266,22.848218917846793,1.2811710625150953e-06
2030-09-19 15:00:00,0.0246253792371548,22.7303981781007,1.3875745264371323e-06
2030-09-19 16:00:00,0.0249669598175204,22.0426483154298,1.61578143127966e-06
2030-09-19 17:00:00,0.0251165852335066,20.84408760070812,1.7066654938957058e-06
2030-09-19 18:00:00,0.0252746860263207,18.971210479736442,1.7315654915214233e-06
2030-09-19 19:00:00,0.0252185883456293,17.198032379150504,1.8031412793084046e-06
2030-09-19 20:00:00,0.0251707214714426,15.968235015869254,1.8762618984361366e-06
2030-09-19 21:00:00,0.0251407136087509,15.108127593994254,1.9687624856420542e-06
2030-09-19 22:00:00,0.0251398036487382,14.47912406921398,1.991767110711271e-06
2030-09-19 23:00:00,0.0251228682284348,14.10160064697277,2.1382014928171658e-06
2030-09-20 00:00:00,0.025109320238059,13.587738037109489,2.329004735299143e-06
2030-09-20 01:00:00,0.0251292122164814,13.15973281860363,2.2620599088807213e-06
2030-09-20 02:00:00,0.0251418794750975,12.739032745361442,2.27021360309033e-06
2030-09-20 03:00:00,0.0251495130719876,12.222746849060172,2.278017708878535e-06
2030-09-20 04:00:00,0.0251624985989001,11.81000900268566,2.1971193999307946e-06
2030-09-20 05:00:00,0.0251647545376652,11.282853126525993,2.072555220499168e-06
2030-09-20 06:00:00,0.0251269744269956,11.033219337463493,1.993493748666442e-06
2030-09-20 07:00:00,0.0250138296114317,12.44632434844982,1.862886204785218e-06
2030-09-20 08:00:00,0.0245167083278311,14.969258308410758,1.6746341952112632e-06
2030-09-20 09:00:00,0.0244603209506835,17.89769554138195,1.557336364640094e-06
2030-09-20 10:00:00,0.024439545017013,20.454402923584098,1.4978797631274658e-06
2030-09-20 11:00:00,0.0244396898398415,22.185804367065543,1.4242519978308547e-06
2030-09-20 12:00:00,0.0244521157686071,23.229080200195426,1.3692044614887604e-06
2030-09-20 13:00:00,0.0244694281990771,23.83503913879406,1.3462524282130806e-06
2030-09-20 14:00:00,0.0245048452136828,24.024490356445426,1.372182000413104e-06
2030-09-20 15:00:00,0.0246309377191125,23.948478698730582,1.6061777897648123e-06
2030-09-20 16:00:00,0.02505918700008,23.265625000000114,1.7362404060764327e-06
2030-09-20 17:00:00,0.0251436683353842,21.92784118652355,1.8229042683741867e-06
2030-09-20 18:00:00,0.0252856641661772,20.061910629272575,1.8733917157259426e-06
2030-09-20 19:00:00,0.0251781111112859,18.54029464721691,1.905637809047663e-06
2030-09-20 20:00:00,0.0251387658869036,17.17056465148937,1.940029886913644e-06
2030-09-20 21:00:00,0.0251015654245714,16.492324829101676,2.0526741913223425e-06
2030-09-20 22:00:00,0.0250661181334848,15.645212173462028,2.1554084771360185e-06
2030-09-20 23:00:00,0.025069590556972,14.971796035766715,2.1903308255844306e-06
2030-09-21 00:00:00,0.0250722546025682,14.251670837402457,2.18107584778439e-06
2030-09-21 01:00:00,0.0250772806871463,13.49902439117443,2.1652099213659817e-06
2030-09-21 02:00:00,0.0250905202797824,13.016912460327262,2.124876241431506e-06
2030-09-21 03:00:00,0.0251134986540034,12.30121994018566,2.041719283804142e-06
2030-09-21 04:00:00,0.0254925242210145,11.89858436584484,2.0985776589203125e-06
2030-09-21 05:00:00,0.0266137382133369,11.49401950836193,2.0389719362822108e-06
2030-09-21 06:00:00,20.77921043557526,10.982602119445914,3.8181393187180896e-06
2030-09-21 07:00:00,20.78256011323608,12.32208347320568,3.5570221243910143e-06
2030-09-21 08:00:00,19.99004472814537,14.677449226379508,3.11114931931957e-06
2030-09-21 09:00:00,19.98959799400053,17.04481697082531,2.620903489260941e-06
2030-09-21 10:00:00,19.989694117652768,18.465957641601676,2.6381084723867214e-06
2030-09-21 11:00:00,19.98980348172234,19.742126464843864,2.4249240117161234e-06
2030-09-21 12:00:00,19.99106387411932,19.753513336181754,2.653918696675773e-06
2030-09-21 13:00:00,28.41865636454824,17.911399841308707,4.829384140633006e-06
2030-09-21 14:00:00,27.332437243848872,17.435644149780387,4.357731839055033e-06
2030-09-21 15:00:00,27.33208891211212,17.673904418945426,4.19873946456276e-06
2030-09-21 16:00:00,27.332412520203068,17.951803207397575,4.0344686795912464e-06
2030-09-21 17:00:00,33.76613252137631,16.68234252929699,8.78160131672821e-06
2030-09-21 18:00:00,33.76611167744579,15.541279792785758,8.479242557487431e-06
2030-09-21 19:00:00,33.76351974329818,14.70206165313732,7.144792727858554e-06
2030-09-21 20:00:00,33.71946708560157,14.14898490905773,6.760895545294791e-06
2030-09-21 21:00:00,27.336462564825094,13.915067672729606,4.595240003776156e-06
2030-09-21 22:00:00,27.33222535865786,13.991374969482536,4.750495623618775e-06
2030-09-21 23:00:00,27.332067263285666,13.36236381530773,4.83603329864814e-06
2030-09-22 00:00:00,27.331363596584456,13.285331726074332,4.842973335082787e-06
2030-09-22 01:00:00,27.331129403793675,12.941737174987907,3.8315065838154856e-06
2030-09-22 02:00:00,27.331118681622545,12.771195411682243,3.511126289232263e-06
2030-09-22 03:00:00,27.33114257089045,12.387137413025016,3.4037507122427773e-06
2030-09-22 04:00:00,27.33128497926324,12.059891700744743,3.5506563051857327e-06
2030-09-22 05:00:00,27.33195315809281,12.018712997436637,3.6033538613692707e-06
2030-09-22 06:00:00,27.332416090228936,11.783964157104606,3.427127833573055e-06
2030-09-22 07:00:00,27.33236536010781,11.859591484069938,3.2238391810510563e-06
2030-09-22 08:00:00,27.331633160892125,12.702551841735954,3.0015596669770514e-06
2030-09-22 09:00:00,27.33146802939429,13.647192001342887,2.5143198321321597e-06
2030-09-22 10:00:00,27.332333416931032,14.496699333191032,3.1417770707805953e-06
2030-09-22 11:00:00,27.33211622202456,15.922147750854606,2.8318262104214096e-06
2030-09-22 12:00:00,33.76800082383987,14.973513603210563,6.493980252154505e-06
2030-09-22 13:00:00,27.333637530135416,15.84168910980236,3.266540026633895e-06
2030-09-22 14:00:00,27.332962713811945,16.40664100646984,2.8099536230163827e-06
2030-09-22 15:00:00,33.562572306658254,15.369589805603141,5.063929534157913e-06
2030-09-22 16:00:00,33.76867575422924,14.49990558624279,7.972322509261107e-06
2030-09-22 17:00:00,33.76865838039647,13.840037345886344,7.669038200430128e-06
2030-09-22 18:00:00,33.76871208683577,12.965974807739371,8.09704903981457e-06
2030-09-22 19:00:00,33.768559371453414,12.922561645507926,6.715077643045027e-06
2030-09-22 20:00:00,27.337245916812535,12.29133510589611,4.019981976769189e-06
2030-09-22 21:00:00,27.553286181248136,11.744366645813102,4.637502980034248e-06
2030-09-22 22:00:00,27.33311037245285,10.95783901214611,3.3620826312497555e-06
2030-09-22 23:00:00,27.33311114669206,10.281182289123649,3.2789777824388795e-06
2030-09-23 00:00:00,27.333160318967234,9.705024719238395,3.6400464497338225e-06
2030-09-23 01:00:00,27.33318100360966,9.159598350525016,3.68090012778454e-06
2030-09-23 02:00:00,27.333184965530144,8.928837776184196,3.642708069872679e-06
2030-09-23 03:00:00,27.33324289680614,8.661403656005973,3.73220536702094e-06
2030-09-23 04:00:00,27.33382204151832,8.428707122802848,3.852573888108793e-06
2030-09-23 05:00:00,27.34184053083495,8.290847778320426,3.596500054892373e-06
2030-09-23 06:00:00,30.695210769631714,8.954208374023551,4.7385148531590465e-06
2030-09-23 07:00:00,32.086765839170724,9.902085304260368,4.86869070433887e-06
2030-09-23 08:00:00,27.332560803911804,11.52006053924572,2.6335269787451867e-06
2030-09-23 09:00:00,27.33256618490157,12.68390274047863,2.5770752630603206e-06
2030-09-23 10:00:00,27.33254015246188,14.312336921692008,2.2681001868945832e-06
2030-09-23 11:00:00,27.33263339175156,15.027000427246207,2.69200107230797e-06
2030-09-23 12:00:00,27.33351279629841,14.289680480957145,3.2836282207109343e-06
2030-09-23 13:00:00,27.33351723543345,14.360783576965446,3.439708053514541e-06
2030-09-23 14:00:00,27.332782357116557,15.915532112121696,2.4190737189870056e-06
2030-09-23 15:00:00,35.05689107126604,15.716607093811149,5.667155629989833e-06
2030-09-23 16:00:00,43.3030174423027,15.343220710754508,0.04590468367253297
2030-09-23 17:00:00,43.30314387853674,15.095847129821891,0.1225224339696121
2030-09-23 18:00:00,43.30315153190109,14.779061317443961,0.13939482334548184
2030-09-23 19:00:00,43.30314494096243,14.427030563354606,0.12507067582299253
2030-09-23 20:00:00,43.30311081104762,14.119652748108024,0.08393318801144001
2030-09-23 21:00:00,43.3029489015677,13.91952228546154,0.03611330457930554
2030-09-23 22:00:00,42.56088908183544,13.693362236023063,4.5876483741050125e-05
2030-09-23 23:00:00,43.29995756147695,13.531297683715934,0.007012621268890995
2030-09-24 00:00:00,43.243633608027736,13.413322448730582,0.0007650496038854486
2030-09-24 01:00:00,35.05679324370345,13.372482299804801,8.07574328173714e-06
2030-09-24 02:00:00,35.05651359916766,13.33698940277111,7.170390650057823e-06
2030-09-24 03:00:00,35.05654477307454,13.271364212036246,6.959444298888041e-06
2030-09-24 04:00:00,35.05666714801101,13.17483234405529,6.7158216785618905e-06
2030-09-24 05:00:00,35.05772624772701,13.043514251709098,6.5040984530939515e-06
2030-09-24 06:00:00,27.332596890713944,12.929321289062614,3.9164018367461714e-06
2030-09-24 07:00:00,27.332422315335585,12.920112609863395,3.743053592219851e-06
2030-09-24 08:00:00,27.3323437625589,13.159044265747184,3.655976604897383e-06
2030-09-24 09:00:00,27.331853185804786,13.586833953857536,3.6497704460357142e-06
2030-09-24 10:00:00,27.3314001147426,14.238184928894157,3.483710264780124e-06
2030-09-24 11:00:00,26.19062803940511,15.191873550415153,3.137645037806017e-06
2030-09-24 12:00:00,22.134075860507934,16.105138778686637,2.671619111453878e-06
2030-09-24 13:00:00,22.966160660252832,16.775316238403434,2.868770878131035e-06
2030-09-24 14:00:00,26.20654599213857,17.012891769409293,3.61104749720877e-06
2030-09-24 15:00:00,27.314328519264265,16.834264755249137,3.905127068285275e-06
2030-09-24 16:00:00,27.331910946421416,16.35015678405773,4.13785138594994e-06
2030-09-24 17:00:00,27.332051742576265,15.90025901794445,4.185923800950506e-06
2030-09-24 18:00:00,27.31772339366593,15.420831680297965,4.0825744593584045e-06
2030-09-24 19:00:00,22.120912384212417,15.080273628234977,3.073219476318857e-06
2030-09-24 20:00:00,22.120235251877634,14.877526283264274,2.851501539433075e-06
2030-09-24 21:00:00,22.120191313658086,14.825920104980582,2.74733043280452e-06
2030-09-24 22:00:00,22.12016443310933,15.068645477295036,2.5952861186327567e-06
2030-09-24 23:00:00,22.12016239477628,14.651346206665153,2.6049589833692814e-06
2030-09-25 00:00:00,22.12016536853615,13.625829696655387,2.63663680235234e-06
2030-09-25 01:00:00,22.12017758742159,13.40473842620861,2.7311349912746762e-06
2030-09-25 02:00:00,22.120204304479905,13.160511016845817,2.849446912998752e-06
2030-09-25 03:00:00,22.120260146679502,12.794421195984,2.9036683008645043e-06
2030-09-25 04:00:00,22.12049785121124,12.372898101806754,2.9433247340434236e-06
2030-09-25 05:00:00,27.32351990500124,11.884346961975211,3.7608237267057093e-06
2030-09-25 06:00:00,27.332324188038644,11.605997085571403,3.7415896238388087e-06
2030-09-25 07:00:00,27.332027451036087,12.71038627624523,3.499396949492578e-06
2030-09-25 08:00:00,27.324250340348115,14.68850421905529,3.222278850147276e-06
2030-09-25 09:00:00,27.324247604871783,16.54647827148449,3.0270133344468546e-06
2030-09-25 10:00:00,27.324302167287364,17.901952743530387,3.034518847985035e-06
2030-09-25 11:00:00,27.32432008616397,19.054445266723746,2.91290561759114e-06
2030-09-25 12:00:00,27.324406323017275,19.957527160644645,2.908653492931381e-06
2030-09-25 13:00:00,27.32485756293616,20.631628036499137,3.0768818580768028e-06
2030-09-25 14:00:00,43.30321685072748,19.392986297607536,0.08459536455277723
2030-09-25 15:00:00,43.303220028085576,19.1257781982423,0.08348881583411427
2030-09-25 16:00:00,43.303270121637134,18.301086425781364,0.17955094605327115
2030-09-25 17:00:00,43.30327106920681,17.91446113586437,0.16521468147375437
2030-09-25 18:00:00,43.30327781739624,16.91628456115734,0.19584974923982013
2030-09-25 19:00:00,43.30327605028754,15.545874595642204,0.1872021741180342
2030-09-25 20:00:00,43.30327619043583,14.768756866455192,0.18468763524988802
2030-09-25 21:00:00,43.30327749587244,14.173736572265739,0.1859397170787579
2030-09-25 22:00:00,43.30327035869506,13.935407638549918,0.16336682235885494
2030-09-25 23:00:00,43.30326362152303,13.570684432983512,0.15208059954938224
2030-09-26 00:00:00,43.30325810889873,13.463166236877555,0.14327928329177875
2030-09-26 01:00:00,43.30326017031917,13.191327095031852,0.14118557444189397
2030-09-26 02:00:00,43.30325877382154,12.934705734253043,0.1314201467668208
2030-09-26 03:00:00,43.30325847483079,12.681735992431754,0.12157867127307292
2030-09-26 04:00:00,43.30326481771569,12.06500053405773,0.11979508369350454
2030-09-26 05:00:00,43.30326441901954,11.27795219421398,0.1095836762663827
2030-09-26 06:00:00,43.30254034133413,10.755793571472282,0.02641028639305425
2030-09-26 07:00:00,43.30236508382647,11.263323783874625,0.013292292997120127
2030-09-26 08:00:00,35.05563753856912,12.567095756530875,5.2234560701784005e-06
2030-09-26 09:00:00,35.05549484255847,14.10558128356945,4.505344652464393e-06
2030-09-26 10:00:00,35.05547546052291,15.139949798584098,4.116637572548091e-06
2030-09-26 11:00:00,35.05547712552589,16.5448455810548,3.9260547071903805e-06
2030-09-26 12:00:00,35.05550960257501,17.820074081421012,4.054718606571479e-06
2030-09-26 13:00:00,35.055839662946504,17.573963165283317,5.047378920872143e-06
2030-09-26 14:00:00,35.05605163204932,18.223384857177848,4.628009403632965e-06
2030-09-26 15:00:00,37.02782776725338,18.100341796875114,6.598787279653448e-06
2030-09-26 16:00:00,43.30247638491766,17.345520019531364,0.01268934797004735
2030-09-26 17:00:00,43.30323878662984,16.31903457641613,0.07897644234863711
2030-09-26 18:00:00,43.30326640141861,15.243793487548942,0.10992907400222035
2030-09-26 19:00:00,43.30325539548335,13.883404731750602,0.10094276948668376
2030-09-26 20:00:00,43.30325751091769,13.11307525634777,0.10430164696667775
2030-09-26 21:00:00,43.30325055249951,12.513198852539176,0.10152242049055182
2030-09-26 22:00:00,43.30313496447748,12.053317070007438,0.05090509908816709
2030-09-26 23:00:00,43.303240130491055,11.74997711181652,0.09695942873430742
2030-09-27 00:00:00,43.30325920996985,11.180891036987418,0.11955439510650988
2030-09-27 01:00:00,43.30327379251663,10.61910438537609,0.1463579408788827
2030-09-27 02:00:00,43.30327754313781,9.850997924804801,0.15173237643801699
2030-09-27 03:00:00,43.303283472772414,9.603072166442985,0.16203845306465844
2030-09-27 04:00:00,43.3032901272974,9.51392745971691,0.1769425441831615
2030-09-27 05:00:00,43.30328956578055,9.299530982971305,0.1728224198672818
2030-09-27 06:00:00,27.338247396163613,9.041131019592399,9.590567891133617e-06
2030-09-27 07:00:00,27.332280680190284,9.036843299865836,8.669856076628195e-06
2030-09-27 08:00:00,25.94398052474954,9.98214435577404,5.99676862831492e-06
2030-09-27 09:00:00,25.94383255365886,11.61583518981945,4.505084574444168e-06
2030-09-27 10:00:00,20.995330600449627,13.476629257202262,2.7184996312050323e-06
2030-09-27 11:00:00,20.994824837482447,15.657774925232047,2.2932843843561734e-06
2030-09-27 12:00:00,20.99477049566201,17.90829658508312,2.2512147121390847e-06
2030-09-27 13:00:00,20.99474660281198,18.84262275695812,2.3290817750686236e-06
2030-09-27 14:00:00,20.99472061349781,19.07773017883312,2.2725603670710927e-06
2030-09-27 15:00:00,20.99472129893546,19.108459472656364,2.316728435985358e-06
2030-09-27 16:00:00,20.995050931702632,18.70077514648449,2.8442923932686508e-06
2030-09-27 17:00:00,21.04558901481578,17.859205245971793,3.4281060702612072e-06
2030-09-27 18:00:00,21.006412399119338,16.907917022705192,3.1482352393743274e-06
2030-09-27 19:00:00,20.994726072041924,15.49023532867443,2.81779524109512e-06
2030-09-27 20:00:00,20.994708315079677,14.364129066467399,2.658707650221017e-06
2030-09-27 21:00:00,20.994685100583077,13.488570213317985,2.5716737844820774e-06
2030-09-27 22:00:00,20.99467613451308,13.11200046539318,2.521825573014789e-06
2030-09-27 23:00:00,20.99468625531464,12.621315956115836,2.6879488773329105e-06
2030-09-28 00:00:00,20.994698859044973,12.204778671264762,2.885968363927794e-06
2030-09-28 01:00:00,20.994719539606788,11.89917087554943,3.07582994016066e-06
2030-09-28 02:00:00,20.994751832766145,11.693816184997672,3.219339201017164e-06
2030-09-28 03:00:00,20.99481314953781,11.70567893981945,3.4071069460770427e-06
2030-09-28 04:00:00,20.99499507523976,11.896511077880973,3.622980451634379e-06
2030-09-28 05:00:00,21.006188819433397,11.948493003845329,3.844539934492766e-06
2030-09-28 06:00:00,21.855068738875996,11.969434738159293,4.074728495807518e-06
2030-09-28 07:00:00,20.995305135151813,12.661600112915153,3.3087526967943504e-06
2030-09-28 08:00:00,20.99498299166645,13.942805290222282,2.643181868983296e-06
2030-09-28 09:00:00,20.995013970773524,15.565235137939567,2.1986856626399606e-06
2030-09-28 10:00:00,21.01144447443918,16.920417785644645,2.4906637705388627e-06
2030-09-28 11:00:00,27.33536020848785,16.950256347656364,4.035793877238524e-06
2030-09-28 12:00:00,33.76166805995641,16.98380851745617,6.87835750942868e-06
2030-09-28 13:00:00,33.76193344142428,16.844623565673942,8.160140155654892e-06
2030-09-28 14:00:00,33.7619471999792,16.481149673462028,8.675543775584596e-06
2030-09-28 15:00:00,33.76198188199372,16.334161758422965,8.889203144187675e-06
2030-09-28 16:00:00,33.762004245654445,16.359668731689567,8.553454675415254e-06
2030-09-28 17:00:00,33.761988109715084,15.74517631530773,8.079238387331678e-06
2030-09-28 18:00:00,33.76202606844513,14.997828483581657,8.924240031586495e-06
2030-09-28 19:00:00,33.76194743313104,15.04808616638195,8.532537278037555e-06
2030-09-28 20:00:00,33.76180190383003,15.122874259948844,8.168465206565936e-06
2030-09-28 21:00:00,27.33271277773484,15.236067771911735,4.9343091636171285e-06
2030-09-28 22:00:00,27.32773174643223,15.290502548217887,4.087404334869188e-06
2030-09-28 23:00:00,27.327704011087103,15.281184196472282,3.9330764656054974e-06
2030-09-29 00:00:00,27.32769706806924,15.335504531860465,3.9301408219209286e-06
2030-09-29 01:00:00,27.3276983846414,15.381181716919059,3.951942342418232e-06
2030-09-29 02:00:00,27.32769153678568,15.415694236755485,3.8569687590222324e-06
2030-09-29 03:00:00,27.32769333074985,15.406377792358512,3.6688795751623473e-06
2030-09-29 04:00:00,27.327722883468297,15.379325866699332,3.5337674592618104e-06
2030-09-29 05:00:00,27.32778222069893,15.349372863769645,3.4585257658290324e-06
2030-09-29 06:00:00,27.305872351917813,15.409531593322868,3.4141966107978577e-06
2030-09-29 07:00:00,27.306195000795448,15.532067298889274,3.4095348877769517e-06
2030-09-29 08:00:00,27.30587352123176,15.672895431518668,3.110369953255304e-06
2030-09-29 09:00:00,27.3058588023934,15.84598827362072,2.960744693357616e-06
2030-09-29 10:00:00,27.30591815198336,16.088169097900504,3.0478631228364682e-06
2030-09-29 11:00:00,27.30590158153369,16.36502265930187,2.983569349264416e-06
2030-09-29 12:00:00,27.30598222526721,16.757656097412223,3.2149556677404545e-06
2030-09-29 13:00:00,27.30624125914004,16.752677917480582,3.558715681133318e-06
2030-09-29 14:00:00,27.30608232042337,17.09882736206066,2.8221979107611448e-06
2030-09-29 15:00:00,27.30642980442761,17.323108673095817,3.0116317761397496e-06
2030-09-29 16:00:00,43.30329886291065,16.76663208007824,0.06786315491143738
2030-09-29 17:00:00,43.30333599501707,16.481315612793082,0.10304621260386358
2030-09-29 18:00:00,43.30335812897194,16.225355148315543,0.13846929213192868
2030-09-29 19:00:00,43.30336249274634,16.203023910522575,0.15004847039946687
2030-09-29 20:00:00,43.30336406935923,16.076957702636832,0.15152184218891962
2030-09-29 21:00:00,43.30335775035452,15.83546066284191,0.13887738638087596
2030-09-29 22:00:00,43.30334945818443,15.573130607605094,0.12497079204804212
2030-09-29 23:00:00,43.30335550407885,15.398120880127067,0.13407740316574127
2030-09-30 00:00:00,43.3033523701254,15.175910949707145,0.12818597506615897
2030-09-30 01:00:00,43.303357951833554,14.881415367126579,0.13121278180101287
2030-09-30 02:00:00,43.30337363951878,14.56892013549816,0.1536121423736488
2030-09-30 03:00:00,43.30338484297379,14.291251182556266,0.168907370133445
2030-09-30 04:00:00,43.30339512164242,13.921540260315055,0.1870647770043602
2030-09-30 05:00:00,43.303400794282645,13.549748420715446,0.19789884741962183
2030-09-30 06:00:00,43.30340277663522,13.303339004516715,0.20134791984230904
2030-09-30 07:00:00,43.30340438662018,12.96453952789318,0.19847200857260974
2030-09-30 08:00:00,43.30338170599995,13.457549095153922,0.10997440823510014
2030-09-30 09:00:00,43.30339778197551,13.293392181396598,0.15561094927096125
2030-09-30 10:00:00,43.30339319453958,13.231126785278434,0.143743274233701
2030-09-30 11:00:00,43.30272066409443,14.442603111267204,0.011492456782139617
2030-09-30 12:00:00,43.30273288637106,14.959989547729606,0.011893169663037094
2030-09-30 13:00:00,43.302945147031885,15.509449005127067,0.01766674006727177
2030-09-30 14:00:00,43.30337489043404,14.580446243286246,0.11568073317401042
2030-09-30 15:00:00,43.30336690435253,15.024077415466422,0.09736350399478828
2030-09-30 16:00:00,43.30336910529607,14.704101562500114,0.09692234835611753
2030-09-30 17:00:00,43.30339384441247,13.69126415252697,0.16614485098476833
2030-09-30 18:00:00,43.3033918318886,12.910626411438102,0.15903173320267452
2030-09-30 19:00:00,43.30338480898636,12.184458732605094,0.14366973859361795
2030-09-30 20:00:00,43.30337423504937,11.708159446716422,0.12703338550542462
2030-09-30 21:00:00,43.30334014312693,11.110920906067008,0.09108183361096446
2030-09-30 22:00:00,43.30312521983673,10.687309265136832,0.03545146443786012
2030-09-30 23:00:00,43.30289686778664,10.808403015136832,0.02174282534869679
2030-10-01 00:00:00,43.30287766833472,10.488432884216422,0.020221254828869186
2030-10-01 01:00:00,43.30287393302454,9.869764328003043,0.019405683637476093
2030-10-01 02:00:00,43.30292527784989,9.44897270202648,0.0214588761518432
2030-10-01 03:00:00,43.30311525953403,9.137963294983024,0.031519049049571736
2030-10-01 04:00:00,43.303281633270586,9.512825965881461,0.05435332987873707
2030-10-01 05:00:00,43.30333009942209,9.935227394104118,0.07336686133759675
2030-10-01 06:00:00,43.30332794692036,9.607550621032829,0.07183593876058134
2030-10-01 07:00:00,43.30321136636047,9.79913139343273,0.0351901191510686
2030-10-01 08:00:00,43.30325337304868,10.446406364441032,0.043861023984275785
2030-10-01 09:00:00,43.30273969681836,11.410830497741813,0.01352699508027551
2030-10-01 10:00:00,43.30312748952054,12.31784820556652,0.02623649038287721
2030-10-01 11:00:00,43.30257085465857,14.233961105346793,0.008809208854943212
2030-10-01 12:00:00,43.3025824861076,16.137914657592887,0.009054806313120067
2030-10-01 13:00:00,43.303289689035005,16.624547958374137,0.057038539925137674
2030-10-01 14:00:00,43.30290686513277,17.084102630615348,0.01828657765945423
2030-10-01 15:00:00,43.30334724245319,16.679443359375114,0.11008247461093933
2030-10-01 16:00:00,43.30329012533865,16.843425750732536,0.058771315708808614
2030-10-01 17:00:00,43.30334890159904,16.09194946289074,0.11335756931601783
2030-10-01 18:00:00,43.30335699914009,15.292885780334586,0.13766303386354242
2030-10-01 19:00:00,43.3033309222565,14.688327789306754,0.09870216887563062
2030-10-01 20:00:00,43.303312383893015,13.83344650268566,0.08219599952856489
2030-10-01 21:00:00,43.30317036662951,12.724022865295524,0.04122176413518222
2030-10-01 22:00:00,43.30290816298002,12.626717567443961,0.021947100940360984
2030-10-01 23:00:00,43.302905537382,12.23754978179943,0.022619232836859997
2030-10-02 00:00:00,43.30291692585448,12.027365684509391,0.024408643809381524
2030-10-02 01:00:00,43.303055101662366,11.95168495178234,0.03390221976676955
2030-10-02 02:00:00,43.30316581538423,12.116691589355582,0.048043826772260864
2030-10-02 03:00:00,43.303278990434194,11.83121490478527,0.08426391556596308
2030-10-02 04:00:00,43.30332288240741,11.605829238891715,0.12268247246039098
2030-10-02 05:00:00,43.303336696394574,11.633857727050895,0.1503859611732169
2030-10-02 06:00:00,43.303324129366345,11.749485015869254,0.1437190986168404
2030-10-02 07:00:00,43.30330654747638,12.80045318603527,0.10986171913339496
2030-10-02 08:00:00,43.30332063714827,13.703293800354118,0.14257516156756098
2030-10-02 09:00:00,43.3033217943169,14.41367340087902,0.15310109797334245
2030-10-02 10:00:00,35.056719277223635,16.835441589355582,5.467581416458171e-06
2030-10-02 11:00:00,35.05627385965028,19.542657852172965,5.066815221503287e-06
2030-10-02 12:00:00,43.30329933699127,18.580493927002067,0.12452004644011709
2030-10-02 13:00:00,43.30328580633731,18.09190940856945,0.11201221378987813
2030-10-02 14:00:00,43.303287514307385,17.72213172912609,0.1273279310202458
2030-10-02 15:00:00,43.30318854618663,18.418191909790153,0.05229000478158851
2030-10-02 16:00:00,43.30326832770041,17.90881156921398,0.1131222537375457
2030-10-02 17:00:00,43.30322332132247,16.965616226196403,0.07609755996115691
2030-10-02 18:00:00,43.30293703741973,16.615669250488395,0.02526873561903517
2030-10-02 19:00:00,27.333070344053123,16.621456146240348,3.88933311108408e-06
2030-10-02 20:00:00,19.991038069614657,16.66911125183117,2.831501338016637e-06
2030-10-02 21:00:00,19.990543990090263,16.466815948486442,2.6255858321641132e-06
2030-10-02 22:00:00,19.99044183301139,16.489192962646598,2.387616761347335e-06
2030-10-02 23:00:00,19.990415836578386,16.587829589843864,2.3919787348998415e-06
2030-10-03 00:00:00,19.99040272062245,16.622722625732536,2.3688955229127487e-06
2030-10-03 01:00:00,19.99039607548974,16.772296905517692,2.3387721868940467e-06
2030-10-03 02:00:00,19.99039905232136,16.610984802246207,2.3566860177324245e-06
2030-10-03 03:00:00,19.99041379838419,16.31088447570812,2.4186381820447985e-06
2030-10-03 04:00:00,19.99045521982148,15.895797729492301,2.5091971636314826e-06
2030-10-03 05:00:00,19.990593564299477,15.220058441162223,2.569999245126393e-06
2030-10-03 06:00:00,0.1010033266424661,14.639308929443473,1.7865069598211388e-06
2030-10-03 07:00:00,0.1009000058165599,14.225863456726188,1.7731866740334603e-06
2030-10-03 08:00:00,0.0976211055201997,14.029246330261344,1.5868025982934689e-06
2030-10-03 09:00:00,0.0688569054595443,14.028825759887809,1.4614109569995843e-06
2030-10-03 10:00:00,0.062370551882414,15.048332214355582,1.0043947806514975e-06
2030-10-03 11:00:00,0.0625216959714561,14.776313781738395,1.3944167689832877e-06
2030-10-03 12:00:00,0.0624935620633639,14.837005615234489,1.3861824698732776e-06
2030-10-03 13:00:00,0.0623740288308191,15.805440902710075,1.0007692721624039e-06
2030-10-03 14:00:00,0.0624568125032849,16.036418914795036,1.226901135166851e-06
2030-10-03 15:00:00,0.0624830686925304,16.245536804199332,1.080604272952294e-06
2030-10-03 16:00:00,19.990336349493,14.559783935546989,2.76206173912667e-06
2030-10-03 17:00:00,19.99006021590003,13.864966392517204,2.7400370722663506e-06
2030-10-03 18:00:00,19.99116505858059,13.32852649688732,2.8852421997074366e-06
2030-10-03 19:00:00,19.990547524152596,12.38022327423107,2.9799840551308544e-06
2030-10-03 20:00:00,19.99066561676432,12.607563972473258,3.0946354851168476e-06
2030-10-03 21:00:00,19.990585772962103,12.83749103546154,3.2074159197886332e-06
2030-10-03 22:00:00,19.99032144634668,12.839191436767692,3.3548069570100367e-06
2030-10-03 23:00:00,19.990271673060143,12.888856887817496,3.3796311496522425e-06
2030-10-04 00:00:00,19.99031680820194,12.604884147644157,3.347202243624823e-06
2030-10-04 01:00:00,19.99046207534574,12.524304389953727,3.3726388213695624e-06
2030-10-04 02:00:00,19.992072717757395,11.79452991485607,3.5110408471452246e-06
2030-10-04 03:00:00,20.147039498195227,11.233846664428825,3.761896387300995e-06
2030-10-04 04:00:00,27.33197455025885,10.743574142456168,6.139833816654801e-06
2030-10-04 05:00:00,27.33057241124609,10.499086380004996,5.329291949894464e-06
2030-10-04 06:00:00,27.33146214384189,10.548023223877067,5.01832467458592e-06
2030-10-04 07:00:00,27.32579498281245,11.359957695007438,4.495273111612971e-06
2030-10-04 08:00:00,22.12133971027322,13.105145454406852,3.0503062049765006e-06
2030-10-04 09:00:00,27.327638899640107,14.515738487243766,3.933942924907613e-06
2030-10-04 10:00:00,27.332269363309667,15.434758186340446,4.188521292630113e-06
2030-10-04 11:00:00,27.33231621763975,15.879577636718864,4.0512373866333834e-06
2030-10-04 12:00:00,22.120093970869085,16.297208786010856,3.0672255352947035e-06
2030-10-04 13:00:00,22.119913573270875,16.94558715820324,2.590173758308912e-06
2030-10-04 14:00:00,22.11999664620362,17.077941894531364,3.021252967840789e-06
2030-10-04 15:00:00,22.119904877390844,17.58938789367687,2.37971522505588e-06
2030-10-04 16:00:00,22.40977716579956,17.243463516235465,3.509103301759306e-06
2030-10-04 17:00:00,23.05899260575326,17.007577896118278,3.7153978215135617e-06
2030-10-04 18:00:00,23.0619350989074,16.861200332641715,3.835459077167238e-06
2030-10-04 19:00:00,22.121898079180635,16.69430541992199,3.6652144482897094e-06
2030-10-04 20:00:00,22.1205394204251,16.62232589721691,3.6356583979513518e-06
2030-10-04 21:00:00,22.12021205458693,16.642208099365348,3.6189659349651677e-06
2030-10-04 22:00:00,22.120088910418332,16.617044448852653,3.6293087584035836e-06
2030-10-04 23:00:00,22.120063343452493,16.588630676269645,3.6394077796004348e-06
2030-10-05 00:00:00,22.12004955392987,16.512512207031364,3.5938952470715576e-06
2030-10-05 01:00:00,22.120058032506662,16.385622024536246,3.664387450162795e-06
2030-10-05 02:00:00,22.12007670451491,16.07362556457531,3.683359523320921e-06
2030-10-05 03:00:00,22.120106991851443,15.986515998840446,3.840661080755006e-06
2030-10-05 04:00:00,22.12031879417174,15.761073112487907,3.9799787845524765e-06
2030-10-05 05:00:00,27.141594864655247,15.379301071167106,5.355623213173604e-06
2030-10-05 06:00:00,27.316118871129017,14.976517677307243,5.2257776808502275e-06
2030-10-05 07:00:00,27.32909887538237,14.387853622436637,5.021119513575975e-06
2030-10-05 08:00:00,27.332177611676794,14.156994819641227,5.070387407988232e-06
2030-10-05 09:00:00,27.332130160814422,14.226249694824332,4.807402985715055e-06
2030-10-05 10:00:00,22.12002045123845,14.777494430542106,2.4708241828870874e-06
2030-10-05 11:00:00,22.120148364396,14.656092643737907,3.0580343650224547e-06
2030-10-05 12:00:00,22.120009568122462,15.829376220703239,2.175675313242556e-06
2030-10-05 13:00:00,22.12006358468835,17.69779777526867,2.3284226119609453e-06
2030-10-05 14:00:00,22.12061197719459,17.387342453003043,2.9411986151813265e-06
2030-10-05 15:00:00,26.391980199596425,16.718093872070426,3.990425738401226e-06
2030-10-05 16:00:00,27.33210585518872,16.641902923584098,4.301761625024253e-06
2030-10-05 17:00:00,32.607615978523405,15.550024986267204,6.841241920695342e-06
2030-10-05 18:00:00,32.60769231204575,14.806576728820914,7.149227330406007e-06
2030-10-05 19:00:00,27.363241808762982,13.87264728546154,4.62252021519761e-06
2030-10-05 20:00:00,27.332831184163723,13.823926925659293,4.667059380152662e-06
2030-10-05 21:00:00,27.33234385707702,13.393403053283805,4.882890912758926e-06
2030-10-05 22:00:00,26.39627412441485,13.096835136413688,4.8530027951978525e-06
2030-10-05 23:00:00,26.39353729686949,12.992906570434684,4.789327091909497e-06
2030-10-06 00:00:00,26.39356487630593,12.723161697387809,4.8401458023616275e-06
2030-10-06 01:00:00,26.393425834261446,12.369729995727653,4.700032632458938e-06
2030-10-06 02:00:00,26.393531649583625,12.104271888733024,4.517015030939077e-06
2030-10-06 03:00:00,26.814677075286863,11.884591102600211,4.55628872706207e-06
2030-10-06 04:00:00,27.331995803472296,11.79867267608654,4.421339931631449e-06
2030-10-06 05:00:00,27.33248236844337,11.801435470581168,3.908542240225929e-06
2030-10-06 06:00:00,24.702362844735564,11.789650917053336,3.860576816036897e-06
2030-10-06 07:00:00,24.702409230855324,11.662043571472282,3.817210584069451e-06
2030-10-06 08:00:00,24.702362682893888,11.726618766784782,3.5485897540772266e-06
2030-10-06 09:00:00,19.99028142623649,12.632696151733512,2.382597603758171e-06
2030-10-06 10:00:00,19.989442285780683,13.246029853820914,2.108243025468582e-06
2030-10-06 11:00:00,19.989412956828243,13.862603187561149,1.9485818219466765e-06
2030-10-06 12:00:00,19.98938959557109,15.446962356567496,1.7589430642199788e-06
2030-10-06 13:00:00,19.989416834133444,16.761020660400504,1.7981071089002422e-06
2030-10-06 14:00:00,19.98946665502051,17.03311157226574,1.9365415422640707e-06
2030-10-06 15:00:00,19.98959754220786,17.022558212280387,2.173835905936138e-06
2030-10-06 16:00:00,19.990521009643867,16.48606681823742,2.386611728784098e-06
2030-10-06 17:00:00,24.70157411170216,15.48651218414318,3.6124806398191214e-06
2030-10-06 18:00:00,20.877376422138965,14.079813003540153,3.197839040099192e-06
2030-10-06 19:00:00,20.774146173987404,13.02785682678234,3.0871371668905293e-06
2030-10-06 20:00:00,19.995445592531546,12.543281555175895,3.015108449650753e-06
2030-10-06 21:00:00,19.990639180104044,12.627951622009391,3.1305004982281045e-06
2030-10-06 22:00:00,19.990285665708964,12.674404144287223,3.2019236656704583e-06
2030-10-06 23:00:00,19.99011559744873,12.732077598571891,3.311351530738106e-06
2030-10-07 00:00:00,19.990090505662497,13.15000438690197,3.364191800291758e-06
2030-10-07 01:00:00,19.990163676515927,13.440444946289176,3.4122255292969277e-06
2030-10-07 02:00:00,19.99020063055372,13.619790077209586,3.4238811383994962e-06
2030-10-07 03:00:00,19.99043953373603,13.689840316772575,3.3419859278613137e-06
2030-10-07 04:00:00,19.996201794752235,13.81226730346691,3.23305317153041e-06
2030-10-07 05:00:00,24.702192005708017,13.902338027954215,3.885739660129762e-06
2030-10-07 06:00:00,0.0608781531145093,13.959993362426871,2.441584356933939e-06
2030-10-07 07:00:00,0.0607322414959096,14.426818847656364,2.0243006644504014e-06
2030-10-07 08:00:00,0.03543371183969,15.397125244140739,1.5395188003013972e-06
2030-10-07 09:00:00,0.0296629307234712,16.74501228332531,1.3346903914809801e-06
2030-10-07 10:00:00,0.0296213498472975,18.635028839111442,1.1926459471754886e-06
2030-10-07 11:00:00,0.0296036053491608,20.590448379516715,1.1122355078433203e-06
2030-10-07 12:00:00,0.0296020389066484,22.111700057983512,1.089432733780813e-06
2030-10-07 13:00:00,0.0296184944391976,23.084819793701286,1.111353232964082e-06
2030-10-07 14:00:00,0.0296772144710272,23.588346481323356,1.1911828296369332e-06
2030-10-07 15:00:00,0.0301027720310243,23.73456954956066,1.3382546257527938e-06
2030-10-07 16:00:00,19.984564908738427,23.468441009521598,2.3713241146693497e-06
2030-10-07 17:00:00,20.795129983633476,22.34100151062023,2.790704417130799e-06
2030-10-07 18:00:00,19.991771472499483,20.940755844116325,2.7418825776704873e-06
2030-10-07 19:00:00,19.99039638226032,19.878601074218864,2.8402065749263803e-06
2030-10-07 20:00:00,19.99024138067293,19.050983428955192,2.925692480634241e-06
2030-10-07 21:00:00,19.99021438159396,18.233089447021598,3.0496358058427014e-06
2030-10-07 22:00:00,19.99017282995021,17.652061462402457,3.114750584881265e-06
2030-10-07 23:00:00,19.99027227509108,17.277921676635856,3.150696597852844e-06
2030-10-08 00:00:00,19.990706509201395,17.1191864013673,3.249376309847653e-06
2030-10-08 01:00:00,27.33139025127831,17.07416152954113,4.9176522243670455e-06
2030-10-08 02:00:00,43.29732727574881,17.027231216430778,0.004403731195973153
2030-10-08 03:00:00,43.30311668492451,16.845342636108512,0.03893956910401483
2030-10-08 04:00:00,43.30331640899234,16.535861968994254,0.12264346950033626
2030-10-08 05:00:00,43.30334952919771,16.148370742797965,0.1896511722762048
2030-10-08 06:00:00,43.303356560132926,15.722610473632926,0.19819828982331228
2030-10-08 07:00:00,43.30336386115261,15.392359733581657,0.21021323291702673
2030-10-08 08:00:00,43.30336801277336,15.099582672119254,0.21379154999724204
2030-10-08 09:00:00,43.303368792050286,15.113644599914664,0.19708659353131971
2030-10-08 10:00:00,43.30337043857071,14.983044624328727,0.19327787911919575
2030-10-08 11:00:00,43.3033734420336,14.763002395629996,0.19843970598143643
2030-10-08 12:00:00,43.30336519738204,14.998605728149528,0.15341933795025653
2030-10-08 13:00:00,43.30336394430973,15.388753890991325,0.1476648038730838
2030-10-08 14:00:00,43.30336807926127,15.651329994201774,0.15856838368480297
2030-10-08 15:00:00,43.30325438490501,16.055551528930778,0.04547112199346521
2030-10-08 16:00:00,43.303342946204026,16.335397720337028,0.09224274345237025
2030-10-08 17:00:00,43.30338140057264,15.504436492920036,0.19280083469010634
2030-10-08 18:00:00,43.30337710339225,14.286478042602653,0.17324083203230622
2030-10-08 19:00:00,43.303365700350994,13.358403205871696,0.14065295937453098
2030-10-08 20:00:00,43.30331203294869,12.62333202362072,0.07688809478082365
2030-10-08 21:00:00,43.30282378716083,11.612578392028922,0.019674940080593204
2030-10-08 22:00:00,43.30231283860391,11.962907791137809,0.009766642475864371
2030-10-08 23:00:00,43.30231867528232,11.209671974182243,0.00992794210843384
2030-10-09 00:00:00,43.30231657554612,10.094116210937614,0.010151447646468364
2030-10-09 01:00:00,43.302343946219054,9.82604026794445,0.010312532620362826
2030-10-09 02:00:00,43.30243150769629,9.558243751525993,0.012057486104782227
2030-10-09 03:00:00,43.30250647743813,9.391969680786246,0.012390219020928394
2030-10-09 04:00:00,43.30292063212256,9.506493568420524,0.019729999520157554
2030-10-09 05:00:00,43.303327477031374,10.233493804931754,0.07062638026124082
2030-10-09 06:00:00,43.3033677262811,10.775332450866813,0.11080516593147507
2030-10-09 07:00:00,43.303374836086896,10.945246696472282,0.11935103934460811
2030-10-09 08:00:00,43.30333252888282,11.264291763305778,0.06664234472343351
2030-10-09 09:00:00,43.303337510336085,11.72299957275402,0.06899739185978425
2030-10-09 10:00:00,43.30324781587445,12.503084182739371,0.038523501576899884
2030-10-09 11:00:00,43.303374097253815,12.335435867309684,0.11553695774709867
2030-10-09 12:00:00,43.30319915223326,12.968897819519157,0.030839195603507917
2030-10-09 13:00:00,43.30336267393371,13.265951156616325,0.09657340784342525
2030-10-09 14:00:00,43.30336788931324,13.467146873474235,0.10452048691162225
2030-10-09 15:00:00,43.303380747526,13.61220741271984,0.1314631321411757
2030-10-09 16:00:00,43.30337631807759,13.500164031982536,0.12169473772715829
2030-10-09 17:00:00,43.30339659384551,12.714057922363395,0.2154592266115198
2030-10-09 18:00:00,43.30339385090362,12.218227386474723,0.21203559830033417
2030-10-09 19:00:00,43.30338984395828,11.56231784820568,0.2067953770708288
2030-10-09 20:00:00,43.303385660946205,11.564973831176871,0.20382832416815802
2030-10-09 21:00:00,43.30337823965182,11.328065872192496,0.19354012267074241
2030-10-09 22:00:00,43.30337034290009,11.808484077453727,0.18579759342764904
2030-10-09 23:00:00,43.303360901401575,12.27020645141613,0.17197681833563927
2030-10-10 00:00:00,43.30334529029672,12.374083518982047,0.14882687852882795
2030-10-10 01:00:00,43.30333055537444,12.225341796875114,0.12847167515479552
2030-10-10 02:00:00,43.303315574793984,12.07181549072277,0.1100598554712079
2030-10-10 03:00:00,43.303306987661934,11.98334884643566,0.10041050485832677
2030-10-10 04:00:00,43.30331172910571,11.898171424865836,0.10627744051558226
2030-10-10 05:00:00,43.303311683805,11.849844932556266,0.10662207633168504
2030-10-10 06:00:00,24.70542191757112,11.72905254364025,5.352027572571318e-06
2030-10-10 07:00:00,24.703747087429928,11.914322853088493,4.702220382420774e-06
2030-10-10 08:00:00,24.703627712431867,12.16454124450695,4.022660340105743e-06
2030-10-10 09:00:00,19.990603269047668,13.187839508056754,2.2782667738573485e-06
2030-10-10 10:00:00,19.99062895416036,14.809404373169059,2.306157275585657e-06
2030-10-10 11:00:00,19.99040907847182,15.744115829467887,2.186222356521854e-06
2030-10-10 12:00:00,19.990385702694425,15.921066284179801,2.216925211062339e-06
2030-10-10 13:00:00,19.99039703051313,16.157960891723746,2.3357664304903378e-06
2030-10-10 14:00:00,19.990571167873306,16.121706008911246,2.688879656077741e-06
2030-10-10 15:00:00,20.00838463096251,15.434128761291618,2.897211558834842e-06
2030-10-10 16:00:00,19.990411840557243,15.421492576599235,2.3853447863365735e-06
2030-10-10 17:00:00,20.155553032487344,14.603899955749625,2.999575448168132e-06
2030-10-10 18:00:00,19.99085728295452,13.377441406250114,2.872160403268326e-06
2030-10-10 19:00:00,19.990491242501705,13.533475875854606,2.8265492837325074e-06
2030-10-10 20:00:00,19.990391785967528,13.386968612671012,2.828080502846445e-06
2030-10-10 21:00:00,19.990345506044587,13.320797920227164,2.8457795141656148e-06
2030-10-10 22:00:00,19.990301541878583,13.492329597473258,2.7995094408626586e-06
2030-10-10 23:00:00,19.990287908375297,13.698472976684684,2.8508926120280978e-06
2030-10-11 00:00:00,19.99028894444362,13.836257934570426,2.953656359010555e-06
2030-10-11 01:00:00,19.99029631197586,13.798420906067008,2.977705178034091e-06
2030-10-11 02:00:00,19.990296648002385,13.973479270935172,3.02973494877585e-06
2030-10-11 03:00:00,19.99030552203129,14.253227233886832,3.0800410418004002e-06
2030-10-11 04:00:00,19.99032154927094,14.40631484985363,3.1045002599006106e-06
2030-10-11 05:00:00,19.99034599959897,14.165582656860465,3.068317667138418e-06
2030-10-11 06:00:00,19.989964716748556,13.491991043090934,3.268619635552945e-06
2030-10-11 07:00:00,19.99009921498872,13.130784988403434,3.204461402137142e-06
2030-10-11 08:00:00,19.99014651501414,13.245453834533805,3.1126078931197355e-06
2030-10-11 09:00:00,19.99034192349865,13.439914703369254,3.0698007956551976e-06
2030-10-11 10:00:00,20.04228527529081,13.932293891906852,2.97221725815426e-06
2030-10-11 11:00:00,19.990731281339595,14.617468833923454,2.9550407897774586e-06
2030-10-11 12:00:00,19.990349031420696,15.19026088714611,2.978062167373463e-06
2030-10-11 13:00:00,19.990257198434627,15.658173561096305,3.004794970510249e-06
2030-10-11 14:00:00,19.9901735879897,16.0465545654298,3.125870201132665e-06
2030-10-11 15:00:00,19.99011966879922,16.422372817993278,3.1263015693896645e-06
2030-10-11 16:00:00,19.989949445727525,16.653728485107536,2.6214045433873817e-06
2030-10-11 17:00:00,19.990001764769424,16.631076812744254,2.860974609458574e-06
2030-10-11 18:00:00,19.989969003253563,16.533094406128043,2.7382536695973726e-06
2030-10-11 19:00:00,19.98995974425292,16.317867279052848,2.6927084600032008e-06
2030-10-11 20:00:00,19.989968207897316,16.09094047546398,2.7339083521188375e-06
2030-10-11 21:00:00,19.98998405901234,16.11480522155773,2.8060295186108035e-06
2030-10-11 22:00:00,19.99000230245757,16.24076080322277,2.805832015634846e-06
2030-10-11 23:00:00,19.990078932242536,16.349805831909293,3.136081150388633e-06
2030-10-12 00:00:00,19.990504663065693,16.45681953430187,3.721282990047106e-06
2030-10-12 01:00:00,27.331777795614343,16.667446136474723,7.587642043461865e-06
2030-10-12 02:00:00,27.332311840358745,16.76029777526867,9.201130842239287e-06
2030-10-12 03:00:00,27.332312122655363,16.896688461303825,8.125825665700835e-06
2030-10-12 04:00:00,27.332366098936376,16.94076728820812,7.791657790559956e-06
2030-10-12 05:00:00,27.33244933836669,16.996969223022575,7.694857317975554e-06
2030-10-12 06:00:00,0.2422387938616946,17.050844192504996,4.910902825140376e-06
2030-10-12 07:00:00,0.2421583257349567,17.16458892822277,3.3768326859453797e-06
2030-10-12 08:00:00,0.2420739153537631,17.431112289428825,2.5794197925564465e-06
2030-10-12 09:00:00,0.2398415502939819,17.74667549133312,1.7821517249183121e-06
2030-10-12 10:00:00,0.2412997047147735,17.969169616699332,1.9025666645949777e-06
2030-10-12 11:00:00,0.1765860467748085,18.341466903686637,1.4099948398607302e-06
2030-10-12 12:00:00,0.1765219085415867,18.50595283508312,1.220271667502889e-06
2030-10-12 13:00:00,0.1765364105149618,18.48942375183117,1.3816538332158079e-06
2030-10-12 14:00:00,0.1764650041246381,18.86741447448742,1.0680386861432033e-06
2030-10-12 15:00:00,0.1766400785365277,18.765815734863395,1.709239357635522e-06
2030-10-12 16:00:00,0.1765927499632454,18.474967956543082,1.5817466866287091e-06
2030-10-12 17:00:00,0.2406141160724651,17.948810577392692,2.028305320846322e-06
2030-10-12 18:00:00,0.2403059770748679,17.62064933776867,2.0718954348854274e-06
2030-10-12 19:00:00,0.2121343378048686,17.477243423462028,2.113603526775168e-06
2030-10-12 20:00:00,0.2081954500956693,17.62568283081066,2.143868258578637e-06
2030-10-12 21:00:00,0.2029536535378015,17.80210876464855,2.223277365628835e-06
2030-10-12 22:00:00,0.1768632442295021,17.91244506835949,2.0243760443179694e-06
2030-10-12 23:00:00,0.1767293325880431,18.131505966186637,2.0242135128065345e-06
2030-10-13 00:00:00,0.1768292875612935,18.613891601562614,2.1001595624349877e-06
2030-10-13 01:00:00,0.1810864887839148,18.87005996704113,2.3386961415632164e-06
2030-10-13 02:00:00,0.1766737947261334,18.75595283508312,1.7980497579309192e-06
2030-10-13 03:00:00,0.1766094775226733,18.629165649414176,1.6197913550469822e-06
2030-10-13 04:00:00,0.1766246579427485,17.90237617492687,1.5987629821071565e-06
2030-10-13 05:00:00,0.176667366588665,16.78779220581066,1.5727110484885295e-06
2030-10-13 06:00:00,0.0264862033786953,15.04342079162609,1.6561942628380847e-06
2030-10-13 07:00:00,0.0258355090175911,14.219701766967887,1.600749919625664e-06
2030-10-13 08:00:00,0.0254134702282182,12.85382175445568,1.614552713521558e-06
2030-10-13 09:00:00,0.0250945453125611,12.103003501892204,1.3642376277555286e-06
2030-10-13 10:00:00,0.0256128694114863,11.421746253967399,1.4713789109223534e-06
2030-10-13 11:00:00,0.0252451858772486,11.317653656005973,1.4377427828619032e-06
2030-10-13 12:00:00,0.0252017647401686,11.319200515747184,1.4938646559490488e-06
2030-10-13 13:00:00,0.0252366576719736,11.54770946502697,1.5735798031496226e-06
2030-10-13 14:00:00,0.0251854903066199,12.215592384338493,1.5571603674803115e-06
2030-10-13 15:00:00,0.0251091458343494,13.25296783447277,1.3246312555146424e-06
2030-10-13 16:00:00,0.0251696355953531,13.143239021301383,1.4161703337122174e-06
2030-10-13 17:00:00,0.0275297303686571,12.566015243530387,1.6640150934688949e-06
2030-10-13 18:00:00,0.0254903095619898,12.453732490539664,1.6594156216191129e-06
2030-10-13 19:00:00,0.0252803852315495,11.984988212585563,1.6819008527359713e-06
2030-10-13 20:00:00,0.0253588039307033,11.330854415893668,1.627031185316274e-06
2030-10-13 21:00:00,0.0253133005860424,10.91718673706066,1.6449791626987439e-06
2030-10-13 22:00:00,0.0252693526141025,10.62814807891857,1.6755667921432338e-06
2030-10-13 23:00:00,0.0252681265075907,10.291381835937614,1.6982334407182637e-06
2030-10-14 00:00:00,0.0253025503424505,9.962993621826286,1.6911628421300048e-06
2030-10-14 01:00:00,0.0253847309510237,9.628709793090934,1.6811990232185663e-06
2030-10-14 02:00:00,0.0258683842597833,9.287995338440055,1.6563647502730218e-06
2030-10-14 03:00:00,18.43068143101791,8.958106040954704,2.575685115881984e-06
2030-10-14 04:00:00,18.828998757332364,8.674429893493766,2.846066328699691e-06
2030-10-14 05:00:00,19.99103503664666,8.469345092773551,2.8286074494605383e-06
2030-10-14 06:00:00,21.82963622873816,8.116702079773063,3.049915038208559e-06
2030-10-14 07:00:00,21.83052721856269,7.972403526306266,2.941147200018434e-06
2030-10-14 08:00:00,19.99040083534724,9.041754722595329,2.2716357878745593e-06
2030-10-14 09:00:00,17.663828385338768,11.109659194946403,1.8623897595155186e-06
2030-10-14 10:00:00,17.66371561291101,13.143340110778922,1.7585461533906995e-06
2030-10-14 11:00:00,17.663718035782757,14.710870742797965,1.6565925428144211e-06
2030-10-14 12:00:00,17.663733172638388,15.605456352234,1.572458895229859e-06
2030-10-14 13:00:00,17.663929574667346,16.020895004272575,1.5495502384899417e-06
2030-10-14 14:00:00,18.04299888500027,16.177551269531364,1.7070679481817147e-06
2030-10-14 15:00:00,18.43042910339357,15.856684684753532,2.012259771381907e-06
2030-10-14 16:00:00,19.990866920619524,15.336737632751579,2.407041419739141e-06
2030-10-14 17:00:00,33.76791552549344,14.114755630493278,6.606583548444446e-06
2030-10-14 18:00:00,33.76807121717987,12.573160171508903,8.177871202670709e-06
2030-10-14 19:00:00,33.7680974588907,11.425034523010368,8.858379615616418e-06
2030-10-14 20:00:00,33.76806509684623,10.647521972656364,8.167421924993673e-06
2030-10-14 21:00:00,33.76764078979671,10.12566947937023,7.011023583801848e-06
2030-10-14 22:00:00,33.763697872132234,10.070363044738883,6.968709323469058e-06
2030-10-14 23:00:00,27.332863148250297,9.769546508789176,4.211213517189741e-06
2030-10-15 00:00:00,27.33266853660733,9.300148963928336,3.9681677728675895e-06
2030-10-15 01:00:00,27.332660236682692,9.04550933837902,3.859214963436406e-06
2030-10-15 02:00:00,27.332678022520053,8.492681503296012,3.8054281713943026e-06
2030-10-15 03:00:00,27.332689132066573,7.9260859489442055,3.6839791717158688e-06
2030-10-15 04:00:00,27.33273767727907,7.526677131652946,3.598711115714853e-06
2030-10-15 05:00:00,27.333018314529056,7.381350994110221,3.541557231740274e-06
2030-10-15 06:00:00,24.704847901851608,7.358302116394157,3.7770143156425384e-06
2030-10-15 07:00:00,24.704865718158945,7.697028636932487,3.5674477137376155e-06
2030-10-15 08:00:00,19.992327126990936,9.42442893981945,2.321986166032842e-06
2030-10-15 09:00:00,19.99141530968405,11.813449859619254,1.9154917938298563e-06
2030-10-15 10:00:00,19.99140073463066,13.823569297790641,1.7801177963564324e-06
2030-10-15 11:00:00,19.99140718511946,15.822246551513786,1.731965233548414e-06
2030-10-15 12:00:00,19.991436249799964,17.39730834960949,1.8112828909981139e-06
2030-10-15 13:00:00,19.991514183231,18.488893508911246,1.9037431967766427e-06
2030-10-15 14:00:00,19.991923954371945,19.12862586975109,2.102813513283142e-06
2030-10-15 15:00:00,27.33230815283493,19.221721649170036,3.1240752214852763e-06
2030-10-15 16:00:00,43.30229196357518,18.61727905273449,0.014204276558184285
2030-10-15 17:00:00,43.3032029214565,17.249824523925895,0.16019590400614703
2030-10-15 18:00:00,43.30320876047025,16.059148788452262,0.17704302954128162
2030-10-15 19:00:00,43.30321005223389,15.671673774719352,0.18375635662219705
2030-10-15 20:00:00,43.30321379965188,15.758383750915641,0.192713057421449
2030-10-15 21:00:00,43.30321279660465,15.858379364013786,0.18971977039733703
2030-10-15 22:00:00,43.3032106828345,15.762911796569938,0.18517539480815506
2030-10-15 23:00:00,43.30320663204834,15.470749855041618,0.17649278599912893
2030-10-16 00:00:00,43.3032007811646,15.29883956909191,0.16569734129744057
2030-10-16 01:00:00,43.3032006015173,15.254952430725211,0.16464119818411055
2030-10-16 02:00:00,43.30320299432791,15.158491134643668,0.16731245342666626
2030-10-16 03:00:00,43.30320687041805,14.80147743225109,0.17271729013492254
2030-10-16 04:00:00,43.30321666416887,14.452765464782829,0.1909682372905704
2030-10-16 05:00:00,43.30322117128429,14.656254768371696,0.20273598371561163
2030-10-16 06:00:00,43.30320683132853,14.939393997192496,0.17570843205031814
2030-10-16 07:00:00,43.30320789662751,15.202662467956657,0.18056777447355657
2030-10-16 08:00:00,43.303199208239015,15.83805084228527,0.14722215897805468
2030-10-16 09:00:00,43.30312350314578,17.502422332763786,0.05925817487636809
2030-10-16 10:00:00,43.300442175999216,19.166667938232536,0.005338803060220079
2030-10-16 11:00:00,35.05711731322289,20.437730789184684,5.435352710894988e-06
2030-10-16 12:00:00,35.05609984955827,21.43941688537609,5.085058521405141e-06
2030-10-16 13:00:00,43.30070008728664,21.503271102905387,0.005851870327602266
2030-10-16 14:00:00,43.30215094149039,21.423591613769645,0.010711226919194834
2030-10-16 15:00:00,41.55042644807482,21.659786224365348,2.0992665760547293e-05
2030-10-16 16:00:00,43.30038253192057,20.929218292236442,0.005011099364168974
2030-10-16 17:00:00,43.303034242795626,19.898351669311637,0.04229022929470709
2030-10-16 18:00:00,43.29866140845008,18.300739288330192,0.003881803515320722
2030-10-16 19:00:00,35.05608718390854,17.354656219482536,6.159359333208688e-06
2030-10-16 20:00:00,35.055891072066906,16.995674133300895,5.888970853113177e-06
2030-10-16 21:00:00,35.05582351276371,16.607505798339957,5.747549333780102e-06
2030-10-16 22:00:00,35.05579346141788,16.504308700561637,5.78368003618267e-06
2030-10-16 23:00:00,35.05577120846939,16.56826210021984,5.694700369038103e-06
2030-10-17 00:00:00,35.05576380282604,16.24590873718273,5.698913348817921e-06
2030-10-17 01:00:00,35.05576107029939,15.96045303344738,5.770572914533514e-06
2030-10-17 02:00:00,35.05575485012627,15.787373542785758,5.585470733019952e-06
2030-10-17 03:00:00,35.05576209860294,15.675746917724723,5.473926051489152e-06
2030-10-17 04:00:00,35.05578804367738,15.498951911926383,5.453134291080406e-06
2030-10-17 05:00:00,35.05584839901149,15.224550247192496,5.486465202415939e-06
2030-10-17 06:00:00,24.70241014286686,15.009962081909293,3.425013741282676e-06
2030-10-17 07:00:00,24.70210962775892,15.176143646240348,3.2695120167853026e-06
2030-10-17 08:00:00,24.701496729473128,15.58729457855236,3.2019780325137233e-06
2030-10-17 09:00:00,24.702659486522773,15.870371818542594,3.3629624266286603e-06
2030-10-17 10:00:00,24.70128845610144,16.505393981933707,3.2206492935861863e-06
2030-10-17 11:00:00,20.92191553601228,17.401590347290153,2.752950889233337e-06
2030-10-17 12:00:00,19.99004778622693,18.21142387390148,2.6091716283266353e-06
2030-10-17 13:00:00,19.990049757773452,18.82651519775402,2.589736691916213e-06
2030-10-17 14:00:00,19.990468740535373,18.996438980102653,2.6944278124705265e-06
2030-10-17 15:00:00,19.99034778354416,18.99473381042492,2.695607933598002e-06
2030-10-17 16:00:00,19.993002906732585,18.50696182250988,2.7713735087301567e-06
2030-10-17 17:00:00,20.07726604555445,17.972791671753043,2.830137030927112e-06
2030-10-17 18:00:00,19.990364299802856,17.551532745361442,2.7940334466627845e-06
2030-10-17 19:00:00,19.990058526009555,17.569343566894645,2.8284523855991666e-06
2030-10-17 20:00:00,19.989905053731587,17.646802902221793,2.8333245369519673e-06
2030-10-17 21:00:00,19.98986586287761,17.481929779052848,2.8583559693187e-06
2030-10-17 22:00:00,19.98981105719033,17.296415328979606,2.877411374973056e-06
2030-10-17 23:00:00,19.989775129539776,17.061929702758903,2.865839582219128e-06
2030-10-18 00:00:00,19.989759084405048,16.755697250366325,2.8806647547385247e-06
2030-10-18 01:00:00,19.989756682497838,16.135221481323356,2.8556604264922145e-06
2030-10-18 02:00:00,19.989759607993797,15.50866508483898,2.802570778262232e-06
2030-10-18 03:00:00,19.98976260123437,14.948393821716422,2.744300007257031e-06
2030-10-18 04:00:00,19.98976444616497,14.34562206268322,2.6835843492826666e-06
2030-10-18 05:00:00,19.98977905843237,13.605997085571403,2.6382886457337753e-06
2030-10-18 06:00:00,0.0254077179570874,13.198271751403922,1.7742079217471181e-06
2030-10-18 07:00:00,0.0253294001006297,13.305976867675895,1.7603740847703156e-06
2030-10-18 08:00:00,0.0251642839835961,13.551387786865348,1.7193707079724192e-06
2030-10-18 09:00:00,0.0251366969017142,13.896364212036246,1.5601117041278056e-06
2030-10-18 10:00:00,0.0255495305510505,13.892977714538688,1.6854713436726673e-06
2030-10-18 11:00:00,0.0251782265914063,14.112163543701286,1.6358500803979154e-06
2030-10-18 12:00:00,0.0251282180296517,14.440373420715446,1.5833212020255052e-06
2030-10-18 13:00:00,0.025158605001714,14.620483398437614,1.6594449616520492e-06
2030-10-18 14:00:00,0.0255692737872188,14.047311782837028,1.856453742864738e-06
2030-10-18 15:00:00,0.0251195597683151,14.348164558410758,1.587236868012699e-06
2030-10-18 16:00:00,0.0252562409675682,13.99063873291027,1.7356797242454016e-06
2030-10-18 17:00:00,0.0252607712820963,13.7244749069215,1.7364892939766597e-06
2030-10-18 18:00:00,0.0252238121877448,13.624627113342399,1.7570440641338643e-06
2030-10-18 19:00:00,0.0251961448158043,13.532160758972282,1.777873587882249e-06
2030-10-18 20:00:00,0.0252378174740289,13.229850769043082,1.7259779881600546e-06
2030-10-18 21:00:00,0.0252199232136981,13.221943855285758,1.7559971433949085e-06
2030-10-18 22:00:00,0.0251948598061926,13.149997711181754,1.8144621562063039e-06
2030-10-18 23:00:00,0.025184378043154,12.936223983764762,1.8562773583774262e-06
2030-10-19 00:00:00,0.0251970809295257,12.404720306396598,1.8356814610235185e-06
2030-10-19 01:00:00,0.025238515999679,12.028569221496696,1.8357686911542486e-06
2030-10-19 02:00:00,0.0253681822633362,11.656385421753043,1.9244994232842847e-06
2030-10-19 03:00:00,0.0257403615511945,11.236738204956168,2.042859262465583e-06
2030-10-19 04:00:00,0.0261160432756564,10.948010444641227,2.034454092476504e-06
2030-10-19 05:00:00,0.0263745091980092,10.804293632507438,2.0045043496381873e-06
2030-10-19 06:00:00,0.0388413255590122,10.908935546875114,2.025103375175172e-06
2030-10-19 07:00:00,0.0557778452621445,10.924255371093864,2.1060847428465565e-06
2030-10-19 08:00:00,0.0261546962447951,11.241370201110954,1.675220589050432e-06
2030-10-19 09:00:00,0.0259763883744939,11.937434196472282,1.3574191777055299e-06
2030-10-19 10:00:00,0.0260040027174533,12.692995071411246,1.2683615117008635e-06
2030-10-19 11:00:00,0.0260462369560791,13.199666023254508,1.1505432007785197e-06
2030-10-19 12:00:00,0.026378677303838,13.416225433349723,1.2596406646479909e-06
2030-10-19 13:00:00,0.0271581200665284,13.954449653625602,1.201150947255086e-06
2030-10-19 14:00:00,0.0298514715959258,14.045078277588004,1.4266560219842498e-06
2030-10-19 15:00:00,19.98856621843501,13.874135017395133,2.7562100446284806e-06
2030-10-19 16:00:00,19.990454027793035,13.48649120330822,2.7596519300314625e-06
2030-10-19 17:00:00,20.835439597638064,12.68594074249279,3.28067653316218e-06
2030-10-19 18:00:00,20.839598758684552,11.81756973266613,3.1956027230712073e-06
2030-10-19 19:00:00,20.831517845020493,11.26256370544445,3.092488563685606e-06
2030-10-19 20:00:00,19.990696231221047,10.815978050232047,2.970295231289121e-06
2030-10-19 21:00:00,19.990466355355284,10.433147430420036,3.0251712300678116e-06
2030-10-19 22:00:00,19.98942971408899,10.587388038635368,2.9092426364338317e-06
2030-10-19 23:00:00,19.989581298783555,10.56711578369152,3.0893742020278655e-06
2030-10-20 00:00:00,19.98983968060304,10.18762016296398,3.269178924510214e-06
2030-10-20 01:00:00,19.989792799155754,10.124412536621207,3.2900760107809462e-06
2030-10-20 02:00:00,19.98989110585673,9.803143501281852,3.3183353984831297e-06
2030-10-20 03:00:00,19.990014628767952,9.97989368438732,3.1601732116872293e-06
2030-10-20 04:00:00,19.99072805415719,10.317777633667106,2.8029129312195538e-06
2030-10-20 05:00:00,21.008406509393343,10.474489212036246,2.8535884885476147e-06
2030-10-20 06:00:00,27.33248260531288,10.543723106384391,3.553063517057753e-06
2030-10-20 07:00:00,33.76497205063286,10.675508499145621,5.426931757979582e-06
2030-10-20 08:00:00,33.765569018717954,10.865714073181266,5.916667018197772e-06
2030-10-20 09:00:00,33.76627536625891,11.021341323852653,8.1976877515362e-06
2030-10-20 10:00:00,33.76577404660428,11.365024566650504,7.194760501941912e-06
2030-10-20 11:00:00,27.331916081321754,12.624779701233024,3.3077361406417405e-06
2030-10-20 12:00:00,27.3323811788114,13.300655364990348,3.481669990016322e-06
2030-10-20 13:00:00,27.495733563821776,13.554544448852653,3.6282322643854605e-06
2030-10-20 14:00:00,27.332283958662146,13.456501960754508,3.5692901258432737e-06
2030-10-20 15:00:00,27.331017816715125,13.14583778381359,3.5100792738055272e-06
2030-10-20 16:00:00,27.33065406854472,13.135422706604118,2.8072167325158373e-06
2030-10-20 17:00:00,27.332352829942035,12.800188064575309,3.5852407235836608e-06
2030-10-20 18:00:00,27.33221451754316,12.378297805786246,3.633432244112151e-06
2030-10-20 19:00:00,27.330940832315125,12.050854682922477,3.6106754375199276e-06
2030-10-20 20:00:00,27.33079251778078,11.590050697326774,3.6772086284644443e-06
2030-10-20 21:00:00,27.330853605380323,11.368977546692008,3.874042248088775e-06
2030-10-20 22:00:00,27.332063317118894,11.642065048217887,4.2871863203154365e-06
2030-10-20 23:00:00,27.332063294095047,11.258215904235954,4.488531377351571e-06
2030-10-21 00:00:00,27.330934123337176,11.05113792419445,4.326029817160268e-06
2030-10-21 01:00:00,27.330720552724397,10.917439460754508,3.98476016071383e-06
2030-10-21 02:00:00,27.33067004119216,10.885004997253532,3.584678809025843e-06
2030-10-21 03:00:00,27.330655328152982,10.99072360992443,3.3230205848691794e-06
2030-10-21 04:00:00,27.330658787930396,10.993960380554313,3.095574811209816e-06
2030-10-21 05:00:00,27.33067137310902,10.994223594665641,2.9408974634996714e-06
2030-10-21 06:00:00,19.990627191910097,10.975378990173454,2.255426022340312e-06
2030-10-21 07:00:00,19.991026279435918,10.974680900573844,2.2259228236015806e-06
2030-10-21 08:00:00,19.80057873635308,11.257699966430778,2.226789485172539e-06
2030-10-21 09:00:00,18.591912954908164,11.834288597107047,1.8455162966835524e-06
2030-10-21 10:00:00,18.59188462806301,12.242454528808707,1.7558355819347002e-06
2030-10-21 11:00:00,18.59204589861391,12.074979782104606,2.0300441168630753e-06
2030-10-21 12:00:00,18.59187548009076,12.745871543884391,1.5861588444361844e-06
2030-10-21 13:00:00,18.59194924721425,12.740951538086051,1.841356738103359e-06
2030-10-21 14:00:00,18.5919315644014,13.136959075927848,1.6002785577030534e-06
2030-10-21 15:00:00,18.59213119202829,12.897263526916618,1.8386444102894487e-06
2030-10-21 16:00:00,18.98971394919223,12.463324546814079,2.0415039448717296e-06
2030-10-21 17:00:00,19.39722733464689,11.531890869140739,2.3522162126559466e-06
2030-10-21 18:00:00,19.387605669621838,11.161015510559196,2.3404147030561894e-06
2030-10-21 19:00:00,18.59285641690476,11.142057418823356,2.2834778816929457e-06
2030-10-21 20:00:00,18.592394498791684,11.226843833923454,2.2828312179695847e-06
2030-10-21 21:00:00,18.592398723520606,11.125871658325309,2.2861769920787146e-06
2030-10-21 22:00:00,18.59244385487897,10.72204971313488,2.2891586466370346e-06
2030-10-21 23:00:00,18.593236348718246,10.175986289978141,2.313841208422624e-06
2030-10-22 00:00:00,18.99224319294725,9.815805435180778,2.4074321751817186e-06
2030-10-22 01:00:00,19.39992843445673,9.642403602600211,2.5322584502195693e-06
2030-10-22 02:00:00,19.816265169486734,9.665728569030875,2.7273781781182722e-06
2030-10-22 03:00:00,20.064354854419477,9.220156669616813,2.7328331377467825e-06
2030-10-22 04:00:00,20.070270988826483,8.779184341430778,2.9792194200732607e-06
2030-10-22 05:00:00,27.332444613415294,8.43096733093273,3.658802675462692e-06
2030-10-22 06:00:00,43.30288855014661,8.092498779296989,0.015785767340399208
2030-10-22 07:00:00,43.30339819940615,7.762308597564811,0.05261154649185134
2030-10-22 08:00:00,43.303416336895744,7.5249538421632,0.05728931801447675
2030-10-22 09:00:00,43.30343447043469,7.367108345031852,0.06291688278254032
2030-10-22 10:00:00,43.30348831560082,7.223723411560172,0.11119232708359572
2030-10-22 11:00:00,43.3034945155957,7.14258432388317,0.11351115578539707
2030-10-22 12:00:00,43.303499644016384,7.0471844673157875,0.12026479040072295
2030-10-22 13:00:00,43.30350426614771,6.992970943451041,0.1269322432207552
2030-10-22 14:00:00,43.30351280562267,6.892776489257926,0.1417686631147134
2030-10-22 15:00:00,43.30351619563461,6.785586833953971,0.14328110658154153
2030-10-22 16:00:00,43.30352117623951,6.692037105560416,0.14934638088416996
2030-10-22 17:00:00,43.30353033286186,6.6597285270692055,0.17418416317415347
2030-10-22 18:00:00,43.30353056376667,6.4696745872498695,0.1733354699128204
2030-10-22 19:00:00,43.303529629127176,6.17000770568859,0.16881517452956163
2030-10-22 20:00:00,43.30352895288153,6.109507560730094,0.16699643489657942
2030-10-22 21:00:00,43.303528378131375,6.240543365478629,0.16737302112221256
2030-10-22 22:00:00,43.30352660922258,6.348783016204948,0.1632470960419455
2030-10-22 23:00:00,43.30352483024672,6.271513938903922,0.16294373575907162
2030-10-23 00:00:00,43.30352045975732,5.914507389068717,0.15714165730016103
2030-10-23 01:00:00,43.30351708991016,5.465577602386588,0.15216286451779626
2030-10-23 02:00:00,43.30351825713358,5.175442218780631,0.14748430529611814
2030-10-23 03:00:00,43.30352079748573,5.0011615753174965,0.14763090859855738
2030-10-23 04:00:00,43.303526828940186,4.853713512420768,0.14937765783992593
2030-10-23 05:00:00,43.30354396132529,4.743465900421256,0.17753781488064965
2030-10-23 06:00:00,43.30354370022922,4.627995967865104,0.17352993702613284
2030-10-23 07:00:00,43.30353833365338,4.4843535423279945,0.15392991207112586
2030-10-23 08:00:00,43.30352607165582,4.464186191558952,0.1271917502804393
2030-10-23 09:00:00,43.30351853872671,4.525970458984489,0.11329825812733033
2030-10-23 10:00:00,43.30350037233978,4.584546089172477,0.09158782567679391
2030-10-23 11:00:00,43.30346395384028,4.648209571838493,0.0627865006807217
2030-10-23 12:00:00,43.301613136109005,4.72336578369152,0.006513840424071714
2030-10-23 13:00:00,43.30309339364474,4.490628719329948,0.019518614213767944
2030-10-23 14:00:00,43.30310867940342,4.49486351013195,0.0203331804499574
2030-10-23 15:00:00,41.641391470254,4.656095504760856,1.808434656818932e-05
2030-10-23 16:00:00,41.62299346212497,4.766380786895866,1.718372563718256e-05
2030-10-23 17:00:00,41.62294776664194,4.771073818206901,1.6725899952507288e-05
2030-10-23 18:00:00,41.62289831019578,4.7448678016663735,1.6191615587994555e-05
2030-10-23 19:00:00,41.62287792567401,4.747332572937125,1.5889552420636456e-05
2030-10-23 20:00:00,41.62288725739863,4.769766807556266,1.621027772017112e-05
2030-10-23 21:00:00,41.62290448836314,4.769144058227653,1.735789621310475e-05
2030-10-23 22:00:00,41.62294170608944,4.73459625244152,1.9923321616181758e-05
2030-10-23 23:00:00,41.62350573819079,4.713480472564811,2.5042946388258117e-05
2030-10-24 00:00:00,41.623142788596496,4.632803916931266,2.3900393843854968e-05
2030-10-24 01:00:00,41.622953508825326,4.4559884071351235,1.9361663888260362e-05
2030-10-24 02:00:00,41.62297555256299,4.316895008087272,1.9594446020723822e-05
2030-10-24 03:00:00,41.62302658784551,4.321764945984,1.9524989049767963e-05
2030-10-24 04:00:00,41.62416386469419,4.342468738556022,2.1942248308644884e-05
2030-10-24 05:00:00,43.30010693798365,4.321190834045524,0.004588541832275336
2030-10-24 06:00:00,43.3027163587239,4.189346790313834,0.012967600326098462
2030-10-24 07:00:00,43.30338396933369,4.248302459716911,0.03858331501616055
2030-10-24 08:00:00,43.3034307243806,4.566451072692985,0.04815496235265368
2030-10-24 09:00:00,43.30333065096775,4.898434162140006,0.028825324700748892
2030-10-24 10:00:00,43.30299611803679,5.063376903534049,0.01498144083281755
2030-10-24 11:00:00,43.30173163767696,5.492139339447135,0.006580586273898068
2030-10-24 12:00:00,43.30154779575669,5.89583778381359,0.005976396618690695
2030-10-24 13:00:00,43.30149339896109,6.418673992157096,0.0054061354995437304
2030-10-24 14:00:00,43.30155195405393,6.639152526855582,0.005928420458207034
2030-10-24 15:00:00,43.30157785129364,6.9141721725465,0.006002873862991289
2030-10-24 16:00:00,43.30158211952772,7.194227695465202,0.005500250550596128
2030-10-24 17:00:00,43.3019330982667,6.712741851806754,0.007688591907506777
2030-10-24 18:00:00,43.301875901697386,6.453132152557487,0.007618083311550762
2030-10-24 19:00:00,43.30192843548336,6.238634586334342,0.007844748489499235
2030-10-24 20:00:00,43.30250126930497,6.37208461761486,0.011220683822187738
2030-10-24 21:00:00,43.303347189293326,6.3392376899720375,0.03855637880664362
2030-10-24 22:00:00,43.30204585869785,6.466685771942252,0.008807605786911974
2030-10-24 23:00:00,43.30245349641593,6.548502445221061,0.012514968468241247
2030-10-25 00:00:00,43.30297669284472,6.170826435089225,0.022020406759259162
2030-10-25 01:00:00,43.30341460246243,5.706156730651969,0.06537083249275101
2030-10-25 02:00:00,43.30322527040583,5.3075861930848305,0.0350790563002736
2030-10-25 03:00:00,43.30239837644453,5.1941547393799965,0.012654917618865084
2030-10-25 04:00:00,43.303359600146365,4.914196491241569,0.03958525710100391
2030-10-25 05:00:00,43.30348280324735,4.5726289749146645,0.06540981185498555
2030-10-25 06:00:00,43.30341307788091,4.155858039856071,0.043237869748359
2030-10-25 07:00:00,43.30330043132643,3.50776576995861,0.028357877130135593
2030-10-25 08:00:00,43.302970295743336,3.276083946228141,0.0156416983344119
2030-10-25 09:00:00,43.30287020203222,3.1346120834351723,0.01326386870005209
2030-10-25 10:00:00,43.30288575872219,3.0816686153413,0.013459919015843489
2030-10-25 11:00:00,43.302934584168014,3.064855337143058,0.014802313943590276
2030-10-25 12:00:00,43.302980710420165,3.1140434741975014,0.015934294349772244
2030-10-25 13:00:00,43.30318477517011,3.1245682239533608,0.02384953635390025
2030-10-25 14:00:00,43.3032915888773,3.180850267410392,0.029552347305306145
2030-10-25 15:00:00,43.303436227676,3.059097290039176,0.050543310092275834
2030-10-25 16:00:00,43.30350438730641,2.911809682846183,0.08767761265269937
2030-10-25 17:00:00,43.30352805792863,2.8342380523682777,0.12328806216500286
2030-10-25 18:00:00,43.30351595946584,2.818632841110343,0.10430587928127805
2030-10-25 19:00:00,43.30349752434902,2.867491245269889,0.09611707016403767
2030-10-25 20:00:00,43.30351033189992,2.466633796692008,0.11316079839044835
2030-10-25 21:00:00,43.30350705546157,2.95190525054943,0.11074752359354643
2030-10-25 22:00:00,43.303513879799375,2.9447579383851235,0.1278271207326087
2030-10-25 23:00:00,43.303510834243134,3.123368740081901,0.12513996927717852
2030-10-26 00:00:00,43.30350246806096,3.1072242259980385,0.11760149283627558
2030-10-26 01:00:00,43.30350806189325,3.0611169338227455,0.12906791809415277
2030-10-26 02:00:00,43.30349370678831,2.9893071651459877,0.11091662635603143
2030-10-26 03:00:00,43.30346389678745,2.8820509910584633,0.08594409772508067
2030-10-26 04:00:00,43.30352811464924,2.7371311187745277,0.13749723644226514
2030-10-26 05:00:00,43.30353887579652,2.603607892990226,0.15507431318751977
2030-10-26 06:00:00,43.30351285347678,2.527368068695182,0.10930212451121861
2030-10-26 07:00:00,43.30349471266048,2.487427949905509,0.08733589244586257
2030-10-26 08:00:00,43.30342857247541,2.5675466060639565,0.05129184078336175
2030-10-26 09:00:00,43.30300603220719,2.7999849319459145,0.01814670315189636
2030-10-26 10:00:00,43.30233092217258,3.0958180427552406,0.009924223446789737
2030-10-26 11:00:00,43.30223279290733,3.5334451198579018,0.008506611155915344
2030-10-26 12:00:00,43.30221920532976,4.0732064247132485,0.0079949521952763
2030-10-26 13:00:00,43.302238173771336,4.573758602142448,0.008182292101117341
2030-10-26 14:00:00,43.30239033778607,4.719598770141715,0.010711711979202943
2030-10-26 15:00:00,43.30329026938436,4.791301250457877,0.031648995744859444
2030-10-26 16:00:00,43.30350405616087,4.8044452667237465,0.09126265694944681
2030-10-26 17:00:00,43.30353464257146,4.669300556182975,0.14673910343863672
2030-10-26 18:00:00,43.3035300261466,4.609348297119254,0.1320997314494836
2030-10-26 19:00:00,43.30348733050111,4.553801536560172,0.08563459340318066
2030-10-26 20:00:00,43.30349332179714,4.509921550750846,0.09750024600905971
2030-10-26 21:00:00,43.30351307144529,4.336936473846549,0.13062015577819291
2030-10-26 22:00:00,43.303512332526026,3.4792354106904213,0.1318267095492266
2030-10-26 23:00:00,43.30350114352339,2.8447425365449135,0.11835307367531307
2030-10-27 00:00:00,43.30349484069186,2.32713079452526,0.11393174190036624
2030-10-27 01:00:00,43.30348861846476,1.820430517196769,0.10976956044394072
2030-10-27 02:00:00,43.30349327456371,1.4578354358674233,0.11838943281554311
2030-10-27 03:00:00,43.30347382129624,1.209192633628959,0.10278873559238931
2030-10-27 04:00:00,43.30348165379483,1.036617279052848,0.10327584842989411
2030-10-27 05:00:00,43.30351182282647,0.8763462901116554,0.12239946731036988
2030-10-27 06:00:00,43.30353856476036,0.7435001730920021,0.14755139074482307
2030-10-27 07:00:00,27.332347019066304,0.6786428689957802,5.960333872390036e-06
2030-10-27 08:00:00,25.96210866552133,1.2326872348786537,3.8114822085480927e-06
2030-10-27 09:00:00,21.009810919886288,3.1436598300934975,2.262350338233974e-06
2030-10-27 10:00:00,21.009801065733416,5.053859233856315,2.273495961925025e-06
2030-10-27 11:00:00,21.00975245252905,6.332499980926627,2.069333314255983e-06
2030-10-27 12:00:00,21.009725444571025,6.967656612396354,1.8175908739250902e-06
2030-10-27 13:00:00,21.009702313485896,7.33136606216442,1.684905175343537e-06
2030-10-27 14:00:00,21.00978231475557,7.329313755035514,1.8562306691699534e-06
2030-10-27 15:00:00,21.2512058913922,7.257274627685661,2.191800288211153e-06
2030-10-27 16:00:00,21.70794909381672,6.689747333526725,2.918239191151999e-06
2030-10-27 17:00:00,25.990189234574604,6.163753986358756,4.722464162859101e-06
2030-10-27 18:00:00,25.99019333192872,5.879691123962516,4.774651894583985e-06
2030-10-27 19:00:00,25.990195727163822,5.6717009544373695,5.156151942913867e-06
2030-10-27 20:00:00,25.990181862603794,4.9897408485413735,5.320795172168601e-06
2030-10-27 21:00:00,25.99012396687077,4.624776840210075,4.847392871155515e-06
2030-10-27 22:00:00,21.03393251653608,4.057926177978629,3.220980932539462e-06
2030-10-27 23:00:00,21.03257155134949,3.446334123611564,3.015553983754747e-06
2030-10-28 00:00:00,21.032518922340056,2.93317008018505,2.9242607608610747e-06
2030-10-28 01:00:00,21.032499964492366,2.354159593582267,2.8118022860300307e-06
2030-10-28 02:00:00,21.0324900412591,1.8362053632737343,2.7274231370867145e-06
2030-10-28 03:00:00,21.03248942371216,1.3946924209595863,2.6853009834659924e-06
2030-10-28 04:00:00,21.032490968369657,1.0680574178696816,2.6146428939681785e-06
2030-10-28 05:00:00,21.385699657487205,0.8383808135987465,2.610525455435775e-06
2030-10-28 06:00:00,21.844507407662853,0.5916199684144203,2.5857644175248007e-06
2030-10-28 07:00:00,21.897978811498916,0.2687246501446907,2.493407944363287e-06
2030-10-28 08:00:00,20.064372006196475,1.1630945205689613,1.8482652744721476e-06
2030-10-28 09:00:00,20.064306967546276,3.1029989719392006,1.5518965421985465e-06
2030-10-28 10:00:00,20.06427853920912,4.595297813415641,1.4594916563947559e-06
2030-10-28 11:00:00,20.064247470968283,5.547051429748649,1.3864945672595005e-06
2030-10-28 12:00:00,20.064228813787064,6.250441074371452,1.3749799586268807e-06
2030-10-28 13:00:00,20.064211301563315,6.844996452331657,1.3705826297307127e-06
2030-10-28 14:00:00,20.064304276302376,6.875591754913444,1.6094362835534761e-06
2030-10-28 15:00:00,20.064397765068826,6.523896217346305,2.0851222986810856e-06
2030-10-28 16:00:00,20.06445729590333,5.999260425567741,2.110909648917609e-06
2030-10-28 17:00:00,20.08577505177061,5.802521705627555,2.411282549194173e-06
2030-10-28 18:00:00,20.065372168004167,5.555369853973502,2.3579273299282315e-06
2030-10-28 19:00:00,20.064489406181004,5.171512603759879,2.2698682940533686e-06
2030-10-28 20:00:00,20.06440174869892,5.000857830047721,2.227712017351953e-06
2030-10-28 21:00:00,20.06436169660489,4.878387928009147,2.2025414822286536e-06
2030-10-28 22:00:00,20.0643369087089,4.658041954040641,2.1910984741482937e-06
2030-10-28 23:00:00,20.064314505388925,4.3707857131959145,2.1919458209560646e-06
2030-10-29 00:00:00,20.064323432365565,4.144177436828727,2.1929392266940177e-06
2030-10-29 01:00:00,20.064320972359692,3.9746460914612953,2.1939592335761644e-06
2030-10-29 02:00:00,20.06433176547408,3.775328397750968,2.1951273462530746e-06
2030-10-29 03:00:00,20.06435396348673,3.698320388794059,2.1968273053699553e-06
2030-10-29 04:00:00,20.06502147469442,3.5499780178071205,2.1994124655712575e-06
2030-10-29 05:00:00,20.495346526313035,3.188559532165641,2.2379906723880817e-06
2030-10-29 06:00:00,20.91151694750343,2.904067277908439,2.2799660475999314e-06
2030-10-29 07:00:00,20.912393743366497,2.6579861640931313,2.280850986935151e-06
2030-10-29 08:00:00,20.06587978509004,2.547822237014884,2.144203439936474e-06
2030-10-29 09:00:00,20.064518818365677,2.6270391941071694,2.0632557194058658e-06
2030-10-29 10:00:00,20.06564438747984,2.786957263946647,2.3525736865986594e-06
2030-10-29 11:00:00,20.06451186271576,3.2361028194428627,2.2125443573213633e-06
2030-10-29 12:00:00,20.064392638463097,3.874739885330314,1.9744964833971593e-06
2030-10-29 13:00:00,20.064376631236275,4.207352161407584,1.883731291715723e-06
2030-10-29 14:00:00,20.06440373669896,4.215332031250114,1.9845691307475003e-06
2030-10-29 15:00:00,20.064454180638403,3.9731209278107826,2.1295174173785713e-06
2030-10-29 16:00:00,20.064582002372426,3.7136037349702065,2.1512512291408485e-06
2030-10-29 17:00:00,20.06542054783643,3.5375285148621742,2.221390973934845e-06
2030-10-29 18:00:00,20.065044551481066,3.4809143543244545,2.235071334702757e-06
2030-10-29 19:00:00,20.064694540489704,3.50620794296276,2.2597174648988425e-06
2030-10-29 20:00:00,20.06448824497312,3.5167682170869057,2.2982869835627805e-06
2030-10-29 21:00:00,20.064467745392086,3.4905700683594887,2.3359859781832745e-06
2030-10-29 22:00:00,20.06447418174305,3.5076987743378822,2.389485570508298e-06
2030-10-29 23:00:00,20.06448739228587,3.521675109863395,2.509579458321894e-06
2030-10-30 00:00:00,20.064498380712,3.5818505287171547,2.5594730835436674e-06
2030-10-30 01:00:00,20.06453642373752,3.6708011627198402,2.6399006075653434e-06
2030-10-30 02:00:00,20.064643392169472,3.714872598648185,2.7657357712168022e-06
2030-10-30 03:00:00,20.495024534407957,3.6984317302704994,2.9069564888805013e-06
2030-10-30 04:00:00,26.758007923887664,3.650149822235221,3.588128031841754e-06
2030-10-30 05:00:00,27.33258789769752,3.505468130111808,3.2788584581012996e-06
2030-10-30 06:00:00,27.919197259080747,3.3747880458832924,3.1623221107194233e-06
2030-10-30 07:00:00,28.51840209683268,3.3290827274323647,3.28829504260925e-06
2030-10-30 08:00:00,29.13081638697398,3.421356916427726,3.4010531776744477e-06
2030-10-30 09:00:00,38.95106150909805,3.631289482116813,8.586833745558713e-06
2030-10-30 10:00:00,38.95342847467324,3.9347159862519447,8.171823553506747e-06
2030-10-30 11:00:00,38.95457989638689,4.30698919296276,8.3898979436798e-06
2030-10-30 12:00:00,43.30326538199874,4.572868347168082,0.02561034246537018
2030-10-30 13:00:00,43.30341232525646,4.6642451286317055,0.04612187402300738
2030-10-30 14:00:00,43.303494640635535,4.703922271728629,0.09038164033448329
2030-10-30 15:00:00,43.30352206004693,4.614130973816032,0.13015548583994843
2030-10-30 16:00:00,43.30353256106614,4.423686504364127,0.14617639730198143
2030-10-30 17:00:00,43.30354482057118,4.19491815567028,0.18361828648376397
2030-10-30 18:00:00,43.3035384757493,4.047413349151725,0.15927334889512842
2030-10-30 19:00:00,43.3035108534778,3.9835009574891274,0.09938596804263271
2030-10-30 20:00:00,43.303128840584336,4.071156024932975,0.021520688923252613
2030-10-30 21:00:00,43.302891965552185,4.003379821777457,0.014697047161617587
2030-10-30 22:00:00,43.30340138942093,3.9437887668610756,0.04672532734784398
2030-10-30 23:00:00,43.30345051347573,3.98980545997631,0.06997531716374789
2030-10-31 00:00:00,43.30342497911344,3.9941470623017494,0.06114412660250876
2030-10-31 01:00:00,43.303121347944,3.977676391601676,0.024793817677923245
2030-10-31 02:00:00,43.3031967999434,3.9351947307587807,0.029841222410786804
2030-10-31 03:00:00,43.303148664177805,3.9661912918091957,0.027715866584925215
2030-10-31 04:00:00,43.30296592689309,3.9978871345521156,0.019806820744455774
2030-10-31 05:00:00,43.30324486956437,3.971939086914176,0.02959896528950224
2030-10-31 06:00:00,43.30351697506999,3.919073104858512,0.09681381826702817
2030-10-31 07:00:00,27.332313608883386,3.87943530082714,5.977273328364342e-06
2030-10-31 08:00:00,26.4250030452887,4.0787982940674965,4.7851246346183835e-06
2030-10-31 09:00:00,26.42467139148204,4.558207511901969,3.852664528075444e-06
2030-10-31 10:00:00,26.42458546438946,4.948278903961295,3.9287597547936986e-06
2030-10-31 11:00:00,26.409165877949828,5.2937617301942055,3.832525337722786e-06
2030-10-31 12:00:00,21.389341391487964,5.689793586731071,3.0621068720713352e-06
2030-10-31 13:00:00,21.38466227496507,5.881662845611686,2.6364228621308183e-06
2030-10-31 14:00:00,21.384633029601307,5.811966419220084,2.603694220917511e-06
2030-10-31 15:00:00,21.384619725580063,5.837475776672477,2.4551670423190056e-06
2030-10-31 16:00:00,21.38460604199784,5.614678382873649,2.2527265793540738e-06
2030-10-31 17:00:00,21.385108691535287,5.123157024383659,2.8239221638358142e-06
2030-10-31 18:00:00,21.385407956765413,4.9287738800049965,2.8935415513462476e-06
2030-10-31 19:00:00,21.384732171608796,4.7756390571595375,2.9360747983593376e-06
2030-10-31 20:00:00,21.3847005986004,4.628880500793571,2.9991617742636696e-06
2030-10-31 21:00:00,21.384695758185607,4.626379489898795,3.03756440269906e-06
2030-10-31 22:00:00,21.384681712393437,4.4859871864319985,2.980468062334201e-06
2030-10-31 23:00:00,21.384669159269844,4.131000041961784,3.0687594912784247e-06
2030-11-01 00:00:00,21.384628839993493,3.4269802570344154,3.0241026330834142e-06
2030-11-01 01:00:00,21.384607290270587,2.8936715126038735,2.8200231942523177e-06
2030-11-01 02:00:00,21.384592161953996,2.786487817764396,2.503749079980403e-06
2030-11-01 03:00:00,21.38463510429775,2.5325949192048256,2.4209258014684023e-06
2030-11-01 04:00:00,24.807038167793912,2.147142648697013,2.8235585464095944e-06
2030-11-01 05:00:00,25.33952959600779,1.8004035949708168,2.9588837219658584e-06
2030-11-01 06:00:00,25.88330646472049,1.5448702573777382,3.0280517426827877e-06
2030-11-01 07:00:00,24.795889320874718,1.2622025012971108,2.896151602976234e-06
2030-11-01 08:00:00,24.79578226187436,1.0586364269257729,2.7472267639181705e-06
2030-11-01 09:00:00,20.11273952662758,0.9974972605706398,2.1579898647096027e-06
2030-11-01 10:00:00,20.07258500090948,1.1240291595460121,2.1133313509555956e-06
2030-11-01 11:00:00,20.065820815886752,1.1296226978303139,2.0779212937050805e-06
2030-11-01 12:00:00,20.06726897490652,0.8183975219727699,2.2594624323697055e-06
2030-11-01 13:00:00,20.06738512155368,0.5442672967911903,2.276662983043927e-06
2030-11-01 14:00:00,20.074289671190392,0.608509540557975,2.188353578576718e-06
2030-11-01 15:00:00,20.504943886415525,0.4525821805001442,2.2500272414341616e-06
2030-11-01 16:00:00,20.94492999505289,0.30339586734783097,2.2672001734922627e-06
2030-11-01 17:00:00,21.39429552404867,0.3664301633835976,2.362385922655067e-06
2030-11-01 18:00:00,21.853092324375694,0.3874427080155556,2.4418641717637417e-06
2030-11-01 19:00:00,21.011619364542195,0.4868406355382149,2.4173051881300144e-06
2030-11-01 20:00:00,20.06531313533616,0.5064058303834145,2.3474274660273503e-06
2030-11-01 21:00:00,20.06503799555364,0.49393025040637895,2.329367992867925e-06
2030-11-01 22:00:00,20.065019923814276,0.43381303548824235,2.3196891360113583e-06
2030-11-01 23:00:00,20.065002687391445,0.4097539484502022,2.240046913185456e-06
2030-11-02 00:00:00,20.0649950651785,0.46916788816463395,2.2111295996892165e-06
2030-11-02 01:00:00,20.06499536681524,0.4367329776288216,2.206560420707692e-06
2030-11-02 02:00:00,20.06500968310933,0.34454575181018754,2.2017987131359942e-06
2030-11-02 03:00:00,20.495448331536824,0.3215438723565285,2.2308006449137746e-06
2030-11-02 04:00:00,20.936176993393666,0.3563824892045204,2.2667924843469446e-06
2030-11-02 05:00:00,21.38559441455866,0.3338670730591957,2.303215499451086e-06
2030-11-02 06:00:00,21.844566337957957,0.2987254261971657,2.3420934346339407e-06
2030-11-02 07:00:00,22.313332154616127,0.28149735927593156,2.382235564902143e-06
2030-11-02 08:00:00,22.792036118121292,0.3352472484112923,2.3755028056553916e-06
2030-11-02 09:00:00,23.280842108588818,0.5042854547501747,2.4278360141102103e-06
2030-11-02 10:00:00,24.79529365368024,0.7249954342843239,3.1558090733768163e-06
2030-11-02 11:00:00,24.795335514810446,0.8828120827676003,3.830203865549364e-06
2030-11-02 12:00:00,24.79530892864333,1.1008867025376503,3.741240545711105e-06
2030-11-02 13:00:00,24.79515497969618,1.297244548797721,3.302977409268711e-06
2030-11-02 14:00:00,20.07180463144398,1.4768621921540444,2.0428719883231223e-06
2030-11-02 15:00:00,20.502550331811317,1.49864494800579,2.1226761790233837e-06
2030-11-02 16:00:00,20.94255129456288,1.4305267333985512,2.162850179538451e-06
2030-11-02 17:00:00,21.391990571868188,1.3667029142380898,2.3068863702065166e-06
2030-11-02 18:00:00,21.85090349222689,1.417074084282035,2.343721108800139e-06
2030-11-02 19:00:00,21.401861171412808,1.4981219768525307,2.3044785984955886e-06
2030-11-02 20:00:00,20.064725755093782,1.6139796972275917,2.1960450887374314e-06
2030-11-02 21:00:00,20.06448848776366,1.6407997608185951,2.1949346709506553e-06
2030-11-02 22:00:00,20.064465301435,1.8380787372590248,2.1978344828355013e-06
2030-11-02 23:00:00,20.06445310170923,2.1899831295014565,2.2028878636619264e-06
2030-11-03 00:00:00,20.064447063925005,2.430382966995353,2.211120644334554e-06
2030-11-03 01:00:00,20.0644470289456,2.6256432533265297,2.2221895390566495e-06
2030-11-03 02:00:00,20.06445046623585,2.7900176048279945,2.243643361682859e-06
2030-11-03 03:00:00,20.06446543493885,2.849971771240348,2.303340089361934e-06
2030-11-03 04:00:00,20.064564352619783,2.9635667800904457,2.3651904969498497e-06
2030-11-03 05:00:00,20.06584408062176,3.7003405094147865,2.3671581261680796e-06
2030-11-03 06:00:00,20.068330974011875,4.954308986663932,2.4414558315741768e-06
2030-11-03 07:00:00,20.488572768004797,5.019001007080192,2.5141631097899043e-06
2030-11-03 08:00:00,20.067241974183865,4.941038131713981,2.443624693719354e-06
2030-11-03 09:00:00,20.064497199077135,5.113866806030387,2.1998881483898767e-06
2030-11-03 10:00:00,20.064511716023524,5.394372463226432,2.2379232622006376e-06
2030-11-03 11:00:00,20.064490265436326,5.462853431701774,2.254114085028916e-06
2030-11-03 12:00:00,20.064439869426145,5.457420825958366,2.1987276774668195e-06
2030-11-03 13:00:00,20.06441359759542,5.588856697082633,2.1960910040391516e-06
2030-11-03 14:00:00,20.06434076106189,5.995871543884391,1.889103256302092e-06
2030-11-03 15:00:00,20.064435308452627,5.930265426635856,2.2931603915660653e-06
2030-11-03 16:00:00,20.064601262791484,5.800835609436149,2.3896264020522698e-06
2030-11-03 17:00:00,20.06556423561057,5.1521577835084145,2.51614890905606e-06
2030-11-03 18:00:00,20.065185827669637,4.995065689087028,2.466485947707498e-06
2030-11-03 19:00:00,20.06465888840041,4.983506202697868,2.421432065765645e-06
2030-11-03 20:00:00,20.06446801894128,5.147063255310172,2.379730256715626e-06
2030-11-03 21:00:00,20.064417586298163,5.081126213073844,2.3255646891797086e-06
2030-11-03 22:00:00,20.06439838806224,5.013323307037467,2.3066247802045904e-06
2030-11-03 23:00:00,20.064377438066277,4.723870277404899,2.360669357810352e-06
2030-11-04 00:00:00,20.06437711231797,4.291646957397575,2.385759895652445e-06
2030-11-04 01:00:00,20.064368772252145,4.327969074249381,2.3854212142618443e-06
2030-11-04 02:00:00,20.06437751829009,4.550865650177116,2.420866317846804e-06
2030-11-04 03:00:00,20.064397044440515,4.796146392822379,2.485833446291208e-06
2030-11-04 04:00:00,20.06470972839637,4.43282508850109,2.592208161049162e-06
2030-11-04 05:00:00,20.453747029384893,3.7503395080567543,2.5265765789110505e-06
2030-11-04 06:00:00,20.065135928619664,3.381655454635734,2.328675571843432e-06
2030-11-04 07:00:00,20.064640906420028,3.313174724578971,2.2756560281195716e-06
2030-11-04 08:00:00,20.06436566049318,3.852091789245719,1.9055468841307555e-06
2030-11-04 09:00:00,20.06431184458676,4.952000617981071,1.5856315019973325e-06
2030-11-04 10:00:00,20.064256667988783,6.07635593414318,1.4268050310976872e-06
2030-11-04 11:00:00,20.06415598601225,6.984256267547721,1.3451141313917476e-06
2030-11-04 12:00:00,20.064299158567028,7.16960430145275,1.6012342495415861e-06
2030-11-04 13:00:00,20.064260701103755,7.53330230712902,1.5465072003772613e-06
2030-11-04 14:00:00,20.06414731418461,7.825931549072379,1.4403055005790574e-06
2030-11-04 15:00:00,20.064373578309866,6.850997924804801,2.1151696731378433e-06
2030-11-04 16:00:00,20.064417393374868,6.129451751709098,2.14183156612101e-06
2030-11-04 17:00:00,20.064505958708818,5.2592720985413735,2.2215140721279516e-06
2030-11-04 18:00:00,20.064461813072352,4.421786308288688,2.2201359763038203e-06
2030-11-04 19:00:00,20.06443010483086,4.2067584991456215,2.2267415454035486e-06
2030-11-04 20:00:00,20.06439379306693,4.180702686309928,2.2150734475320884e-06
2030-11-04 21:00:00,20.064365017245983,4.172285556793327,2.2088860972873348e-06
2030-11-04 22:00:00,20.064335963450308,4.1296663284302895,2.2311772216355307e-06
2030-11-04 23:00:00,20.06423581999473,4.140867710113639,2.2697736269596753e-06
2030-11-05 00:00:00,20.06421684446476,4.239908695221061,2.296514012878128e-06
2030-11-05 01:00:00,20.064225880330557,3.870287418365592,2.3075281733416054e-06
2030-11-05 02:00:00,20.064270492135524,3.727887392044181,2.330338086991352e-06
2030-11-05 03:00:00,20.06432323211068,4.081213474273795,2.343437675956354e-06
2030-11-05 04:00:00,20.06436535424721,4.245413303375358,2.4077189531046135e-06
2030-11-05 05:00:00,20.06457698399356,4.277593612671012,2.61010394284802e-06
2030-11-05 06:00:00,20.06473706876873,5.034817218780631,2.678499200528878e-06
2030-11-05 07:00:00,20.06447705710066,5.058532714843864,2.515618103347315e-06
2030-11-05 08:00:00,20.064394679141245,4.9992976188660805,2.2985588536309113e-06
2030-11-05 09:00:00,20.06433551481045,5.484695434570426,1.9647243573958644e-06
2030-11-05 10:00:00,20.06426037992473,6.659551620483512,1.5485263921621972e-06
2030-11-05 11:00:00,20.06412788361425,7.7973089218140785,1.4514090973355716e-06
2030-11-05 12:00:00,20.06425654956484,7.948198795318717,1.6351881903815631e-06
2030-11-05 13:00:00,20.06417938015736,8.1857204437257,1.5984356022198309e-06
2030-11-05 14:00:00,20.064172387233164,8.28919887542736,1.6112693015293872e-06
2030-11-05 15:00:00,20.064332744558293,7.731903076171989,2.0994996650289744e-06
2030-11-05 16:00:00,20.06433572778224,7.419889450073356,2.014682348790958e-06
2030-11-05 17:00:00,20.06437459155124,6.634897232055778,2.221499031273981e-06
2030-11-05 18:00:00,20.064367766060705,5.893011093139762,2.2244996377367047e-06
2030-11-05 19:00:00,20.064367366729726,3.776522636413688,2.2265425787306844e-06
2030-11-05 20:00:00,20.064362766484187,2.8773090839387123,2.2205696901791804e-06
2030-11-05 21:00:00,20.064334673543183,3.231736660003776,2.22023851045684e-06
2030-11-05 22:00:00,20.064298847466105,3.806361675262565,2.285783233826295e-06
2030-11-05 23:00:00,20.064230770297225,4.126201152801627,2.283277007859371e-06
2030-11-06 00:00:00,20.06424601041114,4.182094573974723,2.2674760089525234e-06
2030-11-06 01:00:00,20.06423843800715,3.9556829929352944,2.2209660165549184e-06
2030-11-06 02:00:00,20.064273386473342,4.021517753601188,2.2436928328597207e-06
2030-11-06 03:00:00,20.064320977037752,4.135900020599479,2.2298336453832407e-06
2030-11-06 04:00:00,20.064372547825872,4.1655645370484535,2.2693657854942074e-06
2030-11-06 05:00:00,20.06448704849546,4.069641590118522,2.271541201745318e-06
2030-11-06 06:00:00,20.06449980579942,3.7548897266389076,2.2422947846739153e-06
2030-11-06 07:00:00,20.06447112542786,3.596115112304801,2.254171673229713e-06
2030-11-06 08:00:00,20.06438142987721,3.873859643936271,2.050914616884322e-06
2030-11-06 09:00:00,20.06440314387528,4.115156650543327,2.1371650859000275e-06
2030-11-06 10:00:00,20.06439345012809,4.579582691192741,2.0913603224664617e-06
2030-11-06 11:00:00,20.06436463474295,5.095622539520377,2.0059505480746703e-06
2030-11-06 12:00:00,20.064359283472363,5.474826335907096,2.0117516025737284e-06
2030-11-06 13:00:00,20.064363280481388,5.690658569336051,2.046021336453326e-06
2030-11-06 14:00:00,20.06437334705002,5.801287651062125,2.1043936912188786e-06
2030-11-06 15:00:00,20.06436259949455,5.967688083648795,1.934108304796283e-06
2030-11-06 16:00:00,20.064670688834227,5.833142280578727,2.5348400554175483e-06
2030-11-06 17:00:00,20.06651934922408,5.494460582733268,2.7351178997249244e-06
2030-11-06 18:00:00,20.06549890426639,5.096729278564567,2.753564563094755e-06
2030-11-06 19:00:00,20.064718343504936,4.936896800994987,2.70291977151992e-06
2030-11-06 20:00:00,20.0645713405438,4.929302692413444,2.6377875139296384e-06
2030-11-06 21:00:00,20.064552381649992,4.892179489135856,2.6156427162495286e-06
2030-11-06 22:00:00,20.064542500115824,4.855649471283073,2.6168445072344764e-06
2030-11-06 23:00:00,20.064616269773897,4.790088653564567,2.6876331521387176e-06
2030-11-07 00:00:00,20.064629805865565,4.717111587524528,2.7640327810333175e-06
2030-11-07 01:00:00,20.064716932729397,4.630822658538932,2.8980821126170717e-06
2030-11-07 02:00:00,20.06485871165502,4.4533452987672035,3.0270791962928825e-06
2030-11-07 03:00:00,20.49510323067902,4.241290569305534,3.1123338893008782e-06
2030-11-07 04:00:00,20.94087083262327,4.002532005310172,3.1422626611578314e-06
2030-11-07 05:00:00,21.390516737604745,3.886428356170768,3.169068607496535e-06
2030-11-07 06:00:00,21.84977967941914,3.895418882370109,3.2025843475003095e-06
2030-11-07 07:00:00,22.318744472311728,3.8792479038239662,3.1094622772868036e-06
2030-11-07 08:00:00,21.39977954813928,3.9614887237549965,2.6555525063312893e-06
2030-11-07 09:00:00,20.065423663714512,4.29098749160778,2.3130576666222214e-06
2030-11-07 10:00:00,20.6922748582162,4.68776893615734,2.585857833503516e-06
2030-11-07 11:00:00,20.06588441255908,5.063824653625602,2.458931508702382e-06
2030-11-07 12:00:00,20.064776515834005,5.289155483245963,2.337317338629736e-06
2030-11-07 13:00:00,20.064768012345407,5.395141601562614,2.4066396630775488e-06
2030-11-07 14:00:00,20.06471791718501,5.4477815628052895,2.393082534108584e-06
2030-11-07 15:00:00,20.064722325463745,5.348258018493766,2.3421723771224444e-06
2030-11-07 16:00:00,20.067825693119943,5.128926753997916,2.639835450189918e-06
2030-11-07 17:00:00,20.07500515967304,4.971580505371207,2.637146781599428e-06
2030-11-07 18:00:00,20.065141091397475,4.848999023437614,2.502152417307118e-06
2030-11-07 19:00:00,20.064806749233544,4.64978647232067,2.4508162906539614e-06
2030-11-07 20:00:00,20.06474330524804,4.494517803192252,2.491397537581117e-06
2030-11-07 21:00:00,20.064749285315063,4.360554695129508,2.5338080826547866e-06
2030-11-07 22:00:00,20.064743959963003,4.260699748993034,2.5597353659149456e-06
2030-11-07 23:00:00,20.0647405334214,4.239396572113151,2.608903676579767e-06
2030-11-08 00:00:00,20.064735823968917,4.2073664665223305,2.702218960785225e-06
2030-11-08 01:00:00,20.06470946586128,4.178594112396354,2.6098848373674164e-06
2030-11-08 02:00:00,20.064728051781817,4.149114131927604,2.670652666347265e-06
2030-11-08 03:00:00,20.06474890664195,4.067711353302116,2.7508160087754363e-06
2030-11-08 04:00:00,20.49271342971983,3.6174032688142006,2.81009500383234e-06
2030-11-08 05:00:00,20.932087301007027,3.3370664119721596,2.809087599140106e-06
2030-11-08 06:00:00,20.90857111462696,3.3905301094056313,2.752465671196436e-06
2030-11-08 07:00:00,20.07693106782358,3.3203945159913246,2.6322861796694895e-06
2030-11-08 08:00:00,20.06442464502697,3.2108390331269447,2.1867095224774625e-06
2030-11-08 09:00:00,20.06435029002294,3.5744297504426186,1.9060165103109869e-06
2030-11-08 10:00:00,20.064329811839936,4.024575233459586,1.8101513635717912e-06
2030-11-08 11:00:00,20.06429878559763,4.4486360549927895,1.6396049388946244e-06
2030-11-08 12:00:00,20.06428244050594,4.920597076416129,1.5814781801614494e-06
2030-11-08 13:00:00,20.064280185284986,5.33799505233776,1.5874973653733398e-06
2030-11-08 14:00:00,20.06429981021856,5.5343670845032875,1.670724753350971e-06
2030-11-08 15:00:00,20.06431738363472,5.464560985565299,1.7675513996073082e-06
2030-11-08 16:00:00,20.064439375994823,5.239186763763541,2.2242632052869623e-06
2030-11-08 17:00:00,20.064478767974,5.014919757843131,2.20899739439517e-06
2030-11-08 18:00:00,20.06443683527887,4.753845214843864,2.2047103597157384e-06
2030-11-08 19:00:00,20.06439905679528,4.274145603180045,2.2014355207359445e-06
2030-11-08 20:00:00,20.064379557846227,3.756752490997428,2.1987540189810635e-06
2030-11-08 21:00:00,20.06435682884348,3.4543502330781166,2.1985798321673294e-06
2030-11-08 22:00:00,20.06436430590396,3.40106034278881,2.3234600304880294e-06
2030-11-08 23:00:00,20.06441223630987,3.3388056755067055,2.6483616107389945e-06
2030-11-09 00:00:00,20.06456299665168,3.357427358627433,3.0039420342121245e-06
2030-11-09 01:00:00,20.064501675764564,3.5111153125764076,3.016050776249469e-06
2030-11-09 02:00:00,20.064522024752293,3.7544577121735756,3.087158157128481e-06
2030-11-09 03:00:00,20.064740409870357,3.922260522842521,3.4030895126849855e-06
2030-11-09 04:00:00,20.06463902194237,3.964967012405509,3.2379419791059434e-06
2030-11-09 05:00:00,20.06466281116542,4.079945564270133,3.1443288260081233e-06
2030-11-09 06:00:00,20.074349590180248,4.408377170562858,3.640095670888887e-06
2030-11-09 07:00:00,24.79308563243131,4.584535121917838,4.827067885676173e-06
2030-11-09 08:00:00,20.0645142015378,5.101485729217643,2.811788259346631e-06
2030-11-09 09:00:00,20.06431003387035,6.213838100433463,2.036973720872827e-06
2030-11-09 10:00:00,20.06424314163029,7.370194435119743,1.808409477450692e-06
2030-11-09 11:00:00,20.06390269313444,7.938254356384391,1.687823211442834e-06
2030-11-09 12:00:00,20.06386179003349,8.338548660278434,1.7191634032564656e-06
2030-11-09 13:00:00,20.064276843440624,8.337900161743278,2.0310048235881716e-06
2030-11-09 14:00:00,20.06429865723049,8.25361537933361,2.1457516448358155e-06
2030-11-09 15:00:00,20.064295580979035,8.092446327209586,2.106289058317255e-06
2030-11-09 16:00:00,20.06434024719513,8.136370658874625,2.2919656649450997e-06
2030-11-09 17:00:00,20.064349580908377,8.376003265380973,2.290118321611094e-06
2030-11-09 18:00:00,20.06433916084671,8.601863861084098,2.2512520998489772e-06
2030-11-09 19:00:00,20.06433036013472,8.933595657348746,2.2479168156458095e-06
2030-11-09 20:00:00,20.0643216762284,9.461443901062125,2.2861010283325294e-06
2030-11-09 21:00:00,20.064271119804395,9.86214923858654,2.3036832888381717e-06
2030-11-09 22:00:00,20.063984074954675,10.04596042633068,2.3425551048829798e-06
2030-11-09 23:00:00,20.063812265541472,10.091023445129508,2.3539134260991975e-06
2030-11-10 00:00:00,20.063726891270125,10.036131858825797,2.33656657581025e-06
2030-11-10 01:00:00,20.063735293258222,9.906952857971305,2.346841700215554e-06
2030-11-10 02:00:00,20.06376038354253,9.780236244201774,2.3666355421130813e-06
2030-11-10 03:00:00,20.063844723794134,9.662016868591422,2.380047090880756e-06
2030-11-10 04:00:00,20.064268715072988,9.570094108581657,2.4643774585200327e-06
2030-11-10 05:00:00,20.06431239850971,9.47933673858654,2.470883217610222e-06
2030-11-10 06:00:00,20.064327372586227,9.352332115173454,2.412664098699331e-06
2030-11-10 07:00:00,20.064323345947347,9.159016609192008,2.375601796190925e-06
2030-11-10 08:00:00,20.064302702205623,9.002010345459098,2.2283133445834486e-06
2030-11-10 09:00:00,20.06413356643081,9.007239341735954,2.0555575135592478e-06
2030-11-10 10:00:00,20.06399710756262,9.136568069458121,1.9964561682221303e-06
2030-11-10 11:00:00,20.06397305383717,9.381177902221793,1.8887641051160591e-06
2030-11-10 12:00:00,20.064110693470223,9.569823265075797,2.09149813451503e-06
2030-11-10 13:00:00,20.06422133998029,9.773384094238395,2.2705552367011893e-06
2030-11-10 14:00:00,20.06447112418546,9.979744911193961,2.641931680992093e-06
2030-11-10 15:00:00,24.79395237687435,9.999100685119743,4.072445335977528e-06
2030-11-10 16:00:00,24.794997860108605,9.877114295959586,6.062313670081465e-06
2030-11-10 17:00:00,20.936483779917385,9.786607742309684,3.1170471388368203e-06
2030-11-10 18:00:00,20.06481426186336,9.860466957092399,2.7218796036641907e-06
2030-11-10 19:00:00,20.06593924083528,9.667243957519645,2.889065379432228e-06
2030-11-10 20:00:00,20.06486786559387,9.59243202209484,2.8233910647164426e-06
2030-11-10 21:00:00,20.064447241382165,9.908679962158317,2.638808167875797e-06
2030-11-10 22:00:00,20.06427710000572,9.247663497924918,2.4702429098171354e-06
2030-11-10 23:00:00,20.06425156463132,8.423865318298454,2.4590061885970008e-06
2030-11-11 00:00:00,20.06424957219801,8.13910293579113,2.47752510285871e-06
2030-11-11 01:00:00,20.064270934905807,8.191057205200309,2.5840380284524215e-06
2030-11-11 02:00:00,20.064312900495494,8.627243041992301,2.713691818412047e-06
2030-11-11 03:00:00,20.06434801796117,9.30785942077648,2.7356901091189225e-06
2030-11-11 04:00:00,20.064422809374573,9.891455650329704,2.7618392857869843e-06
2030-11-11 05:00:00,20.06473883979384,10.278182029724235,2.869608301780939e-06
2030-11-11 06:00:00,20.07161193769252,10.565981864929313,2.943436346983871e-06
2030-11-11 07:00:00,27.329549327294668,10.721247673034782,4.020849858033447e-06
2030-11-11 08:00:00,27.33100517827868,10.896835327148551,3.891889159175367e-06
2030-11-11 09:00:00,27.331297122581827,11.232777595520133,3.7426112668387316e-06
2030-11-11 10:00:00,27.331572807137515,11.829326629638786,3.7853007591555338e-06
2030-11-11 11:00:00,27.33189788195781,12.603471755981559,3.602311987935775e-06
2030-11-11 12:00:00,27.332294621226936,12.977143287658805,3.7477973417305104e-06
2030-11-11 13:00:00,27.33275458680725,13.108921051025504,3.6688104399616147e-06
2030-11-11 14:00:00,27.346759785959733,13.1073513031007,3.860937412723538e-06
2030-11-11 15:00:00,43.30220261383846,13.148735046386832,0.009483270167027769
2030-11-11 16:00:00,43.30345341109663,13.080365180969352,0.09306885922084022
2030-11-11 17:00:00,43.30347660052147,12.887069702148551,0.12902843664483743
2030-11-11 18:00:00,43.30348706353693,12.802754402160758,0.15200447055742156
2030-11-11 19:00:00,43.30349643483547,12.640718460083121,0.17388846273983388
2030-11-11 20:00:00,43.3034987266692,12.464002609253043,0.17742024804573567
2030-11-11 21:00:00,43.30349862900201,12.379860877990836,0.17178936120884614
2030-11-11 22:00:00,43.30350010865104,12.487483978271598,0.17581002717574193
2030-11-11 23:00:00,43.30349821044299,12.484774589538688,0.17035289008553764
2030-11-12 00:00:00,43.30348185895318,12.072989463806266,0.1320511047146996
2030-11-12 01:00:00,43.303483391826674,11.400182723999137,0.1322095866054446
2030-11-12 02:00:00,43.30348755527076,10.987835884094352,0.1381904594432274
2030-11-12 03:00:00,43.3034868882559,10.743415832519645,0.13335071918370991
2030-11-12 04:00:00,43.30349831966036,10.617282867431754,0.15013568399030774
2030-11-12 05:00:00,43.30350685496314,10.352747917175407,0.1576389645583256
2030-11-12 06:00:00,43.30351218274812,10.047721862793082,0.1609751448792914
2030-11-12 07:00:00,43.30351543984689,9.715057373046989,0.16333228833176078
2030-11-12 08:00:00,43.30351783333245,9.483986854553336,0.160834121676504
2030-11-12 09:00:00,43.30351612677179,9.382893562317008,0.15221908841489834
2030-11-12 10:00:00,43.30351417418019,9.393755912780875,0.14644030167532346
2030-11-12 11:00:00,43.30351292267718,9.474320411682243,0.14508040550548382
2030-11-12 12:00:00,43.303512398813226,9.586395263671989,0.14822244441493324
2030-11-12 13:00:00,43.30351074173026,9.67899608612072,0.1475196058186773
2030-11-12 14:00:00,43.30350793170209,9.730367660522575,0.14282394873611104
2030-11-12 15:00:00,43.3035021622143,9.72451210021984,0.1312432082883549
2030-11-12 16:00:00,43.30351153966088,9.726828575134391,0.16098425080114934
2030-11-12 17:00:00,43.30350314408412,9.699883460998649,0.13634003571949763
2030-11-12 18:00:00,43.30348281912013,9.202899932861442,0.10157214170599474
2030-11-12 19:00:00,43.30345843864396,9.352652549743766,0.07787677474685155
2030-11-12 20:00:00,43.30346219005354,9.203303337097282,0.08824420222810243
2030-11-12 21:00:00,43.303473114085705,9.118452072143668,0.11168818622073858
2030-11-12 22:00:00,43.30348041760109,9.144448280334586,0.1327433829398579
2030-11-12 23:00:00,43.30346391440179,9.172553062439079,0.11719445529156819
2030-11-13 00:00:00,43.30337193910448,9.168323516845817,0.0571826325656294
2030-11-13 01:00:00,43.30310602461576,9.167084693908805,0.025248185814231165
2030-11-13 02:00:00,43.30287790652904,9.169438362121696,0.015270080904524459
2030-11-13 03:00:00,43.30288024261342,9.20582485198986,0.01539542954453367
2030-11-13 04:00:00,43.30297041213701,9.204046249389762,0.0196453721041556
2030-11-13 05:00:00,43.30290265369129,9.144071578979606,0.01542774148160617
2030-11-13 06:00:00,43.30289345941407,9.095603942871207,0.013540859927182363
2030-11-13 07:00:00,20.064947193414568,9.082636833191032,2.70708865637734e-06
2030-11-13 08:00:00,20.064331684250337,9.153072357177848,2.369753230002625e-06
2030-11-13 09:00:00,20.06385041527372,9.316430091858024,2.1123120501205556e-06
2030-11-13 10:00:00,19.992634671141097,9.513955116272086,2.0159933802357695e-06
2030-11-13 11:00:00,19.99058863817414,9.745535850525016,1.99563482739951e-06
2030-11-13 12:00:00,19.990473763073837,10.049360275268668,1.9801535308248812e-06
2030-11-13 13:00:00,19.990454982532142,10.341772079467887,1.9954800502895587e-06
2030-11-13 14:00:00,19.990476584404515,10.484502792358512,2.0287229394294673e-06
2030-11-13 15:00:00,19.99055914373431,10.506598472595329,2.0612435184996677e-06
2030-11-13 16:00:00,20.06391999246282,10.432974815368766,2.1867196499719968e-06
2030-11-13 17:00:00,20.06410089086471,10.403861045837516,2.1852665024257504e-06
2030-11-13 18:00:00,20.064177755791903,10.380657196045036,2.183988957532042e-06
2030-11-13 19:00:00,20.06396160336391,10.325726509094352,2.1870478189525877e-06
2030-11-13 20:00:00,19.99101789748436,10.233112335205192,2.2146786266443756e-06
2030-11-13 21:00:00,19.99047219428338,10.200672149658317,2.2552096205543866e-06
2030-11-13 22:00:00,19.99040730878557,10.183403968811149,2.296233524665587e-06
2030-11-13 23:00:00,19.990397160188284,10.154581069946403,2.284403880764795e-06
2030-11-14 00:00:00,19.990394560352705,10.126764297485465,2.2754083183910537e-06
2030-11-14 01:00:00,19.990403763896456,10.096911430359,2.2828223520234465e-06
2030-11-14 02:00:00,19.990429314291607,10.05718803405773,2.255783125284856e-06
2030-11-14 03:00:00,19.99053523785249,10.033670425415153,2.2350983625099865e-06
2030-11-14 04:00:00,20.003477773293625,10.075080871582145,2.182910670054506e-06
2030-11-14 05:00:00,20.064191186353582,10.110850334167594,2.1907907564000907e-06
2030-11-14 06:00:00,20.06426014027139,10.110115051269645,2.1972198948836636e-06
2030-11-14 07:00:00,20.0642841836746,10.106923103332633,2.203480492189032e-06
2030-11-14 08:00:00,20.06430015511982,10.108952522277946,2.1792021758876175e-06
2030-11-14 09:00:00,20.064247965761343,10.184189796447868,2.1130840650384323e-06
2030-11-14 10:00:00,20.06395954665541,10.304965972900504,2.026952283688834e-06
2030-11-14 11:00:00,20.063599707587308,10.429594993591422,1.9776922620020585e-06
2030-11-14 12:00:00,20.06352043399299,10.508852005004996,1.9940476953034697e-06
2030-11-14 13:00:00,20.063454290219727,10.50492095947277,1.986889035952316e-06
2030-11-14 14:00:00,20.063918723707182,10.411244392395133,2.150970255755725e-06
2030-11-14 15:00:00,20.064876113163173,10.249007225036735,2.547774251552532e-06
2030-11-14 16:00:00,20.06428300238213,10.04754447937023,2.2413686997980006e-06
2030-11-14 17:00:00,20.064301299780062,9.916224479675407,2.2314276937515955e-06
2030-11-14 18:00:00,20.06423383500212,9.825865745544547,2.2160584515546452e-06
2030-11-14 19:00:00,20.064189393862826,9.689392089843864,2.2121524548805253e-06
2030-11-14 20:00:00,20.06388258471784,9.585435867309684,2.2194265747228528e-06
2030-11-14 21:00:00,20.063515375044247,9.454520225525016,2.2448102349446405e-06
2030-11-14 22:00:00,20.06347254762833,9.284627914428825,2.239329021425746e-06
2030-11-14 23:00:00,20.063472245259437,9.171525955200309,2.3015455234206607e-06
2030-11-15 00:00:00,20.063530140120484,9.055463790893668,2.3637020204601693e-06
2030-11-15 01:00:00,20.063568059011278,8.919486045837516,2.401590379151156e-06
2030-11-15 02:00:00,20.063686102419958,8.790195465088004,2.467593753225197e-06
2030-11-15 03:00:00,20.064201167803127,8.677325248718375,2.4560297621075444e-06
2030-11-15 04:00:00,20.06430459588904,8.581712722778434,2.4380198759908375e-06
2030-11-15 05:00:00,20.064321936013915,8.54329872131359,2.455942599762574e-06
2030-11-15 06:00:00,20.06433921324652,8.447570800781364,2.4666571034032135e-06
2030-11-15 07:00:00,20.064347453400657,8.354586601257438,2.444353175167235e-06
2030-11-15 08:00:00,20.064382298296824,8.401806831359977,2.446552388725783e-06
2030-11-15 09:00:00,20.06436062342598,8.692819595337028,2.2872012902747907e-06
2030-11-15 10:00:00,20.06444263934548,8.960716247558707,2.4195459541734934e-06
2030-11-15 11:00:00,20.06440101067825,9.060202598571891,2.263177695065673e-06
2030-11-15 12:00:00,20.064395824496117,9.080316543579215,2.194882957512777e-06
2030-11-15 13:00:00,20.064421335096945,8.979142189025993,2.183155435433317e-06
2030-11-15 14:00:00,20.064477515881325,8.741789817810172,2.185559403366362e-06
2030-11-15 15:00:00,20.064570243426623,8.497058868408317,2.073228354295158e-06
2030-11-15 16:00:00,27.3285650792076,8.038857460022086,3.4562839114787337e-06
2030-11-15 17:00:00,27.32976251381369,7.679667949676627,3.509392695335839e-06
2030-11-15 18:00:00,27.33007786618648,7.398750782013053,3.630659255636941e-06
2030-11-15 19:00:00,27.330228443407336,7.108825683593864,3.730811386640733e-06
2030-11-15 20:00:00,27.33037588207023,6.871483325958366,3.7853235666370947e-06
2030-11-15 21:00:00,27.33055136798208,6.75131464004528,3.808730509715305e-06
2030-11-15 22:00:00,27.3310620624026,6.640806674957389,4.115768513917237e-06
2030-11-15 23:00:00,27.331455649748754,6.623448371887321,4.2205526741878515e-06
2030-11-16 00:00:00,27.332320273311097,6.728773117065543,4.474420953715453e-06
2030-11-16 01:00:00,43.30169061912799,6.800786018371696,0.010116499631004465
2030-11-16 02:00:00,43.30341445492058,6.9609017372132485,0.06670370948401333
2030-11-16 03:00:00,43.30347178419018,7.336614131927604,0.1142302692710728
2030-11-16 04:00:00,43.303494088128254,7.6448922157288735,0.1502204988677078
2030-11-16 05:00:00,43.30350225913113,7.877528190612907,0.1620668354526637
2030-11-16 06:00:00,43.30350885889687,7.951033115387077,0.16778698535395317
2030-11-16 07:00:00,43.30350625969873,8.054416656494254,0.1540782855107899
2030-11-16 08:00:00,43.30350094860992,8.100113868713493,0.13554005659143026
2030-11-16 09:00:00,43.30350479005071,8.261579513549918,0.13200374734490433
2030-11-16 10:00:00,43.30350933122344,8.149861335754508,0.13218994661482342
2030-11-16 11:00:00,43.303496086203936,8.106707572937125,0.10561365153885952
2030-11-16 12:00:00,43.30350185482672,8.119696617126579,0.1157279585615322
2030-11-16 13:00:00,43.30349188037759,8.200576782226676,0.10077924523036383
2030-11-16 14:00:00,43.30293758364135,8.472252845764274,0.014550299395478253
2030-11-16 15:00:00,43.303413174631785,8.49089336395275,0.05063998516157792
2030-11-16 16:00:00,43.30352804242053,8.487195968628043,0.16598585749214803
2030-11-16 17:00:00,43.30353052371818,8.421474456787223,0.17101964496316113
2030-11-16 18:00:00,43.30353230215624,8.27789402008068,0.17815692532115054
2030-11-16 19:00:00,43.30353278606274,8.27371692657482,0.18021465068152215
2030-11-16 20:00:00,43.30353046291184,8.28951454162609,0.17393985264637982
2030-11-16 21:00:00,43.30353118013075,8.289217948913688,0.17657240047476966
2030-11-16 22:00:00,43.30353096430442,8.020995140075797,0.18020300961931565
2030-11-16 23:00:00,43.30352441493373,7.729921817779655,0.1659913632152372
2030-11-17 00:00:00,43.303514345741,7.449661731720084,0.148283812232926
2030-11-17 01:00:00,43.30350528238272,7.36697626113903,0.12988757977066723
2030-11-17 02:00:00,43.30350030122205,7.213120937347526,0.1213559558383985
2030-11-17 03:00:00,43.30350420037295,6.702944278717155,0.12418407014522093
2030-11-17 04:00:00,43.30351407986883,6.18310117721569,0.13650122791102978
2030-11-17 05:00:00,43.30353014577479,5.862488269806022,0.16556569523750195
2030-11-17 06:00:00,43.30353725588044,5.380814075470084,0.1769489475045841
2030-11-17 07:00:00,43.30353752465127,5.18559026718151,0.17325167874654732
2030-11-17 08:00:00,43.3035325539006,5.182923793792838,0.14468486390600546
2030-11-17 09:00:00,43.30344355153029,5.786338806152457,0.05074885741867986
2030-11-17 10:00:00,43.30334551873261,6.788598537445182,0.0307384039702484
2030-11-17 11:00:00,43.30276192850408,7.732167243957633,0.011195176223175089
2030-11-17 12:00:00,43.30265119233884,8.404716491699332,0.009390732235077767
2030-11-17 13:00:00,43.30265044981398,8.478008270263786,0.00940914884906662
2030-11-17 14:00:00,43.302698142035446,8.280843734741325,0.010225857993078727
2030-11-17 15:00:00,43.30344642910573,7.871537208557243,0.052936679305553944
2030-11-17 16:00:00,43.30354588785041,7.172855377197379,0.19671026916278148
2030-11-17 17:00:00,43.30354764966012,6.636002540588493,0.2039968768974162
2030-11-17 18:00:00,43.30354711146078,5.635622501373405,0.20628794349284643
2030-11-17 19:00:00,43.30354579371222,4.5333905220032875,0.2036792710036462
2030-11-17 20:00:00,43.30354356402995,3.593981266021842,0.1975292705641329
2030-11-17 21:00:00,43.30354149948277,2.7842946052552406,0.1959521986846449
2030-11-17 22:00:00,43.30353665508109,2.284112691879386,0.17992571106528957
2030-11-17 23:00:00,43.30352166792698,1.9631751775742714,0.14024262367683946
2030-11-18 00:00:00,43.3034582826696,1.6425844430924599,0.07130297911474359
2030-11-18 01:00:00,43.30311577682603,1.3780564069749062,0.0229401769321969
2030-11-18 02:00:00,43.30313834754208,1.095452547073478,0.024268874624156438
2030-11-18 03:00:00,43.30299087315453,0.8144748806954567,0.01918582375465131
2030-11-18 04:00:00,43.30293484857332,0.7099575400353615,0.016978632337336614
2030-11-18 05:00:00,43.30345429352357,0.7190979123116676,0.05136307563927874
2030-11-18 06:00:00,43.303512895086975,0.6447424888611977,0.07753064514673971
2030-11-18 07:00:00,24.79607683666336,1.041195988655204,3.4793746467673685e-06
2030-11-18 08:00:00,24.79490590732954,1.7981578111649696,3.031655255808672e-06
2030-11-18 09:00:00,20.064606195657436,3.0297772884370033,1.9407798848400733e-06
2030-11-18 10:00:00,20.064359061891157,4.652901172638053,1.6369168824140746e-06
2030-11-18 11:00:00,20.06430878507108,5.835746288299674,1.4457875356510617e-06
2030-11-18 12:00:00,20.064278299110995,6.594389438629264,1.3822353904103785e-06
2030-11-18 13:00:00,20.064279341836865,6.968741416931266,1.3872602114665451e-06
2030-11-18 14:00:00,20.064302693841185,7.059814453125114,1.4436924684419208e-06
2030-11-18 15:00:00,20.064339014305663,6.643149375915641,1.553878601901191e-06
2030-11-18 16:00:00,20.47989840016561,5.720690250396842,2.2923817524386023e-06
2030-11-18 17:00:00,20.917496009995823,4.94433164596569,2.3392209794971782e-06
2030-11-18 18:00:00,20.92065211994924,4.450468540191764,2.370350928531328e-06
2030-11-18 19:00:00,20.896580020639288,4.0428133010865395,2.408944800324674e-06
2030-11-18 20:00:00,20.064628364877542,3.7906422615052406,2.37062666527961e-06
2030-11-18 21:00:00,20.064564057074797,3.5739691257477944,2.3835125299350737e-06
2030-11-18 22:00:00,20.064660272762183,3.1999409198762123,2.4737427434530443e-06
2030-11-18 23:00:00,20.06453346466494,3.12056660652172,2.4693196616994975e-06
2030-11-19 00:00:00,20.064476340991742,2.6843380928040688,2.4197240685990005e-06
2030-11-19 01:00:00,20.064466628980792,2.0353412628174965,2.3958534087929336e-06
2030-11-19 02:00:00,20.06446357359057,1.5773637294770424,2.349749913259549e-06
2030-11-19 03:00:00,20.06467704547942,1.5531362295151894,2.2950689821936404e-06
2030-11-19 04:00:00,20.49527439749925,1.5937036275864784,2.2747860143769658e-06
2030-11-19 05:00:00,20.935155093802784,1.5126695632935707,2.3021701449058334e-06
2030-11-19 06:00:00,21.384415818618685,1.6374740600587074,2.354211034200566e-06
2030-11-19 07:00:00,21.84318819440256,1.6731677055360024,2.4005303577094037e-06
2030-11-19 08:00:00,21.01342807599328,1.6789975166321938,2.245171260865085e-06
2030-11-19 09:00:00,20.06456971374304,1.9836077690125649,1.9393195663315522e-06
2030-11-19 10:00:00,20.06443761680912,2.490342855453605,1.875775994030008e-06
2030-11-19 11:00:00,20.064401119359506,3.1298637390137856,1.8447113528806502e-06
2030-11-19 12:00:00,20.06437504450196,3.7736432552338783,1.7584885006998715e-06
2030-11-19 13:00:00,20.06436336968998,4.285846233368034,1.7497283091943234e-06
2030-11-19 14:00:00,20.06436356250821,4.567001342773551,1.7559758599236644e-06
2030-11-19 15:00:00,20.064561560506117,4.557826995849723,1.8989585434730317e-06
2030-11-19 16:00:00,20.494994493529266,4.419167518615836,2.2755013057680306e-06
2030-11-19 17:00:00,20.93390761527425,4.383317470550651,2.2908449431968075e-06
2030-11-19 18:00:00,20.919777888532707,4.35880804061901,2.278402504487371e-06
2030-11-19 19:00:00,20.06622765013061,4.372950553894157,2.2126625129300646e-06
2030-11-19 20:00:00,20.06448927078789,4.700541973114127,2.2100383357411113e-06
2030-11-19 21:00:00,20.06443594913181,5.0634503364564125,2.2121424858526685e-06
2030-11-19 22:00:00,20.064430207878395,5.161564826965446,2.2395458480595458e-06
2030-11-19 23:00:00,20.064405595336304,5.223319053650016,2.2454065836555925e-06
2030-11-20 00:00:00,20.064384358145663,5.604482173919791,2.25705990442039e-06
2030-11-20 01:00:00,20.064391968594236,6.4535894393922035,2.2797816045148575e-06
2030-11-20 02:00:00,20.064422181496283,7.349987983703727,2.3321562457400466e-06
2030-11-20 03:00:00,20.064463158636297,8.048511505127067,2.382778408836394e-06
2030-11-20 04:00:00,20.064515480654148,8.541157722473258,2.359267046250139e-06
2030-11-20 05:00:00,20.06478375051684,9.082055091858024,2.377264434770674e-06
2030-11-20 06:00:00,21.009165803812245,9.266763687133903,2.523786411519782e-06
2030-11-20 07:00:00,27.332223667533096,9.19188499450695,3.0983721149798114e-06
2030-11-20 08:00:00,27.333050210186897,9.042800903320426,2.9197523998131006e-06
2030-11-20 09:00:00,27.333613552077704,8.82093715667736,2.870495973243171e-06
2030-11-20 10:00:00,43.30343670298394,8.624861717224235,0.04720304960683414
2030-11-20 11:00:00,43.3035094893111,8.621075630188102,0.10411835723837258
2030-11-20 12:00:00,43.30352381252237,8.929387092590446,0.12907703432945464
2030-11-20 13:00:00,43.30352690693472,9.005786895752067,0.13609897540508026
2030-11-20 14:00:00,43.30353294811864,8.927762985229606,0.15458892256811135
2030-11-20 15:00:00,43.30353003013155,8.784590721130485,0.13780698506933223
2030-11-20 16:00:00,43.303539809569365,8.338989257812614,0.1712995748488483
2030-11-20 17:00:00,43.30353972899759,7.9187874794007485,0.16624706050802412
2030-11-20 18:00:00,43.30353850556111,7.613265514373893,0.16312231289422302
2030-11-20 19:00:00,43.30353623863415,7.6980047225953285,0.1592904941848043
2030-11-20 20:00:00,43.30353549050122,7.730107307434196,0.16101307160175596
2030-11-20 21:00:00,43.30353436129944,7.747686386108512,0.15778409248732403
2030-11-20 22:00:00,43.30352876416932,7.430486202240104,0.1444982227380148
2030-11-20 23:00:00,43.30352631207884,7.6167879104615395,0.14237130561904385
2030-11-21 00:00:00,43.30352563944588,7.822259426117057,0.14674398000767036
2030-11-21 01:00:00,43.30352620427871,7.728373527526969,0.15323357684762384
2030-11-21 02:00:00,43.30352496761312,7.553882122039909,0.15156214033251625
2030-11-21 03:00:00,43.3035208036282,7.340297698974723,0.13871915420468967
2030-11-21 04:00:00,43.30350463597775,7.173429965973014,0.10372476646069081
2030-11-21 05:00:00,43.30350014681869,6.940846443176383,0.08953652525727887
2030-11-21 06:00:00,43.30350782089321,6.814742088317985,0.0920377910131203
2030-11-21 07:00:00,43.303502537995655,6.75706243515026,0.0860858986198325
2030-11-21 08:00:00,43.3035129671806,6.697941780090446,0.09755418179978886
2030-11-21 09:00:00,43.30352017859775,6.794375896453971,0.10834740527187176
2030-11-21 10:00:00,43.30351579580369,7.120204925537223,0.09994998039961192
2030-11-21 11:00:00,43.30350966962913,7.380944252014274,0.09267571423259771
2030-11-21 12:00:00,43.303507005123386,7.363706588745231,0.09043376675632364
2030-11-21 13:00:00,43.30347757572282,7.286679744720573,0.06716947796712862
2030-11-21 14:00:00,43.30346449725803,7.236855506897086,0.062275501127321636
2030-11-21 15:00:00,43.303487907914494,7.169548511505241,0.07767789793848939
2030-11-21 16:00:00,43.30351531397955,7.021336555481071,0.10680544558991618
2030-11-21 17:00:00,43.30349059024021,6.867717266082877,0.07755465524327872
2030-11-21 18:00:00,43.30344534970247,6.71161508560192,0.05323214385891204
2030-11-21 19:00:00,43.3033932222893,6.5395879745484535,0.03881535023460882
2030-11-21 20:00:00,43.30335879379008,6.405947208404655,0.03285171680013154
2030-11-21 21:00:00,43.303407098861975,6.312339305877799,0.04210619905165659
2030-11-21 22:00:00,43.30344089859131,6.305153369903678,0.05230353341102052
2030-11-21 23:00:00,43.303485526591366,6.24048471450817,0.08009018769847358
2030-11-22 00:00:00,43.30351653013423,6.139212608337516,0.12302433961395004
2030-11-22 01:00:00,43.30352401860499,5.883208274841422,0.14055124103442065
2030-11-22 02:00:00,43.30352661872211,5.845086574554557,0.14875516143258943
2030-11-22 03:00:00,43.30353133275956,5.783703327179069,0.16292198545951592
2030-11-22 04:00:00,43.30353172816879,5.7129817008973305,0.16428168927516915
2030-11-22 05:00:00,43.303536191151736,5.678982257843131,0.17881566702807183
2030-11-22 06:00:00,43.30354165082458,5.623605728149528,0.1968685307127271
2030-11-22 07:00:00,43.30353876123839,5.608641147613639,0.18883053253478768
2030-11-22 08:00:00,43.30354556992879,5.620837688446159,0.2139951151115292
2030-11-22 09:00:00,43.30354222481315,5.73789739608776,0.19119558219334504
2030-11-22 10:00:00,43.3035384125631,5.977818489074821,0.16585967795831955
2030-11-22 11:00:00,43.30352394109756,6.464478969574088,0.11794613123921818
2030-11-22 12:00:00,43.29406441957418,7.280352115631217,0.0015994490320109928
2030-11-22 13:00:00,43.29894613580375,7.447082996368522,0.0031443982846468353
2030-11-22 14:00:00,43.30345689961443,7.081979751587028,0.06157257340847763
2030-11-22 15:00:00,43.30344710302536,6.735313892364616,0.05962140659091773
2030-11-22 16:00:00,43.303478662103096,6.542924880981559,0.07463752109364427
2030-11-22 17:00:00,43.30344845165956,6.4126911163331215,0.057178918156129105
2030-11-22 18:00:00,43.30336556552333,6.313110828399772,0.03648376244747541
2030-11-22 19:00:00,43.30312469053512,6.2765216827393715,0.020005846845160834
2030-11-22 20:00:00,43.302225800213456,6.124032020568961,0.008868783445343463
2030-11-22 21:00:00,43.29518652029946,5.98053598403942,0.0022785585091566764
2030-11-22 22:00:00,43.294097198553374,5.913477897644157,0.0019040527852622465
2030-11-22 23:00:00,43.29404452604421,5.847796440124625,0.0019015336426163243
2030-11-23 00:00:00,43.294030608108415,5.807152748108024,0.001937150986433609
2030-11-23 01:00:00,43.29401998571461,5.820267677307243,0.001964299206841336
2030-11-23 02:00:00,43.29401987870139,5.683763980865592,0.002005520148540003
2030-11-23 03:00:00,43.29401402465832,5.507222652435416,0.0020120744680438883
2030-11-23 04:00:00,43.29401511712372,5.474473953247184,0.00200641612704057
2030-11-23 05:00:00,43.29402885133848,5.483255386352653,0.0020101785683972347
2030-11-23 06:00:00,43.294045844059696,5.428619384765739,0.0019836803505015044
2030-11-23 07:00:00,23.814100860438444,5.352443218231315,3.668688404898337e-06
2030-11-23 08:00:00,24.793633230477155,5.383965492248649,3.71288744152185e-06
2030-11-23 09:00:00,20.961032299896345,5.608230113983268,2.937574432090289e-06
2030-11-23 10:00:00,20.206302305758605,5.937211036682243,2.6974661573276878e-06
2030-11-23 11:00:00,21.004302601998024,5.954470157623405,2.746496243400485e-06
2030-11-23 12:00:00,20.064913739245835,5.946829795837516,2.4444956505280464e-06
2030-11-23 13:00:00,20.06473459644845,5.975741863250846,2.4440697841446373e-06
2030-11-23 14:00:00,20.064809494695403,5.935635089874381,2.4994632879333023e-06
2030-11-23 15:00:00,20.06473706322995,5.7901277542115395,2.4641503512190453e-06
2030-11-23 16:00:00,20.06521712986224,5.611356735229606,2.5045537260438896e-06
2030-11-23 17:00:00,20.06528430747224,5.436480998993034,2.491377405843098e-06
2030-11-23 18:00:00,20.065024872934377,5.2434382438660805,2.4866024779659306e-06
2030-11-23 19:00:00,20.06471171074577,5.110341548919791,2.4510252800892325e-06
2030-11-23 20:00:00,20.064577402800737,5.029027938842887,2.3938024983377538e-06
2030-11-23 21:00:00,20.06453922237785,5.025382995605582,2.3605420362900496e-06
2030-11-23 22:00:00,20.064503837028504,5.108292579650993,2.3434268787083014e-06
2030-11-23 23:00:00,20.064473843934987,5.079804420471305,2.3112292509915063e-06
2030-11-24 00:00:00,20.06446761268897,4.580276489257926,2.290491633276802e-06
2030-11-24 01:00:00,20.064472246252283,4.625110149383659,2.275094288565976e-06
2030-11-24 02:00:00,20.064487310852105,4.533072471618766,2.2845296449521708e-06
2030-11-24 03:00:00,20.12977180477622,4.4328351020814125,2.380605523806985e-06
2030-11-24 04:00:00,20.56199584905775,4.38662958145153,2.446814815061466e-06
2030-11-24 05:00:00,21.00383846525266,4.366989612579459,2.5385166397213386e-06
2030-11-24 06:00:00,21.45464624583677,4.292178153991813,2.6422736783542556e-06
2030-11-24 07:00:00,21.915095406236407,4.155922412872428,2.6249957487654646e-06
2030-11-24 08:00:00,22.385205427002155,3.943953514099235,2.5678318955686395e-06
2030-11-24 09:00:00,20.065430698817178,4.007412433624381,2.0897293696973845e-06
2030-11-24 10:00:00,20.06617301763269,4.326795101165885,2.227178293265849e-06
2030-11-24 11:00:00,20.064730361109287,4.264879226684684,2.0940525553745994e-06
2030-11-24 12:00:00,20.06463469058877,3.9960505962372963,1.9779858929329534e-06
2030-11-24 13:00:00,20.064643479514885,3.9224236011506264,1.981684679778902e-06
2030-11-24 14:00:00,20.06467411639481,4.061343193054313,1.9670141605071983e-06
2030-11-24 15:00:00,20.0647263110974,3.956681728363151,1.8792755573799245e-06
2030-11-24 16:00:00,20.06607603812925,3.588973999023551,2.2609621862438094e-06
2030-11-24 17:00:00,20.089524017578565,3.0626621246339027,2.2746388597144247e-06
2030-11-24 18:00:00,20.075007638507472,2.9798104763032143,2.289101406263588e-06
2030-11-24 19:00:00,20.065804898539685,2.786292791366691,2.290545425325747e-06
2030-11-24 20:00:00,20.0656479347561,2.3348219394684975,2.2752124403085106e-06
2030-11-24 21:00:00,20.06572849987732,1.7129400968552773,2.286163234544985e-06
2030-11-24 22:00:00,20.06643750578384,1.1899316310883705,2.6190396862953324e-06
2030-11-24 23:00:00,20.067038026294888,0.8793604969979469,2.7443558167486536e-06
2030-11-25 00:00:00,20.126484317762596,0.5808517932892983,2.8104456378514562e-06
2030-11-25 01:00:00,20.55841852249365,0.27181553840648576,3.002483665896161e-06
2030-11-25 02:00:00,20.999800310128485,0.08158900588762208,3.142298963052601e-06
2030-11-25 03:00:00,42.39376174454336,-0.14317674934852676,2.503348113225946e-05
2030-11-25 04:00:00,43.30350330374007,-0.5486833453177269,0.058384357726705055
2030-11-25 05:00:00,43.30355870586881,-0.8731369376181419,0.15217485995149338
2030-11-25 06:00:00,43.303558144791495,-1.340121150016671,0.14593105690816977
2030-11-25 07:00:00,43.3035561232216,-1.58094489574421,0.13489147642333024
2030-11-25 08:00:00,43.30355161530795,-1.616192698478585,0.11712408873766691
2030-11-25 09:00:00,43.30353451213125,-1.5931160449980553,0.07737818554401815
2030-11-25 10:00:00,43.30351139797917,-1.5568614006041344,0.05707414296866926
2030-11-25 11:00:00,43.30341663791295,-1.440493702888375,0.02716966274874479
2030-11-25 12:00:00,43.30340614440394,-1.298462510108834,0.025852030955871786
2030-11-25 13:00:00,43.30333086004168,-1.2294336557387169,0.02004616837533533
2030-11-25 14:00:00,43.30339310774914,-1.3214871883391197,0.025587229116122327
2030-11-25 15:00:00,43.30348797127494,-1.3020642995833214,0.04579356520098847
2030-11-25 16:00:00,43.30354086849837,-1.1051378250120933,0.09676148352595741
2030-11-25 17:00:00,43.30354248214552,-0.8380493521689232,0.09944003388226633
2030-11-25 18:00:00,43.30354225419423,-0.7211520075796898,0.09942225730484258
2030-11-25 19:00:00,43.30353817275988,-0.7767578363417442,0.09452657066071092
2030-11-25 20:00:00,43.30351577558186,-0.9889541268347557,0.06870736554903428
2030-11-25 21:00:00,43.303377143284216,-1.367020130157357,0.03112991651974417
2030-11-25 22:00:00,43.3033411836926,-1.6723437309264,0.03251483814009392
2030-11-25 23:00:00,43.30337031859061,-1.9343048334120567,0.037957456506529076
2030-11-26 00:00:00,43.30331849751422,-2.1153595447539146,0.03262547690601587
2030-11-26 01:00:00,43.30332945204898,-2.293914079666024,0.03475284892472606
2030-11-26 02:00:00,43.303354050166014,-2.469129800796395,0.038353208024064354
2030-11-26 03:00:00,43.30354408090746,-2.7461793422697838,0.13317623785056606
2030-11-26 04:00:00,43.303568318908994,-2.857822179794198,0.21694140665319753
2030-11-26 05:00:00,43.30357166067504,-3.0839078426359947,0.2310608531200491
2030-11-26 06:00:00,43.3035723198628,-3.3420486450194176,0.23418146788377273
2030-11-26 07:00:00,43.30357183647206,-3.524129390716439,0.23223661586687247
2030-11-26 08:00:00,43.30357100014931,-3.626700878143197,0.2286684607549135
2030-11-26 09:00:00,43.30356817549698,-3.540874242782479,0.20156302978949314
2030-11-26 10:00:00,43.30356300494351,-3.295938014984017,0.16457565028548926
2030-11-26 11:00:00,43.30355862506907,-2.957643032073861,0.14124068154620875
2030-11-26 12:00:00,43.30355642879046,-2.574103355407601,0.13153590578429736
2030-11-26 13:00:00,43.30355477028383,-2.1020472049712,0.13035350576587657
2030-11-26 14:00:00,43.30355653892469,-1.7119240760802086,0.1410051880093113
2030-11-26 15:00:00,43.30356122961974,-1.4908914566038902,0.16383299448797536
2030-11-26 16:00:00,43.30356743913202,-1.6206440925597008,0.21202719653466665
2030-11-26 17:00:00,43.3035686028413,-2.0871396064757164,0.2213124260043517
2030-11-26 18:00:00,43.30356770668102,-2.4720206260680015,0.21603181151297132
2030-11-26 19:00:00,43.30356265685658,-2.6563525199889,0.17726232007381545
2030-11-26 20:00:00,43.30354765139484,-2.784507513046151,0.11448222894605951
2030-11-26 21:00:00,43.30348222723999,-2.8683850765227135,0.05275072980574514
2030-11-26 22:00:00,43.302470376492266,-2.9757912158964928,0.008730951672581607
2030-11-26 23:00:00,43.30244487183008,-3.1245634555815514,0.008600554411461542
2030-11-27 00:00:00,43.30244676496896,-3.2128984928129967,0.008573068983177737
2030-11-27 01:00:00,43.30245408998312,-3.2702894210814293,0.008380946293895493
2030-11-27 02:00:00,43.30247521189973,-3.359493970870858,0.008255908310120347
2030-11-27 03:00:00,43.303280980088445,-3.4388246536253746,0.022600785819257667
2030-11-27 04:00:00,43.30355653017877,-3.528490781783944,0.12831536550122408
2030-11-27 05:00:00,43.30356013767351,-3.6267263889311607,0.13687399870098596
2030-11-27 06:00:00,43.3035619310722,-3.70353269577015,0.14560967413288625
2030-11-27 07:00:00,43.30356331795152,-3.7503383159636314,0.15636333818945206
2030-11-27 08:00:00,43.30356256271955,-3.7535424232481773,0.15564244853142728
2030-11-27 09:00:00,43.30355794980167,-3.6201250553129967,0.13543902246000802
2030-11-27 10:00:00,43.30355534666102,-3.3719627857207115,0.12973578078050912
2030-11-27 11:00:00,43.303551958341714,-2.9207692146300133,0.11912768923403548
2030-11-27 12:00:00,43.30355076178336,-2.403518676757699,0.11683427950686666
2030-11-27 13:00:00,43.30355230459601,-2.002555608749276,0.12317307710779044
2030-11-27 14:00:00,43.30355367993784,-1.553605914115792,0.12945948239955285
2030-11-27 15:00:00,43.30355428047807,-1.21584057807911,0.12627738308195427
2030-11-27 16:00:00,43.303559644994266,-1.0578711032866295,0.14797782632645887
2030-11-27 17:00:00,43.30355967975535,-1.2253831624983604,0.14559689388441974
2030-11-27 18:00:00,43.30355922695169,-1.554075121879464,0.14589367020047847
2030-11-27 19:00:00,43.30355714497307,-2.0005118846892174,0.14178440705985929
2030-11-27 20:00:00,43.30354913273771,-2.3133218288420494,0.11840636150082853
2030-11-27 21:00:00,43.303507462937,-2.380553007125741,0.06707182296532956
2030-11-27 22:00:00,43.30283074247673,-2.3785450458525474,0.012099123723124366
2030-11-27 23:00:00,43.30278641613603,-2.3903505802153404,0.01133752127713314
2030-11-28 00:00:00,43.30278325584767,-2.4332320690153892,0.011325956795830186
2030-11-28 01:00:00,43.30279435495992,-2.4881906509398277,0.011303895011169823
2030-11-28 02:00:00,43.302814260978,-2.651054620742684,0.01141525058735582
2030-11-28 03:00:00,43.3033511612873,-2.7720015048979576,0.03158713436684936
2030-11-28 04:00:00,43.30355808260661,-2.856069326400643,0.13544757775792055
2030-11-28 05:00:00,43.30356319047331,-2.9367840290068443,0.15345862741915092
2030-11-28 06:00:00,43.30356625378137,-3.050402164459115,0.17248327760784762
2030-11-28 07:00:00,43.3035689079493,-3.126898765563851,0.19624453213147786
2030-11-28 08:00:00,43.30357025104491,-3.117430925369149,0.21307082361152324
2030-11-28 09:00:00,43.3035696673487,-2.8586220741270836,0.21176318650594572
2030-11-28 10:00:00,43.303567567959135,-2.3625586032866295,0.19492822784400574
2030-11-28 11:00:00,43.3035660185746,-1.752060174941903,0.18253049375820635
2030-11-28 12:00:00,43.30356504342599,-1.3341164588927086,0.17802512944897797
2030-11-28 13:00:00,43.30356538571556,-1.1011447906493004,0.1826758820975193
2030-11-28 14:00:00,43.3035668138068,-0.981446444988137,0.19691092743151065
2030-11-28 15:00:00,43.30356780278469,-0.956082105636483,0.2025913118507539
2030-11-28 16:00:00,43.303571907349074,-1.152136564254647,0.25052076881742036
2030-11-28 17:00:00,43.303571457318434,-1.1767574548720177,0.24100000863360463
2030-11-28 18:00:00,43.30357000767472,-1.2083814144133385,0.22718842435564252
2030-11-28 19:00:00,43.30356710779135,-1.5029561519621666,0.20692304201275258
2030-11-28 20:00:00,43.30356087910108,-2.1449871063231285,0.17260669054079128
2030-11-28 21:00:00,43.3035379344496,-2.6425585746764,0.10854724347071516
2030-11-28 22:00:00,43.3031800111255,-2.983268976211434,0.02039297013922888
2030-11-28 23:00:00,43.303139372274096,-3.321053266525155,0.01829635704623928
2030-11-29 00:00:00,43.303120450908565,-3.6528444290159996,0.01766688407597957
2030-11-29 01:00:00,43.30312045398151,-3.961080074310189,0.01729722974950421
2030-11-29 02:00:00,43.30314542212188,-4.266366481780892,0.01756525972361377
2030-11-29 03:00:00,43.30347403458016,-4.547524929046517,0.05565272274185887
2030-11-29 04:00:00,43.303560065554926,-4.710098266601449,0.14598879775043994
2030-11-29 05:00:00,43.30356277829487,-4.821010589599496,0.15463772629928832
2030-11-29 06:00:00,43.3035626055589,-4.914016246795541,0.1521663287386032
2030-11-29 07:00:00,43.30356226118792,-4.998979568481332,0.15162870222620028
2030-11-29 08:00:00,43.30356278709207,-5.056579589843636,0.157551180257929
2030-11-29 09:00:00,43.30355904298641,-4.546752929687386,0.1381370846558254
2030-11-29 10:00:00,43.30355101629147,-3.5458846092222984,0.10563989532287017
2030-11-29 11:00:00,43.3035477136531,-2.5224261283873375,0.09847069573851332
2030-11-29 12:00:00,43.3035467521075,-1.5502033233641441,0.09830415336546558
2030-11-29 13:00:00,43.30355992600475,-1.0333249568938072,0.1463415229776081
2030-11-29 14:00:00,43.30356707952455,-1.0207182168959434,0.20125098421748105
2030-11-29 15:00:00,43.30357071140506,-1.2578471899031456,0.23215670887159626
2030-11-29 16:00:00,43.303574053284,-1.665149807929879,0.2714584756426026
2030-11-29 17:00:00,43.30357459934872,-1.9087909460066612,0.27265527063315337
2030-11-29 18:00:00,43.30357453499132,-2.0116937160490806,0.27287032322458904
2030-11-29 19:00:00,43.30357368520531,-2.054860353469735,0.271710959678879
2030-11-29 20:00:00,43.30357115221978,-2.077684879302865,0.264174310307163
2030-11-29 21:00:00,43.30356611340881,-2.103216409683114,0.24732403656550084
2030-11-29 22:00:00,43.3035575678254,-2.134821653365975,0.22409157446046757
2030-11-29 23:00:00,43.303550974639855,-2.140725135803109,0.20718500661236894
2030-11-30 00:00:00,43.30354969593242,-2.120710134506112,0.20567238677733077
2030-11-30 01:00:00,43.303547692784704,-2.082056522369271,0.20103573868702532
2030-11-30 02:00:00,43.30354578769455,-2.0403006076811607,0.19658434055531768
2030-11-30 03:00:00,43.303563884618406,-2.016039371490365,0.23876201341494654
2030-11-30 04:00:00,43.30357209622094,-2.021108150482064,0.2705198523029133
2030-11-30 05:00:00,43.30357367738289,-2.0543665885924156,0.273972007863092
2030-11-30 06:00:00,43.30357332178375,-2.0668008327482994,0.2728083965395314
2030-11-30 07:00:00,43.3035721924679,-2.0698873996733482,0.2683217935423149
2030-11-30 08:00:00,43.30357139608318,-2.078074455261117,0.26238109108532565
2030-11-30 09:00:00,43.30356944013606,-1.8117817640303429,0.23717467475976103
2030-11-30 10:00:00,43.30356764781372,-1.416730642318612,0.22258340622171932
2030-11-30 11:00:00,43.30356499516815,-0.9627565145491417,0.2056397895686264
2030-11-30 12:00:00,43.30356307145182,-0.6361805796622093,0.19622285606212306
2030-11-30 13:00:00,43.30356325379606,-0.4806201159952934,0.19745723319330805
2030-11-30 14:00:00,43.30356488241837,-0.4441243410109337,0.20838550578975262
2030-11-30 15:00:00,43.30356715071955,-0.5762161612509544,0.2210069278730511
2030-11-30 16:00:00,43.30357057814557,-0.7365735769270714,0.2527692668321605
2030-11-30 17:00:00,43.30357123766612,-0.8131429553030785,0.2540358848635709
2030-11-30 18:00:00,43.30357169711104,-0.861931920051461,0.2595080667848089
2030-11-30 19:00:00,43.30357115451744,-0.8992577195166405,0.2595943359121924
2030-11-30 20:00:00,43.303568411342674,-0.9416521787642296,0.2495533577331085
2030-11-30 21:00:00,43.3035625053007,-0.9818316102026756,0.22982196748649683
2030-11-30 22:00:00,43.303551124705805,-0.9994689226149376,0.20136281802547346
2030-11-30 23:00:00,43.30354919147221,-1.011550307273751,0.19732812967096489
2030-12-01 00:00:00,43.303548736576566,-1.0393748283385094,0.19569747680410843
2030-12-01 01:00:00,43.30354677034168,-1.0720317363737877,0.19258406828356517
2030-12-01 02:00:00,43.30354520491802,-1.0833723545073326,0.18861619746683844
2030-12-01 03:00:00,43.303546063265074,-1.0545473098753746,0.18928665239077774
2030-12-01 04:00:00,43.303570051813495,-1.0463718175886925,0.2569348101729667
2030-12-01 05:00:00,43.30357252226137,-1.0709030628203209,0.2561230567941845
2030-12-01 06:00:00,43.30357211523563,-1.0594285726546104,0.24316226885625478
2030-12-01 07:00:00,43.30357137131328,-1.0047572851179893,0.23592094521528606
2030-12-01 08:00:00,43.3035710956588,-1.0890301465987022,0.23467894617846313
2030-12-01 09:00:00,43.30356974989015,-1.1835827827452476,0.2248443964430065
2030-12-01 10:00:00,43.303568981906885,-1.1717058420180138,0.22658325287719516
2030-12-01 11:00:00,43.30356834548507,-0.8772811889647301,0.2269524102630456
2030-12-01 12:00:00,43.30356827297168,-0.5850151181219871,0.2322084312695462
2030-12-01 13:00:00,43.30356784649529,-0.2933952510355766,0.22985118935498305
2030-12-01 14:00:00,43.3035675799363,-0.02947219088662223,0.2239262682033361
2030-12-01 15:00:00,43.303567691815765,0.11726419627677842,0.2163459458949118
2030-12-01 16:00:00,43.303569670747,0.17343650758277818,0.23059831666702402
2030-12-01 17:00:00,43.30357005814078,0.3015185296536629,0.23083264812018225
2030-12-01 18:00:00,43.30356987088439,0.605637967586631,0.23121369454769175
2030-12-01 19:00:00,43.30356899071192,1.2897880077363197,0.23176543056927237
2030-12-01 20:00:00,43.30356555200093,1.593025445938224,0.22294107403807428
2030-12-01 21:00:00,43.30355831722586,1.593081951141471,0.19587267109561818
2030-12-01 22:00:00,43.30355174279128,1.432577848434562,0.18984096233226824
2030-12-01 23:00:00,43.30354880084363,1.4216744899750893,0.18253588560160505
2030-12-02 00:00:00,43.30354832504752,1.265953421592826,0.18501922459965675
2030-12-02 01:00:00,43.303548811341365,1.2155810594559853,0.1905580990285931
2030-12-02 02:00:00,43.30354807298372,1.3627109527589027,0.18807668508415326
2030-12-02 03:00:00,43.30354556554727,1.407626390457267,0.17887299024476339
2030-12-02 04:00:00,43.30355626867805,1.418694972992057,0.20336963645799447
2030-12-02 05:00:00,43.30357006864604,1.3464189767838661,0.2576055934315656
2030-12-02 06:00:00,43.30357065080378,1.2870086431504433,0.2602729569176119
2030-12-02 07:00:00,43.303569854855,1.1976382732392494,0.25693588105046916
2030-12-02 08:00:00,43.30356915402013,1.1684558391572182,0.25444871751299863
2030-12-02 09:00:00,43.3035673230541,1.4245241880418007,0.24054737757346714
2030-12-02 10:00:00,43.30356499967933,1.8204723596574013,0.22657936522173566
2030-12-02 11:00:00,43.30356208169266,2.331546306610221,0.20522200781599656
2030-12-02 12:00:00,43.30356185239953,2.6176617145539467,0.2093041849215066
2030-12-02 13:00:00,43.30356079966229,2.748306274414176,0.20721243247924329
2030-12-02 14:00:00,43.3035599140745,2.835219860077018,0.2004092514852767
2030-12-02 15:00:00,43.30356096591628,2.8138847351075356,0.20167832097607943
2030-12-02 16:00:00,43.30356503030212,2.4790744781495277,0.2338378810844039
2030-12-02 17:00:00,43.30356548803552,2.060638666153068,0.23421495810507142
2030-12-02 18:00:00,43.30356452112086,1.6807016134263222,0.23034755015917452
2030-12-02 19:00:00,43.303561804707016,1.5225145816804115,0.2197844766408834
2030-12-02 20:00:00,43.30355604362607,1.5513935089112465,0.19666325389869985
2030-12-02 21:00:00,43.30354107549608,1.5625084638596718,0.15787079936874068
2030-12-02 22:00:00,43.30352767419711,1.48407077789318,0.12456624433914777
2030-12-02 23:00:00,43.30347773384079,1.2563583850861733,0.07935110688306708
2030-12-03 00:00:00,43.30346937994674,0.8997492194176857,0.07715624356239593
2030-12-03 01:00:00,43.30344749303367,0.7533631920815651,0.06680318755074603
2030-12-03 02:00:00,43.30335327972424,0.7865983247758095,0.039601767763705054
2030-12-03 03:00:00,43.30332197077559,0.8547931909562294,0.03233826910133196
2030-12-03 04:00:00,43.30338393447165,1.024474501609916,0.036637181478477984
2030-12-03 05:00:00,43.30354731516883,1.1984242200852577,0.13136334121885018
2030-12-03 06:00:00,43.303541597922575,1.1676330566407387,0.11037955838898295
2030-12-03 07:00:00,33.768322318843566,1.0602374076844399,4.942218473082884e-06
2030-12-03 08:00:00,33.76782906005407,1.1223752498627846,4.703005227143848e-06
2030-12-03 09:00:00,33.767661181043096,1.439741253852958,4.242941318228815e-06
2030-12-03 10:00:00,33.76678364832591,1.548167824745292,4.179257575266916e-06
2030-12-03 11:00:00,27.332987296260825,1.6084111928940956,2.6887863280741666e-06
2030-12-03 12:00:00,27.332425293779785,1.9753386974335854,2.6742236381236496e-06
2030-12-03 13:00:00,27.33242023671179,2.2266352176667397,2.687567148616247e-06
2030-12-03 14:00:00,27.33240372292896,2.4235196113587563,2.7710063449252716e-06
2030-12-03 15:00:00,27.332456015713188,2.342041254043693,2.7625992250343375e-06
2030-12-03 16:00:00,27.900008665882837,2.029577255249137,2.919400695769355e-06
2030-12-03 17:00:00,28.484043239922176,1.8684787750245277,2.957823213536511e-06
2030-12-03 18:00:00,27.572034430387173,1.949535012245292,2.802647212836891e-06
2030-12-03 19:00:00,27.33267287590061,2.042328357696647,2.8275813315466357e-06
2030-12-03 20:00:00,27.332355276749883,2.0674126148225014,2.9606486349401647e-06
2030-12-03 21:00:00,27.33228374589881,2.1366991996766274,3.0043757456276014e-06
2030-12-03 22:00:00,27.33228370669665,2.085711002349967,3.101596647766913e-06
2030-12-03 23:00:00,27.332280388015448,2.539755821228141,3.0753301324422262e-06
2030-12-04 00:00:00,27.332274637557067,2.7527315616608803,3.093721256612573e-06
2030-12-04 01:00:00,27.33227547533671,2.7746536731721108,3.0598182777142123e-06
2030-12-04 02:00:00,27.33228193283767,2.7061078548432533,2.976906335155028e-06
2030-12-04 03:00:00,27.33233150035341,2.4975271224976723,2.9196534415761223e-06
2030-12-04 04:00:00,40.61518570811474,2.1847109794617836,1.0516156288939085e-05
2030-12-04 05:00:00,41.4871042602241,1.9703682661057655,1.3469406861891831e-05
2030-12-04 06:00:00,42.37726876048956,1.737240910530204,2.0968411615429485e-05
2030-12-04 07:00:00,43.28643130324438,1.6395748853684609,0.0006506192196389381
2030-12-04 08:00:00,43.303007051995486,1.5358098745347206,0.010953066302805695
2030-12-04 09:00:00,40.62400606221206,1.5443803071976845,9.340954560285108e-06
2030-12-04 10:00:00,40.62406556790578,1.6766043901444618,9.821793963514991e-06
2030-12-04 11:00:00,40.624030053865845,1.655523061752433,9.670124608069237e-06
2030-12-04 12:00:00,40.62405743454804,1.5132223367692177,9.614170850257947e-06
2030-12-04 13:00:00,40.62433086785213,1.3856819868088905,9.688314732533864e-06
2030-12-04 14:00:00,41.49574429519951,1.2837351560593788,1.4050492347655385e-05
2030-12-04 15:00:00,42.38605774986581,1.086542725563163,2.4570101533682104e-05
2030-12-04 16:00:00,43.29540481154572,0.9346215128899757,0.001876649901264172
2030-12-04 17:00:00,43.30345629040733,0.8213267326356117,0.03665726864944849
2030-12-04 18:00:00,43.30341873790754,0.7963786125184242,0.027437652677388485
2030-12-04 19:00:00,43.30284750944507,0.8779302239419167,0.009981496290083363
2030-12-04 20:00:00,42.3935059891493,1.0877676010132973,2.401675349843054e-05
2030-12-04 21:00:00,42.39344989962397,1.3754813671113197,2.5591944218418987e-05
2030-12-04 22:00:00,42.3937531030205,1.626654505729789,3.103957833941928e-05
2030-12-04 23:00:00,43.299384534298575,1.668402552604789,0.0037133434374149294
2030-12-05 00:00:00,43.30236987714798,1.799969911575431,0.010534984853996432
2030-12-05 01:00:00,42.39439287527502,1.5952595472336952,3.397988680096831e-05
2030-12-05 02:00:00,42.39382780395456,1.315185189247245,3.013261601544398e-05
2030-12-05 03:00:00,42.39396933154352,1.0471146106721108,2.7900914770813352e-05
2030-12-05 04:00:00,43.303433094661145,0.842328608036155,0.042139010197497086
2030-12-05 05:00:00,43.30355983862464,0.7625454664231484,0.17097052069100088
2030-12-05 06:00:00,43.30356244925999,0.8538886308671181,0.18681549441429188
2030-12-05 07:00:00,43.30356238569886,1.1186199188233559,0.18397353604074837
2030-12-05 08:00:00,43.30356043084356,1.2909636497498695,0.170251059479904
2030-12-05 09:00:00,43.303554492196014,1.3071123361588661,0.14041354144033896
2030-12-05 10:00:00,43.3035566278431,1.1959755420685951,0.1529729561224178
2030-12-05 11:00:00,43.30355478575819,1.2069200277329628,0.14621222183775678
2030-12-05 12:00:00,43.303553768860034,1.2529051303864662,0.14592406073783176
2030-12-05 13:00:00,43.30355408824349,1.0777370929719154,0.1501573589718438
2030-12-05 14:00:00,43.303555249098935,1.0056604146958534,0.15643728625751077
2030-12-05 15:00:00,43.30355657562183,0.8723963499070351,0.15920369018827674
2030-12-05 16:00:00,43.30356118845656,0.6226226687432472,0.1825290465947967
2030-12-05 17:00:00,43.30356204870755,0.2408338189126198,0.18619655935497537
2030-12-05 18:00:00,43.30356053411679,-0.09694750607002334,0.17779624613522496
2030-12-05 19:00:00,43.303555224421416,-0.3114594817160423,0.154544550062589
2030-12-05 20:00:00,43.303542311157926,-0.4128866493700798,0.11693175297621357
2030-12-05 21:00:00,43.30345917301312,-0.4607094228266533,0.051966613228573426
2030-12-05 22:00:00,43.30335654283175,-0.5632238984106834,0.0323551302688692
2030-12-05 23:00:00,43.30335752457156,-0.7894147634505089,0.032715691021383615
2030-12-06 00:00:00,43.30338170080067,-1.1376031637190636,0.03731650250651958
2030-12-06 01:00:00,43.30344244598794,-1.4470962285994347,0.051579626901291024
2030-12-06 02:00:00,43.30346665743389,-1.652623534202462,0.06110119399764527
2030-12-06 03:00:00,43.30345838141872,-1.7646460533140953,0.05912810443742875
2030-12-06 04:00:00,43.30356302861468,-1.849566221237069,0.18422344279712266
2030-12-06 05:00:00,43.303568600943485,-1.8796501159666832,0.2089147078354244
2030-12-06 06:00:00,43.30356912734883,-1.8699682950972374,0.21355587029328385
2030-12-06 07:00:00,43.3035695830547,-1.899542331695443,0.22184344920809276
2030-12-06 08:00:00,43.30356987493094,-2.0671625137327965,0.22836233150918678
2030-12-06 09:00:00,43.30356843427823,-1.8456162214278038,0.21432540011744314
2030-12-06 10:00:00,43.303567255034,-1.619645953178292,0.20844469202823476
2030-12-06 11:00:00,43.30356678661952,-1.3439832925795372,0.20712352783592114
2030-12-06 12:00:00,43.30356599535142,-0.8566676974295433,0.20433648317320144
2030-12-06 13:00:00,43.30356653926349,-0.5810499787329491,0.21082982840757714
2030-12-06 14:00:00,43.30356693556283,-0.4202852547167595,0.21283766211974606
2030-12-06 15:00:00,43.30356825632511,-0.34729552268970565,0.21708403640597002
2030-12-06 16:00:00,43.30357115247622,-0.3957396149634178,0.24518366435347044
2030-12-06 17:00:00,43.303572287173154,-0.4276786744593437,0.2562599287690188
2030-12-06 18:00:00,43.30357265554412,-0.43908396363246993,0.26496748688753363
2030-12-06 19:00:00,43.30357177600858,-0.49573743343341903,0.26553170093512607
2030-12-06 20:00:00,43.30356891237343,-0.5516201853750999,0.2554739209470051
2030-12-06 21:00:00,43.30356321595943,-0.6132575869559105,0.23313573644125266
2030-12-06 22:00:00,43.30355348794171,-0.6464390158652122,0.1971186191270184
2030-12-06 23:00:00,43.303546483430125,-0.6804116368292625,0.1732969580868417
2030-12-07 00:00:00,43.30353321378544,-0.7090814709662254,0.1349808194567875
2030-12-07 01:00:00,43.30350267635173,-0.7077764272688682,0.08993289177657815
2030-12-07 02:00:00,43.30349369958568,-0.7361686825751121,0.08288606294973751
2030-12-07 03:00:00,43.303499882509165,-0.7819650769232567,0.08770869566690055
2030-12-07 04:00:00,43.303564859645256,-0.863774120807534,0.20886810535706293
2030-12-07 05:00:00,43.30356535928304,-0.9089465737341698,0.1996266057893824
2030-12-07 06:00:00,43.30356166491344,-1.0101773738859947,0.17125625123427032
2030-12-07 07:00:00,43.30355503963914,-1.0225208997725304,0.14283249831169606
2030-12-07 08:00:00,43.30354968120636,-1.0047967433928306,0.1252318908159655
2030-12-07 09:00:00,43.3035354388264,-0.7956037521361168,0.09149307731431933
2030-12-07 10:00:00,43.303509786432414,-0.6107419133185203,0.06483983414403309
2030-12-07 11:00:00,43.30348437244861,-0.38174718618381576,0.05005374877719558
2030-12-07 12:00:00,43.3035010427376,-0.33212080597866134,0.05893559986306929
2030-12-07 13:00:00,43.30349973934492,-0.37197434902179793,0.0581465023420535
2030-12-07 14:00:00,43.30343667328129,-0.34344598650920943,0.0359976464597526
2030-12-07 15:00:00,43.30347486681624,-0.424759000539666,0.04411419344183048
2030-12-07 16:00:00,43.30352626293255,-0.5343753099440391,0.0758447614364844
2030-12-07 17:00:00,43.30352249165166,-0.5752946138380821,0.07006481890689371
2030-12-07 18:00:00,43.30352279210674,-0.5955865979193504,0.06973901067706974
2030-12-07 19:00:00,43.30351093499406,-0.6533495187758263,0.05853028074357664
2030-12-07 20:00:00,43.30324780022707,-0.6844493150709923,0.01752064574652739
2030-12-07 21:00:00,42.39217954390255,-0.693834483623391,2.3409411463152455e-05
2030-12-07 22:00:00,42.392147286225935,-0.6950833797453697,2.6275504501851223e-05
2030-12-07 23:00:00,42.3921411096519,-0.6946817636488731,2.69702661696188e-05
2030-12-08 00:00:00,42.39214236682943,-0.7176923751829918,2.7145965065130543e-05
2030-12-08 01:00:00,42.39215731247837,-0.7274258732794578,2.8475018501167515e-05
2030-12-08 02:00:00,42.39218359968054,-0.7501574158667381,2.8440771145646205e-05
2030-12-08 03:00:00,42.39379461077083,-0.7695127129553612,2.8699414141363236e-05
2030-12-08 04:00:00,43.303491990452265,-0.7183722257612999,0.060503972578360404
2030-12-08 05:00:00,43.30356187394694,-0.6817879080771263,0.1791856210642959
2030-12-08 06:00:00,43.303563333965215,-0.6737719178198631,0.18811378369022272
2030-12-08 07:00:00,43.30356319596611,-0.693919658660775,0.18269580111836042
2030-12-08 08:00:00,43.30356313448452,-0.6800282001494224,0.18473981978588616
2030-12-08 09:00:00,43.30355837910208,-0.2215312719343956,0.1537273514448138
2030-12-08 10:00:00,43.30355139814062,0.12359405308973237,0.1279308977381184
2030-12-08 11:00:00,43.30354262067132,0.32501471042644425,0.10530111065988722
2030-12-08 12:00:00,43.30351312337675,0.7397881746293251,0.0650589534982886
2030-12-08 13:00:00,43.30352777886377,1.0936584472657387,0.080614887539219
2030-12-08 14:00:00,43.30353815626093,1.1156675815583412,0.09676424436308542
2030-12-08 15:00:00,43.303547022180176,0.8912063837052528,0.11394272325944452
2030-12-08 16:00:00,43.30355494925375,0.5629516839982216,0.13983549288233008
2030-12-08 17:00:00,43.30355482264876,0.3278330564500038,0.1383676886418969
2030-12-08 18:00:00,43.30355398704833,0.19767700135719224,0.13587085023410775
2030-12-08 19:00:00,43.30354998155365,0.08108461648237153,0.12518511057961906
2030-12-08 20:00:00,43.30353590736637,-0.02683936990786151,0.09376159836278233
2030-12-08 21:00:00,43.30327545793115,-0.13517709076393203,0.02228032670692412
2030-12-08 22:00:00,42.39290304934151,-0.218436345457917,2.7744098416525865e-05
2030-12-08 23:00:00,42.39288476750399,-0.2902579903601463,2.8378448110743985e-05
2030-12-09 00:00:00,42.3928732774494,-0.3836595416067894,2.8236653138223022e-05
2030-12-09 01:00:00,42.39287899809659,-0.47619131207454757,2.76401057097016e-05
2030-12-09 02:00:00,42.39288884452967,-0.5464091897009666,2.6391868886167614e-05
2030-12-09 03:00:00,42.393094721168666,-0.6302402019499596,2.4801359068371928e-05
2030-12-09 04:00:00,43.30285676739321,-0.71646153926838,0.01537204755737954
2030-12-09 05:00:00,43.30355256750334,-0.8868740200995262,0.12319439045216311
2030-12-09 06:00:00,43.30355134958376,-1.1527943611143883,0.11943968703257292
2030-12-09 07:00:00,43.30354848316073,-1.2291052341460045,0.11019164831241744
2030-12-09 08:00:00,43.30354079046951,-1.1572589874266441,0.09280919581671342
2030-12-09 09:00:00,43.30350072979508,-0.8309392929076012,0.04881555102126815
2030-12-09 10:00:00,43.30338656844791,-0.42586788535106734,0.023922735272610535
2030-12-09 11:00:00,42.7351709656799,-0.008538212627058783,2.9159390472864793e-05
2030-12-09 12:00:00,41.50561760562079,0.2150723338128273,1.2857046442475083e-05
2030-12-09 13:00:00,41.55573979833215,0.19340182840835496,1.3318981532474227e-05
2030-12-09 14:00:00,42.44616980530064,0.12183448672305985,2.1035112835922183e-05
2030-12-09 15:00:00,43.30323715817967,-0.003328013699388066,0.014519666010980337
2030-12-09 16:00:00,43.30352445179563,-0.4028151333330925,0.06847872119743499
2030-12-09 17:00:00,43.30353537018074,-0.5148384571074303,0.08691128509690052
2030-12-09 18:00:00,43.303532978383,-1.018341660499459,0.08270913484899607
2030-12-09 19:00:00,43.30351196123034,-1.5148580074309166,0.05733343034109087
2030-12-09 20:00:00,43.30311767412347,-1.8168785572050865,0.0127999655131926
2030-12-09 21:00:00,41.50438961020015,-1.934715032577401,1.4184361724761172e-05
2030-12-09 22:00:00,41.50433580297511,-2.0800085067747887,1.4292199282953769e-05
2030-12-09 23:00:00,41.50433199557367,-2.96529388427723,1.4342363473537742e-05
2030-12-10 00:00:00,41.50433555235178,-3.61126875877369,1.4392308923185032e-05
2030-12-10 01:00:00,41.50436062022778,-3.856334209442025,1.443973796401216e-05
2030-12-10 02:00:00,41.50470270043596,-3.9386765956877525,1.435274943288532e-05
2030-12-10 03:00:00,42.395303721710434,-3.8925805091856773,2.3719763085690137e-05
2030-12-10 04:00:00,43.30355038975952,-3.8421449661253746,0.11387974200841279
2030-12-10 05:00:00,43.303552032806735,-3.7789971828459556,0.1155364672796239
2030-12-10 06:00:00,43.30355244845745,-4.016642093658334,0.11572203007549185
2030-12-10 07:00:00,43.3035527358873,-4.62184381484974,0.11651170548668834
2030-12-10 08:00:00,43.30355138013048,-4.870893478393441,0.1122184067928673
2030-12-10 09:00:00,43.303503334356925,-4.426516056060677,0.046856867364292384
2030-12-10 10:00:00,43.303244949656126,-3.564982414245492,0.01525965024783335
2030-12-10 11:00:00,41.56359608240578,-2.67515397071827,1.0876367943268026e-05
2030-12-10 12:00:00,41.56311979222471,-2.053344488143807,9.15039507372828e-06
2030-12-10 13:00:00,41.56344406195043,-1.8118094205855186,1.0583819257669397e-05
2030-12-10 14:00:00,41.56408813768199,-1.8549228906630333,1.110766318627349e-05
2030-12-10 15:00:00,42.45564501852214,-2.1569197177885826,2.2815416075141152e-05
2030-12-10 16:00:00,43.30354724868034,-2.6075298786162193,0.10639980890569828
2030-12-10 17:00:00,43.303550139496345,-3.0703370571135338,0.11241331453791618
2030-12-10 18:00:00,43.303549359193084,-3.5462977886198814,0.11117298453206861
2030-12-10 19:00:00,43.303541457317465,-3.7461464405058678,0.09761804268342521
2030-12-10 20:00:00,43.30350140207253,-3.9294645786284264,0.062334811014246275
2030-12-10 21:00:00,41.57508628327338,-4.213334083557015,1.640005754692506e-05
2030-12-10 22:00:00,41.56356990472998,-4.614855766296273,1.4624515239127675e-05
2030-12-10 23:00:00,41.563552228525886,-5.204533576965218,1.410734945973314e-05
2030-12-11 00:00:00,41.56360352428822,-5.8507647514342125,1.4829612349161508e-05
2030-12-11 01:00:00,41.5636905308414,-6.386636257171517,1.622943528035459e-05
2030-12-11 02:00:00,42.39389055558341,-6.624836444854623,2.9578080954825187e-05
2030-12-11 03:00:00,43.30352165027986,-6.602643013000375,0.07304572321999986
2030-12-11 04:00:00,43.30355180319884,-6.449862957000619,0.11565476167209034
2030-12-11 05:00:00,43.30355216267386,-6.562300682067757,0.11557037546251511
2030-12-11 06:00:00,43.30355234064491,-6.88945102691639,0.11565493243098761
2030-12-11 07:00:00,43.303552380625,-7.146336078643685,0.11570292346944312
2030-12-11 08:00:00,43.30355091242194,-7.27000522613514,0.11061159793002608
2030-12-11 09:00:00,43.30351035400584,-6.398524284362679,0.05104770675748361
2030-12-11 10:00:00,43.30343237619992,-4.595150470733529,0.02429216753669942
2030-12-11 11:00:00,43.30290285821457,-2.700908422469979,0.006658974172125633
2030-12-11 12:00:00,43.302039463217234,-1.3496183156966026,0.003290740380794966
2030-12-11 13:00:00,43.30327870416001,-0.6803520321844871,0.012323655080820914
2030-12-11 14:00:00,43.30350369907504,-0.6783837080000694,0.04590767191499457
2030-12-11 15:00:00,43.30353981409549,-1.4937673807143028,0.07913853848295105
2030-12-11 16:00:00,43.3035629265086,-2.8051404953001793,0.16139848173516022
2030-12-11 17:00:00,43.30356427989018,-4.123157978057748,0.16633091470288186
2030-12-11 18:00:00,43.30356541247514,-4.731841087341195,0.17141382664981342
2030-12-11 19:00:00,43.30356749862657,-5.054087162017709,0.18822257746500637
2030-12-11 20:00:00,43.30356853568901,-5.491561889648324,0.20664787297589315
2030-12-11 21:00:00,43.30356761718841,-6.030651569366341,0.21537916661993411
2030-12-11 22:00:00,43.30356077462513,-5.999799728393441,0.20169497504385556
2030-12-11 23:00:00,43.30355227283475,-5.77313661575306,0.18131749090569108
2030-12-12 00:00:00,43.30354514220385,-5.350455284118539,0.16636631741363145
2030-12-12 01:00:00,43.30354245351482,-4.804772853851205,0.16502139521126918
2030-12-12 02:00:00,43.30353700432821,-4.668748378753548,0.14506595769536224
2030-12-12 03:00:00,43.30353954827476,-4.977630615234261,0.13811518013179683
2030-12-12 04:00:00,43.3035653775765,-4.9647221565245445,0.20359219421318853
2030-12-12 05:00:00,43.303565205192776,-4.687154293060189,0.18729316175428418
2030-12-12 06:00:00,43.30356321482672,-4.373927116393929,0.17236063468467133
2030-12-12 07:00:00,43.30355986399551,-3.9497141838072594,0.1623268335723123
2030-12-12 08:00:00,43.30355587233771,-3.2716886997221764,0.14796265363422106
2030-12-12 09:00:00,43.30352674388413,-1.9096759557722862,0.06887934675704241
2030-12-12 10:00:00,43.30296780473865,-0.17476096749294356,0.011058268453601883
2030-12-12 11:00:00,41.55461631899752,1.6423367261887734,1.2266042242281842e-05
2030-12-12 12:00:00,41.55453014964215,2.378469944000358,1.16397119812044e-05
2030-12-12 13:00:00,41.55453087269128,2.7228741645814125,1.1951172362168286e-05
2030-12-12 14:00:00,41.55737871762958,2.6831431388856117,1.3161073332495783e-05
2030-12-12 15:00:00,42.4488701090588,2.2412760257722084,2.4509596237849077e-05
2030-12-12 16:00:00,43.30354932594184,1.9273779392243569,0.11591310291659487
2030-12-12 17:00:00,43.30354696614804,1.7111389636994545,0.11931172237678914
2030-12-12 18:00:00,43.30354491593143,1.3547997474671547,0.11440620460506941
2030-12-12 19:00:00,43.30353724749156,0.9935142993928139,0.09969512042035691
2030-12-12 20:00:00,43.30348975397035,0.9974715709687416,0.05221608406007275
2030-12-12 21:00:00,41.55483176461561,1.2237105369569008,1.8141369244364595e-05
2030-12-12 22:00:00,41.55456974502896,1.421090722084159,1.79674849816421e-05
2030-12-12 23:00:00,41.55458032161227,1.528672933578605,1.9413941515278188e-05
2030-12-13 00:00:00,41.55457617330323,1.422387599945182,1.943789161331322e-05
2030-12-13 01:00:00,41.55457531773821,1.0993183851243202,1.9304978266061653e-05
2030-12-13 02:00:00,41.554594154811085,0.7805876135827248,1.964089528604317e-05
2030-12-13 03:00:00,41.55469345123535,0.6566477417946999,2.1222663536772908e-05
2030-12-13 04:00:00,42.44647528322474,0.6469963192940895,4.040689761255365e-05
2030-12-13 05:00:00,43.30355620949408,0.7485423088074867,0.1645193066897847
2030-12-13 06:00:00,43.303559606058265,0.9816007018090431,0.1945235433529623
2030-12-13 07:00:00,43.303561716544536,1.1969926357270424,0.21041170783840227
2030-12-13 08:00:00,43.30356194668204,1.4077292680741493,0.2130006335332471
2030-12-13 09:00:00,43.30355954859113,1.6375252008439247,0.19525506816929336
2030-12-13 10:00:00,43.30355550628288,1.623768091201896,0.17220287829186778
2030-12-13 11:00:00,43.30355304202503,1.5663282871247475,0.15970235221891074
2030-12-13 12:00:00,43.30355068734044,1.44405829906475,0.1515059337333259
2030-12-13 13:00:00,43.30355007782677,1.2384868860245888,0.15157079759652356
2030-12-13 14:00:00,43.3035509290399,1.0576808452607338,0.15777009050263402
2030-12-13 15:00:00,43.30355218595517,0.9873657822610085,0.16020350032529204
2030-12-13 16:00:00,43.30355447497711,0.9877627491952126,0.16445666517444646
2030-12-13 17:00:00,43.30355686736214,0.9742650389672463,0.17764143542036723
2030-12-13 18:00:00,43.30355661283005,0.9464368224145119,0.18058391130520593
2030-12-13 19:00:00,43.30355253287726,0.9314714670182411,0.16811677740927866
2030-12-13 20:00:00,43.3035382011043,0.8262836337090675,0.13065931238894196
2030-12-13 21:00:00,43.303448632128905,0.7559666037560646,0.060077103804666056
2030-12-13 22:00:00,43.303363323812505,0.7703052163125221,0.040860998749328796
2030-12-13 23:00:00,43.303262265857214,0.837296366691703,0.03139765529163581
2030-12-14 00:00:00,43.30319965923496,0.8639491796494667,0.027064406841009143
2030-12-14 01:00:00,43.30315933297172,0.8074410557748024,0.023966089473754344
2030-12-14 02:00:00,43.3031763403047,0.7545361518861,0.026001017060457897
2030-12-14 03:00:00,43.30319974874919,0.7760197520257179,0.028415501093762372
2030-12-14 04:00:00,43.30328356612812,0.7512178421021645,0.0352291322751937
2030-12-14 05:00:00,43.303554401680536,0.6927496194840614,0.17557262007877752
2030-12-14 06:00:00,43.30355640042473,0.652184724807853,0.20019166102681876
2030-12-14 07:00:00,43.30355609257885,0.4620060324670021,0.20144356202540767
2030-12-14 08:00:00,43.30355569419481,0.6257060170174782,0.199189989751764
2030-12-14 09:00:00,43.30355124320545,1.0629286766053383,0.17267122248363428
2030-12-14 10:00:00,43.30354407131224,1.4285118579865639,0.14646370333983474
2030-12-14 11:00:00,43.30353049905255,1.7501940727235024,0.11321575514547383
2030-12-14 12:00:00,43.30349080957153,2.4485511779786293,0.07027739481973067
2030-12-14 13:00:00,43.30353636056565,2.5867111682892983,0.13060511644648087
2030-12-14 14:00:00,43.30353458983862,2.701548099517936,0.12447994301945405
2030-12-14 15:00:00,43.303543539583465,2.792004346847648,0.14418551390324105
2030-12-14 16:00:00,43.30355316067885,3.0473513603211586,0.17837626202722245
2030-12-14 17:00:00,43.30355406005694,3.4967060089112465,0.17829567011717412
2030-12-14 18:00:00,43.303553308598495,3.714644670486564,0.17684977731732973
2030-12-14 19:00:00,43.30355219230426,3.732934713363761,0.181662303305048
2030-12-14 20:00:00,43.30354699685172,3.975532770156974,0.1735161488315701
2030-12-14 21:00:00,43.303534547456096,4.406944274902457,0.15858378371422927
2030-12-14 22:00:00,43.30353684368495,4.824340820312614,0.1699213274753759
2030-12-14 23:00:00,43.30352994931095,5.307449817657584,0.156888231657867
2030-12-15 00:00:00,43.303525798553984,5.578577995300407,0.14882446688998704
2030-12-15 01:00:00,43.30351618960142,5.771794319152946,0.13237951508902976
2030-12-15 02:00:00,43.30351232566565,5.924416065216178,0.1266820453512699
2030-12-15 03:00:00,43.30350638199091,6.12165737152111,0.11676525843622364
2030-12-15 04:00:00,43.30350953858375,6.0866694450379555,0.11478026154469127
2030-12-15 05:00:00,43.30353332487503,6.026304244995231,0.15192882598230775
2030-12-15 06:00:00,43.3035447703833,6.301988601684684,0.1815715081213385
2030-12-15 07:00:00,43.30354398174654,6.242569446563834,0.17755318205131393
2030-12-15 08:00:00,43.30354589050532,6.066477298736686,0.1847765410831472
2030-12-15 09:00:00,43.30353461709948,5.794551849365348,0.13548765633540624
2030-12-15 10:00:00,43.30280339700282,6.018086910247916,0.010809151460438978
2030-12-15 11:00:00,43.30270147870322,6.251209259033317,0.009091222703125266
2030-12-15 12:00:00,43.30273919561344,6.319844245910758,0.009873872993638308
2030-12-15 13:00:00,43.302939543927685,6.345538616180534,0.013469072522858538
2030-12-15 14:00:00,43.30341308868487,6.258127212524528,0.042355634733407914
2030-12-15 15:00:00,43.303376080656335,5.811116218567008,0.035697636744909396
2030-12-15 16:00:00,43.30353614473288,5.098349094390983,0.15276553074257326
2030-12-15 17:00:00,43.30353677490383,4.6679964065552895,0.15438623536037388
2030-12-15 18:00:00,43.30353439664208,4.506199836731071,0.15156294089433534
2030-12-15 19:00:00,43.30352807979875,4.523043632507438,0.1400646732497241
2030-12-15 20:00:00,43.30351867712295,4.205798149109,0.12359560624219025
2030-12-15 21:00:00,43.30350884729033,3.8749437332154457,0.10880247435812987
2030-12-15 22:00:00,43.30348960843885,4.461742877960319,0.08990885008992032
2030-12-15 23:00:00,43.30339520783441,4.08327674865734,0.04810199919717678
2030-12-16 00:00:00,43.30308278768605,3.5406978130341713,0.021581530636655615
2030-12-16 01:00:00,43.302933715586015,3.467581272125358,0.017337243953122198
2030-12-16 02:00:00,43.30290152224831,4.18042087554943,0.016383147093655744
2030-12-16 03:00:00,43.30289362522532,4.845167636871452,0.016036819143785984
2030-12-16 04:00:00,43.30290159041602,5.738729476928825,0.015804615552593288
2030-12-16 05:00:00,43.30299305613077,6.502406120300407,0.017351510317569218
2030-12-16 06:00:00,43.30326933109785,7.298007011413688,0.02773578378714038
2030-12-16 07:00:00,43.30338612820867,7.465564727783317,0.04010364728418943
2030-12-16 08:00:00,43.30342250538105,7.491484165191764,0.04679762608671241
2030-12-16 09:00:00,43.3034171389284,7.58313608169567,0.04506976453689706
2030-12-16 10:00:00,43.30343736904803,7.642269134521598,0.051107610651181114
2030-12-16 11:00:00,43.3034474480725,7.612509250640983,0.05516762124444801
2030-12-16 12:00:00,43.30344065190535,7.349486351013297,0.05349727998887783
2030-12-16 13:00:00,43.3034221656086,7.042476654052848,0.04867558188480536
2030-12-16 14:00:00,43.30339993048387,6.876315116882438,0.04328763033379093
2030-12-16 15:00:00,43.303377853205546,6.939065933227653,0.038719181395525014
2030-12-16 16:00:00,43.30341058228751,7.006525993347282,0.043743609204587974
2030-12-16 17:00:00,43.30338190112584,7.254527568817252,0.03776111816135942
2030-12-16 18:00:00,43.30330742117166,7.637954235077018,0.029218672086218523
2030-12-16 19:00:00,43.303217872336674,7.802213191986198,0.023595837680407843
2030-12-16 20:00:00,43.303133949078166,7.3677644729615395,0.020262952120661756
2030-12-16 21:00:00,43.30316005179013,7.259265422821159,0.021577777958530782
2030-12-16 22:00:00,43.30321786374764,6.83671855926525,0.02491127631354321
2030-12-16 23:00:00,43.3031097311497,6.742794036865348,0.020693809666862073
2030-12-17 00:00:00,43.30305013459608,6.650154590606803,0.019038148453959028
2030-12-17 01:00:00,43.303042931004455,6.42895603179943,0.019232062610205887
2030-12-17 02:00:00,43.30306098587645,6.166058540344352,0.020193011277747388
2030-12-17 03:00:00,43.303070095619546,6.012136936187858,0.020642390479669356
2030-12-17 04:00:00,43.30307619135983,5.943923473358268,0.020478422390571377
2030-12-17 05:00:00,43.30312660536384,5.722997188568229,0.021113878032495606
2030-12-17 06:00:00,43.303268531534165,5.24032831192028,0.02672102299744414
2030-12-17 07:00:00,43.30321734512462,5.260223388671989,0.022962456022380135
2030-12-17 08:00:00,43.30326098337008,5.346105575561637,0.024388491733669866
2030-12-17 09:00:00,43.30265793000733,5.364620685577506,0.010428634722008593
2030-12-17 10:00:00,43.30299123691805,5.317825317382926,0.014347883781426754
2030-12-17 11:00:00,43.302376564489606,5.25263071060192,0.008404118242493598
2030-12-17 12:00:00,43.297852538498205,5.168135166168327,0.0024910294283047463
2030-12-17 13:00:00,43.30011147895557,5.086987972259635,0.0036302644440429953
2030-12-17 14:00:00,43.29903686008425,5.0428719520569985,0.0029345124351630916
2030-12-17 15:00:00,43.29858814239712,5.008072853088493,0.002699143884134797
2030-12-17 16:00:00,43.3031685520586,4.925460815429801,0.01804553290382297
2030-12-17 17:00:00,43.30275232519018,4.828021049499625,0.010630033925660776
2030-12-17 18:00:00,43.29610230239562,4.672641754150504,0.001977119798024709
2030-12-17 19:00:00,43.29564199448781,4.63829612731945,0.0018544977744143413
2030-12-17 20:00:00,43.295570991369566,4.60157680511486,0.0018240527153559009
2030-12-17 21:00:00,43.29556262734396,4.589597702026481,0.001821799816042828
2030-12-17 22:00:00,43.29555998689428,4.564327716827506,0.0018370722966890869
2030-12-17 23:00:00,43.29554559103257,4.543197631836051,0.0018804967821663093
2030-12-18 00:00:00,43.295527137006566,4.506433010101432,0.0018978227657260453
2030-12-18 01:00:00,43.29553290477214,4.498867511749381,0.00195079671822009
2030-12-18 02:00:00,43.29554766838639,4.562141895294303,0.0020063428097202487
2030-12-18 03:00:00,43.295558493665794,4.495984077453727,0.0020242953234827035
2030-12-18 04:00:00,43.29557197329537,4.251365661621207,0.0019861735388315353
2030-12-18 05:00:00,43.29565888938139,3.958013057708854,0.002019689073811495
2030-12-18 06:00:00,43.30348704585562,3.77207446098339,0.06542432446372522
2030-12-18 07:00:00,33.767782894731255,3.7792313098908608,5.278816796539802e-06
2030-12-18 08:00:00,33.767786383004776,3.6249716281892006,5.222996993765276e-06
2030-12-18 09:00:00,32.44850679623188,3.4875221252442543,4.227526443033411e-06
2030-12-18 10:00:00,33.75773694116437,3.4163813591004555,4.818990081395296e-06
2030-12-18 11:00:00,27.337518118850827,3.4765524864197914,3.2363138659233587e-06
2030-12-18 12:00:00,27.333246355645528,3.656884193420524,3.1733296442279884e-06
2030-12-18 13:00:00,27.332965122542426,3.956083536148185,3.194257960925449e-06
2030-12-18 14:00:00,27.332830696692792,4.284646034240836,3.2590596161355044e-06
2030-12-18 15:00:00,27.334949511153194,4.605570316314811,3.330147705996114e-06
2030-12-18 16:00:00,28.516863974454857,4.858343124389762,3.6156395092845732e-06
2030-12-18 17:00:00,28.490899842370265,4.682970046997184,3.5744226047759638e-06
2030-12-18 18:00:00,27.336107532448597,4.815905094146842,3.377483649937419e-06
2030-12-18 19:00:00,27.33268654646406,5.095711708068961,3.3577313251706556e-06
2030-12-18 20:00:00,27.33247495603384,5.229095935821647,3.3363635897213916e-06
2030-12-18 21:00:00,27.332455953762192,5.234961986541862,3.3619697577964905e-06
2030-12-18 22:00:00,27.332468104574136,5.173057079315299,3.4387034861604873e-06
2030-12-18 23:00:00,27.3323659781313,5.108415603637809,3.4156030351610862e-06
2030-12-19 00:00:00,27.332329523525825,5.02071571350109,3.380716123229205e-06
2030-12-19 01:00:00,27.332301382106746,4.947881221771354,3.3292245654569593e-06
2030-12-19 02:00:00,27.332289684799385,4.940407752990836,3.2775589048694156e-06
2030-12-19 03:00:00,27.3322785512406,4.933744907379264,3.1700419508690233e-06
2030-12-19 04:00:00,27.33227726877129,4.872115135192985,3.1160421373665223e-06
2030-12-19 05:00:00,27.33229253510089,4.7974262237549965,3.036708918020686e-06
2030-12-19 06:00:00,27.33231800778757,4.839558601379508,2.9773897717619344e-06
2030-12-19 07:00:00,21.0062366042376,4.9648714065552895,2.42916312826557e-06
2030-12-19 08:00:00,21.00613805675923,5.0770139694215,2.3943484425709987e-06
2030-12-19 09:00:00,21.006082224603468,5.375390529632682,2.278658855673149e-06
2030-12-19 10:00:00,21.006163332972942,5.697513103485221,2.3595021310635895e-06
2030-12-19 11:00:00,21.006091388497225,5.818848133087272,2.231133086060319e-06
2030-12-19 12:00:00,21.006152505225685,5.808045864105338,2.3434350866887224e-06
2030-12-19 13:00:00,21.006140328398825,5.772896766662711,2.3276680241121622e-06
2030-12-19 14:00:00,21.00614113735587,5.853014469146842,2.298649605550276e-06
2030-12-19 15:00:00,21.00623913773678,5.8941316604615395,2.4494608046169412e-06
2030-12-19 16:00:00,21.01284793749388,6.0567574501038735,2.6690598054514675e-06
2030-12-19 17:00:00,25.95765790656777,6.065136432647819,4.130240133255279e-06
2030-12-19 18:00:00,25.9576313994888,6.048553943634147,4.1900965348234594e-06
2030-12-19 19:00:00,21.007683645232703,6.048845767974967,2.808080236139129e-06
2030-12-19 20:00:00,21.006913220480804,6.022212028503532,2.8567088077362605e-06
2030-12-19 21:00:00,21.884948116149182,6.012525558471793,3.1767560997023287e-06
2030-12-19 22:00:00,21.930166478104137,6.031218528747672,3.466388980414366e-06
2030-12-19 23:00:00,21.028880668972405,6.026735782623405,3.2945047440054556e-06
2030-12-20 00:00:00,21.007026690646867,6.001358985900993,3.2570836979968826e-06
2030-12-20 01:00:00,21.006322646014624,5.989674091339225,3.1200422836424867e-06
2030-12-20 02:00:00,21.00623623706328,5.943599700927848,2.930615746498107e-06
2030-12-20 03:00:00,21.006220206972586,5.83646392822277,2.8750597855083535e-06
2030-12-20 04:00:00,21.006219317102445,5.710856437683219,2.8595195323838017e-06
2030-12-20 05:00:00,21.006233796142325,5.6530780792237465,2.8506731031288172e-06
2030-12-20 06:00:00,21.006301843661504,5.601745605468864,2.835112322690436e-06
2030-12-20 07:00:00,20.064695495427166,5.505497932434196,2.7199148285474044e-06
2030-12-20 08:00:00,20.064824714462137,5.445411205291862,2.6525052457465192e-06
2030-12-20 09:00:00,20.06458753268532,5.496552944183463,2.450703058771958e-06
2030-12-20 10:00:00,20.06453036621493,5.6491036415101235,2.379748172034951e-06
2030-12-20 11:00:00,20.064408222349307,5.656154632568473,2.215360727720365e-06
2030-12-20 12:00:00,20.064361217819258,5.581667423248405,2.092538584517561e-06
2030-12-20 13:00:00,20.064407667203056,5.523935794830436,2.2837511389998356e-06
2030-12-20 14:00:00,20.064462537761106,5.430165290832633,2.4119175606380935e-06
2030-12-20 15:00:00,20.06456973674863,5.422266960144157,2.4794594712814125e-06
2030-12-20 16:00:00,20.064992625143734,5.460188865661735,2.555455099276066e-06
2030-12-20 17:00:00,20.06481874617214,5.493664264679069,2.542279477287997e-06
2030-12-20 18:00:00,20.06455964775607,5.548090934753532,2.481873183097547e-06
2030-12-20 19:00:00,20.064427785970583,5.584950923919791,2.4027924746409745e-06
2030-12-20 20:00:00,20.064378747768725,5.670244693756217,2.347859808587057e-06
2030-12-20 21:00:00,20.064341828049876,5.84899997711193,2.291452809835489e-06
2030-12-20 22:00:00,20.06430460410248,6.106452465057487,2.296303175827455e-06
2030-12-20 23:00:00,20.06424415595569,6.435198783874625,2.2937540288500116e-06
2030-12-21 00:00:00,20.06416483492201,6.754942893982047,2.3115801255876895e-06
2030-12-21 01:00:00,20.06417151211792,6.993191242218131,2.34923846153061e-06
2030-12-21 02:00:00,20.06418528599167,7.1723580360413735,2.3474994820382914e-06
2030-12-21 03:00:00,20.064236053228225,7.317457199096793,2.3146270037134136e-06
2030-12-21 04:00:00,20.06429473178749,7.452423572540397,2.282626953536216e-06
2030-12-21 05:00:00,20.06429933133945,7.550668716430778,2.219994983967426e-06
2030-12-21 06:00:00,20.06430016852606,7.649758338928336,2.205085505378733e-06
2030-12-21 07:00:00,20.064267367862747,7.7746953964234535,2.1990935701014225e-06
2030-12-21 08:00:00,20.06426898426338,7.849256038665885,2.172629007898648e-06
2030-12-21 09:00:00,20.064258438727254,8.038193702697868,2.099220901444959e-06
2030-12-21 10:00:00,20.06411043823569,8.378876686096305,1.9758277155246772e-06
2030-12-21 11:00:00,20.064123176939468,8.678912162780875,2.0116946393337597e-06
2030-12-21 12:00:00,20.064044307266798,8.871990203857536,2.012606729782634e-06
2030-12-21 13:00:00,20.063876813879396,9.013870239257926,2.0077250571887973e-06
2030-12-21 14:00:00,20.064128979512176,9.222703933715934,2.079932073439581e-06
2030-12-21 15:00:00,20.06424908504151,9.400097846984977,2.1367432189284265e-06
2030-12-21 16:00:00,20.064311417904275,9.516352653503532,2.193736262907463e-06
2030-12-21 17:00:00,20.064321295071743,9.692570686340446,2.1930553278755086e-06
2030-12-21 18:00:00,20.0643065519309,9.783347129821891,2.1919576787865924e-06
2030-12-21 19:00:00,20.06429062390528,9.752570152282829,2.1910449445197316e-06
2030-12-21 20:00:00,20.064243695862235,9.713944435119743,2.1902004294557647e-06
2030-12-21 21:00:00,20.06357064147976,9.672392845153922,2.1894019724841447e-06
2030-12-21 22:00:00,20.06310693674479,9.63039875030529,2.1902863775919143e-06
2030-12-21 23:00:00,20.063065934706312,9.58778285980236,2.188326426504192e-06
2030-12-22 00:00:00,20.06305302971609,9.550310134887809,2.1875697554621603e-06
2030-12-22 01:00:00,20.06305858485465,9.518925666809196,2.187753813519034e-06
2030-12-22 02:00:00,20.06308234297046,9.49435901641857,2.1884148979153985e-06
2030-12-22 03:00:00,20.063158606872367,9.439195632934684,2.189920842074781e-06
2030-12-22 04:00:00,20.06404320948712,9.377279281616325,2.1916243301759307e-06
2030-12-22 05:00:00,20.064246892639375,9.34367656707775,2.1938887815665983e-06
2030-12-22 06:00:00,20.06427479651277,9.49580001831066,2.1994927305743713e-06
2030-12-22 07:00:00,20.06431208285804,9.819826126098746,2.2061753881171885e-06
2030-12-22 08:00:00,20.06435570100917,9.967575073242301,2.2162661778516322e-06
2030-12-22 09:00:00,20.064374048975274,9.906685829162711,2.183443398054548e-06
2030-12-22 10:00:00,20.064350090075965,9.837387084961051,2.152222878392566e-06
2030-12-22 11:00:00,20.06428844102766,9.778899192810172,2.1380649967986945e-06
2030-12-22 12:00:00,20.06415761450674,9.786267280578727,2.058319971691423e-06
2030-12-22 13:00:00,20.06414697965621,9.778712272644157,2.078124566983144e-06
2030-12-22 14:00:00,20.06421694447098,9.663217544555778,2.1291654841594747e-06
2030-12-22 15:00:00,20.06426774594618,9.534199714660758,2.1520696839774937e-06
2030-12-22 16:00:00,20.06437213680352,9.442488670349235,2.198860057543731e-06
2030-12-22 17:00:00,20.06438922659576,9.367304801941032,2.1988468739845074e-06
2030-12-22 18:00:00,20.064343233445484,9.292000770568961,2.198082326081675e-06
2030-12-22 19:00:00,20.06429111208012,9.199028015136832,2.1958209673523095e-06
2030-12-22 20:00:00,20.06422280263492,9.0428342819215,2.195579925688402e-06
2030-12-22 21:00:00,20.063947988937656,8.89821815490734,2.1965802136497827e-06
2030-12-22 22:00:00,20.063839509919426,8.78277397155773,2.206806304300862e-06
2030-12-22 23:00:00,20.063825108229725,8.683814048767204,2.2040336512072785e-06
2030-12-23 00:00:00,20.063952762670223,8.574798583984489,2.2054517656556917e-06
2030-12-23 01:00:00,20.063963117462905,8.404084205627555,2.220343059353553e-06
2030-12-23 02:00:00,20.064061039432545,8.2336940765382,2.231714127456674e-06
2030-12-23 03:00:00,20.06427749208921,8.094927787780875,2.223660081313242e-06
2030-12-23 04:00:00,20.06432531950868,8.055425643921012,2.210296117539159e-06
2030-12-23 05:00:00,20.06434877489949,8.135359764099235,2.2033460077446862e-06
2030-12-23 06:00:00,20.06436381680872,8.273880004882926,2.2024061269284954e-06
2030-12-23 07:00:00,20.06439991556814,8.08195781707775,2.204498281719842e-06
2030-12-23 08:00:00,20.06444175568962,8.0088405609132,2.206783654874693e-06
2030-12-23 09:00:00,20.064335478775934,7.895863056182975,1.901923096869425e-06
2030-12-23 10:00:00,20.064314427778363,8.072172164917106,1.8134033739371362e-06
2030-12-23 11:00:00,20.06430400591793,8.39020919799816,1.7561388675473305e-06
2030-12-23 12:00:00,20.064187499860704,8.650410652160758,1.466305165478204e-06
2030-12-23 13:00:00,20.06429756562914,8.280122756958121,1.7306287593176283e-06
2030-12-23 14:00:00,20.06435028459554,7.517980098724479,1.961045592981505e-06
2030-12-23 15:00:00,20.064416943673145,6.877451419830436,2.0905216400155302e-06
2030-12-23 16:00:00,20.06485480753972,6.194590091705436,2.2709048712565516e-06
2030-12-23 17:00:00,20.064938020923694,5.4411616325379555,2.2797564040340706e-06
2030-12-23 18:00:00,20.064713438900636,4.4480071067811195,2.284594740638767e-06
2030-12-23 19:00:00,20.0645684780938,3.7362473011017983,2.2822237766665406e-06
2030-12-23 20:00:00,20.06449713941316,2.9301772117615883,2.268672686669269e-06
2030-12-23 21:00:00,20.064467935172647,2.377099752426261,2.240339981957196e-06
2030-12-23 22:00:00,20.064454380905683,2.0087840557099526,2.2281142412284835e-06
2030-12-23 23:00:00,20.06442104438489,1.8352710008622353,2.2259552249238298e-06
2030-12-24 00:00:00,20.06442704584093,1.6650650501252358,2.2172671860450123e-06
2030-12-24 01:00:00,20.06446289172317,1.4299505949021523,2.212265151939325e-06
2030-12-24 02:00:00,20.06497548526112,1.3267416954041664,2.2115740765829904e-06
2030-12-24 03:00:00,20.49564442806183,1.3172752857209389,2.2437355715499554e-06
2030-12-24 04:00:00,26.75941133603521,0.7894931435586159,2.8699727372430673e-06
2030-12-24 05:00:00,27.333632399218363,0.15131136775028153,2.618039112520975e-06
2030-12-24 06:00:00,27.33419244899755,-0.23852270841587142,2.6118021354172247e-06
2030-12-24 07:00:00,27.333381312495074,-0.5955526828764732,2.6310677777062417e-06
2030-12-24 08:00:00,27.33331209986106,-0.8470354676245506,2.5217835361740807e-06
2030-12-24 09:00:00,22.124654945147423,-0.4528230130671318,1.7589591683946148e-06
2030-12-24 10:00:00,22.12044684200166,0.20531807839881822,1.6015704608814157e-06
2030-12-24 11:00:00,22.12041652290991,0.6969196796418373,1.5477836839178157e-06
2030-12-24 12:00:00,22.12040630430929,1.163133621215934,1.5364265987479144e-06
2030-12-24 13:00:00,22.12046528341457,1.9736639261246864,1.53509546604139e-06
2030-12-24 14:00:00,22.595185003625303,2.071524381637687,1.6789449396189435e-06
2030-12-24 15:00:00,23.08069099384115,1.389841794967765,1.990841457832886e-06
2030-12-24 16:00:00,26.75276370586941,0.641135752201194,2.8591528007603573e-06
2030-12-24 17:00:00,27.32683538100365,0.26433271169673844,2.9248252666235165e-06
2030-12-24 18:00:00,27.33325986346023,-0.0013161533278207571,2.636194572564703e-06
2030-12-24 19:00:00,27.333091422000063,-0.3133525848387535,2.653731900171172e-06
2030-12-24 20:00:00,27.323639223992107,-0.7053689360617454,2.9345896683861056e-06
2030-12-24 21:00:00,22.12049991094504,-1.159021854400521,2.3796816311060157e-06
2030-12-24 22:00:00,22.120464583775995,-1.5886726379393394,2.391739690702864e-06
2030-12-24 23:00:00,22.12045591284182,-1.8410750627516563,2.390196328150417e-06
2030-12-25 00:00:00,22.120454834842736,-1.8883560895918663,2.3919641577681336e-06
2030-12-25 01:00:00,22.12045938657385,-1.8989361524580772,2.3914050527903523e-06
2030-12-25 02:00:00,22.12047848857004,-1.8956992626189049,2.393063662058512e-06
2030-12-25 03:00:00,22.12061613241192,-2.062008857726937,2.3956231793740513e-06
2030-12-25 04:00:00,32.34971235977126,-2.300076007842904,3.4328528615658415e-06
2030-12-25 05:00:00,33.04393200629245,-2.238392829894906,3.608227600530994e-06
2030-12-25 06:00:00,33.75290496995043,-1.9815953969954307,3.8047582629500186e-06
2030-12-25 07:00:00,33.75325671795039,-1.5579072237013634,3.822814367598071e-06
2030-12-25 08:00:00,33.75321019957605,-0.979733228683358,3.833369516237456e-06
2030-12-25 09:00:00,33.752101709387,-0.5071805119513328,3.7360393279867717e-06
2030-12-25 10:00:00,33.751128094603246,0.25842732191097184,3.840194467369276e-06
2030-12-25 11:00:00,27.334852398675253,0.9684674143792336,2.511311272078549e-06
2030-12-25 12:00:00,27.332347192588085,1.5403015613557045,2.6148704069898035e-06
2030-12-25 13:00:00,27.33170222254269,1.840249419212455,2.712478762749084e-06
2030-12-25 14:00:00,27.337853963294947,1.9389382600785439,2.5501764259844434e-06
2030-12-25 15:00:00,27.9244372354678,1.8712743520737831,2.7328443510041856e-06
2030-12-25 16:00:00,28.52362990612585,1.920463919639701,2.853482571412656e-06
2030-12-25 17:00:00,29.135618328971745,2.0885243415833656,2.910738920551976e-06
2030-12-25 18:00:00,29.76056558197969,2.077105045318717,2.981799276875946e-06
2030-12-25 19:00:00,28.522944118763952,2.067740440368766,2.7787297373974176e-06
2030-12-25 20:00:00,27.33065533030845,2.1559910774232094,2.957206701228004e-06
2030-12-25 21:00:00,27.32067389565361,2.2094957828522865,2.9589826002510614e-06
2030-12-25 22:00:00,27.320649190249945,2.508182048797721,2.9789899924553127e-06
2030-12-25 23:00:00,27.32064336917283,2.335968971252555,2.970794139447863e-06
2030-12-26 00:00:00,27.320642269602896,1.2272055149079506,2.9662148468059387e-06
2030-12-26 01:00:00,27.32064585505172,0.8657462000848,2.9589046902062627e-06
2030-12-26 02:00:00,27.32066143717903,0.8264441490174477,2.9609494233733295e-06
2030-12-26 03:00:00,27.320776009174107,0.826583921909446,2.967531713002558e-06
2030-12-26 04:00:00,41.50388802617578,0.6935485601426308,1.4811523606732153e-05
2030-12-26 05:00:00,42.39445383602233,0.6733514070512001,2.4554086769395538e-05
2030-12-26 06:00:00,43.30351959991156,0.7564746141434853,0.06158855139664667
2030-12-26 07:00:00,43.30352318876879,0.7811231613160317,0.07332588711313742
2030-12-26 08:00:00,43.303517591261816,0.6937494874001686,0.0707856905210707
2030-12-26 09:00:00,43.30345113504027,0.7888083457947914,0.03629032183419202
2030-12-26 10:00:00,43.30347609662067,0.9431743621827309,0.045650023092410466
2030-12-26 11:00:00,43.30344537859524,1.0670956373215859,0.0362379170932157
2030-12-26 12:00:00,43.3033562248131,1.1271573305131142,0.02446965831003569
2030-12-26 13:00:00,43.30343612623143,1.113373517990226,0.035239364646904484
2030-12-26 14:00:00,43.30350600914199,1.090702652931327,0.06178712149890297
2030-12-26 15:00:00,43.30355118494028,0.7709428668023293,0.1404190505097126
2030-12-26 16:00:00,43.30356335253975,0.41680869460117265,0.2148081899586579
2030-12-26 17:00:00,43.303566563180816,0.14992977678787156,0.24504356960300777
2030-12-26 18:00:00,43.30356731364648,-0.06635047495353774,0.2534846748168412
2030-12-26 19:00:00,43.30356622639049,-0.16530704498279647,0.25092945771805886
2030-12-26 20:00:00,43.30356283821118,-0.2156801223753746,0.24078256043614055
2030-12-26 21:00:00,43.30355600457134,-0.2095429003237541,0.22012510631575952
2030-12-26 22:00:00,43.30355009868628,-0.18986403942096786,0.19855458259400413
2030-12-26 23:00:00,43.30354482716335,-0.2803838849066551,0.17957060191259092
2030-12-27 00:00:00,43.303533266978505,-0.3656008839606102,0.14296665543865336
2030-12-27 01:00:00,43.30349518159735,-0.40365716814983443,0.08445841572681964
2030-12-27 02:00:00,43.30345871167741,-0.43548938632000045,0.06289614498604704
2030-12-27 03:00:00,43.3033975141307,-0.4741097390650566,0.04424560106977839
2030-12-27 04:00:00,43.30343505986578,-0.47228825092304305,0.04566865320884526
2030-12-27 05:00:00,43.3035408686924,-0.4558430612086113,0.11819433514797381
2030-12-27 06:00:00,43.30352975489515,-0.4262484312056358,0.08641169715622725
2030-12-27 07:00:00,27.343335712829127,-0.36508971452701644,3.1745002939808256e-06
2030-12-27 08:00:00,27.343316498631797,-0.2818077802656944,3.109921774637933e-06
2030-12-27 09:00:00,27.34318437008679,0.07146232575189515,2.835361040842127e-06
2030-12-27 10:00:00,27.332562575417292,0.9612841606141274,2.7265986412735196e-06
2030-12-27 11:00:00,27.33176409295138,1.8764442205430214,2.825483492243067e-06
2030-12-27 12:00:00,25.37317459148212,2.7349004745484535,2.533743110817518e-06
2030-12-27 13:00:00,25.64427276117035,3.059944391250724,2.5084892060055208e-06
2030-12-27 14:00:00,26.19442444377297,3.155114173889274,2.6483863504211894e-06
2030-12-27 15:00:00,26.756487322946995,2.997695207595939,2.8632531856252e-06
2030-12-27 16:00:00,27.330573523817524,2.835839986801261,3.0587494409000574e-06
2030-12-27 17:00:00,27.33294438796627,2.8362939357758705,2.714322931516222e-06
2030-12-27 18:00:00,27.33241917145653,3.0265634059907143,2.775617908737518e-06
2030-12-27 19:00:00,27.32881847371963,3.425258398056144,2.9487289604916915e-06
2030-12-27 20:00:00,20.06878474798301,3.5729465484620277,2.223250231529314e-06
2030-12-27 21:00:00,20.0646405992496,3.5758776664735024,2.2178734553397703e-06
2030-12-27 22:00:00,20.06455432738884,3.288913011551017,2.2582174974096964e-06
2030-12-27 23:00:00,20.06450761406861,3.8417935371400063,2.2568948806723146e-06
2030-12-28 00:00:00,20.064486231095483,4.412126064300651,2.2519083752027157e-06
2030-12-28 01:00:00,20.06446990714284,5.076063632965202,2.2506595270595648e-06
2030-12-28 02:00:00,20.06446159671266,5.6633553504944985,2.2416015405375635e-06
2030-12-28 03:00:00,20.06445861651807,5.553176879882926,2.24126686988889e-06
2030-12-28 04:00:00,20.064476151667595,5.311809062957877,2.2477341195413657e-06
2030-12-28 05:00:00,20.06450874913073,5.403440952301139,2.2433609681730732e-06
2030-12-28 06:00:00,20.0644973250987,5.46752500534069,2.233413680963877e-06
2030-12-28 07:00:00,20.06435494688226,4.979386806488151,2.2359111504631666e-06
2030-12-28 08:00:00,20.06434684932781,4.796205997467155,2.1146628581180218e-06
2030-12-28 09:00:00,20.064341533494947,5.006857872009391,1.9912878084916337e-06
2030-12-28 10:00:00,20.064301792063084,5.136292934417838,1.7320004521563058e-06
2030-12-28 11:00:00,20.064298622999363,5.287965297699088,1.6973741854702584e-06
2030-12-28 12:00:00,20.06431424611824,5.507816314697379,1.8011044798661234e-06
2030-12-28 13:00:00,20.0643377530473,5.585941314697379,1.9871769177405544e-06
2030-12-28 14:00:00,20.06434349549513,5.640211105346793,2.073532949895527e-06
2030-12-28 15:00:00,20.064370927746538,5.524620532989616,2.2339160122516683e-06
2030-12-28 16:00:00,20.06440624507221,5.378825664520377,2.263349270842229e-06
2030-12-28 17:00:00,20.064406236051497,5.244031429290885,2.2436485379662856e-06
2030-12-28 18:00:00,20.064405114362422,5.352602481842155,2.238037897356911e-06
2030-12-28 19:00:00,20.064390780119837,5.437121868133659,2.233623254494823e-06
2030-12-28 20:00:00,20.064372185538392,5.442161560058707,2.22977509603821e-06
2030-12-28 21:00:00,20.06435129345989,5.4038600921632,2.222591297039508e-06
2030-12-28 22:00:00,20.06432710449296,5.383724212646598,2.2258382651714837e-06
2030-12-28 23:00:00,20.064255804821705,5.355290412902946,2.227878673270459e-06
2030-12-29 00:00:00,20.06423940991075,5.339704990387077,2.2293976275978636e-06
2030-12-29 01:00:00,20.06424156850369,5.335701465606803,2.218287940451254e-06
2030-12-29 02:00:00,20.06428038466907,5.3291902542115395,2.212165671723045e-06
2030-12-29 03:00:00,20.06432292202328,5.2911748886109535,2.210163216888536e-06
2030-12-29 04:00:00,20.06435494333123,5.272240638733024,2.211902734260956e-06
2030-12-29 05:00:00,20.064400151435517,5.27936410903942,2.2168865903472083e-06
2030-12-29 06:00:00,20.06440149593981,5.236916542053336,2.2185421435971715e-06
2030-12-29 07:00:00,20.064397974198368,5.197795391082877,2.2154793394669577e-06
2030-12-29 08:00:00,20.06440950113561,5.165760517120475,2.18091696400284e-06
2030-12-29 09:00:00,20.06436923430213,5.312189102172965,2.021724797002799e-06
2030-12-29 10:00:00,20.06430516160033,5.779873371124381,1.7194313395597548e-06
2030-12-29 11:00:00,20.06431039773972,6.058925151825065,1.753650052116756e-06
2030-12-29 12:00:00,20.06434692026594,6.034494400024528,1.9475427561234373e-06
2030-12-29 13:00:00,20.064360857872057,5.899326324463004,2.026352529559747e-06
2030-12-29 14:00:00,20.06439251219523,5.695035457611198,2.1457002186982688e-06
2030-12-29 15:00:00,20.06442837124461,5.556007862091178,2.2109253234804044e-06
2030-12-29 16:00:00,20.06447829848793,5.581691265106315,2.2101506006239846e-06
2030-12-29 17:00:00,20.06446501594327,5.768199443817252,2.209400833687074e-06
2030-12-29 18:00:00,20.064425642856637,5.938400745391959,2.2101940203631636e-06
2030-12-29 19:00:00,20.064396026907936,5.788687705993766,2.218860281715715e-06
2030-12-29 20:00:00,20.06437850278961,5.493050098419303,2.2285989107688563e-06
2030-12-29 21:00:00,20.064362593923285,5.525345325470084,2.2387465125357784e-06
2030-12-29 22:00:00,20.064351515636574,5.540553092956657,2.29138082634202e-06
2030-12-29 23:00:00,20.064330045374497,6.1680974960328285,2.341231940621113e-06
2030-12-30 00:00:00,20.06432947195316,7.614992618560905,2.4035536076806885e-06
2030-12-30 01:00:00,20.064334997307903,7.367078304290885,2.46823562765553e-06
2030-12-30 02:00:00,20.064368144086465,6.78806304931652,2.563484103346404e-06
2030-12-30 03:00:00,20.064399096741354,5.828082084655875,2.622451098134771e-06
2030-12-30 04:00:00,20.06446832241104,5.141677379608268,2.6664772286519454e-06
2030-12-30 05:00:00,20.06484708249754,4.951042652130241,2.744701060884715e-06
2030-12-30 06:00:00,20.065117829708168,5.104599475860709,2.8156912292695782e-06
2030-12-30 07:00:00,20.91171762515594,5.239988327026481,3.0879290482029275e-06
2030-12-30 08:00:00,20.92745122653967,5.450024127960319,2.951693579140844e-06
2030-12-30 09:00:00,20.90259860607778,5.669878005981559,2.7004469841945916e-06
2030-12-30 10:00:00,20.874610128036277,5.956474781036491,2.5934157259106762e-06
2030-12-30 11:00:00,20.06481301460993,6.275774955749625,2.306017964785224e-06
2030-12-30 12:00:00,20.064460386722697,6.805806636810416,2.101415365483293e-06
2030-12-30 13:00:00,20.0644443738094,7.0613470077515785,2.1423472417726147e-06
2030-12-30 14:00:00,20.06438500471692,7.152054309845084,1.914247977582694e-06
2030-12-30 15:00:00,20.06456763252441,6.826740264892692,2.3842278854999275e-06
2030-12-30 16:00:00,20.90652168046538,6.41931247711193,2.7347850668721236e-06
2030-12-30 17:00:00,20.873771160549584,6.410317420959586,2.688640857135917e-06
2030-12-30 18:00:00,20.06599171346745,6.314955234527702,2.5762685681563247e-06
2030-12-30 19:00:00,20.06469684554067,5.977720737457389,2.481241333271596e-06
2030-12-30 20:00:00,20.064549423275817,5.7757306098939125,2.4000432506248883e-06
2030-12-30 21:00:00,20.064526586246203,5.677702426910514,2.344084082331614e-06
2030-12-30 22:00:00,20.064508318900764,5.61013221740734,2.316647688037734e-06
2030-12-30 23:00:00,20.06448260747593,5.65204477310192,2.297199126980145e-06
2030-12-31 00:00:00,20.064469537112565,5.81256723403942,2.277844539301425e-06
2030-12-31 01:00:00,20.06445443294146,5.81256723403942,2.277844539301425e-06
2030-12-31 02:00:00,20.064481624943983,5.81256723403942,2.277844539301425e-06
2030-12-31 03:00:00,20.064935966814225,5.81256723403942,2.277844539301425e-06
2030-12-31 04:00:00,20.49562401062191,5.81256723403942,2.277844539301425e-06
2030-12-31 05:00:00,41.50245618480324,5.81256723403942,2.277844539301425e-06
2030-12-31 06:00:00,42.39298358211159,5.81256723403942,2.277844539301425e-06
2030-12-31 07:00:00,43.30248786225614,5.81256723403942,2.277844539301425e-06
2030-12-31 08:00:00,43.30285239451187,5.81256723403942,2.277844539301425e-06
2030-12-31 09:00:00,42.36136563664332,5.81256723403942,2.277844539301425e-06
2030-12-31 10:00:00,35.056354070460706,5.81256723403942,2.277844539301425e-06
2030-12-31 11:00:00,38.89265438398993,5.81256723403942,2.277844539301425e-06
2030-12-31 12:00:00,39.72708725441096,5.81256723403942,2.277844539301425e-06
2030-12-31 13:00:00,40.579505390975314,5.81256723403942,2.277844539301425e-06
2030-12-31 14:00:00,41.45020583203281,5.81256723403942,2.277844539301425e-06
2030-12-31 15:00:00,42.33958462742672,5.81256723403942,2.277844539301425e-06
2030-12-31 16:00:00,43.2480352476453,5.81256723403942,2.277844539301425e-06
2030-12-31 17:00:00,43.303492949335606,5.81256723403942,2.277844539301425e-06
2030-12-31 18:00:00,43.3034795427432,5.81256723403942,2.277844539301425e-06
2030-12-31 19:00:00,43.30342297345377,5.81256723403942,2.277844539301425e-06
2030-12-31 20:00:00,43.303305552769054,5.81256723403942,2.277844539301425e-06
2030-12-31 21:00:00,43.28760960401964,5.81256723403942,2.277844539301425e-06
2030-12-31 22:00:00,35.0562029326936,5.81256723403942,2.277844539301425e-06
2030-12-31 23:00:00,35.056159155473146,5.81256723403942,2.277844539301425e-06
