time,AC (EUR/MWh),T2m (C),grid CO2 intensity (tCO2/MWh)
2050-01-01 00:00:00,0.0251034913681923,4.836953163147086,4.7527334753763526e-09
2050-01-01 01:00:00,0.0251034921427828,5.01096343994152,4.757972260429799e-09
2050-01-01 02:00:00,0.0251035565074748,4.858707427978629,4.759095588871536e-09
2050-01-01 03:00:00,0.0251037882400576,4.774991512298698,4.763786886962996e-09
2050-01-01 04:00:00,0.0251041512661613,4.8704128265382,4.771985469177048e-09
2050-01-01 05:00:00,0.0251048863348528,5.084767341613883,4.7874983196710086e-09
2050-01-01 06:00:00,0.0251074830398062,5.211351394653434,4.813257151728926e-09
2050-01-01 07:00:00,0.0251300548959561,5.420528411865348,4.831662047534263e-09
2050-01-01 08:00:00,19.99040264404904,5.628969669342155,8.251459431388185e-09
2050-01-01 09:00:00,0.0251446673503054,5.796897411346549,4.894287047667648e-09
2050-01-01 10:00:00,0.0251356538158021,5.974328517913932,4.901229136733684e-09
2050-01-01 11:00:00,0.0251045109041394,6.14743280410778,4.884643002457565e-09
2050-01-01 12:00:00,0.0251077483021429,6.335740089416618,4.9503516687144684e-09
2050-01-01 13:00:00,34.316772629389995,6.57702207565319,1.935810204583289e-08
2050-01-01 14:00:00,35.05314758294139,6.756382942199821,2.4464761859451652e-08
2050-01-01 15:00:00,35.80529041555121,6.895115852356071,2.7996693877919763e-08
2050-01-01 16:00:00,42.39180476211872,7.035351753234977,2.634488385174948e-07
2050-01-01 17:00:00,43.30135641338145,7.258813381195182,0.009391764817562395
2050-01-01 18:00:00,43.30135248479221,7.5928692817689125,0.00823285318092036
2050-01-01 19:00:00,43.301361681045634,7.805808544159049,0.009554351719833857
2050-01-01 20:00:00,35.05319177802603,8.011453628540153,2.8912944782342746e-08
2050-01-01 21:00:00,35.05316480616182,8.068205833435172,2.5940801097031965e-08
2050-01-01 22:00:00,35.053155999126865,7.973711013794059,2.099875271189125e-08
2050-01-01 23:00:00,35.05315674625438,8.09930515289318,2.1187011498339046e-08
2050-01-02 00:00:00,35.05316067690745,8.261262893676871,2.343986716691597e-08
2050-01-02 01:00:00,35.05316280793341,8.362596511840934,2.4944774569732304e-08
2050-01-02 02:00:00,35.053164413399884,8.536577224731559,2.5343835587912994e-08
2050-01-02 03:00:00,35.05316993436988,8.826842308044547,2.984762821353501e-08
2050-01-02 04:00:00,35.053178204018586,9.171154975891227,3.249150841108217e-08
2050-01-02 05:00:00,35.05326543888009,9.342943191528434,3.167134623499479e-08
2050-01-02 06:00:00,35.80542042050625,9.453897476196403,3.3595871791190885e-08
2050-01-02 07:00:00,43.30140471763526,9.47766494750988,0.02335271824593434
2050-01-02 08:00:00,43.30142966016773,9.511365890503043,0.08026818566406822
2050-01-02 09:00:00,43.30143250144404,9.631404876709098,0.10510256005696274
2050-01-02 10:00:00,43.30143412594544,9.789596557617301,0.1246561650233712
2050-01-02 11:00:00,43.30143451357968,9.977042198181266,0.13624523660156934
2050-01-02 12:00:00,43.30143142411812,10.167039871215934,0.08621935996256438
2050-01-02 13:00:00,43.30142329347419,10.319480895996207,0.04370620203039622
2050-01-02 14:00:00,43.30143171781658,10.448653221130485,0.09086251149893321
2050-01-02 15:00:00,43.30143290223736,10.616247177124137,0.10603454431397968
2050-01-02 16:00:00,43.301433074622686,10.836446762085075,0.10386515064896382
2050-01-02 17:00:00,43.30143163440379,10.972382545471305,0.08723466655443543
2050-01-02 18:00:00,43.301414289880256,10.984875679016227,0.027775558560021358
2050-01-02 19:00:00,35.05321777844607,10.798193931579704,2.4232815758060233e-08
2050-01-02 20:00:00,35.05320680478642,10.48951625823986,2.1053598382268466e-08
2050-01-02 21:00:00,19.99031623030526,10.133296966552848,8.18323988507324e-09
2050-01-02 22:00:00,0.0251067538511348,9.822189331054801,5.048242614947042e-09
2050-01-02 23:00:00,0.0251070413851619,9.582617759704704,5.204876325541697e-09
2050-01-03 00:00:00,0.025106904019131,9.518384933471793,4.991038364488404e-09
2050-01-03 01:00:00,0.0251126669070506,9.596759796142692,5.039247351114114e-09
2050-01-03 02:00:00,0.0251231552806155,9.720482826233024,4.924114345209962e-09
2050-01-03 03:00:00,0.0251214205194327,9.909378051757926,4.937984746619361e-09
2050-01-03 04:00:00,19.99024614462227,10.157358169555778,8.107284727884355e-09
2050-01-03 05:00:00,35.053210517364754,10.21891307830822,2.0666355552104958e-08
2050-01-03 06:00:00,35.05325924385925,10.173431396484489,2.0188885646071465e-08
2050-01-03 07:00:00,43.30141034386569,10.166569709777946,0.018227674368572127
2050-01-03 08:00:00,43.30142334755793,10.2819118499757,0.033676706847865806
2050-01-03 09:00:00,43.30142224571472,10.461241722107047,0.029057645804832388
2050-01-03 10:00:00,43.30142684576205,10.674399375915641,0.03936255750283714
2050-01-03 11:00:00,43.30142068313147,10.822210311889762,0.024545102337322214
2050-01-03 12:00:00,43.30141430447952,10.965076446533317,0.017202816622117357
2050-01-03 13:00:00,43.301418583638025,11.047698020935172,0.021047263907427026
2050-01-03 14:00:00,43.30143239722264,11.122138023376579,0.06963889718979159
2050-01-03 15:00:00,43.30143297778224,11.144504547119254,0.07295665022297573
2050-01-03 16:00:00,43.30143321346615,11.264815330505485,0.0720893242683133
2050-01-03 17:00:00,43.30143362174571,11.415804862976188,0.07550545431695735
2050-01-03 18:00:00,43.30143389688322,11.487877845764274,0.0794595786818416
2050-01-03 19:00:00,43.30143376756377,11.493938446045036,0.07877061312660712
2050-01-03 20:00:00,43.30143383438481,11.481163024902457,0.08040650967537255
2050-01-03 21:00:00,43.30143449228572,11.462958335876579,0.09002231421310788
2050-01-03 22:00:00,43.30143504999626,11.465504646301383,0.09999055021413847
2050-01-03 23:00:00,43.30143570991815,11.460371017456168,0.11131664166423996
2050-01-04 00:00:00,43.30143528597855,11.396295547485465,0.10299353503513269
2050-01-04 01:00:00,43.30143563105432,11.325790405273551,0.11118624677472445
2050-01-04 02:00:00,43.30143626922712,11.19925403594982,0.12743846462518135
2050-01-04 03:00:00,43.3014365071481,11.130290985107536,0.13276908284339153
2050-01-04 04:00:00,43.30143672866557,11.120137214660758,0.13684359286669806
2050-01-04 05:00:00,43.301437380510514,11.133539199829215,0.1508089410672026
2050-01-04 06:00:00,43.30143816485772,10.972496032714957,0.17543896283125135
2050-01-04 07:00:00,43.30143865523591,10.739586830139274,0.205128040473326
2050-01-04 08:00:00,43.30143881390506,10.197268486023063,0.21081430954093605
2050-01-04 09:00:00,43.3014346778269,9.984984397888297,0.06988611504697484
2050-01-04 10:00:00,43.3014366579588,9.902008056640739,0.09995454186420914
2050-01-04 11:00:00,43.30143770658235,9.723505020141715,0.12916638541456665
2050-01-04 12:00:00,43.30143779060953,9.554857254028434,0.13092878447315678
2050-01-04 13:00:00,43.30143870244618,9.255771636963004,0.17488229873015412
2050-01-04 14:00:00,43.30143924125423,8.90549468994152,0.21325860083890513
2050-01-04 15:00:00,43.30143947948751,8.459486007690543,0.22554965085639153
2050-01-04 16:00:00,43.30143961319413,8.001196861267204,0.22915237996433818
2050-01-04 17:00:00,43.30143969767669,7.963380336761588,0.23146959333062883
2050-01-04 18:00:00,43.30143967696599,7.974868297577018,0.22621837707509312
2050-01-04 19:00:00,43.30143961768242,7.7440228462220375,0.22008535935508478
2050-01-04 20:00:00,43.30143953941801,7.237144470214957,0.21243748234277277
2050-01-04 21:00:00,43.30143956652806,6.716454982757682,0.21424497510427543
2050-01-04 22:00:00,43.30143987694931,6.240793228149528,0.2474065636809873
2050-01-04 23:00:00,43.30143987768141,5.904579639434928,0.24473381821860096
2050-01-05 00:00:00,43.30143974187876,5.721520900726432,0.22674562330469128
2050-01-05 01:00:00,43.30143984587649,5.574887752533073,0.234075210811011
2050-01-05 02:00:00,43.30144012059355,5.404389858245963,0.25759379277860317
2050-01-05 03:00:00,43.30144022356848,5.227629184723014,0.25665197073549983
2050-01-05 04:00:00,43.30144027892254,5.035002708435172,0.24498689012451003
2050-01-05 05:00:00,43.30144028789634,4.872814178466911,0.23803198994556163
2050-01-05 06:00:00,43.301440243307646,4.806221485138053,0.23001841538194656
2050-01-05 07:00:00,43.3014401745234,4.8095040321351235,0.23013823174259773
2050-01-05 08:00:00,43.3014396170197,5.001428127288932,0.17816755264818612
2050-01-05 09:00:00,43.301438755448345,5.435451984405631,0.13053720368560723
2050-01-05 10:00:00,43.30143945568758,5.753653049469108,0.16173132728128703
2050-01-05 11:00:00,43.301439540809895,5.972473144531364,0.1672584991566252
2050-01-05 12:00:00,43.30143972473015,6.160999298095817,0.18025504714961993
2050-01-05 13:00:00,43.30143991313786,6.33943605422985,0.194837124120808
2050-01-05 14:00:00,43.30144025268479,6.425510406494254,0.22850821049565462
2050-01-05 15:00:00,43.30144025763826,6.264243602752799,0.2246507777416566
2050-01-05 16:00:00,43.301440716746185,5.985551834106559,0.2865183452251816
2050-01-05 17:00:00,43.301440777668056,5.955497741699332,0.2921434173855757
2050-01-05 18:00:00,43.30144080193467,5.969151973724479,0.29505401044068275
2050-01-05 19:00:00,43.30144077497465,6.010561943054313,0.29146097277356925
2050-01-05 20:00:00,43.30144062430861,5.992361545562858,0.26727796881480886
2050-01-05 21:00:00,43.30144035456139,6.054373264312858,0.22940863055866062
2050-01-05 22:00:00,43.30144038784735,6.066158294677848,0.23824652219136022
2050-01-05 23:00:00,43.30144038913351,5.966244220733756,0.240256533363124
2050-01-06 00:00:00,43.3014401632998,5.936729907989616,0.21084794543467125
2050-01-06 01:00:00,43.30144016390879,5.977302551269645,0.20892547349741197
2050-01-06 02:00:00,43.30144039517005,6.099122524261588,0.23458618418595276
2050-01-06 03:00:00,43.30144052965166,6.152005672454948,0.24798347768446843
2050-01-06 04:00:00,43.30144064111263,6.135011196136588,0.25685441268678333
2050-01-06 05:00:00,43.30144058120271,6.1132502555848305,0.23960853709665444
2050-01-06 06:00:00,43.30144054237298,6.097511768341178,0.23051436776218576
2050-01-06 07:00:00,43.301440490523085,5.98120212554943,0.2301061430346568
2050-01-06 08:00:00,43.30144046551761,5.949631214141959,0.2298479915040343
2050-01-06 09:00:00,43.3014404341571,6.0243477821351235,0.22625254925191354
2050-01-06 10:00:00,43.30144052831547,6.261703968048209,0.23652346362047846
2050-01-06 11:00:00,43.30144051809891,6.657667160034293,0.2341620762946194
2050-01-06 12:00:00,43.301440482274735,7.057090759277457,0.2269146446552306
2050-01-06 13:00:00,43.30144049847926,7.2420744895936195,0.22625982246857093
2050-01-06 14:00:00,43.301440684772125,7.368105411529655,0.24966654950897407
2050-01-06 15:00:00,43.30144082664036,7.539650917053336,0.26939924316579583
2050-01-06 16:00:00,43.30144095012617,7.7668123245240395,0.2805997434916511
2050-01-06 17:00:00,43.30144100458985,7.967179298400993,0.2865344415804817
2050-01-06 18:00:00,43.30144104071816,8.180069923400993,0.2901267655615099
2050-01-06 19:00:00,43.30144106483228,8.385806083679313,0.2931422677351226
2050-01-06 20:00:00,43.30144113176046,8.556305885315055,0.3002002117912791
2050-01-06 21:00:00,43.3014411503684,8.757961273193473,0.3018196749716805
2050-01-06 22:00:00,43.30144108025196,8.988921165466422,0.29003583182643694
2050-01-06 23:00:00,43.30144117738824,9.188804626464957,0.2994488470526421
2050-01-07 00:00:00,43.30144127293228,9.376822471618766,0.3059149383857806
2050-01-07 01:00:00,43.301441304123365,9.51955604553234,0.3059833810644876
2050-01-07 02:00:00,43.30144133751485,9.489671707153434,0.3061128467943231
2050-01-07 03:00:00,43.3014413758037,8.677863121032829,0.306361083484485
2050-01-07 04:00:00,43.30144141444829,7.480472564697379,0.3067407663067966
2050-01-07 05:00:00,43.301441440968176,7.00717926025402,0.30704109263608637
2050-01-07 06:00:00,43.30144144902308,6.800531387329215,0.30721625605946723
2050-01-07 07:00:00,43.30144140923914,6.636200428009147,0.30724635401928235
2050-01-07 08:00:00,43.301441383183295,6.470289707183952,0.30731122535161637
2050-01-07 09:00:00,43.30144122906594,6.152148723602409,0.29263594979669255
2050-01-07 10:00:00,43.301441223523184,5.98880767822277,0.29684596739388786
2050-01-07 11:00:00,43.30144108724487,5.915176868438834,0.277987413775672
2050-01-07 12:00:00,43.30144097469818,5.823204517364616,0.25765233984193237
2050-01-07 13:00:00,43.30144096587753,5.695508956909293,0.2563019851938121
2050-01-07 14:00:00,43.3014410586912,5.199683666229362,0.27303243065553723
2050-01-07 15:00:00,43.301441132220994,4.865278244018668,0.2867447077809004
2050-01-07 16:00:00,43.30144119235249,4.757152080536002,0.29192020056497764
2050-01-07 17:00:00,43.3014411618906,4.661859035492057,0.28350312074686346
2050-01-07 18:00:00,43.30144113673426,4.28522348403942,0.27825753262742287
2050-01-07 19:00:00,43.30144108982231,3.9811863899232094,0.269622180981435
2050-01-07 20:00:00,43.301440983581934,3.7340228557587807,0.25067180835897457
2050-01-07 21:00:00,43.30144100138976,3.5289869308472817,0.2554043951862128
2050-01-07 22:00:00,43.30144110423949,3.633054733276481,0.27804698112262993
2050-01-07 23:00:00,43.30144106818798,3.6879737377167885,0.2717544574587485
2050-01-08 00:00:00,43.30144105169333,3.6716074943543617,0.2695526616075063
2050-01-08 01:00:00,43.301441039875655,3.652107477188224,0.2686263293003591
2050-01-08 02:00:00,43.30144095805807,3.472591161728019,0.2539599696182067
2050-01-08 03:00:00,43.301441020372735,3.1642057895661537,0.2669772787190127
2050-01-08 04:00:00,43.30144102929047,2.989681482315177,0.26939917692631593
2050-01-08 05:00:00,43.30144095775333,3.0802609920502846,0.2563510268537716
2050-01-08 06:00:00,43.30144094795549,2.947773694992179,0.2574763498330246
2050-01-08 07:00:00,43.3014408677568,3.2113451957703774,0.2524315743669112
2050-01-08 08:00:00,43.30144058128999,3.439070701599235,0.21593637293630746
2050-01-08 09:00:00,43.30144021725745,3.5813846588135902,0.1806351916957566
2050-01-08 10:00:00,43.30144038685044,3.6372916698456947,0.19853131097809806
2050-01-08 11:00:00,43.301440361766645,3.7506477832795326,0.1972888489458977
2050-01-08 12:00:00,43.30144010144477,3.972497701645011,0.17428838741393654
2050-01-08 13:00:00,43.301440300808565,3.8553907871247475,0.1925560240163807
2050-01-08 14:00:00,43.30144046958098,3.9365162849427406,0.21073271158806872
2050-01-08 15:00:00,43.30144028804649,3.819536685943717,0.19028776092362779
2050-01-08 16:00:00,43.30144063363337,3.689758539199943,0.2269313573868005
2050-01-08 17:00:00,43.301440514327,3.6180903911591713,0.21063883735961456
2050-01-08 18:00:00,43.30144049340333,4.064133167266959,0.2083140048529889
2050-01-08 19:00:00,43.30144047172139,4.28521823883068,0.20714053447094039
2050-01-08 20:00:00,43.30144048137399,4.173994064331168,0.21024204070214791
2050-01-08 21:00:00,43.30144048991934,3.8820776939393227,0.2127970562375345
2050-01-08 22:00:00,43.30144044526841,3.953684091568107,0.20876458071313841
2050-01-08 23:00:00,43.3014404333304,4.183777332306022,0.20834284863632097
2050-01-09 00:00:00,43.30144051826189,4.315625667572135,0.21975737551357175
2050-01-09 01:00:00,43.30144048653155,4.3962655067444985,0.21644561339299714
2050-01-09 02:00:00,43.30144017890407,4.478891849517936,0.18372873045119187
2050-01-09 03:00:00,43.3014401622145,4.607880115509147,0.1823716880222768
2050-01-09 04:00:00,43.30144014128044,4.662041187286491,0.18029901065186438
2050-01-09 05:00:00,43.30144038672486,4.687865257263297,0.20480556259310123
2050-01-09 06:00:00,43.30144041112052,4.457100391388053,0.20814891505314448
2050-01-09 07:00:00,43.301440296978576,4.283177852630729,0.20109274984816827
2050-01-09 08:00:00,43.301439225137685,4.130404949188346,0.13136734827069327
2050-01-09 09:00:00,43.30143938841847,4.232948780059928,0.13838439062398214
2050-01-09 10:00:00,43.30143835119125,4.4280133247376625,0.101860983033726
2050-01-09 11:00:00,43.30143832127989,4.549956321716422,0.10152615232789006
2050-01-09 12:00:00,43.30143832671908,4.614012718200797,0.10150800224830799
2050-01-09 13:00:00,43.30143972947828,4.25973749160778,0.1554151198229448
2050-01-09 14:00:00,43.30143987874543,4.035174846649284,0.16408884289039952
2050-01-09 15:00:00,43.30144021150253,3.915044784546012,0.1896760899510743
2050-01-09 16:00:00,43.30144046357547,3.7978866100312416,0.21110530857167556
2050-01-09 17:00:00,43.30144057748876,3.7185926437379067,0.22210271678864701
2050-01-09 18:00:00,43.30144069000493,3.5732815265656654,0.2360941653448571
2050-01-09 19:00:00,43.30144074102045,3.1066098213196938,0.2430275218109849
2050-01-09 20:00:00,43.30144080240999,2.9126529693604652,0.2533095844305768
2050-01-09 21:00:00,43.30144088790622,2.9532744884492104,0.26865021004150913
2050-01-09 22:00:00,43.30144091241473,3.1006977558137123,0.27269681966588233
2050-01-09 23:00:00,43.30144090886496,3.2695090770722572,0.2701882777573568
2050-01-10 00:00:00,43.30144095780853,3.090989589691276,0.2780431607156046
2050-01-10 01:00:00,43.30144098552616,3.369014978408927,0.28044898602034224
2050-01-10 02:00:00,43.301440992220286,3.7906436920167152,0.2774506998906105
2050-01-10 03:00:00,43.30144106062837,3.97778153419506,0.28754092350594973
2050-01-10 04:00:00,43.30144109251161,4.171964645385856,0.2887124927389766
2050-01-10 05:00:00,43.30144110453115,4.546682834625358,0.2866145378498966
2050-01-10 06:00:00,43.30144110164395,4.867847919464225,0.28359955709499324
2050-01-10 07:00:00,43.30144107440436,4.871239185333366,0.2897634711179675
2050-01-10 08:00:00,43.30144109293683,4.811387538910026,0.29450491876665147
2050-01-10 09:00:00,43.30144118731644,4.818813800811881,0.3066893960541375
2050-01-10 10:00:00,43.30144108424901,4.842292785644645,0.2945148013168626
2050-01-10 11:00:00,43.301440995421714,5.104040622711295,0.28401623432112466
2050-01-10 12:00:00,43.3014409534284,5.7393512725831215,0.27674592001933845
2050-01-10 13:00:00,43.30144088381032,6.325614929199332,0.26454284827873126
2050-01-10 14:00:00,43.30144090004261,6.780722141265983,0.26821290285126914
2050-01-10 15:00:00,43.30144100536807,7.409386157989616,0.28115288284232187
2050-01-10 16:00:00,43.30144103023672,8.548545837402457,0.281679164773552
2050-01-10 17:00:00,43.30144108315329,9.238156318664664,0.290810186031437
2050-01-10 18:00:00,43.30144115468259,10.018097877502555,0.3000125657292807
2050-01-10 19:00:00,43.30144121057878,10.45694732666027,0.3063468868416772
2050-01-10 20:00:00,43.301441188288685,10.486200332641715,0.30602912077766925
2050-01-10 21:00:00,43.30144116156944,10.502279281616325,0.3058227348893344
2050-01-10 22:00:00,43.30144100629535,10.530917167663688,0.29343009790244257
2050-01-10 23:00:00,43.3014409562207,10.49902153015148,0.28764082551512593
2050-01-11 00:00:00,43.30144085982953,10.567684173584098,0.2702869323236608
2050-01-11 01:00:00,43.30144082284492,10.430878639221305,0.26465534011950564
2050-01-11 02:00:00,43.301440855260665,10.045520782470817,0.2713384331089354
2050-01-11 03:00:00,43.30144085933241,9.335412025451774,0.2702318324016516
2050-01-11 04:00:00,43.30144085602212,8.725609779358024,0.2652916565246347
2050-01-11 05:00:00,43.30144091818734,8.376419067382926,0.27535795562248233
2050-01-11 06:00:00,43.301440999418055,8.089604377746696,0.2934302752509881
2050-01-11 07:00:00,43.30144093853129,7.686508655548209,0.3032907657941297
2050-01-11 08:00:00,43.30144082517839,7.3306646347047035,0.2843251962276052
2050-01-11 09:00:00,43.3014407940744,7.165853977203483,0.27475390433776237
2050-01-11 10:00:00,43.3014407642758,7.150901794433707,0.2659858790693782
2050-01-11 11:00:00,43.30144074253947,7.1934905052186195,0.26335826308841614
2050-01-11 12:00:00,43.30144072235336,7.261065483093375,0.26318412581180417
2050-01-11 13:00:00,43.30144072167207,7.321829795837516,0.26562237878583267
2050-01-11 14:00:00,43.3014407684251,7.34359979629528,0.2764240530513457
2050-01-11 15:00:00,43.30144074207615,7.337892055511588,0.2720933572478305
2050-01-11 16:00:00,43.30144092911766,7.341371059417838,0.30499585945180047
2050-01-11 17:00:00,43.30144077816583,7.373614311218375,0.2896505472638214
2050-01-11 18:00:00,43.30144072560973,7.381804466247672,0.2865897389892427
2050-01-11 19:00:00,43.30144068875021,7.439935207367057,0.2900019181434624
2050-01-11 20:00:00,43.30144059358483,7.3816499710084145,0.28449536126566444
2050-01-11 21:00:00,43.30144049741809,7.382291793823356,0.27730359112942005
2050-01-11 22:00:00,43.30144024195251,7.268406867981071,0.2437722337475767
2050-01-11 23:00:00,43.30144025896046,7.503210544586295,0.253961808730514
2050-01-12 00:00:00,43.30144028242295,7.4606976509095375,0.26316626260568254
2050-01-12 01:00:00,43.30144020167216,7.450367927551383,0.25493953740447933
2050-01-12 02:00:00,43.30144010414527,7.502650260925407,0.24411063652548834
2050-01-12 03:00:00,43.3014399595475,7.4993023872376625,0.22720583063169017
2050-01-12 04:00:00,43.30143976331323,7.5860052108765785,0.20636606542527672
2050-01-12 05:00:00,43.30143960228487,7.633231639862174,0.1923858368924026
2050-01-12 06:00:00,43.3014396287947,7.7440743446351235,0.19567508169664957
2050-01-12 07:00:00,43.3014383657642,7.8673372268677895,0.15054973323979529
2050-01-12 08:00:00,43.30143780303603,8.086203575134391,0.12651923148758942
2050-01-12 09:00:00,43.30143819259615,8.620713233947868,0.13928520252557386
2050-01-12 10:00:00,43.30143865771127,9.106617927551383,0.1603495490764552
2050-01-12 11:00:00,43.30143733910891,9.574007987976188,0.10861908172195707
2050-01-12 12:00:00,43.30143680758099,10.144720077514762,0.09594581776613499
2050-01-12 13:00:00,43.30143715379253,10.596000671386832,0.10489154046761898
2050-01-12 14:00:00,43.3014374901832,11.01003456115734,0.11464803087227972
2050-01-12 15:00:00,43.30143802302442,11.426643371582145,0.13253939256267228
2050-01-12 16:00:00,43.30143763796284,11.883866310119743,0.11460381996389978
2050-01-12 17:00:00,43.30143749100823,12.073835372924918,0.10877865779592293
2050-01-12 18:00:00,43.30143814963675,12.296007156372184,0.12948138328735012
2050-01-12 19:00:00,43.30143842632012,12.23041152954113,0.14186197519240626
2050-01-12 20:00:00,43.30143844604955,12.12709999084484,0.14443345981067912
2050-01-12 21:00:00,43.30143857982738,12.01904392242443,0.15236766536293092
2050-01-12 22:00:00,43.301439413895366,11.808847427368278,0.21683972015055425
2050-01-12 23:00:00,43.3014394106013,11.58158397674572,0.21951656786279947
2050-01-13 00:00:00,43.30143926116828,11.296097755432243,0.20111085831621225
2050-01-13 01:00:00,43.30143909829074,11.160691261291618,0.18553475425744323
2050-01-13 02:00:00,43.30143931461572,10.981235504150504,0.2030084249938182
2050-01-13 03:00:00,43.30143948848171,10.5154905319215,0.2161022313663272
2050-01-13 04:00:00,43.30143967929292,10.267519950866813,0.2326573549950257
2050-01-13 05:00:00,43.30143987899026,10.130063056945914,0.2498321761176187
2050-01-13 06:00:00,43.301439967546735,9.983716964721793,0.25333038320818685
2050-01-13 07:00:00,43.30143984453177,9.832951545715446,0.24352531464837324
2050-01-13 08:00:00,43.301439093432585,9.783434867859,0.16917233874547957
2050-01-13 09:00:00,43.30143701568325,9.889910697937125,0.09132650713518813
2050-01-13 10:00:00,43.3014379933955,10.332264900207633,0.11448889281365082
2050-01-13 11:00:00,43.301439612883016,10.608204841613883,0.2088897015496458
2050-01-13 12:00:00,43.30143978530528,10.754643440246696,0.22908412009078627
2050-01-13 13:00:00,43.30143985321737,10.815957069397086,0.23828904597690093
2050-01-13 14:00:00,43.30143984433779,10.69617843627941,0.23226690605309866
2050-01-13 15:00:00,43.30143975040493,10.610333442688102,0.220821316653684
2050-01-13 16:00:00,43.30143932977087,10.596867561340446,0.1775559870299371
2050-01-13 17:00:00,43.301438684992455,10.55045032501232,0.13880744362162492
2050-01-13 18:00:00,43.301438590945786,10.309871673584098,0.1349282258056882
2050-01-13 19:00:00,43.30143898179554,9.826156616211051,0.15441618058935597
2050-01-13 20:00:00,43.30143908333925,9.245439529419059,0.1612146884487886
2050-01-13 21:00:00,43.30143926318664,8.67951869964611,0.17188786600369374
2050-01-13 22:00:00,43.30143948514532,8.36770057678234,0.18739906033036904
2050-01-13 23:00:00,43.30143971925189,8.082403182983512,0.20653253671269187
2050-01-14 00:00:00,43.30143985777378,7.278107643127555,0.22096085286269382
2050-01-14 01:00:00,43.30144000317157,6.789900302887077,0.23555086005917658
2050-01-14 02:00:00,43.301440177264965,6.949859619140739,0.2558855365523239
2050-01-14 03:00:00,43.30144030234155,7.087887287140006,0.2713456244643269
2050-01-14 04:00:00,43.301440434031335,6.865730762481803,0.2853765101384581
2050-01-14 05:00:00,43.30144063488357,6.435527801513786,0.2998737854070585
2050-01-14 06:00:00,43.301440716406375,6.159269332885856,0.3063940083617713
2050-01-14 07:00:00,43.30144060700173,6.387465953827018,0.30476089050775534
2050-01-14 08:00:00,43.301440362080186,6.832151412963981,0.26127270867881747
2050-01-14 09:00:00,43.30144035705813,7.2170734405518715,0.26829782178872813
2050-01-14 10:00:00,43.30144019340333,7.692123413086051,0.24934428158617547
2050-01-14 11:00:00,43.30143998408872,8.167570114135856,0.23781133869226423
2050-01-14 12:00:00,43.30143995403747,8.474638938903922,0.24055199888690953
2050-01-14 13:00:00,43.30143988394781,8.668969154358024,0.2376135136555267
2050-01-14 14:00:00,43.30143971457937,9.445343017578239,0.22581415992911993
2050-01-14 15:00:00,43.30143963771225,9.692193031311149,0.22353226038803195
2050-01-14 16:00:00,43.30143944894137,9.700123786926383,0.19890809532428774
2050-01-14 17:00:00,43.30143633584141,9.599877357483024,0.08173065055441951
2050-01-14 18:00:00,19.990243736125382,9.326075553894157,8.123657542940122e-09
2050-01-14 19:00:00,0.0251064058313106,9.240471839904899,4.642830179049136e-09
2050-01-14 20:00:00,0.025104960779863,9.139430046081657,4.500645466358826e-09
2050-01-14 21:00:00,0.025104543789875,8.977605819702262,4.3415010963646495e-09
2050-01-14 22:00:00,0.025104178871738,8.80008411407482,4.283429331699634e-09
2050-01-14 23:00:00,0.0251033965662161,8.759798049926871,4.239944142361021e-09
2050-01-15 00:00:00,0.0251035310731527,8.880647659301871,4.244985411079864e-09
2050-01-15 01:00:00,0.0251042530748052,8.94903373718273,4.298067293284509e-09
2050-01-15 02:00:00,0.0251048539302408,8.995706558227653,4.488847084917054e-09
2050-01-15 03:00:00,0.025106896221946,8.933949470520133,4.674845827809638e-09
2050-01-15 04:00:00,43.30142496236397,8.836435317993278,0.02663745283683911
2050-01-15 05:00:00,43.30143815512694,8.650722503662223,0.1394095417313775
2050-01-15 06:00:00,43.30143960187223,8.473285675048942,0.2326310305208853
2050-01-15 07:00:00,43.30143979730464,8.392755508422965,0.25863521527419475
2050-01-15 08:00:00,43.30143959056645,8.4213161468507,0.2257681350275782
2050-01-15 09:00:00,43.30143978778871,8.688303947448844,0.24622341923703936
2050-01-15 10:00:00,43.301439747119694,9.091802597046012,0.2333045268528915
2050-01-15 11:00:00,43.30143962042831,9.465884208679313,0.2193020930679005
2050-01-15 12:00:00,43.30143979417914,9.866356849670524,0.23958253235820381
2050-01-15 13:00:00,43.301439637756864,10.258647918701286,0.22384902529600098
2050-01-15 14:00:00,43.30143934735644,10.393235206604118,0.19310301441815045
2050-01-15 15:00:00,43.30143722406417,10.374188423156852,0.09756950166925568
2050-01-15 16:00:00,43.301437554191125,10.277982711792106,0.10369531904421235
2050-01-15 17:00:00,43.3014387042485,10.157783508300895,0.1414362287659069
2050-01-15 18:00:00,43.30143922300483,10.0169553756715,0.17052573312443198
2050-01-15 19:00:00,43.30143945270755,9.920623779296989,0.18883325055337224
2050-01-15 20:00:00,43.30143962539063,9.942170143127555,0.20579205709409337
2050-01-15 21:00:00,43.30143957292313,9.830571174621696,0.20185390862709435
2050-01-15 22:00:00,43.30143936764236,9.80304336547863,0.1820506912057263
2050-01-15 23:00:00,43.30143917659933,9.806823730468864,0.16703696924300518
2050-01-16 00:00:00,43.30143935741821,9.744959831237907,0.17911932921693643
2050-01-16 01:00:00,43.30143959066832,9.684675216674918,0.19580870755011753
2050-01-16 02:00:00,43.30143982743213,9.570010185241813,0.2148710113869846
2050-01-16 03:00:00,43.301440035307145,9.379059791565055,0.2282276210427327
2050-01-16 04:00:00,43.30144027876391,9.321410179138297,0.24061729912072186
2050-01-16 05:00:00,43.30144045176898,9.147084236145133,0.2510410796059834
2050-01-16 06:00:00,43.3014405237162,8.969603538513297,0.2531309025443601
2050-01-16 07:00:00,43.30144051560029,8.722059249878043,0.2516025641296462
2050-01-16 08:00:00,43.30144050731018,8.534564971923942,0.24886762865405615
2050-01-16 09:00:00,43.30144058273448,8.356416702270621,0.25730563460436284
2050-01-16 10:00:00,43.30144065861711,8.143530845642204,0.26420598473015666
2050-01-16 11:00:00,43.30144086151066,7.498516559600944,0.2903406766780407
2050-01-16 12:00:00,43.301440812897646,7.2043852806092445,0.2741523631741197
2050-01-16 13:00:00,43.30144092980783,6.758460521698112,0.2946599929117286
2050-01-16 14:00:00,43.30144092730004,6.524834632873649,0.2894324799254756
2050-01-16 15:00:00,43.30144080704436,6.336010456085319,0.27223781190007285
2050-01-16 16:00:00,43.30144076174092,5.8986110687257,0.2539223310789869
2050-01-16 17:00:00,43.301440715958144,5.647112846374625,0.24423190703219466
2050-01-16 18:00:00,43.30144071275374,5.570916652679557,0.24276902846302162
2050-01-16 19:00:00,43.30144069460621,5.429969310760612,0.23967381750836356
2050-01-16 20:00:00,43.30144072178353,5.179709434509391,0.2442717403335162
2050-01-16 21:00:00,43.30144082471051,4.9330511093140785,0.26086638973020954
2050-01-16 22:00:00,43.30144088524548,4.802155494690055,0.27117389289438165
2050-01-16 23:00:00,43.301440890220654,4.720050334930534,0.26949275047953036
2050-01-17 00:00:00,43.30144091517291,4.629380702972526,0.2708738324361511
2050-01-17 01:00:00,43.30144092253857,4.532769203186149,0.269187923970474
2050-01-17 02:00:00,43.3014409591142,4.4147028923035805,0.27293690184716174
2050-01-17 03:00:00,43.30144095338812,4.296593666076774,0.2673387531840372
2050-01-17 04:00:00,43.30144099148571,4.193188190460319,0.2698681984935572
2050-01-17 05:00:00,43.30144104432256,4.152972221374625,0.2768862100130113
2050-01-17 06:00:00,43.30144107470755,4.152013778686637,0.28228214325097756
2050-01-17 07:00:00,43.30144107479302,4.118796348571891,0.28655603458819245
2050-01-17 08:00:00,43.30144086921605,4.186655044555778,0.25145203808836375
2050-01-17 09:00:00,43.30144082086106,4.389250755310172,0.24408227149256304
2050-01-17 10:00:00,43.30144069872569,4.581505298614616,0.2250426260001882
2050-01-17 11:00:00,43.301440848136366,4.613597393036002,0.2390755611442862
2050-01-17 12:00:00,43.30144074427891,4.746504306793327,0.2225951148315492
2050-01-17 13:00:00,43.30143973947518,5.063802242279166,0.13720161046781712
2050-01-17 14:00:00,43.30144018586719,4.901003837585563,0.163094679555037
2050-01-17 15:00:00,43.30144105091709,4.322054862976188,0.265943743209711
2050-01-17 16:00:00,43.30144127308908,4.004900932312125,0.30806321687441546
2050-01-17 17:00:00,43.30144128126764,3.8446326255799477,0.3080945729491691
2050-01-17 18:00:00,43.301441232537904,3.756520032882804,0.30292365664823134
2050-01-17 19:00:00,43.30144116807554,3.761627912521476,0.2955965471325251
2050-01-17 20:00:00,43.30144115866906,3.765019655227775,0.2966947373314826
2050-01-17 21:00:00,43.30144110493962,3.898214817047233,0.2867860737958584
2050-01-17 22:00:00,43.30144113201214,3.8452866077424233,0.2957233907225202
2050-01-17 23:00:00,43.30144121510287,3.6011068820954506,0.3077850117983925
2050-01-18 00:00:00,43.30144119566828,3.3228101730347817,0.3077859488057949
2050-01-18 01:00:00,43.301441060765576,3.085962057113761,0.292887027581268
2050-01-18 02:00:00,43.30144090134096,3.119986772537345,0.265264001863263
2050-01-18 03:00:00,43.30144077347361,3.145829677581901,0.24772960257711238
2050-01-18 04:00:00,43.30144077567702,3.12115836143505,0.25347223322581997
2050-01-18 05:00:00,43.30144082316537,3.0443813800812904,0.26923111500205776
2050-01-18 06:00:00,43.30144074638852,2.959459781646842,0.26288482666152796
2050-01-18 07:00:00,43.30144062735188,2.962804555893058,0.26028384041988206
2050-01-18 08:00:00,43.30144000203009,3.1567993164063637,0.18779175989511274
2050-01-18 09:00:00,43.30143898034701,3.466349601745719,0.12901776138269053
2050-01-18 10:00:00,43.30143909555009,3.8469166755677406,0.1352660241103061
2050-01-18 11:00:00,43.301438751546605,4.247979640960807,0.12296194977357137
2050-01-18 12:00:00,43.30141756111038,4.48993539810192,0.016486332255975046
2050-01-18 13:00:00,43.30143380090633,4.544112682342643,0.04976358458640012
2050-01-18 14:00:00,43.30143879452908,4.454088687896842,0.1273833483299734
2050-01-18 15:00:00,43.30143948828663,4.348558902740592,0.16454141316341991
2050-01-18 16:00:00,43.30143908846803,4.39926385879528,0.14027560802130587
2050-01-18 17:00:00,43.30143584946392,4.613716125488395,0.06594064225738377
2050-01-18 18:00:00,43.30143164927642,4.867060661316032,0.03939405094212464
2050-01-18 19:00:00,43.3014336548753,5.1018414497376625,0.04912281139722643
2050-01-18 20:00:00,43.301432139868034,5.35540866851818,0.04171362393958899
2050-01-18 21:00:00,43.301433283290265,5.537975788116569,0.047393984077552076
2050-01-18 22:00:00,43.30143793771986,5.805301666259879,0.10476465691859953
2050-01-18 23:00:00,43.301438874412085,5.937381267547721,0.13904961274827318
2050-01-19 00:00:00,43.30143950446542,5.870028972625846,0.18045544929483404
2050-01-19 01:00:00,43.30143953417028,5.740767955780143,0.18348821536768312
2050-01-19 02:00:00,43.301439382953,6.080499649047965,0.17134939232824498
2050-01-19 03:00:00,43.30143910904781,6.412309169769401,0.15278935607805819
2050-01-19 04:00:00,43.30143911013785,6.672867774963493,0.15245193098748802
2050-01-19 05:00:00,43.30143927388175,6.721241474151725,0.16330888660591353
2050-01-19 06:00:00,43.30143890243316,6.625439167022819,0.1423056326914274
2050-01-19 07:00:00,43.30143785713805,6.762043952942008,0.11247014794182628
2050-01-19 08:00:00,43.30143657728427,7.13312387466442,0.08389298648971893
2050-01-19 09:00:00,43.30143884088189,7.234477043151969,0.15667327376681459
2050-01-19 10:00:00,43.301439007277885,7.35102748870861,0.16717765493200046
2050-01-19 11:00:00,43.30143903848575,7.355596542358512,0.17127297420250037
2050-01-19 12:00:00,43.3014374080286,7.551666736602897,0.10124190117818892
2050-01-19 13:00:00,43.30143530692042,7.595101356506461,0.06701300593001609
2050-01-19 14:00:00,43.30143483966896,7.548424720764274,0.06218191816357939
2050-01-19 15:00:00,43.30143347104112,7.385486125946159,0.05159346976480561
2050-01-19 16:00:00,43.30143167221242,7.035042285919303,0.04184857222968112
2050-01-19 17:00:00,43.301420253578485,6.759308338165397,0.01907358427072713
2050-01-19 18:00:00,43.30142535498637,6.553805351257438,0.02534929400955677
2050-01-19 19:00:00,43.30143026190044,6.494554996490592,0.03672372882766202
2050-01-19 20:00:00,43.30142763716791,6.471916675567741,0.029741462978557166
2050-01-19 21:00:00,43.30142170809447,6.436150074005241,0.02057280046574315
2050-01-19 22:00:00,43.30143549204937,6.329892635345573,0.06886231010919827
2050-01-19 23:00:00,43.30143634042284,6.096697807312125,0.08004620417995334
2050-01-20 00:00:00,43.30143233060879,5.790335178375358,0.04491277243727177
2050-01-20 01:00:00,43.30142892199865,5.777770042419547,0.032695048748619095
2050-01-20 02:00:00,43.3014346116483,5.819911956787223,0.05931154462863087
2050-01-20 03:00:00,43.30143259922103,5.835405826568717,0.045850499794001534
2050-01-20 04:00:00,43.301431912097,5.790166378021354,0.0424128816594937
2050-01-20 05:00:00,43.3014273203078,5.763379573822135,0.028557779086099494
2050-01-20 06:00:00,43.3014029149386,5.707618236541862,0.010202753871519697
2050-01-20 07:00:00,43.30141767806227,5.642543792724723,0.01675788802238856
2050-01-20 08:00:00,43.3014228255318,5.614414215088004,0.02159654651975688
2050-01-20 09:00:00,43.30141566766181,5.609672546386832,0.015511311352158351
2050-01-20 10:00:00,43.30143912787515,5.912738800048942,0.15294209932470298
2050-01-20 11:00:00,43.30143941983294,6.36923456192028,0.17105773346201286
2050-01-20 12:00:00,43.30143909055832,6.657214641571159,0.1479769423935578
2050-01-20 13:00:00,43.30143956925857,6.6604866981507485,0.17796543318442076
2050-01-20 14:00:00,43.30144002952508,6.637610912323112,0.22273786992706135
2050-01-20 15:00:00,43.30144033156841,6.532100677490348,0.2652977155923822
2050-01-20 16:00:00,43.30144055525192,6.111527919769401,0.3021449650054972
2050-01-20 17:00:00,43.30144045651247,5.380872726440543,0.27906122182397375
2050-01-20 18:00:00,43.30143996216741,5.012489795684928,0.2030628818612291
2050-01-20 19:00:00,43.30143866716851,4.941059112548942,0.12108280666144139
2050-01-20 20:00:00,43.30143831020008,5.164309024810905,0.10988334588386954
2050-01-20 21:00:00,43.301437837389045,4.938889503479118,0.09768507736422981
2050-01-20 22:00:00,43.30143876664347,4.429723739624137,0.12672824214623166
2050-01-20 23:00:00,43.30143885279933,3.917235136032218,0.1304368680728487
2050-01-21 00:00:00,43.30143839098898,3.7154443264008705,0.1128912783033549
2050-01-21 01:00:00,43.30143787696688,3.7718729972840492,0.09821970841528922
2050-01-21 02:00:00,43.301438387321085,4.117737293243522,0.11170645709342844
2050-01-21 03:00:00,43.30143891949369,4.329045772552604,0.13065695504285282
2050-01-21 04:00:00,43.301439138934086,4.54010629653942,0.13951712423916843
2050-01-21 05:00:00,43.301439048336746,4.985344886779899,0.1334418154525676
2050-01-21 06:00:00,43.3014391058944,5.229818344116325,0.1352300205101636
2050-01-21 07:00:00,43.30143894549188,5.034551620483512,0.13143774262599336
2050-01-21 08:00:00,43.301438411878415,5.671770572662467,0.11389263559931007
2050-01-21 09:00:00,43.3014391667605,6.4913067817689125,0.14442460282451092
2050-01-21 10:00:00,43.3014396347266,7.179133415222282,0.17229886280878182
2050-01-21 11:00:00,43.30143969160709,7.753252029419059,0.17516151939956584
2050-01-21 12:00:00,43.30144004475504,8.30228137969982,0.20599077178350625
2050-01-21 13:00:00,43.30144015380816,8.906554222107047,0.21507953722816459
2050-01-21 14:00:00,43.30144022143885,9.556157112121696,0.21483709682077487
2050-01-21 15:00:00,43.301440190036594,10.131914138794059,0.20641280565334127
2050-01-21 16:00:00,43.30144014043461,10.545615196228141,0.19547671257377366
2050-01-21 17:00:00,43.30144005836648,10.865653038025016,0.18285195614270322
2050-01-21 18:00:00,43.30144024609205,11.079685211181754,0.19894029190367435
2050-01-21 19:00:00,43.30144052186229,11.122956275940055,0.23238396159901187
2050-01-21 20:00:00,43.30144071363814,10.710474967956657,0.26303691396905404
2050-01-21 21:00:00,43.30144081927381,10.27946758270275,0.281011265945341
2050-01-21 22:00:00,43.30144102170639,10.01391983032238,0.30575919350318725
2050-01-21 23:00:00,43.30144104802282,9.557333946228141,0.30567930068178156
2050-01-22 00:00:00,43.30144107369333,9.29084682464611,0.30569826406761164
2050-01-22 01:00:00,43.301441093463104,9.221553802490348,0.30567570849062214
2050-01-22 02:00:00,43.30144111102594,9.137225151062125,0.30569047817545947
2050-01-22 03:00:00,43.30144112670238,8.807998657226676,0.3057464641261875
2050-01-22 04:00:00,43.3014411405576,8.923431396484489,0.3058655457603495
2050-01-22 05:00:00,43.30144115318709,9.108936309814567,0.30613060448439033
2050-01-22 06:00:00,43.30144116042791,9.185836791992301,0.3065197162999411
2050-01-22 07:00:00,43.30144093995251,9.306862831115836,0.30330461937821424
2050-01-22 08:00:00,43.301440761585496,9.591502189636344,0.27446435075820097
2050-01-22 09:00:00,43.30144044348367,10.00921440124523,0.22536203042626052
2050-01-22 10:00:00,43.30144078262951,10.317842483520621,0.28597232002869244
2050-01-22 11:00:00,43.30144076285829,10.599534988403434,0.28826840329401976
2050-01-22 12:00:00,43.30144076332228,10.915908813476676,0.2927566953721406
2050-01-22 13:00:00,43.30144072649838,11.185864448547477,0.2913291857336999
2050-01-22 14:00:00,43.30144063673329,11.500491142273063,0.2858022032320032
2050-01-22 15:00:00,43.301440495850045,11.53312969207775,0.2697539282105286
2050-01-22 16:00:00,43.30144053561303,11.382989883422965,0.2676599651808272
2050-01-22 17:00:00,43.30144035471567,11.050104141235465,0.23959116877006983
2050-01-22 18:00:00,43.30144021794365,10.43253612518322,0.22501139480269908
2050-01-22 19:00:00,43.30144013883415,9.60977649688732,0.22154460243176144
2050-01-22 20:00:00,43.30143992939792,8.87227821350109,0.2047354565906905
2050-01-22 21:00:00,43.301439587212506,8.27119064331066,0.17741663508352654
2050-01-22 22:00:00,43.30143972890131,7.8398127555848305,0.19074302250818656
2050-01-22 23:00:00,43.30143983493768,7.768382072448844,0.20450407360274295
2050-01-23 00:00:00,43.30143971267613,7.420230388641471,0.19494336464533432
2050-01-23 01:00:00,43.30143957061499,7.291365623474235,0.1830917856648573
2050-01-23 02:00:00,43.30143976980221,7.315921306610221,0.20150008655245344
2050-01-23 03:00:00,43.30143996592541,7.414037704467887,0.2212389645211325
2050-01-23 04:00:00,43.301440162808326,7.061561107635612,0.23379539569937852
2050-01-23 05:00:00,43.30144033416017,6.985045433044547,0.23937558345488982
2050-01-23 06:00:00,43.30144037488205,7.233931064605827,0.23987286649772804
2050-01-23 07:00:00,43.30144026779925,7.37315940856945,0.23721966441354797
2050-01-23 08:00:00,43.30144013911239,7.52411508560192,0.22175916959541464
2050-01-23 09:00:00,43.30144002674977,7.755126953125114,0.20986330104305506
2050-01-23 10:00:00,43.301439699099525,8.258302688598746,0.18078877034612711
2050-01-23 11:00:00,43.30143754479349,8.777773857116813,0.09372347576142047
2050-01-23 12:00:00,43.30144013233334,8.50776576995861,0.22148973496323546
2050-01-23 13:00:00,43.30144053099775,8.414473533630485,0.28180560523914405
2050-01-23 14:00:00,43.30144056511848,8.488497734069938,0.2887348160930457
2050-01-23 15:00:00,43.30144048163754,8.532280921936149,0.2724874507312143
2050-01-23 16:00:00,43.30144045184334,8.647343635559196,0.2622190318553765
2050-01-23 17:00:00,43.30144026640205,8.934888839721793,0.23130714552973125
2050-01-23 18:00:00,43.30144002562698,9.138464927673454,0.20564881751337585
2050-01-23 19:00:00,43.30143984213485,9.124547958374137,0.1932419949603559
2050-01-23 20:00:00,43.30143995598721,9.097196578979606,0.21346737018451448
2050-01-23 21:00:00,43.30144000254528,8.980705261230582,0.22794841506741229
2050-01-23 22:00:00,43.30143990539855,9.122000694275016,0.2225242439895444
2050-01-23 23:00:00,43.30143993551727,10.969417572021598,0.2318365310528346
2050-01-24 00:00:00,43.30143988890612,11.687753677368278,0.2299998171014781
2050-01-24 01:00:00,43.30143973766437,12.172549247741813,0.21197586238109972
2050-01-24 02:00:00,43.30143967485689,12.388162612915153,0.20457519736321444
2050-01-24 03:00:00,43.30143983581344,12.50078105926525,0.22198408555689889
2050-01-24 04:00:00,43.30143995433669,12.474962234497184,0.23386199093916943
2050-01-24 05:00:00,43.30143995763764,12.33763694763195,0.22944407998581082
2050-01-24 06:00:00,43.30143992817176,12.214767456054801,0.22325719616121642
2050-01-24 07:00:00,43.30143923251361,12.018276214599723,0.17984630387891673
2050-01-24 08:00:00,43.30143895620738,11.835236549377555,0.1585578936075851
2050-01-24 09:00:00,43.301439156130165,11.795553207397575,0.17492913029801643
2050-01-24 10:00:00,43.30143874912526,11.797922134399528,0.15005577377524287
2050-01-24 11:00:00,43.30143888188067,11.80148029327404,0.15744267796587036
2050-01-24 12:00:00,43.30143897216434,11.817046165466422,0.1616108157131704
2050-01-24 13:00:00,43.30143938461708,11.635031700134391,0.19055824272646363
2050-01-24 14:00:00,43.30143968003814,11.348682403564567,0.2144693527972126
2050-01-24 15:00:00,43.30143954699544,11.23437881469738,0.199426355852889
2050-01-24 16:00:00,43.301439532944,11.057991027832145,0.19320191894279812
2050-01-24 17:00:00,43.30143967433587,10.609606742859,0.20485035056966772
2050-01-24 18:00:00,43.30143980363724,10.808122634887809,0.2205005255875484
2050-01-24 19:00:00,43.301439875115776,10.848831176757926,0.23170812378970482
2050-01-24 20:00:00,43.3014398116827,10.777600288391227,0.22697610624982
2050-01-24 21:00:00,43.30143990905882,10.486762046814079,0.2406205699482141
2050-01-24 22:00:00,43.301440179791335,9.831035614013786,0.27731350528190263
2050-01-24 23:00:00,43.30144017866997,9.02692794799816,0.2794190651712875
2050-01-25 00:00:00,43.30144013839049,8.209912300109977,0.27990752431800053
2050-01-25 01:00:00,43.30144012619609,7.957281112671012,0.27931646419288486
2050-01-25 02:00:00,43.30144014120421,7.603766918182487,0.28186091757851756
2050-01-25 03:00:00,43.30144015149615,7.137602806091422,0.2827532584669006
2050-01-25 04:00:00,43.30144025706486,6.821602821350211,0.280092045389628
2050-01-25 05:00:00,43.30144031005326,6.737281322479362,0.2799300269357188
2050-01-25 06:00:00,43.30144034959372,6.600372314453239,0.28815079545445915
2050-01-25 07:00:00,43.301440095824695,6.562423706054801,0.29853205739879957
2050-01-25 08:00:00,43.301439959662574,6.648781776428336,0.2812585512714881
2050-01-25 09:00:00,43.301439836291785,6.698363304138297,0.27114443728926335
2050-01-25 10:00:00,43.30143953169799,6.828115940094108,0.2360005501651746
2050-01-25 11:00:00,43.301439472709255,7.003460407257194,0.24357518573466697
2050-01-25 12:00:00,43.3014392565393,7.138569831848258,0.22958179253177255
2050-01-25 13:00:00,43.301438897680576,7.2539620399476235,0.20682665381784204
2050-01-25 14:00:00,43.301436975079,7.541625022888297,0.12187133675066801
2050-01-25 15:00:00,43.301438618179326,7.334285736084098,0.1960825537730098
2050-01-25 16:00:00,43.30143933937307,7.225771903991813,0.26278230101225325
2050-01-25 17:00:00,43.3014385910144,7.018898487091178,0.19305409322136038
2050-01-25 18:00:00,43.30143548621166,6.8178658485413735,0.09037565414138345
2050-01-25 19:00:00,43.30140564088802,6.746776103973502,0.013392311984259105
2050-01-25 20:00:00,0.0251520687288002,6.714702129364127,4.848225714250614e-09
2050-01-25 21:00:00,19.990378504080624,6.90793085098278,8.030076621366978e-09
2050-01-25 22:00:00,43.30140356167424,6.9974007606507485,0.013777158991706687
2050-01-25 23:00:00,0.0251090065796535,6.775785446167106,4.896053446163155e-09
2050-01-26 00:00:00,0.0251065128947708,6.563333988189811,4.838285095922204e-09
2050-01-26 01:00:00,0.0251065461853953,6.65234470367443,4.825007344322582e-09
2050-01-26 02:00:00,0.0251070243436227,6.657192230224723,4.8272735178594964e-09
2050-01-26 03:00:00,0.0251085488042415,6.596619129181022,4.835683498012986e-09
2050-01-26 04:00:00,0.0251066391047021,6.574603080749625,4.832795251478253e-09
2050-01-26 05:00:00,0.025105027083646,6.525199413299674,4.808664423961774e-09
2050-01-26 06:00:00,0.0251049331520375,6.624993801117057,4.818197208166514e-09
2050-01-26 07:00:00,0.0251050673821739,6.7060589790345375,4.837025443346903e-09
2050-01-26 08:00:00,0.025104568077728,6.797787189483756,4.860461702164314e-09
2050-01-26 09:00:00,0.0251043917527459,6.9034113883973305,4.8850898164955515e-09
2050-01-26 10:00:00,0.0251054410357139,6.962461948394889,4.948981668911883e-09
2050-01-26 11:00:00,0.0254137281976413,6.944489479065055,4.890857749951055e-09
2050-01-26 12:00:00,21.01037267704,6.871695518493766,8.449621796311608e-09
2050-01-26 13:00:00,21.01039428438076,6.805009841919059,9.119100528935953e-09
2050-01-26 14:00:00,21.010486401860803,6.695677757263297,1.011461443213942e-08
2050-01-26 15:00:00,21.461405358357133,6.535758972168082,9.742007774726404e-09
2050-01-26 16:00:00,25.419129980636463,6.379837989807243,1.4384751371812905e-08
2050-01-26 17:00:00,25.964625175089992,6.259890079498405,1.639920926098168e-08
2050-01-26 18:00:00,25.964629637806016,6.229336261749381,1.5257059617182045e-08
2050-01-26 19:00:00,25.964602140201805,6.262924194336051,1.3766739923412551e-08
2050-01-26 20:00:00,21.01039903683381,6.295129299163932,9.486548825453846e-09
2050-01-26 21:00:00,19.990299005441877,6.314563274383659,8.111584507659767e-09
2050-01-26 22:00:00,0.0251048555467581,6.075115680694694,4.7930424014958624e-09
2050-01-26 23:00:00,0.0251041161923025,5.831329345703239,4.7318021249536704e-09
2050-01-27 00:00:00,0.0251036999315133,5.639950275421256,4.7065762811533574e-09
2050-01-27 01:00:00,0.0251035601473679,5.621927261352653,4.698132075843792e-09
2050-01-27 02:00:00,0.0251035429282825,5.653391838073844,4.696906505031551e-09
2050-01-27 03:00:00,0.025103517094294,5.592608928680534,4.698548415315222e-09
2050-01-27 04:00:00,0.025103515547018,5.5577950477601235,4.702671222682264e-09
2050-01-27 05:00:00,0.0251035063780413,5.445570468902702,4.708554967682607e-09
2050-01-27 06:00:00,0.025103503793752,5.383317947387809,4.7165330553089645e-09
2050-01-27 07:00:00,0.0251034941692504,5.442625522613639,4.722703825535047e-09
2050-01-27 08:00:00,0.025102909802415,5.73498630523693,4.761484907287262e-09
2050-01-27 09:00:00,0.0251023891166867,6.096788406372184,4.767265816052362e-09
2050-01-27 10:00:00,0.0251020046389169,6.2650446891785805,4.771486250557761e-09
2050-01-27 11:00:00,0.0251031127182094,6.310781002044791,4.7823251604539504e-09
2050-01-27 12:00:00,0.0251032447224095,6.398271560669059,4.78704467066351e-09
2050-01-27 13:00:00,0.0251031716390736,6.60338926315319,4.790703665833669e-09
2050-01-27 14:00:00,0.0251035788179204,6.720712661743278,4.8006833164943936e-09
2050-01-27 15:00:00,0.025105085865667,6.6575055122376625,4.815853926171362e-09
2050-01-27 16:00:00,21.010328452009865,6.6776375770569985,8.628319241602336e-09
2050-01-27 17:00:00,21.010397704208703,6.997679233551139,7.833690542900907e-09
2050-01-27 18:00:00,0.0251287609694268,7.423721313476676,4.8040262313334854e-09
2050-01-27 19:00:00,0.0251094624346522,6.816476821899528,4.80987988343463e-09
2050-01-27 20:00:00,0.025138194086338,6.212627887725944,4.814312290811204e-09
2050-01-27 21:00:00,0.0251129412342796,5.7534809112549965,4.821281173572701e-09
2050-01-27 22:00:00,0.025106687461326,5.209015369415397,4.8255107758837784e-09
2050-01-27 23:00:00,19.990316078982765,4.081458568573112,8.271060744070368e-09
2050-01-28 00:00:00,19.9898503550178,3.4619176387788,7.870862615853369e-09
2050-01-28 01:00:00,21.010369333974644,3.124986886978263,8.688331597906548e-09
2050-01-28 02:00:00,19.99029924681873,2.8756897449494545,8.192812581373346e-09
2050-01-28 03:00:00,21.01037994949619,2.673474788665885,8.467716271609238e-09
2050-01-28 04:00:00,0.0255863229716591,2.575215339660758,4.833185974832574e-09
2050-01-28 05:00:00,0.0253489936707428,2.524448156356925,4.821499008858055e-09
2050-01-28 06:00:00,19.985997028343768,2.575653314590568,8.160450043145117e-09
2050-01-28 07:00:00,19.990468081570132,2.6951591968537514,8.238826582139671e-09
2050-01-28 08:00:00,0.0251014828129006,3.2697539329529945,4.793561265868518e-09
2050-01-28 09:00:00,0.0251011929639703,3.9687373638154213,4.795986441123209e-09
2050-01-28 10:00:00,0.0250940384025933,4.539450168609733,4.794185925642884e-09
2050-01-28 11:00:00,0.0244917402179422,5.26514291763317,4.78704670261497e-09
2050-01-28 12:00:00,0.0244560942142572,5.716241836547965,4.758002917096398e-09
2050-01-28 13:00:00,0.0244584963207278,5.892393589019889,4.762757084424423e-09
2050-01-28 14:00:00,0.025104197499746,5.884543895721549,4.785679772427988e-09
2050-01-28 15:00:00,21.01026672974257,5.574972629547233,8.808576417270524e-09
2050-01-28 16:00:00,0.0251051933113985,5.1677217483521645,4.7746712835423384e-09
2050-01-28 17:00:00,0.0251035249498348,4.9161067008973305,4.777952494879711e-09
2050-01-28 18:00:00,0.0251033960967008,4.8156147003174965,4.788399509063527e-09
2050-01-28 19:00:00,0.0251034126158638,4.852138042450065,4.798005870438682e-09
2050-01-28 20:00:00,0.0251034347520159,4.9635004997254555,4.805973984216735e-09
2050-01-28 21:00:00,0.0251034552591999,5.134192943573112,4.812718288068351e-09
2050-01-28 22:00:00,0.0251034736554832,5.054272174835319,4.818159176739473e-09
2050-01-28 23:00:00,0.0251034900378134,4.982007980346793,4.822404867880244e-09
2050-01-29 00:00:00,0.0251035050973446,4.911011219024772,4.82534886915079e-09
2050-01-29 01:00:00,0.0251035186783264,4.850614070892448,4.827246036341645e-09
2050-01-29 02:00:00,0.0251035306437064,4.851163387298698,4.828300499739933e-09
2050-01-29 03:00:00,0.0251035399741168,4.9488215446473305,4.828802093751812e-09
2050-01-29 04:00:00,0.0251035500311461,4.718671798706168,4.829281364405516e-09
2050-01-29 05:00:00,0.0251035627775263,4.48840427398693,4.830489948643951e-09
2050-01-29 06:00:00,0.0251035778272629,4.403593540191764,4.832966382191489e-09
2050-01-29 07:00:00,0.0251035880620352,4.339721679687614,4.827497704628718e-09
2050-01-29 08:00:00,0.0251014833605012,4.339706897735709,4.85542662032015e-09
2050-01-29 09:00:00,0.0251005904541953,4.570782661438102,4.8497945419385975e-09
2050-01-29 10:00:00,0.0250982441955738,4.9256377220154945,4.844143360569595e-09
2050-01-29 11:00:00,0.0250903261265974,5.346185684204215,4.837585076386839e-09
2050-01-29 12:00:00,0.0250925195500409,5.728495121002311,4.837270525905583e-09
2050-01-29 13:00:00,0.0250976554186957,6.097160339355582,4.844616906097331e-09
2050-01-29 14:00:00,0.025102177782497,6.460327625274772,4.852894356635652e-09
2050-01-29 15:00:00,0.0251024710940123,6.518222808838004,4.8646370734138114e-09
2050-01-29 16:00:00,0.0251035938833423,6.212011814117545,4.843722649722089e-09
2050-01-29 17:00:00,0.0251035956856212,6.213330745697135,4.84895588487081e-09
2050-01-29 18:00:00,0.0251035958364151,6.129515171051139,4.853289651942229e-09
2050-01-29 19:00:00,0.0251035972158341,6.086412429809684,4.857194916648867e-09
2050-01-29 20:00:00,0.0251035962930437,6.158228874206657,4.860318203870206e-09
2050-01-29 21:00:00,0.0251035998395124,6.111924648285026,4.862550093740054e-09
2050-01-29 22:00:00,0.0251036083123128,6.022791862487907,4.8641774642683826e-09
2050-01-29 23:00:00,0.0251036054108515,6.161785125732536,4.865054937328401e-09
2050-01-30 00:00:00,0.0251036071822544,6.005261898040885,4.865705077086753e-09
2050-01-30 01:00:00,0.0251036080808075,6.095318794250602,4.865954656541312e-09
2050-01-30 02:00:00,0.0251036080501121,6.272738933563346,4.866107099074899e-09
2050-01-30 03:00:00,0.0251036070517351,6.721626281738395,4.8664856651100144e-09
2050-01-30 04:00:00,0.0251036051484402,6.92764520645153,4.86757515199894e-09
2050-01-30 05:00:00,0.0251036024481634,7.086595058441276,4.869768655392488e-09
2050-01-30 06:00:00,0.0251035985560643,7.263511657714957,4.873661120036827e-09
2050-01-30 07:00:00,0.0251035899711749,7.431476593017692,4.872237045048093e-09
2050-01-30 08:00:00,0.0251033278543787,7.575322151184196,4.908611787701828e-09
2050-01-30 09:00:00,0.0251031190670904,7.787864685058707,4.91032233500439e-09
2050-01-30 10:00:00,0.0251021693625027,8.246647834777946,4.907091236449934e-09
2050-01-30 11:00:00,0.0251024307649313,8.723746299743766,4.902886516534129e-09
2050-01-30 12:00:00,0.0251022536101228,9.251379013061637,4.894953052423219e-09
2050-01-30 13:00:00,0.0251023699865254,9.886135101318473,4.88467065757105e-09
2050-01-30 14:00:00,0.0244622151621046,10.655575752258414,4.869099084893567e-09
2050-01-30 15:00:00,0.0251006483203328,10.44622611999523,4.868212151077748e-09
2050-01-30 16:00:00,0.0251035875189655,9.876469612121696,4.843917188564925e-09
2050-01-30 17:00:00,0.0251035854238377,9.635446548462028,4.84889801718145e-09
2050-01-30 18:00:00,0.0251035832376847,9.560750961303825,4.8516602468293574e-09
2050-01-30 19:00:00,0.0251035841064663,9.63028717041027,4.852680195824111e-09
2050-01-30 20:00:00,0.0251035848610402,9.785506248474235,4.854018843284543e-09
2050-01-30 21:00:00,0.02510358476407,9.88125324249279,4.855517262917399e-09
2050-01-30 22:00:00,0.0251035888404064,9.83998012542736,4.856289780222283e-09
2050-01-30 23:00:00,0.0251036703583215,9.729463577270621,4.856468083185407e-09
2050-01-31 00:00:00,0.0251039210549577,9.582288742065543,4.856354249105901e-09
2050-01-31 01:00:00,0.0251047542586488,9.40684032440197,4.856905019141472e-09
2050-01-31 02:00:00,0.0251046299477216,9.249650001525993,4.849961360701974e-09
2050-01-31 03:00:00,0.0251048646078688,9.130249023437614,4.84323249957983e-09
2050-01-31 04:00:00,0.0251050489634862,9.06417560577404,4.835132231285195e-09
2050-01-31 05:00:00,0.0251066418521407,9.045362472534293,4.829543789463397e-09
2050-01-31 06:00:00,0.0251046103025194,9.035522460937614,4.814107442000948e-09
2050-01-31 07:00:00,0.0251036790785,9.034515380859489,4.792607557109388e-09
2050-01-31 08:00:00,0.0244652513035983,9.474380493164176,4.807485405480295e-09
2050-01-31 09:00:00,0.0244575242771522,10.265852928161735,4.7997518923295354e-09
2050-01-31 10:00:00,0.024455732970255,11.14616680145275,4.794149777772231e-09
2050-01-31 11:00:00,0.0244551896918679,11.972224235534782,4.79031709557853e-09
2050-01-31 12:00:00,0.0244553873130682,12.649982452392692,4.790881675855501e-09
2050-01-31 13:00:00,0.0244566598685389,12.929673194885368,4.798553290791166e-09
2050-01-31 14:00:00,0.0251026556239393,12.31994724273693,4.812626174041719e-09
2050-01-31 15:00:00,0.0251033725729277,11.581665039062614,4.826638301076492e-09
2050-01-31 16:00:00,0.0251035049140092,10.43763351440441,4.8086082447532234e-09
2050-01-31 17:00:00,0.0251034961087198,9.866631507873649,4.815514738271318e-09
2050-01-31 18:00:00,0.0251034911028298,9.719033241272086,4.821727410745663e-09
2050-01-31 19:00:00,0.0251035487679863,9.62679767608654,4.828299045891059e-09
2050-01-31 20:00:00,0.0251036042801184,9.491157531738395,4.834969756540981e-09
2050-01-31 21:00:00,0.0251038471319278,9.309339523315543,4.843673844644365e-09
2050-01-31 22:00:00,0.0251041279389875,8.525019645691032,4.852740223482335e-09
2050-01-31 23:00:00,0.0251045253824796,8.068890571594352,4.8631333174961675e-09
2050-02-01 00:00:00,0.0251064055562058,8.107844352722282,4.880594535256796e-09
2050-02-01 01:00:00,0.0251058284502321,8.179832458496207,4.88857451657493e-09
2050-02-01 02:00:00,0.0251053326085889,7.990025997161979,4.898529463445449e-09
2050-02-01 03:00:00,0.0251059710909609,7.622366428375358,4.9199596741817045e-09
2050-02-01 04:00:00,0.0251095316661899,7.092650413513297,4.950040268042823e-09
2050-02-01 05:00:00,21.461079300292308,6.7783398628236,8.793305163072928e-09
2050-02-01 06:00:00,40.62940743612606,6.578006267547721,6.383162880122559e-08
2050-02-01 07:00:00,41.50117494127674,6.458572387695426,9.637679027653553e-08
2050-02-01 08:00:00,41.50117658691516,6.5692086219788735,8.44027417407267e-08
2050-02-01 09:00:00,41.50119167560091,6.676054954528922,9.588872514454964e-08
2050-02-01 10:00:00,42.392892828243255,6.775219440460319,1.8706050103871038e-07
2050-02-01 11:00:00,43.30135544346604,6.79355096817028,0.006836943034173569
2050-02-01 12:00:00,0.0251067614937023,6.964171409607047,5.07301062484785e-09
2050-02-01 13:00:00,0.0250933635369907,7.3187298774720375,4.943281774477115e-09
2050-02-01 14:00:00,0.0251045091124412,6.774553298950309,5.0514726440701285e-09
2050-02-01 15:00:00,0.0251019683295548,6.411183357238883,4.9571162502923976e-09
2050-02-01 16:00:00,19.990276227730536,5.982306957244987,8.396626030659485e-09
2050-02-01 17:00:00,41.50123476252448,5.653516292572135,9.896230330035138e-08
2050-02-01 18:00:00,0.0251060168781701,5.429227352142448,5.061243624476838e-09
2050-02-01 19:00:00,0.0251045679266558,5.266277313232536,5.013154851010142e-09
2050-02-01 20:00:00,0.0251050757792924,5.047073364257926,5.047415206358803e-09
2050-02-01 21:00:00,0.0251161703865232,4.858891963958854,4.996520038407334e-09
2050-02-01 22:00:00,41.50118875422883,4.681240558624381,8.583037413369858e-08
2050-02-01 23:00:00,42.39291721451514,4.795102596283073,2.880123853384588e-07
2050-02-02 00:00:00,43.301430672146886,5.177016735077018,0.10621094677735184
2050-02-02 01:00:00,43.30142859410033,5.516473293304557,0.08272731090029432
2050-02-02 02:00:00,41.50132355099392,5.702352523803825,1.4998520474915093e-07
2050-02-02 03:00:00,41.50123094776304,5.821329116821403,1.286173305960588e-07
2050-02-02 04:00:00,41.50121346833281,6.013442516327018,1.0490144627975887e-07
2050-02-02 05:00:00,41.50121273453825,6.267939567566032,9.888906896138813e-08
2050-02-02 06:00:00,41.50120262130966,6.374692440033073,9.181072002434447e-08
2050-02-02 07:00:00,41.501168367339325,6.468454360962028,8.00215221311337e-08
2050-02-02 08:00:00,0.0251051919921724,6.555438041687125,5.0752750984058906e-09
2050-02-02 09:00:00,0.0251044225423505,6.5960712432862465,4.994024199187224e-09
2050-02-02 10:00:00,0.0251068498395304,6.683084487915153,5.097197990492684e-09
2050-02-02 11:00:00,0.0251056605736869,6.774765014648551,5.078114423590183e-09
2050-02-02 12:00:00,0.0251048700409733,6.820278644561881,5.040719258564037e-09
2050-02-02 13:00:00,0.0251046480843024,6.872286796569938,5.02139189995265e-09
2050-02-02 14:00:00,0.0251048041588925,6.945971012115592,5.038324206191406e-09
2050-02-02 15:00:00,0.0251065389941885,6.861913681030387,5.087082144782276e-09
2050-02-02 16:00:00,0.0251076294997635,6.728966236114616,5.0773268054677305e-09
2050-02-02 17:00:00,0.02512259408163,6.636962890625114,5.0797525501793166e-09
2050-02-02 18:00:00,41.5011848901941,6.469059944152946,8.107663274558999e-08
2050-02-02 19:00:00,41.50120647820731,6.302110195160026,8.933554867028311e-08
2050-02-02 20:00:00,41.50120846118304,5.855700969696159,9.359830262599127e-08
2050-02-02 21:00:00,41.50121126919594,5.27226018905651,1.0176259390507324e-07
2050-02-02 22:00:00,41.501207839415216,4.799279689788932,9.944709958982539e-08
2050-02-02 23:00:00,41.50120540635207,4.54023647308361,9.300942533584101e-08
2050-02-03 00:00:00,41.50120328882631,4.407654285431022,8.770308660099015e-08
2050-02-03 01:00:00,41.50120354813651,4.3313503265382,8.721793433499894e-08
2050-02-03 02:00:00,41.50121492368135,4.0175423622132485,9.643130842146848e-08
2050-02-03 03:00:00,42.39176970282345,3.6312937736512367,3.0700647878711286e-07
2050-02-03 04:00:00,43.30132546471919,3.428113222122306,0.006626603862331252
2050-02-03 05:00:00,43.30143399759542,3.3009316921235268,0.10798669045627564
2050-02-03 06:00:00,43.3014361527071,3.217035055160636,0.17430394224152357
2050-02-03 07:00:00,25.96462141875326,3.401574611663932,2.6320772443459988e-08
2050-02-03 08:00:00,25.96461612219488,4.076695919036979,1.6386718627574654e-08
2050-02-03 09:00:00,21.010403602357872,5.283809661865348,9.014705095526118e-09
2050-02-03 10:00:00,0.0251165923378743,6.298448085785026,4.883865206761193e-09
2050-02-03 11:00:00,0.0250978299363394,7.325223922729606,4.7359386479749945e-09
2050-02-03 12:00:00,0.0244541363377375,8.721365928650016,4.552509029138246e-09
2050-02-03 13:00:00,0.0244560385240136,9.107889175415153,4.642745556821807e-09
2050-02-03 14:00:00,0.02510148307986,8.592437744140739,4.703167796913441e-09
2050-02-03 15:00:00,0.025102849592656,8.251605987548942,4.718594212827665e-09
2050-02-03 16:00:00,0.0251034147268822,8.441854476928825,4.702645332317009e-09
2050-02-03 17:00:00,0.0251034396268185,8.851167678833121,4.711801923976758e-09
2050-02-03 18:00:00,0.0251034508068332,9.16926479339611,4.71961110719887e-09
2050-02-03 19:00:00,0.0251035522409673,9.212800979614371,4.72937307134846e-09
2050-02-03 20:00:00,0.0251042109847717,9.277129173278922,4.744910500146006e-09
2050-02-03 21:00:00,0.0251051363712653,9.530526161193961,4.757283771180677e-09
2050-02-03 22:00:00,0.0251092018692876,9.378414154052848,4.768929941871462e-09
2050-02-03 23:00:00,19.990041854218017,9.196079254150504,7.654293291526219e-09
2050-02-04 00:00:00,21.01035197065153,9.007409095764274,8.407326430169585e-09
2050-02-04 01:00:00,19.99027398379341,8.841308593750114,7.774133822421771e-09
2050-02-04 02:00:00,19.990332422547457,8.68467235565197,7.938498485337816e-09
2050-02-04 03:00:00,0.0251251559435611,8.55688858032238,4.76584592125825e-09
2050-02-04 04:00:00,0.025131502404403,8.449239730835075,4.761171905831427e-09
2050-02-04 05:00:00,0.0251150093449564,8.350643157959098,4.754776498434304e-09
2050-02-04 06:00:00,0.0251043110164153,8.314889907837028,4.7354557885105965e-09
2050-02-04 07:00:00,0.0251043927323888,8.34951210021984,4.727622732492422e-09
2050-02-04 08:00:00,0.025094823340352,8.724497795105094,4.739774962721624e-09
2050-02-04 09:00:00,0.0244603810619967,9.368522644043082,4.726598664270641e-09
2050-02-04 10:00:00,0.0250797707145209,9.923322677612418,4.746490912749113e-09
2050-02-04 11:00:00,0.0250997816705365,10.21363735198986,4.748119179223278e-09
2050-02-04 12:00:00,0.0251009592811181,10.486284255981559,4.762578877900002e-09
2050-02-04 13:00:00,0.025101603302128,10.65487098693859,4.768062784974548e-09
2050-02-04 14:00:00,0.025103200214226,10.60912895202648,4.788001393541351e-09
2050-02-04 15:00:00,0.0251131550275156,10.479293823242301,4.805475307804167e-09
2050-02-04 16:00:00,19.9903321140966,10.350839614868278,7.959121079785288e-09
2050-02-04 17:00:00,21.010340075282976,10.356209754943961,8.522351481314911e-09
2050-02-04 18:00:00,0.0251061165075549,10.433410644531364,4.776292739981504e-09
2050-02-04 19:00:00,0.025104608044609,10.390555381775016,4.7717293527915206e-09
2050-02-04 20:00:00,0.0251044619226339,10.16124534606945,4.770978154259422e-09
2050-02-04 21:00:00,0.0251045752058282,9.512546539306754,4.771029234989893e-09
2050-02-04 22:00:00,0.0251054963901977,8.68445205688488,4.773026183621404e-09
2050-02-04 23:00:00,0.0251047974204872,7.4450373649598305,4.768236942976391e-09
2050-02-05 00:00:00,0.0251038796670842,7.022145271301383,4.7597319536377044e-09
2050-02-05 01:00:00,0.0251037507650605,6.838757514953727,4.754131782066451e-09
2050-02-05 02:00:00,0.0251036238427984,6.3927302360535805,4.747320312994898e-09
2050-02-05 03:00:00,0.0251035120932144,6.060893535614127,4.739548601830303e-09
2050-02-05 04:00:00,0.0251034259680519,5.680821895599479,4.731376061516981e-09
2050-02-05 05:00:00,0.0251034092078154,5.071203231811637,4.722974026981433e-09
2050-02-05 06:00:00,0.0251033992946739,4.536160945892448,4.7134091596662625e-09
2050-02-05 07:00:00,0.0251033854976987,4.337933063507194,4.6940312375889496e-09
2050-02-05 08:00:00,0.0250838080261725,4.852740764618034,4.711343864545254e-09
2050-02-05 09:00:00,0.0250622003403051,5.615629196167106,4.7041327445153025e-09
2050-02-05 10:00:00,0.0244600380003217,6.392147541046256,4.704264258844232e-09
2050-02-05 11:00:00,0.024454359316165,7.25326776504528,4.701152985647652e-09
2050-02-05 12:00:00,0.0244544674300478,7.743086338043327,4.695569471675245e-09
2050-02-05 13:00:00,0.0244556043684559,7.85601377487194,4.705917526656047e-09
2050-02-05 14:00:00,0.0251042333532699,7.418916225433463,4.750170579084556e-09
2050-02-05 15:00:00,19.99022714955772,6.963916301727409,7.506426245927418e-09
2050-02-05 16:00:00,19.990232823691542,6.771496772766227,7.233605214607791e-09
2050-02-05 17:00:00,21.010396791789866,6.905944824218864,9.782040074120385e-09
2050-02-05 18:00:00,21.010376922213712,7.00200986862194,9.227508617908866e-09
2050-02-05 19:00:00,0.0251185188495816,6.885823726654166,4.783857784061965e-09
2050-02-05 20:00:00,0.0251055383474998,6.77693080902111,4.782205378207187e-09
2050-02-05 21:00:00,0.0251043790638326,6.621866226196403,4.775270048075803e-09
2050-02-05 22:00:00,0.0251040908058987,6.596567630767936,4.770576827484536e-09
2050-02-05 23:00:00,0.0251038987247878,6.699605941772575,4.76553883721723e-09
2050-02-06 00:00:00,0.0251038261583676,6.923852443695182,4.7618058892012606e-09
2050-02-06 01:00:00,0.0251037214769634,7.0349445343018715,4.757985334918917e-09
2050-02-06 02:00:00,0.0251039398450323,7.010694503784293,4.763235816131639e-09
2050-02-06 03:00:00,0.025105848840211,6.969222545623893,4.7935859943760786e-09
2050-02-06 04:00:00,21.46101157931897,6.97383022308361,8.629673957258878e-09
2050-02-06 05:00:00,42.39187318724854,6.888411045074577,2.5414491731835947e-07
2050-02-06 06:00:00,43.30142743622141,6.856394767761344,0.05362074098599783
2050-02-06 07:00:00,43.30141899200787,6.850795745849723,0.027862493347574062
2050-02-06 08:00:00,0.0251124334218029,6.974701881408805,4.82647480910839e-09
2050-02-06 09:00:00,0.0251024777415303,7.213684558868522,4.772177589604478e-09
2050-02-06 10:00:00,0.0251019618993402,7.452731609344596,4.761396898074629e-09
2050-02-06 11:00:00,0.0251016761860179,7.746886253357047,4.750454236608683e-09
2050-02-06 12:00:00,0.0251015575806283,8.09885406494152,4.735144799772058e-09
2050-02-06 13:00:00,0.0251020327077857,8.313969612121696,4.713453212965875e-09
2050-02-06 14:00:00,0.0251040109236442,8.545959472656364,4.804150517267652e-09
2050-02-06 15:00:00,43.30140123128715,8.557545661926383,0.012588663659501294
2050-02-06 16:00:00,43.30143567735214,8.42394065856945,0.11714428737433721
2050-02-06 17:00:00,43.30143701628961,8.334300041198844,0.16441568977539914
2050-02-06 18:00:00,43.30143713721748,8.295900344848746,0.17029527563572078
2050-02-06 19:00:00,43.3014369720251,8.216378211975211,0.16459904686655738
2050-02-06 20:00:00,43.30143542264116,8.114226341247672,0.11503116297694337
2050-02-06 21:00:00,43.3014189982007,7.91456508636486,0.025141770544300893
2050-02-06 22:00:00,43.301414479062736,7.764444351196403,0.020075819131878208
2050-02-06 23:00:00,43.301418252800175,7.764818668365592,0.026007825176210395
2050-02-07 00:00:00,43.301412947156216,7.819639682769889,0.018200846091125253
2050-02-07 01:00:00,43.30141156463432,7.786834716796989,0.01662707923380305
2050-02-07 02:00:00,43.30141478766523,7.7403302192689125,0.019564903296349093
2050-02-07 03:00:00,43.30141346561712,7.735291957855338,0.017645656878681137
2050-02-07 04:00:00,43.3014141805436,7.7666363716126625,0.01770827243073608
2050-02-07 05:00:00,43.30141661418932,7.865661621093864,0.019271082181977123
2050-02-07 06:00:00,43.30141806226168,7.964271068573112,0.020343028748736766
2050-02-07 07:00:00,43.30141940457462,8.13351917266857,0.02177785714678708
2050-02-07 08:00:00,43.30141149725379,8.31834983825695,0.01534293612993677
2050-02-07 09:00:00,0.0251334002975848,8.487977981567496,4.902005736585971e-09
2050-02-07 10:00:00,43.30141929930283,8.459821701049918,0.02177109604294154
2050-02-07 11:00:00,19.99031765003784,7.857512474060172,7.981198941466378e-09
2050-02-07 12:00:00,0.0251409504979166,7.22525787353527,4.863445873728347e-09
2050-02-07 13:00:00,0.025115302584087,6.958715915680045,5.0433316961632525e-09
2050-02-07 14:00:00,0.0251031664040618,6.961061954498405,5.050164644466278e-09
2050-02-07 15:00:00,0.0251040785047501,6.774821281433219,5.10213849726861e-09
2050-02-07 16:00:00,0.0251099237119788,6.0768427848817055,5.145037588228761e-09
2050-02-07 17:00:00,43.30142423765203,5.945348262786979,0.02644206165281437
2050-02-07 18:00:00,43.30143344604171,5.9691357612611,0.056545859253163085
2050-02-07 19:00:00,43.301437373712815,5.839649677276725,0.11850416976593503
2050-02-07 20:00:00,43.3014375527094,5.578236103057975,0.12485938973800069
2050-02-07 21:00:00,43.301437628495385,5.121574401855582,0.1280993875284065
2050-02-07 22:00:00,43.301436849586985,4.849032878875846,0.10388491775848746
2050-02-07 23:00:00,43.30143800809348,4.849615097046012,0.14685115600412849
2050-02-08 00:00:00,43.30143812696826,4.711378574371452,0.146552705641812
2050-02-08 01:00:00,43.30143817451279,4.745883464813346,0.1460410951893386
2050-02-08 02:00:00,43.30143823923064,4.705974578857536,0.14292322241149227
2050-02-08 03:00:00,43.30143850077044,4.615296840667838,0.14384493602340212
2050-02-08 04:00:00,43.30143883688939,4.565159797668571,0.14849285678835958
2050-02-08 05:00:00,43.30143865687602,4.580893993377799,0.13316035022033257
2050-02-08 06:00:00,43.30143894564973,4.662098407745475,0.14382243125270722
2050-02-08 07:00:00,43.30143917822283,4.803108692169303,0.15595901234513737
2050-02-08 08:00:00,43.30143926800842,5.041176319122428,0.16038057078353066
2050-02-08 09:00:00,43.30143996690595,5.324213027954215,0.2193842031648651
2050-02-08 10:00:00,43.30144003124494,5.662056446075553,0.21941340690079222
2050-02-08 11:00:00,43.30143999685495,6.00216913223278,0.21145138667674301
2050-02-08 12:00:00,43.301438194446106,6.803893089294547,0.10823465742976805
2050-02-08 13:00:00,43.30144032499921,6.400129795074577,0.24711064098066818
2050-02-08 14:00:00,43.30144002607676,6.239000320434684,0.20381097511041962
2050-02-08 15:00:00,43.30144025475629,6.062453746795768,0.22673028767679776
2050-02-08 16:00:00,43.30144028259084,5.473276138305778,0.22311097996605464
2050-02-08 17:00:00,43.30144039300923,5.496685981750602,0.22739802200926357
2050-02-08 18:00:00,43.30144040516248,5.500282764434928,0.2256052636040405
2050-02-08 19:00:00,43.30144038302754,5.053892612457389,0.22073562128078245
2050-02-08 20:00:00,43.30144043147894,4.615558147430534,0.22653917205972668
2050-02-08 21:00:00,43.30144053360779,4.437842845916862,0.23989305266258132
2050-02-08 22:00:00,43.301440607253056,4.2422432899476235,0.25048855029581657
2050-02-08 23:00:00,43.30144066335527,3.695036649704093,0.2570144164619059
2050-02-09 00:00:00,43.30144075602984,3.3459510803223793,0.26923367133467535
2050-02-09 01:00:00,43.301440837977935,3.079342126846427,0.28084406726708633
2050-02-09 02:00:00,43.30144090311895,2.8904762268067543,0.28843683601564746
2050-02-09 03:00:00,43.301441007224575,2.750533342361564,0.29890375159121835
2050-02-09 04:00:00,43.3014410552843,2.634276151657218,0.30104953931493555
2050-02-09 05:00:00,43.30144112198762,2.553241968155021,0.3068112215173176
2050-02-09 06:00:00,43.30144112206952,2.5514330863953774,0.3068132151531846
2050-02-09 07:00:00,43.30144108144744,2.9494903087617104,0.3065075896595384
2050-02-09 08:00:00,43.30144078126988,3.490340232849235,0.24762302083132617
2050-02-09 09:00:00,43.30144060953292,4.102956295013541,0.22308576823501708
2050-02-09 10:00:00,43.30144049817789,4.6822271347047035,0.2094144297737703
2050-02-09 11:00:00,43.30144044277521,5.126544952392692,0.20443423018031923
2050-02-09 12:00:00,43.30144012895531,5.61951303482067,0.17536416808324776
2050-02-09 13:00:00,43.301440537051576,5.697400569915885,0.22091483363500558
2050-02-09 14:00:00,43.30144073925333,5.68468809127819,0.25331347493047357
2050-02-09 15:00:00,43.301440810362976,6.039783954620475,0.26938627985517205
2050-02-09 16:00:00,43.301440921589744,5.967021465301627,0.2976386094632215
2050-02-09 17:00:00,43.3014409519462,6.073034286499137,0.3072400982657189
2050-02-09 18:00:00,43.30144084103415,5.689195156097526,0.2966679845564503
2050-02-09 19:00:00,43.30144068896661,5.3321270942689125,0.2741780841018742
2050-02-09 20:00:00,43.301440484140585,5.327212333679313,0.24755569189543208
2050-02-09 21:00:00,43.30144015669857,5.385585784912223,0.21016500571131358
2050-02-09 22:00:00,43.30143979332266,5.566160678863639,0.18017824566595023
2050-02-09 23:00:00,43.30143933516277,5.486122608184928,0.1524780081272628
2050-02-10 00:00:00,43.30143901804217,5.098163127899284,0.13945921141159248
2050-02-10 01:00:00,43.30143855408131,4.849958419799918,0.123858424682525
2050-02-10 02:00:00,43.30143753827805,4.426265716552848,0.0954108649659426
2050-02-10 03:00:00,43.3014342943673,4.332346916198844,0.05644122637313157
2050-02-10 04:00:00,43.301418751568335,4.294529914856071,0.018680453305949363
2050-02-10 05:00:00,19.990263226861096,4.080231666565055,8.061147738060376e-09
2050-02-10 06:00:00,0.0251170917487855,3.82684683799755,4.530362573493999e-09
2050-02-10 07:00:00,0.0251082312356365,3.5954117774964516,4.308835926100487e-09
2050-02-10 08:00:00,0.0251043893999687,2.957566738128776,4.202209149542166e-09
2050-02-10 09:00:00,0.0251044113822254,2.2191653251649086,4.114057540532941e-09
2050-02-10 10:00:00,0.0251077365794048,2.8507618904114906,4.046742326794501e-09
2050-02-10 11:00:00,0.0244534095193472,3.5621662139893715,3.873750906874443e-09
2050-02-10 12:00:00,0.0244611162429025,3.6585295200349037,3.997792777372954e-09
2050-02-10 13:00:00,0.025099480720522,3.70244932174694,4.043754517193451e-09
2050-02-10 14:00:00,0.0251002006348966,3.8803334236146156,4.064607374896847e-09
2050-02-10 15:00:00,0.0251010219210663,3.800607919693107,4.090003256041549e-09
2050-02-10 16:00:00,0.0251036280223442,3.576468706131095,4.083701546107954e-09
2050-02-10 17:00:00,0.0251036088145482,3.4055073261262123,4.047487777939225e-09
2050-02-10 18:00:00,0.0251036226786555,3.4634623527527992,4.053670502630425e-09
2050-02-10 19:00:00,0.0251036309155018,3.2238056659699623,4.059160187739977e-09
2050-02-10 20:00:00,0.0251036392592629,2.842478036880607,4.063566317577043e-09
2050-02-10 21:00:00,0.0251036491460579,2.966220140457267,4.065552475285042e-09
2050-02-10 22:00:00,0.0251037862977829,2.774761915207023,4.063516574764055e-09
2050-02-10 23:00:00,0.0251036653733845,2.806463003158683,4.062097528915186e-09
2050-02-11 00:00:00,0.0251036478304943,2.815367460250968,4.055700404641106e-09
2050-02-11 01:00:00,0.025103640343153,2.3131515979767983,4.04555469476285e-09
2050-02-11 02:00:00,0.0251036462620581,2.037814378738517,4.030596132929086e-09
2050-02-11 03:00:00,0.0251037467404549,1.9847153425217812,4.010544770884342e-09
2050-02-11 04:00:00,0.0251041689401795,1.9983602762223427,3.985098468457651e-09
2050-02-11 05:00:00,0.0251045260394461,2.001437902450675,3.961295605844687e-09
2050-02-11 06:00:00,0.0251047671616978,1.9354443550111,3.94623558891448e-09
2050-02-11 07:00:00,0.0251073241556482,2.1058673858643715,3.908945738281345e-09
2050-02-11 08:00:00,0.0251064774763752,2.8513150215150063,3.981612128183531e-09
2050-02-11 09:00:00,0.0250943077157028,3.7561590671540444,4.007577164741716e-09
2050-02-11 10:00:00,0.0250957986449508,4.810174942016715,4.2917616649582004e-09
2050-02-11 11:00:00,43.30143927431569,4.554104328155631,0.15914430301154528
2050-02-11 12:00:00,43.30144003300848,4.728015422821159,0.21093245141567513
2050-02-11 13:00:00,43.30144000480099,5.1895136833192055,0.20412085264604649
2050-02-11 14:00:00,43.30144023615074,4.959125518798942,0.2282795831687922
2050-02-11 15:00:00,43.301440301179866,5.068967342376823,0.23034467033246123
2050-02-11 16:00:00,43.3014403358992,5.593433380127067,0.22985875903304326
2050-02-11 17:00:00,43.30144026441048,6.178210735321159,0.21557201438274914
2050-02-11 18:00:00,43.30144034867846,6.694531917572135,0.22310676225474738
2050-02-11 19:00:00,43.301440460708,7.0857129096986,0.23603377906119952
2050-02-11 20:00:00,43.30144046210702,7.316631317138786,0.2334460347790812
2050-02-11 21:00:00,43.30144048756,7.303514003753776,0.23504172368539794
2050-02-11 22:00:00,43.30144066944018,7.025394439697379,0.2648419307696525
2050-02-11 23:00:00,43.3014407422384,6.679977893829459,0.2780894261371504
2050-02-12 00:00:00,43.30144074495997,6.191572666168327,0.27754033231093816
2050-02-12 01:00:00,43.30144067646521,5.68950986862194,0.26242803637311174
2050-02-12 02:00:00,43.30144055584764,5.31439304351818,0.24006026307785336
2050-02-12 03:00:00,43.30144043237392,5.19880580902111,0.22086573804224327
2050-02-12 04:00:00,43.30144026144752,4.979137897491569,0.19925388733593843
2050-02-12 05:00:00,43.30144020153733,4.899028301239127,0.19315785658490067
2050-02-12 06:00:00,43.30144018296937,4.787348747253532,0.19261581011510692
2050-02-12 07:00:00,43.3014400591926,4.7693171501160805,0.19517245596039673
2050-02-12 08:00:00,43.30143666557912,5.128889083862418,0.07505416250055638
2050-02-12 09:00:00,43.301434154265415,5.678122997284049,0.05236452212848278
2050-02-12 10:00:00,43.3014358436393,6.278657436370963,0.06633545469658642
2050-02-12 11:00:00,43.30143732922368,6.733931541442985,0.08795771787476321
2050-02-12 12:00:00,43.30143620916873,7.207850933075065,0.07063246897846813
2050-02-12 13:00:00,43.3014389055508,7.422196388244743,0.1293194709257432
2050-02-12 14:00:00,43.30143996095603,7.902364730835075,0.1939829922331079
2050-02-12 15:00:00,43.301440304255216,7.853533744812125,0.23020928392761159
2050-02-12 16:00:00,43.30144055688391,7.534808635711784,0.2627477007282739
2050-02-12 17:00:00,43.30144069455616,7.332738399505729,0.27625582545130006
2050-02-12 18:00:00,43.301440689962725,7.2065072059632485,0.2727607536668978
2050-02-12 19:00:00,43.30144067723458,7.038107395172233,0.2729054444574213
2050-02-12 20:00:00,43.30144062571188,6.6492047309876625,0.2682121111084738
2050-02-12 21:00:00,43.30144058765616,6.711799144744987,0.264168972048763
2050-02-12 22:00:00,43.30144079598615,6.299238204956168,0.30387714733659726
2050-02-12 23:00:00,43.30144077648124,5.5923151969910805,0.3033507466349207
2050-02-13 00:00:00,43.30144060576165,5.316607952118034,0.27981915017847675
2050-02-13 01:00:00,43.30144063648811,5.555711746215934,0.2866045216154368
2050-02-13 02:00:00,43.301440714558375,5.618171691894645,0.29586718267423884
2050-02-13 03:00:00,43.30144075047307,5.5404095649720375,0.2968940469073405
2050-02-13 04:00:00,43.30144079574357,5.633282184600944,0.29725275244544347
2050-02-13 05:00:00,43.30144088998343,5.8320612907410805,0.30560115166747376
2050-02-13 06:00:00,43.301440887051776,5.968620777130241,0.30601748274685536
2050-02-13 07:00:00,43.301440664195184,6.261150836944694,0.3027614816837521
2050-02-13 08:00:00,43.30144036769309,7.035521507263297,0.25831988189903643
2050-02-13 09:00:00,43.30144006349886,7.564434528350944,0.22972748202376111
2050-02-13 10:00:00,43.3014392090851,8.187138557434196,0.16082097443939827
2050-02-13 11:00:00,43.3014393892943,8.433210372924918,0.1821002001975376
2050-02-13 12:00:00,43.30143987777411,8.502202033996696,0.23105249747901557
2050-02-13 13:00:00,43.30144018334447,8.493129730224723,0.27807423232125417
2050-02-13 14:00:00,43.30144025427538,8.493524551391715,0.2913082553315261
2050-02-13 15:00:00,43.30144029660277,8.799445152282829,0.3019733575459518
2050-02-13 16:00:00,43.30144018546157,9.227814674377555,0.28875218310969025
2050-02-13 17:00:00,43.30144004181907,9.404709815979118,0.2651953719201773
2050-02-13 18:00:00,43.30143955292634,9.486645698547477,0.2119769833768554
2050-02-13 19:00:00,43.301439210359256,9.596016883850211,0.194702608323988
2050-02-13 20:00:00,43.30143852959596,9.604857444763297,0.16510177639899618
2050-02-13 21:00:00,43.30143702517726,9.703406333923454,0.11569169135803724
2050-02-13 22:00:00,43.30143145919042,9.757246017456168,0.04935412932153836
2050-02-13 23:00:00,43.30142842249871,9.797720909118766,0.036311192660711825
2050-02-14 00:00:00,43.30142712851713,9.989151954650993,0.031821680301193846
2050-02-14 01:00:00,43.30142112639446,10.207969665527457,0.021731545105395607
2050-02-14 02:00:00,43.30141585748712,10.415880203247184,0.016917133951931375
2050-02-14 03:00:00,0.0253543818892699,10.651962280273551,4.731107302878853e-09
2050-02-14 04:00:00,0.0251083223866847,10.737195968628043,4.858346324605172e-09
2050-02-14 05:00:00,0.0251062744291153,10.650565147400016,4.760444731777213e-09
2050-02-14 06:00:00,0.0251049395890069,10.528134346008414,4.676655949836672e-09
2050-02-14 07:00:00,0.0251043889285038,10.349945068359489,4.64369511026921e-09
2050-02-14 08:00:00,0.0251024017523004,10.267366409301871,4.6195853334777666e-09
2050-02-14 09:00:00,0.0251025535415924,9.98945522308361,4.614880800355921e-09
2050-02-14 10:00:00,0.0247835801307003,9.960353851318473,4.486985365294028e-09
2050-02-14 11:00:00,0.0244587445408911,10.405459403991813,3.4853043190886523e-09
2050-02-14 12:00:00,0.025102476614688,10.60322475433361,4.603651243890819e-09
2050-02-14 13:00:00,0.0251034455285363,10.49532508850109,4.631724120624712e-09
2050-02-14 14:00:00,0.0251038310815306,10.237374305725211,4.636993676230178e-09
2050-02-14 15:00:00,0.025100935271563,10.321856498718375,4.599840153277136e-09
2050-02-14 16:00:00,0.0251059152711854,9.89175128936779,4.802372840070173e-09
2050-02-14 17:00:00,43.30135103088063,9.549041748046989,0.00449078429620316
2050-02-14 18:00:00,43.301428350529406,9.755493164062614,0.03593617503186476
2050-02-14 19:00:00,43.301435578009446,9.60006141662609,0.09177066465748838
2050-02-14 20:00:00,43.301437484943975,9.313982009887809,0.14839357458199276
2050-02-14 21:00:00,43.30143810459403,9.157246589660758,0.1800678798981341
2050-02-14 22:00:00,43.30143822123919,9.078479766845817,0.1886443921968678
2050-02-14 23:00:00,43.30143866877231,9.000745773315543,0.21464857823820094
2050-02-15 00:00:00,43.30143885744721,8.807785034179801,0.22767543824030087
2050-02-15 01:00:00,43.30143895515588,8.507161140442008,0.23532041872583484
2050-02-15 02:00:00,43.301439066468845,8.225897789001579,0.2433741488180387
2050-02-15 03:00:00,43.30143917634219,8.072896003723258,0.25275802478344067
2050-02-15 04:00:00,43.301439330443976,7.945663928985709,0.26615569889240254
2050-02-15 05:00:00,43.30143931409673,7.766703605651969,0.24900913903451435
2050-02-15 06:00:00,43.30143930874241,7.835310459137077,0.23596637457014924
2050-02-15 07:00:00,43.30143950510029,7.969651222229118,0.24791574969920865
2050-02-15 08:00:00,43.30143976254057,8.045048713684196,0.26273178731244307
2050-02-15 09:00:00,43.30143987527833,8.158712387085075,0.2778704638392929
2050-02-15 10:00:00,43.30143975534419,8.461874008178825,0.25392256083896414
2050-02-15 11:00:00,43.3014394466741,10.490793228149528,0.21622383075870233
2050-02-15 12:00:00,43.30143890651748,11.908493995666618,0.17164066638234401
2050-02-15 13:00:00,43.3014383426747,12.444861412048454,0.13995440960115924
2050-02-15 14:00:00,43.30143771406616,12.878501892089957,0.11454887261412833
2050-02-15 15:00:00,43.30143814524205,12.90731525421154,0.1265166121171813
2050-02-15 16:00:00,43.30143983303588,12.662984848022575,0.2377941040664825
2050-02-15 17:00:00,43.30144013742197,12.444253921508903,0.26504905390802097
2050-02-15 18:00:00,43.30144015434474,12.2241725921632,0.26465240794149913
2050-02-15 19:00:00,43.30144016922087,11.974260330200309,0.2669175844099289
2050-02-15 20:00:00,43.30144013997568,11.692876815796012,0.263707461792011
2050-02-15 21:00:00,43.3014401104306,11.418479919433707,0.2540351404373648
2050-02-15 22:00:00,43.30144013581245,11.116613388061637,0.253429164912728
2050-02-15 23:00:00,43.301440125190176,10.723930358886832,0.25032399453794046
2050-02-16 00:00:00,43.301440180292936,10.317361831665153,0.26053334949494855
2050-02-16 01:00:00,43.30144028904738,9.983632087707633,0.2754062346033025
2050-02-16 02:00:00,43.30144035543496,9.61373615264904,0.2822230722115459
2050-02-16 03:00:00,43.30144038597152,9.22445106506359,0.28020650451985823
2050-02-16 04:00:00,43.3014404924431,8.558839797973746,0.2768467022984087
2050-02-16 05:00:00,43.30144057809609,7.933216094970817,0.27418944279185364
2050-02-16 06:00:00,43.3014405822918,7.55945444107067,0.27170117026072144
2050-02-16 07:00:00,43.30144044392017,7.425590038299674,0.26635282871994703
2050-02-16 08:00:00,43.301440225046825,7.4541621208192055,0.2259265627480729
2050-02-16 09:00:00,43.3014399488672,7.595108985900993,0.18547683061947048
2050-02-16 10:00:00,43.30144000569932,7.852949619293327,0.18575573387179933
2050-02-16 11:00:00,43.30143704520262,8.23695278167736,0.07711112033690576
2050-02-16 12:00:00,43.301440093846,7.85868597030651,0.19118703406708082
2050-02-16 13:00:00,43.30143978367716,7.874589443206901,0.16385075135226476
2050-02-16 14:00:00,43.301440319696354,7.671421051025504,0.21181327364471372
2050-02-16 15:00:00,43.30144068009703,7.355106353759879,0.2584298147215474
2050-02-16 16:00:00,43.30144090710195,7.089872360229606,0.29526489363349284
2050-02-16 17:00:00,43.30144104122885,6.954334735870475,0.30525262383459506
2050-02-16 18:00:00,43.30144107161862,6.7431306838990395,0.30541176892015437
2050-02-16 19:00:00,43.30144107467211,6.542465209961051,0.3051858437139522
2050-02-16 20:00:00,43.30144105791305,6.1534819602967445,0.3046981838305375
2050-02-16 21:00:00,43.3014410400986,5.5897846221924965,0.3042945005543066
2050-02-16 22:00:00,43.301441016072935,5.217318534851188,0.30388114132695565
2050-02-16 23:00:00,43.30144100283359,4.829481124878043,0.3038503976567401
2050-02-17 00:00:00,43.30144091926704,4.508463859558219,0.2976236373827781
2050-02-17 01:00:00,43.3014408152442,4.72072792053234,0.2873816167624656
2050-02-17 02:00:00,43.30144073564028,5.225646018982047,0.27155068312351016
2050-02-17 03:00:00,43.30144070506633,5.634866714477653,0.2630268072192941
2050-02-17 04:00:00,43.30144076361662,5.88437128067028,0.26615746653994976
2050-02-17 05:00:00,43.30144082098232,6.025227546692008,0.27187330270648485
2050-02-17 06:00:00,43.30144084792487,6.096937179565543,0.2770560301698344
2050-02-17 07:00:00,43.3014406834417,6.405130863189811,0.2624151011760119
2050-02-17 08:00:00,43.30144039633327,6.990013599395866,0.2194940226728934
2050-02-17 09:00:00,43.30144016005585,7.990777015686149,0.196898964916095
2050-02-17 10:00:00,43.30144013313393,8.798624038696403,0.1903122901046329
2050-02-17 11:00:00,43.301440037266566,9.226959228515739,0.18628221102481204
2050-02-17 12:00:00,43.30143979685016,9.669520378112907,0.167348058346255
2050-02-17 13:00:00,43.30143970719688,9.84536170959484,0.1613201663682297
2050-02-17 14:00:00,43.30144009598784,9.753504753112907,0.19233451309153798
2050-02-17 15:00:00,43.30144034826583,9.639237403869743,0.22023231385646314
2050-02-17 16:00:00,43.30144053460745,9.457301139831657,0.24505399484137233
2050-02-17 17:00:00,43.301440591890994,9.528616905212516,0.24435727851641215
2050-02-17 18:00:00,43.301440526794366,9.511720657348746,0.23342598699013897
2050-02-17 19:00:00,43.30144050022511,9.574013710022086,0.23104380113643258
2050-02-17 20:00:00,43.30144047211429,9.574109077453727,0.22954493990567965
2050-02-17 21:00:00,43.30144047966087,9.507025718689079,0.23238622035393441
2050-02-17 22:00:00,43.301440477995854,9.429119110107536,0.2338009638113496
2050-02-17 23:00:00,43.301440536389634,9.332747459411735,0.2436279681712192
2050-02-18 00:00:00,43.30144048617881,9.188606262207145,0.23545684379124723
2050-02-18 01:00:00,43.30144039241053,9.16255092620861,0.22114568082606767
2050-02-18 02:00:00,43.3014404202756,9.01095008850109,0.22363090576077063
2050-02-18 03:00:00,43.3014404491542,8.81112098693859,0.2255584569201485
2050-02-18 04:00:00,43.30144058580834,8.693072319030875,0.2410141754682059
2050-02-18 05:00:00,43.3014406285841,8.167093276977653,0.243587023361506
2050-02-18 06:00:00,43.30144062640754,7.53996038436901,0.24149081426979538
2050-02-18 07:00:00,43.301440468505135,7.225245475769157,0.23133753629356987
2050-02-18 08:00:00,43.30144044704136,7.021783828735465,0.22737121091899842
2050-02-18 09:00:00,43.30144036444014,7.019224643707389,0.2172872807726985
2050-02-18 10:00:00,43.30144051300725,7.223701477050895,0.22616388600620305
2050-02-18 11:00:00,43.30143955209986,7.673882484436149,0.14152249166607525
2050-02-18 12:00:00,43.30143981041701,7.75577020645153,0.1569270025745417
2050-02-18 13:00:00,43.301439968463946,7.930554866790885,0.16801086230298345
2050-02-18 14:00:00,43.301440266802864,8.210571289062614,0.19439007072317493
2050-02-18 15:00:00,43.30144026188792,8.545042991638297,0.19251259758627462
2050-02-18 16:00:00,43.30144085216915,8.082572937011832,0.27823430668381505
2050-02-18 17:00:00,43.30144086099885,7.7894868850709145,0.2838473596500705
2050-02-18 18:00:00,43.30144081601393,7.863993644714469,0.2728533233890986
2050-02-18 19:00:00,43.30144082869904,7.906947612762565,0.2768864164612792
2050-02-18 20:00:00,43.30144088086215,7.8978290557862465,0.29086474031935666
2050-02-18 21:00:00,43.30144095523077,7.947893142700309,0.3016772132546557
2050-02-18 22:00:00,43.3014410033626,7.907218933105582,0.3057300461105062
2050-02-18 23:00:00,43.30144099746282,7.917790412902946,0.3056549622616138
2050-02-19 00:00:00,43.30144099134778,7.927122116088981,0.30567309017957683
2050-02-19 01:00:00,43.301440980199445,7.830775737762565,0.30567219949969876
2050-02-19 02:00:00,43.30144096573046,7.731288433075065,0.30569707129725393
2050-02-19 03:00:00,43.30144094681653,7.673221111297721,0.30576570333768266
2050-02-19 04:00:00,43.3014409266364,7.596684455871696,0.30605439736924833
2050-02-19 05:00:00,43.30144089781303,7.3624463081361,0.306539689586566
2050-02-19 06:00:00,43.30144083467353,6.928471565246696,0.30676174075227375
2050-02-19 07:00:00,43.30144002694452,6.871346473693961,0.2164098300344479
2050-02-19 08:00:00,43.30143879939338,7.470122337341422,0.13647541017989345
2050-02-19 09:00:00,43.3014370939946,8.41717338562023,0.08927523674862338
2050-02-19 10:00:00,43.30143540849483,9.877277374267692,0.06555265733039985
2050-02-19 11:00:00,43.30143465972284,11.263076782226676,0.059537062120029585
2050-02-19 12:00:00,43.301436591271575,11.577714920044059,0.08147716214325054
2050-02-19 13:00:00,43.30143636625365,11.744245529174918,0.07988511452986702
2050-02-19 14:00:00,43.30143777430507,11.74127006530773,0.1102628877251989
2050-02-19 15:00:00,43.30143920625383,11.190327644348258,0.17767516972071024
2050-02-19 16:00:00,43.30143988237641,10.146033287048454,0.2564256131875099
2050-02-19 17:00:00,43.30144008022985,9.31727218627941,0.28629444871465437
2050-02-19 18:00:00,43.301439987277,8.839253425598258,0.2786775259569295
2050-02-19 19:00:00,43.30143989160761,8.47619724273693,0.2798079064792926
2050-02-19 20:00:00,43.30143972620488,8.152951240539664,0.27097673380517756
2050-02-19 21:00:00,43.30143954976312,7.876346111297721,0.2630864544749216
2050-02-19 22:00:00,43.30143935687839,7.623768806457633,0.25206346838870725
2050-02-19 23:00:00,43.30143913150187,7.40894985198986,0.2393244607928569
2050-02-20 00:00:00,43.30143880471445,7.2016315460206215,0.21316441747462192
2050-02-20 01:00:00,43.30143855937603,7.041234970092887,0.1985030952262338
2050-02-20 02:00:00,43.30143807050016,6.917039394378776,0.1674516331823231
2050-02-20 03:00:00,43.30143757433617,6.771989822387809,0.14285572877741526
2050-02-20 04:00:00,43.30143662978378,6.641162395477409,0.10989019300990274
2050-02-20 05:00:00,43.30143678136167,6.552074909210319,0.11280541251621898
2050-02-20 06:00:00,43.3014367410889,6.475500583648795,0.11473335772602396
2050-02-20 07:00:00,21.01034009211128,6.767674922943229,8.673597861288574e-09
2050-02-20 08:00:00,0.0251267820556698,7.706701278686637,4.828910379581291e-09
2050-02-20 09:00:00,0.0251098902694842,8.948899269104118,4.918120117220288e-09
2050-02-20 10:00:00,0.0251204174099313,10.273464202880973,4.817585234084548e-09
2050-02-20 11:00:00,0.0250481340972484,11.501777648925895,4.904653981311534e-09
2050-02-20 12:00:00,0.0246097979363593,12.367003440857047,4.947038165167228e-09
2050-02-20 13:00:00,0.0251057142398209,12.755617141723746,4.911895666316083e-09
2050-02-20 14:00:00,0.0251189360587217,12.707236289978141,4.834630468282742e-09
2050-02-20 15:00:00,21.01033440947196,12.243447303772086,8.606307988968958e-09
2050-02-20 16:00:00,21.01036992251576,11.429901123046989,1.0529439403108671e-08
2050-02-20 17:00:00,21.01038222814922,10.96264743804943,1.1195706100698063e-08
2050-02-20 18:00:00,21.01036653701168,10.43059062957775,9.769539972845025e-09
2050-02-20 19:00:00,21.010360867407464,9.858469963073844,9.248095408340863e-09
2050-02-20 20:00:00,21.01036573421393,9.454829216003532,9.95540050164349e-09
2050-02-20 21:00:00,21.01036926506908,9.121985435485954,1.0989527974430803e-08
2050-02-20 22:00:00,21.01037464173702,8.860161781311149,1.2761187384412388e-08
2050-02-20 23:00:00,21.01037320954625,8.652221679687614,1.2790986170224986e-08
2050-02-21 00:00:00,21.01037280015896,8.397187232971305,1.2477634444036285e-08
2050-02-21 01:00:00,21.0103712464934,8.16482257843029,1.2226296731411866e-08
2050-02-21 02:00:00,21.01037082863457,7.977761268615836,1.2010822197324412e-08
2050-02-21 03:00:00,21.01037121755217,7.859885692596549,1.2036389106496792e-08
2050-02-21 04:00:00,21.01037121973558,8.080499649047965,1.1640807996427126e-08
2050-02-21 05:00:00,21.0103725348584,8.331863403320426,1.143529852492603e-08
2050-02-21 06:00:00,21.010373147684096,8.158727645874137,1.110024124197049e-08
2050-02-21 07:00:00,21.010362008651136,8.499459266662711,1.0523732070000966e-08
2050-02-21 08:00:00,21.010355735272817,9.075086593628043,9.47884484396704e-09
2050-02-21 09:00:00,21.01020636373549,10.001260757446403,8.330117589889256e-09
2050-02-21 10:00:00,21.010366272291986,10.43707656860363,1.0870857309071851e-08
2050-02-21 11:00:00,19.98904037348888,10.954152107238883,7.667447473425002e-09
2050-02-21 12:00:00,0.0244640201981226,11.857217788696403,4.829812504948544e-09
2050-02-21 13:00:00,0.0251231568614376,12.444049835205192,4.775219521401353e-09
2050-02-21 14:00:00,0.0252607178633765,12.543001174926871,4.763008259126432e-09
2050-02-21 15:00:00,0.0251147992288976,12.20469188690197,4.839545338891614e-09
2050-02-21 16:00:00,0.0251895545808611,11.306844711303825,4.78499525884638e-09
2050-02-21 17:00:00,21.010355499540672,10.762978553772086,9.235250893626044e-09
2050-02-21 18:00:00,21.01035997799066,10.746872901916618,9.793412989824871e-09
2050-02-21 19:00:00,21.01035853078941,10.720688819885368,9.669358881901666e-09
2050-02-21 20:00:00,21.010355326823635,10.86975479125988,9.301742762512661e-09
2050-02-21 21:00:00,21.0103562690944,11.330292701721305,9.417401704724882e-09
2050-02-21 22:00:00,21.010362522016525,11.372869491577262,1.0780665199140773e-08
2050-02-21 23:00:00,21.01036112000268,11.035077095031852,1.038974887528417e-08
2050-02-22 00:00:00,21.0103601331601,10.690446853637809,1.0143213842675966e-08
2050-02-22 01:00:00,21.010359599039028,10.522453308105582,9.98072801700676e-09
2050-02-22 02:00:00,21.010359357254742,10.132236480713004,9.84970915736957e-09
2050-02-22 03:00:00,21.01035816595811,10.203408241272086,9.533140117887678e-09
2050-02-22 04:00:00,21.01035469116039,9.50566387176525,9.054866416058275e-09
2050-02-22 05:00:00,21.010304372938343,8.615453720092887,8.479986885713677e-09
2050-02-22 06:00:00,19.990323741211267,7.991109848022575,8.162623237318947e-09
2050-02-22 07:00:00,0.0251062488323111,7.413431644439811,4.89981146962732e-09
2050-02-22 08:00:00,0.0251028043592734,7.385704517364616,4.825691206221722e-09
2050-02-22 09:00:00,0.0250996625002021,7.9123930931092445,4.784486925275941e-09
2050-02-22 10:00:00,0.0244569414438225,8.996208190918082,4.764141326436158e-09
2050-02-22 11:00:00,0.0244563096453587,9.567406654358024,4.756745076990579e-09
2050-02-22 12:00:00,0.0250963091281844,9.081921577453727,4.7589605167829045e-09
2050-02-22 13:00:00,0.0244583727031284,9.511321067810172,4.740694840546254e-09
2050-02-22 14:00:00,0.0244689142159913,9.530500411987418,4.7671301953822625e-09
2050-02-22 15:00:00,0.0250976361144819,9.202599525451774,4.777714326845814e-09
2050-02-22 16:00:00,0.025104717081715,8.390221595764274,4.85808829822142e-09
2050-02-22 17:00:00,19.990342967005027,7.876395225525016,8.191637387083105e-09
2050-02-22 18:00:00,21.010384723559454,7.723979473114127,9.765069537120469e-09
2050-02-22 19:00:00,21.01039745068651,7.623683929443473,1.202948711454044e-08
2050-02-22 20:00:00,21.010389725858936,7.421200275421256,1.074588083879354e-08
2050-02-22 21:00:00,21.01039158550049,7.290747165680045,1.123581923938025e-08
2050-02-22 22:00:00,21.01040630588283,6.801946163177604,1.4880995343912638e-08
2050-02-22 23:00:00,21.010398034633184,5.91353797912609,1.3393576013244202e-08
2050-02-23 00:00:00,21.01039594047585,5.316603183746452,1.2212259806775063e-08
2050-02-23 01:00:00,21.010398090701237,5.0370879173279945,1.1701161565648252e-08
2050-02-23 02:00:00,21.010400585285826,4.921558380127067,1.0952436743937053e-08
2050-02-23 03:00:00,21.01200545068567,4.901499748230094,1.0146736585249697e-08
2050-02-23 04:00:00,21.46292726701106,4.80021953582775,1.0000754310241005e-08
2050-02-23 05:00:00,21.92367792805165,4.8083796501160805,1.0331922168266059e-08
2050-02-23 06:00:00,42.391771636057975,4.84366083145153,1.6653077908953225e-07
2050-02-23 07:00:00,43.301339474617926,4.870219707489127,0.005117263627883691
2050-02-23 08:00:00,0.0251099164408696,4.7754302024842445,5.158490353914242e-09
2050-02-23 09:00:00,0.0251712281629825,4.749817371368522,4.908045063405746e-09
2050-02-23 10:00:00,43.30135918888719,4.838847637176627,0.005961360347314353
2050-02-23 11:00:00,43.30136040899304,4.873291492462272,0.0059570943988745085
2050-02-23 12:00:00,43.30134636507018,5.137198925018424,0.004748658581802484
2050-02-23 13:00:00,43.3013444418612,5.315833568573112,0.004612980244706792
2050-02-23 14:00:00,0.0251277937870177,5.498218536377067,4.798527715414944e-09
2050-02-23 15:00:00,43.30134528054244,5.471041679382438,0.004606699166151062
2050-02-23 16:00:00,43.30136746768858,5.386705398559684,0.006372384202628973
2050-02-23 17:00:00,43.30137647603903,5.2947173118592445,0.007722664591004476
2050-02-23 18:00:00,43.30139026962027,5.314403057098502,0.010582872881785527
2050-02-23 19:00:00,43.30137659766977,5.316836357116813,0.007603020616394589
2050-02-23 20:00:00,43.30137814907305,5.215220928192252,0.008079706609414134
2050-02-23 21:00:00,43.30138120567175,5.020316123962516,0.009201605139198033
2050-02-23 22:00:00,43.30139149135467,4.921206951141471,0.013930168962234875
2050-02-23 23:00:00,43.301387516331815,4.857506752014274,0.013277075596575072
2050-02-24 00:00:00,43.30138294568199,4.789678573608512,0.010695062083638322
2050-02-24 01:00:00,43.30137739979237,4.7093477249146645,0.007867484538965533
2050-02-24 02:00:00,43.30137627421028,4.595901012420768,0.007478064273177366
2050-02-24 03:00:00,43.30137975039349,4.373817920684928,0.008092445724783051
2050-02-24 04:00:00,43.30136556603275,4.099281787872428,0.005924643487269478
2050-02-24 05:00:00,0.0251178875487433,3.907135486602897,4.87367287245903e-09
2050-02-24 06:00:00,0.0251254042269557,3.514407157898063,4.803849975894533e-09
2050-02-24 07:00:00,0.0251501008727813,3.182529211044425,4.873451055659704e-09
2050-02-24 08:00:00,43.30142316511503,3.209008932113761,0.028137492968138986
2050-02-24 09:00:00,19.990296208795016,3.8107218742371742,8.159659431823081e-09
2050-02-24 10:00:00,0.0244569257519864,4.564804077148551,4.604894623429472e-09
2050-02-24 11:00:00,0.0251051256627476,4.804337501525993,5.029699178850085e-09
2050-02-24 12:00:00,0.0244539790176244,6.448813915252799,4.677014784324932e-09
2050-02-24 13:00:00,0.0244587450012498,7.367872714996452,4.352357977651869e-09
2050-02-24 14:00:00,0.025105101878139,6.7900032997132485,5.0491106312439046e-09
2050-02-24 15:00:00,43.30142139057797,5.735809803009147,0.02243089337103966
2050-02-24 16:00:00,43.30143792712089,5.130262851715202,0.12921969647456236
2050-02-24 17:00:00,43.30143852315715,4.637578964233512,0.14948776349651524
2050-02-24 18:00:00,43.30143850052129,4.4038362503052895,0.14392015097063512
2050-02-24 19:00:00,43.30143872044957,4.230569839477653,0.15517425319461664
2050-02-24 20:00:00,43.30143895762025,4.056814670562858,0.17294309196713512
2050-02-24 21:00:00,43.30143914395856,3.386726140976066,0.19002026456128648
2050-02-24 22:00:00,43.30143925123972,2.769271612167472,0.204521735829803
2050-02-24 23:00:00,43.30143905140579,2.270027637481803,0.18599906436982097
2050-02-25 00:00:00,43.30143856514137,2.7743778228760902,0.15021066361819815
2050-02-25 01:00:00,43.30143808680285,2.6068630218506996,0.12560499309863044
2050-02-25 02:00:00,43.301438245372765,2.3705413341523354,0.12905571647558528
2050-02-25 03:00:00,43.30143837947637,2.1875677108765785,0.13028767895453655
2050-02-25 04:00:00,43.30143868992162,2.252477407455558,0.13897039779695902
2050-02-25 05:00:00,43.30143881607011,2.298058986663932,0.1417022028297527
2050-02-25 06:00:00,43.301438579807424,2.569653272628898,0.12977412103057048
2050-02-25 07:00:00,43.30143803590664,2.7786691188813393,0.11115029800633335
2050-02-25 08:00:00,43.301435048610905,3.064470291137809,0.062279793348312795
2050-02-25 09:00:00,43.30142194442275,3.671012163162345,0.02096873790277539
2050-02-25 10:00:00,43.30141541321419,4.291374206543082,0.01563103896956728
2050-02-25 11:00:00,43.30138795917563,4.851053714752311,0.007472832481229992
2050-02-25 12:00:00,43.301432516144594,5.408452033996696,0.04532679965758278
2050-02-25 13:00:00,43.301433239494536,5.69525241851818,0.048804952965538245
2050-02-25 14:00:00,43.30143634378671,5.69701194763195,0.07500698723686892
2050-02-25 15:00:00,43.30143731800985,5.489532470703239,0.08994408134177319
2050-02-25 16:00:00,43.30143926139445,5.0006709098817055,0.1548600959734994
2050-02-25 17:00:00,43.301439156492606,4.571033954620475,0.1453453463500804
2050-02-25 18:00:00,43.3014393114796,4.369151115417594,0.15227318361181044
2050-02-25 19:00:00,43.30143954049262,4.319450378418082,0.16567820053567534
2050-02-25 20:00:00,43.301439760791055,4.230365276336784,0.18177574204246313
2050-02-25 21:00:00,43.30143981800146,4.22975063323986,0.18538073573367106
2050-02-25 22:00:00,43.30143999586367,4.069980621338004,0.20132122258848847
2050-02-25 23:00:00,43.301439978058944,3.3719153404236977,0.19748077650053394
2050-02-26 00:00:00,43.30144015341248,2.6174783706666176,0.21431376624415738
2050-02-26 01:00:00,43.301440252149554,2.4052376747132485,0.22406678603137536
2050-02-26 02:00:00,43.3014402085448,2.827775955200309,0.21574577672821893
2050-02-26 03:00:00,43.30144020655581,3.0055186748505776,0.21234531415173807
2050-02-26 04:00:00,43.30144017989663,3.0907094478608315,0.20575640254797914
2050-02-26 05:00:00,43.30144036235864,3.10001897811901,0.2250791972247704
2050-02-26 06:00:00,43.30144032342067,3.0366630554200356,0.21858050330896017
2050-02-26 07:00:00,43.301440371606965,2.6347773075104897,0.2347327843290206
2050-02-26 08:00:00,43.30144054832647,2.5470201969147865,0.2612756657313825
2050-02-26 09:00:00,43.30144063542588,2.272137403488273,0.2818846811463071
2050-02-26 10:00:00,43.30144058567032,2.6524651050568764,0.2778467780492119
2050-02-26 11:00:00,43.3014403221985,3.329012870788688,0.23949430425571358
2050-02-26 12:00:00,43.30143955685822,4.156846046447868,0.166224781223286
2050-02-26 13:00:00,43.30143915780219,4.637840270996207,0.1442215416589588
2050-02-26 14:00:00,43.30143871657748,4.933850288391227,0.1252124300947035
2050-02-26 15:00:00,43.30143961558713,5.092236518859977,0.17259605410735784
2050-02-26 16:00:00,43.30144001900692,5.140913009643668,0.20591033737200817
2050-02-26 17:00:00,43.301439538316885,5.203597068786735,0.1630420221311466
2050-02-26 18:00:00,43.3014382851332,5.274676799774284,0.10838459284583625
2050-02-26 19:00:00,43.30143580733773,5.223430156707877,0.06581042523574124
2050-02-26 20:00:00,43.30143000688323,5.0137300491334145,0.03415187721170692
2050-02-26 21:00:00,43.3014297862882,4.538377285003776,0.03359884331058331
2050-02-26 22:00:00,43.301436637072726,4.260558128357047,0.07820223795900054
2050-02-26 23:00:00,43.30143760312233,4.293754100799674,0.09569171396894464
2050-02-27 00:00:00,43.30143808315085,4.373548030853385,0.10806853423855545
2050-02-27 01:00:00,43.30143843820366,4.482456207275504,0.11911222809160865
2050-02-27 02:00:00,43.301438929610704,4.469247817993278,0.1384975936168222
2050-02-27 03:00:00,43.30143936278474,5.012171745300407,0.16027591026451907
2050-02-27 04:00:00,43.301439491667566,5.2674226760865395,0.16401596488588724
2050-02-27 05:00:00,43.30143978500323,5.090116024017448,0.1827428868157226
2050-02-27 06:00:00,43.30143980267072,4.9007329940797035,0.1823187490202415
2050-02-27 07:00:00,43.30143963593678,4.86414194107067,0.17524021284904642
2050-02-27 08:00:00,43.30143985000122,5.011627197265739,0.19336736764903828
2050-02-27 09:00:00,43.301439675455526,5.29803562164318,0.17905049737265238
2050-02-27 10:00:00,43.3014395724701,5.6574115753174965,0.16989461558842128
2050-02-27 11:00:00,43.30143910832842,6.1596956253052895,0.14222263905622834
2050-02-27 12:00:00,43.30143814882979,6.8259062767029945,0.10684272591492248
2050-02-27 13:00:00,43.30143822294462,7.2619085311890785,0.1082366579346003
2050-02-27 14:00:00,43.30143640630933,7.7360930442811195,0.07306810980068246
2050-02-27 15:00:00,43.3014399833507,6.918681144714469,0.19768015900119681
2050-02-27 16:00:00,43.30143973665224,6.361631870269889,0.17180607145256951
2050-02-27 17:00:00,43.30144017097571,5.8273029327393715,0.20628726805575742
2050-02-27 18:00:00,43.30143992106601,5.422406196594352,0.17954295469537265
2050-02-27 19:00:00,43.30144008570559,5.132278919220084,0.19501619767727757
2050-02-27 20:00:00,43.301440266573714,4.837089061737174,0.21756485916778504
2050-02-27 21:00:00,43.30144029130973,4.5688471794129555,0.2219096710759815
2050-02-27 22:00:00,43.30144028261211,4.379299163818473,0.22243606404270477
2050-02-27 23:00:00,43.3014403104854,4.283114433288688,0.22555615054536168
2050-02-28 00:00:00,43.301440393543686,4.11999607086193,0.23380587439855297
2050-02-28 01:00:00,43.301440532040566,4.012536525726432,0.25116621869660766
2050-02-28 02:00:00,43.301440617416695,4.062177658081168,0.2597222517242244
2050-02-28 03:00:00,43.30144068314306,4.192052841186637,0.26262306221927184
2050-02-28 04:00:00,43.30144075309384,4.2858366966248695,0.2640687739627365
2050-02-28 05:00:00,43.30144078759974,4.541003227234,0.26290785842904574
2050-02-28 06:00:00,43.30144080855856,4.542163372039909,0.2646017290425099
2050-02-28 07:00:00,43.30144064274401,4.625674247741813,0.2449515491684994
2050-02-28 08:00:00,43.30144074739405,4.757383823394889,0.26335658293957487
2050-02-28 09:00:00,43.30144070879732,4.974131584167594,0.259888661994971
2050-02-28 10:00:00,43.301440408485554,5.471735000610465,0.21498000420501448
2050-02-28 11:00:00,43.30143946537517,6.474498748779411,0.14182259396531047
2050-02-28 12:00:00,43.3014402753536,6.595035552978629,0.1993478130866867
2050-02-28 13:00:00,43.3014404192137,6.6337370872498695,0.21556779880127303
2050-02-28 14:00:00,43.30144025610294,6.951571464538688,0.19898228153487937
2050-02-28 15:00:00,43.30143985194017,7.176603317260856,0.16367778848366088
2050-02-28 16:00:00,43.30144054450621,6.619152069091911,0.23134292760520245
2050-02-28 17:00:00,43.301440812035416,5.708513259887809,0.2710164388474133
2050-02-28 18:00:00,43.30144066230739,5.708550453186149,0.2429298533542517
2050-02-28 19:00:00,43.301440426089485,5.892201900482291,0.21162682069567929
2050-02-28 20:00:00,43.301440345505085,5.895955085754508,0.20485431844991803
2050-02-28 21:00:00,43.30144030835996,5.491945743560905,0.2026656339049498
2050-02-28 22:00:00,43.30144033418199,4.889179229736442,0.20789662739176112
2050-02-28 23:00:00,43.30144028508255,4.624037265777702,0.20304522486768753
2050-03-01 00:00:00,43.30144038928442,4.822719097137565,0.21451738917028543
2050-03-01 01:00:00,43.301440556231405,4.84342193603527,0.23623467122293315
2050-03-01 02:00:00,43.30144060729874,4.591441631317252,0.24179913276620943
2050-03-01 03:00:00,43.30144062708091,4.180349826812858,0.24123652056565156
2050-03-01 04:00:00,43.30144068344045,4.362169742584342,0.24596984561007035
2050-03-01 05:00:00,43.30144072805239,4.546072483062858,0.2520489295985606
2050-03-01 06:00:00,43.30144072827334,4.116560459137077,0.2539130387017172
2050-03-01 07:00:00,43.3014404854026,4.227475643158073,0.23717093930648692
2050-03-01 08:00:00,43.30144045083033,4.476768016815299,0.23170613059461687
2050-03-01 09:00:00,43.3014402988828,4.353446006775016,0.21388077089643312
2050-03-01 10:00:00,43.301440425584,4.963884353637809,0.2308923429142189
2050-03-01 11:00:00,43.30144043074855,5.068526744842643,0.23448484853128712
2050-03-01 12:00:00,43.30144021695746,4.999886035919303,0.20815195688703378
2050-03-01 13:00:00,43.3014378843568,6.236880302429313,0.09408432362867362
2050-03-01 14:00:00,43.30143677443336,6.938405036926383,0.07567063761856799
2050-03-01 15:00:00,43.30143967811516,6.505932807922477,0.15988227118246218
2050-03-01 16:00:00,43.30143980854958,6.191227912902946,0.16712442574378147
2050-03-01 17:00:00,43.30144000689034,5.636057853698844,0.1784863864784676
2050-03-01 18:00:00,43.30143994108936,5.351429462432975,0.17222337224554274
2050-03-01 19:00:00,43.3014401355053,5.210476398468131,0.19011796831548367
2050-03-01 20:00:00,43.30144001511126,5.066607475280875,0.18108852245297338
2050-03-01 21:00:00,43.30143992685079,5.004575252533073,0.1748125601163286
2050-03-01 22:00:00,43.30144050210146,4.990897655487174,0.24277854519779551
2050-03-01 23:00:00,43.301440484592135,4.637834548950309,0.23963005857323866
2050-03-02 00:00:00,43.3014404562301,4.407667636871452,0.23308953384928205
2050-03-02 01:00:00,43.30144044763714,4.182260513305778,0.2287387835706388
2050-03-02 02:00:00,43.30144054440344,4.065497875213737,0.23854252990558333
2050-03-02 03:00:00,43.30144068274461,4.066640377044791,0.2545096795824649
2050-03-02 04:00:00,43.30144078338669,4.198867797851676,0.2637380681876701
2050-03-02 05:00:00,43.301440836778816,4.418594360351676,0.2687230369274665
2050-03-02 06:00:00,43.3014408733972,4.5248317718507,0.2755228871710908
2050-03-02 07:00:00,43.30144071238058,4.61938047409069,0.2632339366665971
2050-03-02 08:00:00,43.30144006891899,5.080297946930045,0.17684885820007074
2050-03-02 09:00:00,43.30143993046602,5.568460941314811,0.16224125723077973
2050-03-02 10:00:00,43.30144005682575,5.8811335563660805,0.16913898282592654
2050-03-02 11:00:00,43.30144038917732,6.077700614929313,0.19761553063865586
2050-03-02 12:00:00,43.30144069067261,6.00273418426525,0.23540115281933002
2050-03-02 13:00:00,43.30144073448725,6.224853992462272,0.24089761445884122
2050-03-02 14:00:00,43.30144085560391,6.274216651916618,0.25974188253730573
2050-03-02 15:00:00,43.30144095234182,6.153989315033073,0.2764035072154636
2050-03-02 16:00:00,43.30144088516096,6.243665218353385,0.26518584078758806
2050-03-02 17:00:00,43.30144109233697,6.187971591949577,0.2990335791692884
2050-03-02 18:00:00,43.30144110189893,6.102865219116325,0.29912866418554224
2050-03-02 19:00:00,43.301441036572456,5.89998292922985,0.2946285377203509
2050-03-02 20:00:00,43.30144106066345,5.6853961944581215,0.2980917507925302
2050-03-02 21:00:00,43.30144097009229,5.484897136688346,0.2905819820745904
2050-03-02 22:00:00,43.301441006164445,5.4136700630189125,0.2973626514302594
2050-03-02 23:00:00,43.30144092242918,5.210430145263786,0.28975783845911285
2050-03-03 00:00:00,43.30144088452844,5.164025783538932,0.283344896494308
2050-03-03 01:00:00,43.30144089521778,5.175740718841666,0.2861858014723091
2050-03-03 02:00:00,43.301440902830606,4.673472404480094,0.2867526151394161
2050-03-03 03:00:00,43.30144092546923,4.569468975067252,0.28809917560959564
2050-03-03 04:00:00,43.30144090745367,4.5768380165101235,0.27796068436331894
2050-03-03 05:00:00,43.30144086201758,4.445463180542106,0.2666576624993824
2050-03-03 06:00:00,43.30144080486279,4.306365013122672,0.2579210164233972
2050-03-03 07:00:00,43.3014403385382,4.725526332855338,0.20316453323598058
2050-03-03 08:00:00,43.30144069866146,5.226265907287711,0.2579833221174
2050-03-03 09:00:00,43.3014407523069,5.153069019317741,0.276195291192158
2050-03-03 10:00:00,43.30144072911919,4.838010311126823,0.27531704654840883
2050-03-03 11:00:00,43.30144060416545,4.604926586151237,0.2590315121106319
2050-03-03 12:00:00,43.30144050595307,5.123484611511344,0.2475305285157842
2050-03-03 13:00:00,43.30144036127828,5.701238155365104,0.23108021329397202
2050-03-03 14:00:00,43.301440212805424,6.309164524078483,0.21629841618394383
2050-03-03 15:00:00,43.30143997596913,7.392179489135856,0.19312906852754053
2050-03-03 16:00:00,43.30144022835218,8.234868049621696,0.22486816073623717
2050-03-03 17:00:00,43.30144016397033,8.689327239990348,0.21703700106234647
2050-03-03 18:00:00,43.30143948369019,8.396998405456657,0.15764546523119644
2050-03-03 19:00:00,43.30143839167101,8.170608520507926,0.11090358634126438
2050-03-03 20:00:00,43.30143773792219,7.810210227966422,0.0954684571793929
2050-03-03 21:00:00,43.30143796519111,7.437473297119254,0.10226205013998736
2050-03-03 22:00:00,43.301438379141146,7.028880596161002,0.11631138112152203
2050-03-03 23:00:00,43.30143815814798,6.630805492401237,0.11047102302603298
2050-03-04 00:00:00,43.30143859170232,6.309201717376823,0.12701611776531344
2050-03-04 01:00:00,43.30143911217153,5.931879043579215,0.15499067568157707
2050-03-04 02:00:00,43.301439135835416,5.555482387542838,0.157628941145484
2050-03-04 03:00:00,43.301438983930296,5.045216560363883,0.14860986325476622
2050-03-04 04:00:00,43.30143870876413,5.0654926300049965,0.1338339940796246
2050-03-04 05:00:00,43.30143764933272,5.50167274475109,0.09900792513408979
2050-03-04 06:00:00,43.301434216342265,6.020892620086784,0.0546059834253798
2050-03-04 07:00:00,43.30139815471944,6.334806442260856,0.009711414357709315
2050-03-04 08:00:00,43.30140751859882,6.379517078399772,0.0129875536242389
2050-03-04 09:00:00,43.30143706851301,6.178852081298942,0.10545053875810434
2050-03-04 10:00:00,43.30143826623871,5.970152378082389,0.15321356835028227
2050-03-04 11:00:00,43.30143793654921,5.828996181488151,0.14333377031977926
2050-03-04 12:00:00,43.30143747201677,5.6992511749268715,0.12909811214577155
2050-03-04 13:00:00,43.30143710950646,5.563227653503532,0.12211815048346811
2050-03-04 14:00:00,43.301436762013765,5.545357704162711,0.11703283219275638
2050-03-04 15:00:00,43.3014368026602,5.5442991256715,0.12022596132814645
2050-03-04 16:00:00,43.30143517577068,5.298078536987418,0.08313567678381437
2050-03-04 17:00:00,43.30140100677247,5.116487026214713,0.011361227252673049
2050-03-04 18:00:00,0.0251067113713957,5.1751189231873695,4.666737632039254e-09
2050-03-04 19:00:00,0.0251042130949954,5.230181217193717,4.510964625760874e-09
2050-03-04 20:00:00,0.0251036075278695,5.189774990081901,4.4256833527027425e-09
2050-03-04 21:00:00,0.0251032282669675,5.3574414253236,4.396118539824476e-09
2050-03-04 22:00:00,0.0251033412467891,5.5454144477845375,4.403779269667576e-09
2050-03-04 23:00:00,0.0251033540864556,5.649796009063834,4.408710407958317e-09
2050-03-05 00:00:00,0.0251036756983164,5.6944341659547035,4.4187037497501315e-09
2050-03-05 01:00:00,0.0251039763312251,5.8124432563782875,4.436276433370886e-09
2050-03-05 02:00:00,0.0251042158212945,5.81381464004528,4.452934937943451e-09
2050-03-05 03:00:00,0.0251042564696149,5.868422985077018,4.4640999179773726e-09
2050-03-05 04:00:00,0.0251047634292091,6.032515048980827,4.495068404378532e-09
2050-03-05 05:00:00,0.0251049904466412,6.0785212516785805,4.522352173322601e-09
2050-03-05 06:00:00,0.0251052159566956,6.1681890487672035,4.5587847606441904e-09
2050-03-05 07:00:00,0.0251045828438981,6.723528385162467,4.606481005781256e-09
2050-03-05 08:00:00,0.0251049455573792,7.278518199920768,4.665842832210328e-09
2050-03-05 09:00:00,0.0251049864580455,7.847707271576041,4.729976352197297e-09
2050-03-05 10:00:00,43.30141088276935,8.448668479919547,0.018148867794563234
2050-03-05 11:00:00,43.30139793938627,9.092926979065055,0.01155149018998543
2050-03-05 12:00:00,43.30139635612078,9.791582107544059,0.010902573213589213
2050-03-05 13:00:00,43.30140424197252,10.323421478271598,0.015171396576500032
2050-03-05 14:00:00,43.30142831437334,10.614145278930778,0.052900325226715963
2050-03-05 15:00:00,43.30143418938733,10.693470954895133,0.10472008294885965
2050-03-05 16:00:00,43.30143147581778,10.622012138366813,0.06987467913560849
2050-03-05 17:00:00,43.30141176799692,10.336824417114371,0.018767903883668554
2050-03-05 18:00:00,43.30139205758607,9.99610519409191,0.009225345064870334
2050-03-05 19:00:00,19.990378600151946,10.016091346740836,7.085275025410813e-09
2050-03-05 20:00:00,19.990307428599856,10.161464691162223,7.255651087271216e-09
2050-03-05 21:00:00,19.99039026744004,10.190169334411735,6.9952785722324016e-09
2050-03-05 22:00:00,43.30132125665175,10.196760177612418,0.0030866845511322706
2050-03-05 23:00:00,43.30139588735439,10.212749481201286,0.010688758656768813
2050-03-06 00:00:00,43.30139952980584,10.244428634643668,0.012988618433871413
2050-03-06 01:00:00,43.30139908141626,10.27857875823986,0.01239164530052791
2050-03-06 02:00:00,43.30139938164547,10.285823822021598,0.012264025022543652
2050-03-06 03:00:00,43.30139989527539,10.296996116638297,0.012264908613283278
2050-03-06 04:00:00,43.301403132561525,10.199968338012809,0.014436773381591599
2050-03-06 05:00:00,43.30140719644432,10.051940917968864,0.016680045255775242
2050-03-06 06:00:00,43.30140967985111,9.81374835968029,0.017290678854757414
2050-03-06 07:00:00,43.30141651369524,9.963981628418082,0.023170430251386362
2050-03-06 08:00:00,43.30143042274313,10.407645225525016,0.05902902612762092
2050-03-06 09:00:00,43.30143410803724,10.936394691467399,0.092253137940466
2050-03-06 10:00:00,43.30143667779807,11.485059738159293,0.14802760881165283
2050-03-06 11:00:00,43.30143751191265,11.890008926391715,0.1770831648749348
2050-03-06 12:00:00,43.30143741299872,12.133062362671012,0.1734538382409555
2050-03-06 13:00:00,43.301437743322495,12.094878196716422,0.19320218839637884
2050-03-06 14:00:00,43.30143840711734,11.904391288757438,0.2501800502472662
2050-03-06 15:00:00,43.30143850095662,11.704168319702262,0.2620387284657499
2050-03-06 16:00:00,43.30143800144629,11.56705760955822,0.20778263344258857
2050-03-06 17:00:00,43.30143790951903,11.366993904113883,0.19015412923423944
2050-03-06 18:00:00,43.301437019796765,10.886591911316032,0.1421172980411462
2050-03-06 19:00:00,43.30143650289112,10.384025573730582,0.1260274081279333
2050-03-06 20:00:00,43.30143674424019,10.17753887176525,0.136476326499819
2050-03-06 21:00:00,43.30143719159264,10.050009727478141,0.15499460046971844
2050-03-06 22:00:00,43.30143805566135,10.086695671081657,0.210900666924463
2050-03-06 23:00:00,43.30143720675024,10.132254600525016,0.15998960054305983
2050-03-07 00:00:00,43.30143629863329,9.631320953369254,0.1248655901966468
2050-03-07 01:00:00,43.30143657015529,9.530004501342887,0.13658901086631206
2050-03-07 02:00:00,43.30143705067819,9.420067787170524,0.15574113339841814
2050-03-07 03:00:00,43.30143672153775,9.468529701233024,0.13955130073364438
2050-03-07 04:00:00,43.30143716163629,9.367261886596793,0.1542048983907899
2050-03-07 05:00:00,43.30143758385312,9.29606914520275,0.16525954484961436
2050-03-07 06:00:00,43.3014381633759,9.238409042358512,0.19202077965074324
2050-03-07 07:00:00,43.30143801368987,9.467804908752555,0.18496176913806717
2050-03-07 08:00:00,43.30143793093225,9.957406044006461,0.17800671686934297
2050-03-07 09:00:00,43.30143781763798,10.439208030700797,0.17165583854531255
2050-03-07 10:00:00,43.30143815073107,10.919302940368766,0.19053961194158758
2050-03-07 11:00:00,43.30143266634643,11.766838073730582,0.058679113103545684
2050-03-07 12:00:00,43.30142903028791,12.274743080139274,0.038551218196735265
2050-03-07 13:00:00,43.30142987655131,12.512494087219352,0.0418744167386984
2050-03-07 14:00:00,43.30142455469769,12.661239624023551,0.026735870379960412
2050-03-07 15:00:00,43.30143663600055,11.597696304321403,0.12824215612554088
2050-03-07 16:00:00,43.30143810587786,10.89298248291027,0.19707158202650105
2050-03-07 17:00:00,43.30143807103267,9.834872245788688,0.18547827520852453
2050-03-07 18:00:00,43.30143798970629,9.234159469604606,0.17796622829773168
2050-03-07 19:00:00,43.30143811793368,9.059348106384391,0.190725093349485
2050-03-07 20:00:00,43.30143801851718,8.852808952331657,0.1917923646530061
2050-03-07 21:00:00,43.30143809535223,8.133440971374625,0.20158661403003555
2050-03-07 22:00:00,43.30143822384664,7.495951652526969,0.2154283284585531
2050-03-07 23:00:00,43.30143780568415,7.114025592804069,0.18941212894746734
2050-03-08 00:00:00,43.30143707038268,6.704951286316032,0.15230028329026776
2050-03-08 01:00:00,43.30143700545264,6.147360801696891,0.15062665845575393
2050-03-08 02:00:00,43.30143708357885,5.708038806915397,0.15484365153692367
2050-03-08 03:00:00,43.30143673676152,5.44999456405651,0.1391396051097317
2050-03-08 04:00:00,43.3014362807547,5.290784358978385,0.1209997380433904
2050-03-08 05:00:00,43.30143633452028,5.071158409118766,0.11287454166720237
2050-03-08 06:00:00,43.30143633454496,4.753757476806754,0.11319480095859785
2050-03-08 07:00:00,35.05319025557086,5.216816902160758,2.3000073526866356e-08
2050-03-08 08:00:00,35.05318251184103,6.480291366577262,1.942762568497284e-08
2050-03-08 09:00:00,35.053156978948486,7.5783686637879555,1.81447244927944e-08
2050-03-08 10:00:00,35.0531805593094,8.667869567871207,1.8875751303929844e-08
2050-03-08 11:00:00,35.0531868765266,9.35550975799572,2.073328539018114e-08
2050-03-08 12:00:00,35.0531554409617,10.409115791320914,1.809955897127972e-08
2050-03-08 13:00:00,0.0251349534274367,11.537493705749625,4.750185930112492e-09
2050-03-08 14:00:00,35.05318170841625,11.92342567443859,1.8796063252096532e-08
2050-03-08 15:00:00,35.80527692669121,11.854526519775504,2.5727205505224447e-08
2050-03-08 16:00:00,43.301369867109045,11.308413505554313,0.012749795759946498
2050-03-08 17:00:00,43.30141042129943,10.669265747070426,0.03570880148183939
2050-03-08 18:00:00,43.30141442976451,10.301154136657829,0.04121306254183981
2050-03-08 19:00:00,43.301414202350585,10.02404594421398,0.039761140716469044
2050-03-08 20:00:00,43.301408109251135,9.865711212158317,0.029466099896076445
2050-03-08 21:00:00,43.30140800581622,9.604544639587516,0.03178109772866655
2050-03-08 22:00:00,43.30141180453395,9.426316261291618,0.04430783624676052
2050-03-08 23:00:00,35.053197691033816,9.464981079101676,2.968563772025792e-08
2050-03-09 00:00:00,35.053187534039665,9.456002235412711,2.031772940715089e-08
2050-03-09 01:00:00,0.0251280228849805,9.349941253662223,4.888854357463957e-09
2050-03-09 02:00:00,0.0251070228730889,9.288276672363395,5.129512119513768e-09
2050-03-09 03:00:00,0.0251048124076458,9.140097618103141,4.936257476066795e-09
2050-03-09 04:00:00,0.0251050714278112,8.378191947937125,4.929349749176865e-09
2050-03-09 05:00:00,0.0251056167183902,8.257732391357536,5.0403296651424105e-09
2050-03-09 06:00:00,0.0251452581364138,8.587204933166618,4.924969716745042e-09
2050-03-09 07:00:00,35.05317325103334,9.176263809204215,2.201290882157053e-08
2050-03-09 08:00:00,0.0251102620122834,9.605478286743278,5.092568390845567e-09
2050-03-09 09:00:00,0.0251040387917482,9.88537693023693,4.897556260439512e-09
2050-03-09 10:00:00,35.05318878276527,10.11026477813732,2.1848819861567663e-08
2050-03-09 11:00:00,35.053190421955975,10.423834800720329,2.150881393331521e-08
2050-03-09 12:00:00,35.05317205932434,10.916778564453239,1.9509553960110364e-08
2050-03-09 13:00:00,35.053195731082226,11.092288017273063,2.0853483017516628e-08
2050-03-09 14:00:00,0.0251493791765388,12.004804611206168,4.853922417086907e-09
2050-03-09 15:00:00,43.30133923182499,11.900485038757438,0.004785140124716767
2050-03-09 16:00:00,43.30140999406414,11.326164245605582,0.020900638494782988
2050-03-09 17:00:00,43.30143210787568,10.653451919555778,0.09248167046759073
2050-03-09 18:00:00,43.301433912169394,10.362976074218864,0.11437627081628045
2050-03-09 19:00:00,43.30143427137324,9.903040885925407,0.12424156060934853
2050-03-09 20:00:00,43.301433462764905,9.260323524475211,0.11078845624689224
2050-03-09 21:00:00,43.30142339185216,9.29473686218273,0.03989658400475843
2050-03-09 22:00:00,43.30143555194596,9.714618682861442,0.16984314259906902
2050-03-09 23:00:00,43.30143386999971,9.51171970367443,0.127876422778946
2050-03-10 00:00:00,43.30142761680033,9.628695487976188,0.059275426817898984
2050-03-10 01:00:00,43.30142033719586,9.570375442504996,0.029247577651016966
2050-03-10 02:00:00,43.301422383846045,9.406626701355094,0.03471249960026089
2050-03-10 03:00:00,43.30142667318948,9.17212295532238,0.05231117094275131
2050-03-10 04:00:00,43.30142912128426,8.77267169952404,0.06325247508249056
2050-03-10 05:00:00,43.301432512673365,8.486964225769157,0.0861931743314245
2050-03-10 06:00:00,43.30143555326888,8.156016349792594,0.13438197668440555
2050-03-10 07:00:00,43.30143315367226,8.287194252014274,0.07969366633871605
2050-03-10 08:00:00,43.30143413466271,8.561763763427848,0.09222212168376615
2050-03-10 09:00:00,43.30143390472542,8.864198684692496,0.08935900509881779
2050-03-10 10:00:00,43.30143731342819,8.93189907073986,0.19699223778854158
2050-03-10 11:00:00,43.30143401834879,9.654787063598746,0.09063777956976284
2050-03-10 12:00:00,43.30141975481635,11.359637260437125,0.022005614778815373
2050-03-10 13:00:00,43.30142363746741,13.214264869690055,0.028118278246034595
2050-03-10 14:00:00,43.30142906885263,13.444494247436637,0.045796839971678875
2050-03-10 15:00:00,43.30143696568815,12.36875152587902,0.1840887164747409
2050-03-10 16:00:00,43.30143627255657,11.549281120300407,0.14250266836947725
2050-03-10 17:00:00,43.30143741710874,10.585488319397086,0.19017794415455663
2050-03-10 18:00:00,43.30143672284297,10.046888351440543,0.15236574106985135
2050-03-10 19:00:00,43.30143525926049,10.01503944396984,0.10933691394511914
2050-03-10 20:00:00,43.30143552978278,9.838313102722282,0.1217890364571952
2050-03-10 21:00:00,43.30143594772824,9.779869079589957,0.13915211691524787
2050-03-10 22:00:00,43.30143660517204,9.795392036438102,0.1716925803680923
2050-03-10 23:00:00,43.30143632803715,9.775512695312614,0.16463890814178866
2050-03-11 00:00:00,43.30143577365893,9.874612808227653,0.14603802535139573
2050-03-11 01:00:00,43.30143504610353,9.719771385192985,0.12422000687594886
2050-03-11 02:00:00,43.30143286054262,9.817001342773551,0.0776950247495827
2050-03-11 03:00:00,43.30143262926048,9.70556735992443,0.07339512518792955
2050-03-11 04:00:00,43.30143245435767,9.690629959106559,0.0698062213403502
2050-03-11 05:00:00,43.301432381744185,9.620763778686637,0.06496962117531013
2050-03-11 06:00:00,43.30142936283756,9.616288185119743,0.044516195611487445
2050-03-11 07:00:00,21.010358122812463,9.43652153015148,9.114187893975195e-09
2050-03-11 08:00:00,19.990421239335657,9.102462768554801,7.841333017667217e-09
2050-03-11 09:00:00,19.99035615601975,8.876332283020133,7.844736432088386e-09
2050-03-11 10:00:00,21.01035936774921,9.087853431701774,9.202612852273113e-09
2050-03-11 11:00:00,21.010355229507933,9.084360122680778,9.008151214761126e-09
2050-03-11 12:00:00,21.010348401015,8.527914047241325,8.66066458004667e-09
2050-03-11 13:00:00,19.99035012615793,8.093231201171989,8.080355814419877e-09
2050-03-11 14:00:00,0.0251073878088522,8.533491134643668,4.789518946357456e-09
2050-03-11 15:00:00,0.025103564438441,8.911126136779899,4.734330412136162e-09
2050-03-11 16:00:00,0.0251044789402639,8.825346946716422,4.718396075813015e-09
2050-03-11 17:00:00,0.0251051250923226,8.645894050598258,4.676751217594178e-09
2050-03-11 18:00:00,0.0251049450494081,8.42324256896984,4.664306655226471e-09
2050-03-11 19:00:00,0.0251051249929389,8.090728759765739,4.655359784860349e-09
2050-03-11 20:00:00,0.0251048751199606,7.882434368133659,4.645750483905971e-09
2050-03-11 21:00:00,0.0251041828183067,7.890888214111442,4.63489534993177e-09
2050-03-11 22:00:00,0.0251039649902779,7.999985218048209,4.627626771074254e-09
2050-03-11 23:00:00,0.025103715551496,8.13395214080822,4.621223955006157e-09
2050-03-12 00:00:00,0.0251035576304359,8.138093948364371,4.616489372681519e-09
2050-03-12 01:00:00,0.0251035003732111,8.04022598266613,4.613731059767713e-09
2050-03-12 02:00:00,0.0251034752067385,7.929215908050651,4.612317882178128e-09
2050-03-12 03:00:00,0.0251034683681671,7.831107616424674,4.612012902673986e-09
2050-03-12 04:00:00,0.025103452153163,7.737968444824332,4.612780213057836e-09
2050-03-12 05:00:00,0.0251034400662889,7.619110107421989,4.6150883030013516e-09
2050-03-12 06:00:00,0.0251034333002897,7.550757884979362,4.618681571829374e-09
2050-03-12 07:00:00,0.0251031740457185,7.479148864746207,4.641174877548698e-09
2050-03-12 08:00:00,0.0251027941049498,7.567549705505485,4.643981017422871e-09
2050-03-12 09:00:00,0.0251024421621618,7.774471282959098,4.643195930309908e-09
2050-03-12 10:00:00,0.0251022322701881,7.894305229187125,4.639766688925292e-09
2050-03-12 11:00:00,0.0251022558539499,7.987062931060905,4.634428007253175e-09
2050-03-12 12:00:00,0.0251019983853234,8.088084220886344,4.6259533805161614e-09
2050-03-12 13:00:00,0.0251010243413653,8.270220756530875,4.610520306402929e-09
2050-03-12 14:00:00,0.0244780663928418,8.678781509399528,4.589470302735542e-09
2050-03-12 15:00:00,0.0251002869805254,8.580127716064567,4.6182767694952715e-09
2050-03-12 16:00:00,0.0251041856800477,7.7022137641907875,4.6247753082065254e-09
2050-03-12 17:00:00,0.0251056603211434,6.6838140487672035,4.622558729634877e-09
2050-03-12 18:00:00,0.0251068978257465,6.7427926063538735,4.669349138309251e-09
2050-03-12 19:00:00,0.0251087263029753,6.763287067413444,4.734030857332975e-09
2050-03-12 20:00:00,0.0251206943483317,6.471829891204948,4.82057047220782e-09
2050-03-12 21:00:00,19.99027374307698,6.25911378860485,8.10983455315355e-09
2050-03-12 22:00:00,21.0104117579701,6.038398742675895,9.824553308605084e-09
2050-03-12 23:00:00,21.46134923744575,5.826722621917838,1.2733189947325976e-08
2050-03-13 00:00:00,40.62958340456354,5.459633827209586,8.366774613587133e-08
2050-03-13 01:00:00,43.30134336089747,5.048319339752311,0.009006861583430682
2050-03-13 02:00:00,43.301416367615744,4.846776008606071,0.03728578586949964
2050-03-13 03:00:00,43.30143596997242,4.621324062347526,0.13804650949659134
2050-03-13 04:00:00,43.30143859289647,4.268677234649772,0.21085804268699088
2050-03-13 05:00:00,43.30143941247437,3.663102626800651,0.25630780697490185
2050-03-13 06:00:00,43.30143979128388,3.1007339954377358,0.28821788732593384
2050-03-13 07:00:00,43.30143935684068,3.6155979633332436,0.2120594309583609
2050-03-13 08:00:00,43.30143790914416,4.772355556488151,0.12634045294050159
2050-03-13 09:00:00,43.301434546312734,5.913544654846305,0.06640586941162054
2050-03-13 10:00:00,43.30143872574711,6.141844749450797,0.15613418776870086
2050-03-13 11:00:00,43.30143919729954,6.201815605163688,0.1873247101881789
2050-03-13 12:00:00,43.3014391592052,6.384801387786979,0.18062585259750785
2050-03-13 13:00:00,43.30143427188308,7.372610569000358,0.059247269424707774
2050-03-13 14:00:00,43.30143851457334,7.3039803504944985,0.13769739371396386
2050-03-13 15:00:00,43.301439323539874,7.134160518646354,0.17894967385968139
2050-03-13 16:00:00,43.30144013348425,6.7107563018799965,0.26014225673244695
2050-03-13 17:00:00,43.30144033999591,5.489240646362418,0.2897851529623969
2050-03-13 18:00:00,43.30144027644868,5.314710140228385,0.27396347059941195
2050-03-13 19:00:00,43.30144019548527,5.353189468383903,0.26348063280474165
2050-03-13 20:00:00,43.30144003577165,5.245411396026725,0.24848126018148792
2050-03-13 21:00:00,43.30143987688626,5.336431503296012,0.23658541944917036
2050-03-13 22:00:00,43.301439775885285,5.200511455536002,0.23761951409395712
2050-03-13 23:00:00,43.30143938982375,5.041977405548209,0.20158117478935236
2050-03-14 00:00:00,43.30143901983693,5.0748167037965,0.17136613801939066
2050-03-14 01:00:00,43.3014388670111,5.158000946045036,0.16045881434053103
2050-03-14 02:00:00,43.30143916823059,5.227424144744987,0.17653434960581607
2050-03-14 03:00:00,43.30143921469063,5.171901226043815,0.17116916902876847
2050-03-14 04:00:00,43.30143929193378,4.883642673492545,0.16640808965966114
2050-03-14 05:00:00,43.30143953994052,4.199704647064323,0.17878932470550568
2050-03-14 06:00:00,43.30143968919936,4.019042015075797,0.1896886543243427
2050-03-14 07:00:00,43.30143927926049,4.796895503997916,0.16278763535093577
2050-03-14 08:00:00,43.30143930503534,5.604362010955924,0.16608264132149192
2050-03-14 09:00:00,43.30143906028574,6.188799858093375,0.1541327092135137
2050-03-14 10:00:00,43.301438500855845,6.581757068634147,0.12787093136923713
2050-03-14 11:00:00,43.30143859335388,6.857442855835075,0.13305297318943646
2050-03-14 12:00:00,43.30143722624845,7.323015213012809,0.09320288086230925
2050-03-14 13:00:00,43.30143390564125,7.824409008026237,0.05436412578629398
2050-03-14 14:00:00,43.301437553999016,7.683034420013541,0.10036895695190766
2050-03-14 15:00:00,43.30143978869547,7.164267063140983,0.21587076119604245
2050-03-14 16:00:00,43.30143959038392,6.844031810760612,0.1942842592114162
2050-03-14 17:00:00,43.30143966158496,6.178124427795524,0.1992590432998598
2050-03-14 18:00:00,43.30143986330499,5.675038814544791,0.21913495970298671
2050-03-14 19:00:00,43.30143995242024,5.43066501617443,0.2341030566035093
2050-03-14 20:00:00,43.30143999226421,4.616810798645133,0.24666760080044997
2050-03-14 21:00:00,43.30144008498655,3.8878095149995033,0.27003658387145624
2050-03-14 22:00:00,43.3014402314524,3.423288583755607,0.30445989582133953
2050-03-14 23:00:00,43.30144016847488,3.0729346275330727,0.3040796128697056
2050-03-15 00:00:00,43.30144011251917,2.858612537384147,0.3040041863148331
2050-03-15 01:00:00,43.30144000806221,2.6758534908295815,0.29735954580186313
2050-03-15 02:00:00,43.30143983228315,2.379061937332267,0.27814151896011047
2050-03-15 03:00:00,43.3014396634436,2.4576694965363686,0.25931315220029305
2050-03-15 04:00:00,43.30143943326294,2.3842227458954994,0.23486084877431104
2050-03-15 05:00:00,43.30143885157609,2.2112162113190834,0.18514762838331508
2050-03-15 06:00:00,43.301436923028014,2.2944450378419106,0.10511873728075942
2050-03-15 07:00:00,19.990309275627112,3.5262281894684975,7.532694065962296e-09
2050-03-15 08:00:00,0.0251025635245095,5.135457515716666,4.554653176701654e-09
2050-03-15 09:00:00,0.0244640655029912,6.665419101715202,4.553106635625505e-09
2050-03-15 10:00:00,0.0245172052445463,7.476116180420036,4.577618992119356e-09
2050-03-15 11:00:00,0.0244619664861886,8.296891212463493,4.573004765492074e-09
2050-03-15 12:00:00,0.025101260279276,8.541741371154899,4.5912420091225926e-09
2050-03-15 13:00:00,0.0244794800687108,9.544012069702262,4.589706376758177e-09
2050-03-15 14:00:00,0.0246238518283131,10.074801445007438,4.603572199028444e-09
2050-03-15 15:00:00,0.02510254475383,9.962276458740348,4.623488556768882e-09
2050-03-15 16:00:00,0.0251037903093313,9.14443397521984,4.637916391177064e-09
2050-03-15 17:00:00,0.0251060195485735,8.335174560546989,4.6561388790338485e-09
2050-03-15 18:00:00,0.0251049575214373,7.849523544311637,4.640370313281786e-09
2050-03-15 19:00:00,0.0251047844669912,7.5950407981873695,4.650970980950008e-09
2050-03-15 20:00:00,0.0251044328570021,6.952065467834586,4.6584942270568005e-09
2050-03-15 21:00:00,0.025104133927704,6.307307243347282,4.664776910867611e-09
2050-03-15 22:00:00,0.0251036399069509,5.964462757110709,4.66870754524902e-09
2050-03-15 23:00:00,0.0251038248754363,6.025113582611198,4.676344829255564e-09
2050-03-16 00:00:00,0.0251039324301356,6.127237796783561,4.6818430218646846e-09
2050-03-16 01:00:00,0.025103703905714,6.077971458435172,4.684116269000834e-09
2050-03-16 02:00:00,0.0251036460180021,5.925494194030875,4.6868927918404065e-09
2050-03-16 03:00:00,0.0251036286164856,5.8792438507081215,4.689925369063386e-09
2050-03-16 04:00:00,0.0251035997882539,6.059115886688346,4.693448311219988e-09
2050-03-16 05:00:00,0.0251035745038918,6.219758033752555,4.698049123158874e-09
2050-03-16 06:00:00,0.0251035646736208,6.13564491271984,4.704022485982747e-09
2050-03-16 07:00:00,0.0251012033393326,6.696907043457145,4.7349460902854065e-09
2050-03-16 08:00:00,0.0251007968596429,7.422911643982047,4.739187176602361e-09
2050-03-16 09:00:00,0.0251014010223934,8.287835121154899,4.741521178510769e-09
2050-03-16 10:00:00,0.0251000158129279,9.092370033264274,4.7465713508664255e-09
2050-03-16 11:00:00,0.0251005466959826,9.413791656494254,4.766191702394734e-09
2050-03-16 12:00:00,0.0251020836488358,9.038287162780875,4.75769975220098e-09
2050-03-16 13:00:00,0.0251025287899456,9.261599540710563,4.754673334098423e-09
2050-03-16 14:00:00,0.0251027259407431,9.596796989441032,4.75012931547974e-09
2050-03-16 15:00:00,0.0251035648943143,9.559487342834586,4.7460159800241566e-09
2050-03-16 16:00:00,0.025103726288483,9.692521095275993,4.740618439532432e-09
2050-03-16 17:00:00,0.025103690988698,9.957190513610954,4.7044037110474975e-09
2050-03-16 18:00:00,0.0251036140913282,10.10235404968273,4.700411981166372e-09
2050-03-16 19:00:00,0.0251036277917968,10.157660484314079,4.6988120629815054e-09
2050-03-16 20:00:00,0.0251036540143153,9.76183128356945,4.699455678877884e-09
2050-03-16 21:00:00,0.0251036790088859,9.06673622131359,4.702640712557656e-09
2050-03-16 22:00:00,0.0251038459033227,8.56488418579113,4.71091319816354e-09
2050-03-16 23:00:00,0.0251041652893979,8.205314636230582,4.7271247403228884e-09
2050-03-17 00:00:00,0.0251059335223286,7.7320294380189125,4.764475352428946e-09
2050-03-17 01:00:00,0.0251196423588415,7.36798191070568,4.8009107959604055e-09
2050-03-17 02:00:00,21.01031686997229,6.979818820953483,8.652659253278326e-09
2050-03-17 03:00:00,21.01034528880274,6.893976211547965,9.805060786839666e-09
2050-03-17 04:00:00,21.010362822534315,6.830310821533317,1.2298944909815226e-08
2050-03-17 05:00:00,21.46125621733791,6.7247710227967445,1.4086602612716585e-08
2050-03-17 06:00:00,21.92174853671089,6.338461399078483,1.3376920118175799e-08
2050-03-17 07:00:00,21.010356442885577,6.657474517822379,9.67222570538576e-09
2050-03-17 08:00:00,0.0255161004477858,7.526844978332633,4.818473835060956e-09
2050-03-17 09:00:00,0.0250960967839791,8.245520591735954,4.815075457387101e-09
2050-03-17 10:00:00,21.010343088444436,8.407332420349235,9.12918756742032e-09
2050-03-17 11:00:00,0.0253931691048622,9.45837211608898,4.79653232401599e-09
2050-03-17 12:00:00,21.01031024644269,10.492693901062125,8.599756315260304e-09
2050-03-17 13:00:00,19.99034185849664,12.212430953979606,8.059827108129626e-09
2050-03-17 14:00:00,21.010298283304028,12.408706665039176,8.596531587253908e-09
2050-03-17 15:00:00,0.0252394074336036,12.031613349914664,4.796365982168701e-09
2050-03-17 16:00:00,0.0251043345970149,11.17584609985363,4.805756987117616e-09
2050-03-17 17:00:00,0.0251184694981304,10.055857658386344,4.823342248192549e-09
2050-03-17 18:00:00,0.0251460731449988,9.491450309753532,4.801213221603607e-09
2050-03-17 19:00:00,0.0251168399652332,9.154509544372672,4.812261961228736e-09
2050-03-17 20:00:00,0.0251093963473332,8.788251876831168,4.818815755425881e-09
2050-03-17 21:00:00,0.0251059460040626,8.66564750671398,4.811707172646924e-09
2050-03-17 22:00:00,0.0251053587121142,8.769846916198844,4.801009989385979e-09
2050-03-17 23:00:00,0.0251050898913625,8.589209556579704,4.79401697096169e-09
2050-03-18 00:00:00,0.0251091571196788,8.123480796814079,4.8274613228634514e-09
2050-03-18 01:00:00,0.025121492781524,7.661178112030143,4.825682719443196e-09
2050-03-18 02:00:00,0.0251908609480464,7.394670486450309,4.815820670799062e-09
2050-03-18 03:00:00,19.990356397293283,7.2752070426942055,8.111336205183825e-09
2050-03-18 04:00:00,21.01033162847143,7.078034400940055,8.557809705207696e-09
2050-03-18 05:00:00,21.010321880896324,6.970215320587272,8.369800793275204e-09
2050-03-18 06:00:00,21.46124510276122,6.929369449615592,8.414322062839902e-09
2050-03-18 07:00:00,42.391936919952535,7.065200805664176,1.5203049154384656e-07
2050-03-18 08:00:00,43.3014020732424,7.6033110618592445,0.012698687844201277
2050-03-18 09:00:00,43.30142572086499,8.383682250976676,0.03786943830561046
2050-03-18 10:00:00,43.30143430913719,8.7805690765382,0.09605998860733425
2050-03-18 11:00:00,43.30142506244449,9.578276634216422,0.03268530903120026
2050-03-18 12:00:00,19.990312800240268,11.257699966430778,7.810204089004403e-09
2050-03-18 13:00:00,43.3014114906386,11.53768348693859,0.014840986197569237
2050-03-18 14:00:00,43.30143619176576,10.230728149414176,0.13193497136217264
2050-03-18 15:00:00,43.30143340684641,10.393907546997184,0.07387173205184797
2050-03-18 16:00:00,43.301437128419465,9.881719589233512,0.1544342563378892
2050-03-18 17:00:00,43.3014381715561,8.636240005493278,0.20621291237012
2050-03-18 18:00:00,43.30143807379742,8.305222511291618,0.18847452220593405
2050-03-18 19:00:00,43.30143780461865,8.177398681640739,0.17447894924466031
2050-03-18 20:00:00,43.30143739463912,7.920769214630241,0.1591197688225656
2050-03-18 21:00:00,43.30143710336884,7.862641334533805,0.15174739848048788
2050-03-18 22:00:00,43.30143671976262,7.830790996551627,0.14016358896544898
2050-03-18 23:00:00,43.30143578757448,7.565929889679069,0.11428041815483493
2050-03-19 00:00:00,43.30143646617549,7.359622001648063,0.13603290832261414
2050-03-19 01:00:00,43.30143486213711,7.273351192474479,0.09321803839780965
2050-03-19 02:00:00,43.30143356940551,7.042576789856071,0.07099042918422772
2050-03-19 03:00:00,43.30143537561609,6.666280269622916,0.09781646999049873
2050-03-19 04:00:00,43.30143766532574,6.374768733978385,0.15166865894651704
2050-03-19 05:00:00,43.301437995843095,6.435419082641715,0.1499566513835603
2050-03-19 06:00:00,43.30143739728177,6.2805523872376625,0.12064497070322197
2050-03-19 07:00:00,43.3014309673413,6.298389434814567,0.04478957882234039
2050-03-19 08:00:00,43.30142378157591,6.5518255233765785,0.024876015107595864
2050-03-19 09:00:00,43.30142415881201,6.84898948669445,0.025447247479352217
2050-03-19 10:00:00,43.301438508727,7.234022617340202,0.17616187344421738
2050-03-19 11:00:00,43.30143811020992,7.689611911773795,0.1542779444997827
2050-03-19 12:00:00,43.30143423608959,8.52591991424572,0.06642691377993627
2050-03-19 13:00:00,43.30142499435395,9.394711494445914,0.026406034546642334
2050-03-19 14:00:00,43.30143789883339,9.278850555420036,0.14310801415375407
2050-03-19 15:00:00,43.30143931793727,9.251657485962028,0.23417130242258302
2050-03-19 16:00:00,43.30143958133933,8.577033996582145,0.2527126280753676
2050-03-19 17:00:00,43.30143975508804,8.301903724670524,0.26391976265448686
2050-03-19 18:00:00,43.30144006911756,8.568549156189079,0.30208993589587396
2050-03-19 19:00:00,43.30144005405763,8.865534782409782,0.3015162184088593
2050-03-19 20:00:00,43.30143995981172,9.163427352905387,0.29994413020704735
2050-03-19 21:00:00,43.30143961956348,9.509094238281364,0.2692315722017019
2050-03-19 22:00:00,43.30143930898959,9.801523208618278,0.24350635029081755
2050-03-19 23:00:00,43.30143925123976,9.92863750457775,0.24754348002751447
2050-03-20 00:00:00,43.30143897839815,9.972346305847282,0.22122255907913346
2050-03-20 01:00:00,43.30143840021353,9.688444137573356,0.17583257877100997
2050-03-20 02:00:00,43.30143863011303,9.053133010864371,0.19177370975139452
2050-03-20 03:00:00,43.30143880878647,8.439357757568473,0.20424982034152303
2050-03-20 04:00:00,43.30143889805102,8.03149509429943,0.20455142634241533
2050-03-20 05:00:00,43.30143930709,7.602233886718864,0.21485486765210224
2050-03-20 06:00:00,43.30143970854131,7.366063594818229,0.25612761803061707
2050-03-20 07:00:00,43.30143938726223,7.754158496856803,0.24182567815491943
2050-03-20 08:00:00,43.30143940713259,8.217358589172477,0.2476186929547401
2050-03-20 09:00:00,43.30143886541557,9.05634689331066,0.20015354395035648
2050-03-20 10:00:00,43.30143445217293,10.463279724121207,0.07023949975718964
2050-03-20 11:00:00,43.30143843713461,9.968658447265739,0.171776828401741
2050-03-20 12:00:00,43.30143714090348,10.516353607177848,0.11794540526995244
2050-03-20 13:00:00,43.30143910163782,9.885837554931754,0.23323251665052078
2050-03-20 14:00:00,43.30143676931981,9.953001976013297,0.11298509592803188
2050-03-20 15:00:00,43.3014343868165,10.190031051635856,0.06904493563408458
2050-03-20 16:00:00,43.30143580069552,10.231715202331657,0.08769490719576135
2050-03-20 17:00:00,43.30143735790856,9.957074165344352,0.12298464380114545
2050-03-20 18:00:00,43.301438338612286,9.535277366638297,0.16022884593882475
2050-03-20 19:00:00,43.30143881338925,9.423662185669059,0.19725709400138877
2050-03-20 20:00:00,43.30143904380159,9.580517768859977,0.2289866478652273
2050-03-20 21:00:00,43.30143908907991,9.667476654052848,0.2450739248299927
2050-03-20 22:00:00,43.30143868984479,9.562173843383903,0.21047565865271137
2050-03-20 23:00:00,43.30143846297162,9.466478347778434,0.20622360209414264
2050-03-21 00:00:00,43.30143851928435,9.398566246032829,0.21587819167610892
2050-03-21 01:00:00,43.30143859782816,9.11765289306652,0.22614954496413697
2050-03-21 02:00:00,43.30143876624176,9.053136825561637,0.2437129371945069
2050-03-21 03:00:00,43.301438818199074,8.488389015197868,0.24535954095858808
2050-03-21 04:00:00,43.301439062543146,8.350330352783317,0.27476533379648016
2050-03-21 05:00:00,43.301439333280506,8.265189170837516,0.2970381052841548
2050-03-21 06:00:00,43.30143939597741,8.032869338989371,0.293247743176395
2050-03-21 07:00:00,43.3014386191562,7.87619781494152,0.25879892732078275
2050-03-21 08:00:00,43.3014384755684,8.457785606384391,0.24301777194908114
2050-03-21 09:00:00,43.30143050481438,9.843426704406852,0.061367388165997024
2050-03-21 10:00:00,43.30141998975305,11.063743591308707,0.02550464566132292
2050-03-21 11:00:00,43.30141830157972,11.936384201049918,0.022409449220334488
2050-03-21 12:00:00,43.30143574363745,11.211512565612907,0.1432514596158446
2050-03-21 13:00:00,43.30143384034209,11.298362731933707,0.10619137103130896
2050-03-21 14:00:00,43.30142125537653,12.15303993225109,0.030297450496161945
2050-03-21 15:00:00,43.30142815606754,11.914075851440543,0.05577659320537801
2050-03-21 16:00:00,43.30143614289658,11.00793266296398,0.16027931155450972
2050-03-21 17:00:00,43.3014369291103,10.185180664062614,0.193225522514974
2050-03-21 18:00:00,43.30143333219856,9.84204196929943,0.0952611548668407
2050-03-21 19:00:00,43.30142494245363,9.702988624572868,0.0412563899327926
2050-03-21 20:00:00,43.30142004290781,9.42065811157238,0.027365391458014875
2050-03-21 21:00:00,43.301417122490825,8.965395927429313,0.02150800834173884
2050-03-21 22:00:00,43.30141577030437,8.588334083557243,0.01968673414728121
2050-03-21 23:00:00,43.3014167794686,8.612452507019157,0.020947510137884033
2050-03-22 00:00:00,43.301417282967975,8.383650779724235,0.021789244455624013
2050-03-22 01:00:00,43.30141923680788,8.184329032898063,0.02578617679068966
2050-03-22 02:00:00,43.3014202005303,8.154774665832633,0.02869193015855588
2050-03-22 03:00:00,43.30141919470485,8.092379570007438,0.025640125903564098
2050-03-22 04:00:00,43.30141668470659,7.917717933654899,0.02090524921334363
2050-03-22 05:00:00,43.301417439226334,7.84080266952526,0.021588068932853945
2050-03-22 06:00:00,43.30141786756772,7.7308626174927895,0.022181913789962114
2050-03-22 07:00:00,21.010356665376428,7.730490207672233,1.0249278139118503e-08
2050-03-22 08:00:00,21.010373185852945,7.861864089965934,1.2684888097952344e-08
2050-03-22 09:00:00,21.01037604717757,8.284599304199332,1.3510200307810407e-08
2050-03-22 10:00:00,21.01036822464152,9.01063156127941,1.2433305612152189e-08
2050-03-22 11:00:00,21.01034422305143,9.896231651306266,8.990519432805361e-09
2050-03-22 12:00:00,19.99030592170623,10.348641395568961,7.882968873627777e-09
2050-03-22 13:00:00,21.01024977742362,10.616087913513297,8.263939642601101e-09
2050-03-22 14:00:00,21.01035618651001,10.025690078735465,1.0708482387315267e-08
2050-03-22 15:00:00,0.0251070034911374,10.707234382629508,4.819362420975254e-09
2050-03-22 16:00:00,0.0251035353460057,10.261806488037223,4.7694749027951e-09
2050-03-22 17:00:00,0.0251051229305196,9.316233634948844,4.781939821165147e-09
2050-03-22 18:00:00,0.0251056922153348,8.736371040344352,4.7622987967481305e-09
2050-03-22 19:00:00,0.0251052540805201,8.205647468567008,4.754355021861312e-09
2050-03-22 20:00:00,0.0251051089739862,7.705963134765739,4.752646249368476e-09
2050-03-22 21:00:00,0.0251064583032239,7.462351322174186,4.782386358558121e-09
2050-03-22 22:00:00,0.0251124608263035,7.310357093811149,4.799997337169859e-09
2050-03-22 23:00:00,0.0251209728453564,6.906788825988883,4.805738683663609e-09
2050-03-23 00:00:00,0.0251182229044965,6.417954921722526,4.810156095125283e-09
2050-03-23 01:00:00,0.0251076919410967,5.996174812317008,4.807951114647512e-09
2050-03-23 02:00:00,0.0251075521300988,5.502897262573356,4.8116925423370624e-09
2050-03-23 03:00:00,0.0251084636277322,5.130717277526969,4.819143743192897e-09
2050-03-23 04:00:00,0.0251158316102481,4.86264276504528,4.827908593556449e-09
2050-03-23 05:00:00,0.0251215281250281,4.832811355590934,4.833308520988801e-09
2050-03-23 06:00:00,0.0251079096717449,4.822718620300407,4.838349455591e-09
2050-03-23 07:00:00,0.0251042221517522,5.212457656860465,4.847439474072326e-09
2050-03-23 08:00:00,19.99029744130509,5.3331389427186195,8.21521485114972e-09
2050-03-23 09:00:00,0.0251164122005752,5.375878334045524,4.8800830451937304e-09
2050-03-23 10:00:00,21.010224415133838,6.40143442153942,8.688589221446731e-09
2050-03-23 11:00:00,19.99025418510205,7.328104496002311,7.862884378073178e-09
2050-03-23 12:00:00,21.010357364911265,6.75409555435192,9.41886146638377e-09
2050-03-23 13:00:00,0.0251103449724387,7.647722721099967,4.902680831442061e-09
2050-03-23 14:00:00,0.0251773696894405,7.432695865631217,4.843133087805593e-09
2050-03-23 15:00:00,21.010369943813867,6.426019668579215,1.0686773100122511e-08
2050-03-23 16:00:00,21.010368318886545,6.402568340301627,1.0056150686741346e-08
2050-03-23 17:00:00,19.99033032800313,6.39628362655651,8.019325555849968e-09
2050-03-23 18:00:00,0.0251272476224254,6.525905609130973,4.756361523505744e-09
2050-03-23 19:00:00,21.010351958688947,6.817165374755973,8.619570117047042e-09
2050-03-23 20:00:00,21.01036853079307,7.024528503418082,9.679431123058983e-09
2050-03-23 21:00:00,21.010371248937727,7.0190706253052895,1.0429234367203128e-08
2050-03-23 22:00:00,21.01042345556884,6.632779598236198,1.687907388076048e-08
2050-03-23 23:00:00,21.010371202340565,6.405286788940543,1.087287845364164e-08
2050-03-24 00:00:00,21.010369722747544,6.404482841491813,1.0078904585324039e-08
2050-03-24 01:00:00,21.010372440934837,6.291161060333366,1.0836105775125992e-08
2050-03-24 02:00:00,21.01037569828312,6.3002572059632485,1.1898629611007085e-08
2050-03-24 03:00:00,21.01037887421699,6.309797286987418,1.191977382089663e-08
2050-03-24 04:00:00,21.01039229290915,6.069191932678336,1.2065347311409442e-08
2050-03-24 05:00:00,21.01045394908186,5.978899002075309,1.1775021576951525e-08
2050-03-24 06:00:00,21.010400218864365,5.925275802612418,1.1053519327176021e-08
2050-03-24 07:00:00,21.01039131724381,5.958405017852897,1.053682628301403e-08
2050-03-24 08:00:00,21.010386942144883,6.180756568908805,1.0041048546273728e-08
2050-03-24 09:00:00,21.010375408526283,6.50656890869152,8.895168633646655e-09
2050-03-24 10:00:00,19.990312223661835,6.9559345245362465,7.97481897606863e-09
2050-03-24 11:00:00,21.010265542111185,6.811663627624625,8.307969723480274e-09
2050-03-24 12:00:00,21.01034369992324,6.726920604705924,8.402822322472261e-09
2050-03-24 13:00:00,0.0250975373185251,7.521740913391227,4.9419891361539945e-09
2050-03-24 14:00:00,0.0251545423476908,7.404935836792106,4.769545046433821e-09
2050-03-24 15:00:00,21.01036131979416,7.167093276977653,8.51903263863678e-09
2050-03-24 16:00:00,21.01037942171226,6.838057041168327,8.871605508955974e-09
2050-03-24 17:00:00,21.008362951949945,6.290360927581901,8.350822949414663e-09
2050-03-24 18:00:00,19.99025124629308,5.928447246551627,7.87077615059207e-09
2050-03-24 19:00:00,19.990601426867624,5.656313419342155,7.904808402428108e-09
2050-03-24 20:00:00,21.0103887219278,5.16829347610485,9.192204856586289e-09
2050-03-24 21:00:00,21.010392297687808,5.249845504760856,9.643158552211725e-09
2050-03-24 22:00:00,21.01040139479528,5.182662963867301,1.3101366924497727e-08
2050-03-24 23:00:00,21.010399360628995,5.0088405609132,1.2194914742907665e-08
2050-03-25 00:00:00,21.0103966977142,4.838120937347526,1.0297852760406047e-08
2050-03-25 01:00:00,21.010398450025413,4.709563255310172,1.0376464422135918e-08
2050-03-25 02:00:00,21.010403264353087,4.724940776825065,1.1134097388806945e-08
2050-03-25 03:00:00,21.010415652034705,4.526817798614616,1.0709064508217063e-08
2050-03-25 04:00:00,21.461336539229297,4.4058246612549965,1.034692684938909e-08
2050-03-25 05:00:00,42.39176849959821,4.200856208801383,1.536639400896901e-07
2050-03-25 06:00:00,43.30137851448791,4.215378284454459,0.008772079812775536
2050-03-25 07:00:00,43.30142489214264,4.425468444824332,0.03737788907971808
2050-03-25 08:00:00,43.301419670389095,4.540440559387321,0.02687229148797258
2050-03-25 09:00:00,0.0251412766718835,6.365587711334342,4.712600589799836e-09
2050-03-25 10:00:00,43.30138404349904,7.506190776825065,0.007851561788494268
2050-03-25 11:00:00,0.0244775450035038,9.256919860839957,4.995338291699493e-09
2050-03-25 12:00:00,0.0251447950315191,9.221862792968864,4.739195170134528e-09
2050-03-25 13:00:00,43.30138460160991,9.065557479858512,0.0077100884676807695
2050-03-25 14:00:00,43.30138066947907,9.263175010681266,0.0070030517163567245
2050-03-25 15:00:00,43.30142158656387,8.739472389221305,0.027353784835807395
2050-03-25 16:00:00,43.30142343579918,7.289378643036002,0.029211469639273648
2050-03-25 17:00:00,43.30142774666278,6.522934436798209,0.039253388278230134
2050-03-25 18:00:00,43.30143136413627,6.571388721466178,0.055047337646779784
2050-03-25 19:00:00,43.30143012957675,6.2975411415101235,0.048755115275170534
2050-03-25 20:00:00,43.30142859108745,5.659847259521598,0.044000146949295986
2050-03-25 21:00:00,43.30142790897507,5.031292915344352,0.042884512553286395
2050-03-25 22:00:00,43.30143159883424,4.680857658386344,0.07067643591558476
2050-03-25 23:00:00,43.30142776031922,4.467937946319694,0.0472276546921381
2050-03-26 00:00:00,43.30142602929848,4.198761940002555,0.0383377805192746
2050-03-26 01:00:00,43.30142526180975,3.9755692481995766,0.03439056960790319
2050-03-26 02:00:00,43.30142652356805,3.9306731224061195,0.03844626059588359
2050-03-26 03:00:00,43.3014289309695,4.0503301620484535,0.0472745190016891
2050-03-26 04:00:00,43.301432929131096,4.011517524719352,0.06744537002689492
2050-03-26 05:00:00,43.30143521644237,4.307742118835563,0.0881152429559969
2050-03-26 06:00:00,43.301435355808806,4.449416637420768,0.08651388464596566
2050-03-26 07:00:00,43.301435370404256,4.770673751831168,0.08840165294326509
2050-03-26 08:00:00,43.301431496879886,5.312935352325553,0.05060815251394725
2050-03-26 09:00:00,43.30142920264311,6.011732578277702,0.0395418166718733
2050-03-26 10:00:00,43.30142973487362,6.943146705627555,0.04147749234457003
2050-03-26 11:00:00,19.99033448550625,8.648031234741325,7.805770970522514e-09
2050-03-26 12:00:00,0.0251263725129628,9.343057632446403,4.8158792172227626e-09
2050-03-26 13:00:00,43.30134412195944,9.28806304931652,0.0038945949449053752
2050-03-26 14:00:00,43.30143212534326,8.73566818237316,0.05239983933651084
2050-03-26 15:00:00,43.30142720464117,9.197283744812125,0.03208389350550049
2050-03-26 16:00:00,43.301432814179066,9.004556655883903,0.054280829766893406
2050-03-26 17:00:00,43.30143835449275,8.156327247619743,0.15151916458449982
2050-03-26 18:00:00,43.30143933145146,7.544603347778434,0.22139201873657938
2050-03-26 19:00:00,43.30143923802181,7.096457958221549,0.2137920621058188
2050-03-26 20:00:00,43.301438773758285,6.779704570770377,0.18513680825110315
2050-03-26 21:00:00,43.30143818810896,6.527593135833854,0.1577729610436344
2050-03-26 22:00:00,43.30143828558129,6.0642132759095375,0.17663240915750222
2050-03-26 23:00:00,43.30143756168879,5.811084747314567,0.1475419287267566
2050-03-27 00:00:00,43.30143729081629,5.679122924804801,0.1386290516769527
2050-03-27 01:00:00,43.30143692232014,5.651017189025993,0.12599846709996512
2050-03-27 02:00:00,43.30143678230683,5.830624103546256,0.1193098298712359
2050-03-27 03:00:00,43.30143755350885,6.238767623901481,0.13521527088334542
2050-03-27 04:00:00,43.30143851971654,7.057116031646842,0.16235483007655835
2050-03-27 05:00:00,43.30143913497604,8.16200160980236,0.18719685413684073
2050-03-27 06:00:00,43.30143928580311,8.920867919921989,0.1912620505988523
2050-03-27 07:00:00,43.301439520198336,8.935756683349723,0.22276313815127774
2050-03-27 08:00:00,43.30143931046631,9.122374534607047,0.20182899068558546
2050-03-27 09:00:00,43.3014371867492,9.633072853088493,0.10606291351370989
2050-03-27 10:00:00,43.301433068983776,10.127450942993278,0.05208306866786507
2050-03-27 11:00:00,43.30143793122074,9.557532310485954,0.1270874461855401
2050-03-27 12:00:00,43.30143870469193,9.770046234130973,0.16052530097233492
2050-03-27 13:00:00,43.30141722621637,11.570089340210075,0.016748745537555808
2050-03-27 14:00:00,43.30143926373943,9.619054794311637,0.19488329439310595
2050-03-27 15:00:00,43.30143965641515,8.438747406005973,0.22780091292794585
2050-03-27 16:00:00,43.30143992610547,7.999260425567741,0.2509255712224915
2050-03-27 17:00:00,43.30144002555868,7.6312837600709145,0.2530290139321428
2050-03-27 18:00:00,43.30144016206395,7.2572369575501625,0.261944493190434
2050-03-27 19:00:00,43.301440161555696,6.995361328125114,0.26097878814114844
2050-03-27 20:00:00,43.30144010407314,6.700320720672721,0.2595757803529983
2050-03-27 21:00:00,43.30144005948255,6.49365329742443,0.2585440145095307
2050-03-27 22:00:00,43.30144016051143,6.408190727234,0.284681651816799
2050-03-27 23:00:00,43.30144022834975,6.394365310669059,0.290551914740329
2050-03-28 00:00:00,43.30144022447988,6.418024063110465,0.2894135166472294
2050-03-28 01:00:00,43.30144015528863,6.119913578033561,0.2794752291706198
2050-03-28 02:00:00,43.301440189431325,5.678030490875358,0.2810619177466802
2050-03-28 03:00:00,43.301440289740825,5.3540434837342445,0.28042025879838334
2050-03-28 04:00:00,43.30144046865381,5.12442779541027,0.28756808025967506
2050-03-28 05:00:00,43.3014406245336,4.916517734527702,0.2974119092815508
2050-03-28 06:00:00,43.30144061564352,4.979123592376823,0.2934787215872936
2050-03-28 07:00:00,43.30144023553493,5.497200489044303,0.24343622868432202
2050-03-28 08:00:00,43.30143924121656,6.255240917205924,0.15255419723744654
2050-03-28 09:00:00,43.30143949624136,6.76532602310192,0.17416239862063068
2050-03-28 10:00:00,43.301439263918425,7.62964487075817,0.1571964782132809
2050-03-28 11:00:00,43.30143365405557,9.523408889770621,0.049729361251944854
2050-03-28 12:00:00,43.30143100595023,10.759402275085563,0.037435826584583165
2050-03-28 13:00:00,43.30143253089182,11.330497741699332,0.04400733682548535
2050-03-28 14:00:00,43.30143679224648,11.404184341430778,0.08106789840907631
2050-03-28 15:00:00,43.30143861176098,11.198125839233512,0.1314174155218009
2050-03-28 16:00:00,43.30143929863737,10.738714218139762,0.16759571536278658
2050-03-28 17:00:00,43.30144012959608,9.712670326233024,0.24586167222875466
2050-03-28 18:00:00,43.30144026598338,8.631822586059684,0.2590449939500549
2050-03-28 19:00:00,43.30144010749205,7.655307292938346,0.237891042761914
2050-03-28 20:00:00,43.301440076507625,7.030448436737174,0.24234994781846741
2050-03-28 21:00:00,43.30144008774031,6.517639160156364,0.25085460133516474
2050-03-28 22:00:00,43.301440168077775,6.224871635437125,0.27328299895615205
2050-03-28 23:00:00,43.30144002771775,6.013658046722526,0.25551197605479586
2050-03-29 00:00:00,43.30144002467117,5.795614242553825,0.25645516187420364
2050-03-29 01:00:00,43.301440099694965,5.583987236023063,0.2669235765837577
2050-03-29 02:00:00,43.30144021733573,5.393315315246696,0.2843127784122992
2050-03-29 03:00:00,43.30144030161568,5.19895696640026,0.28515204146041834
2050-03-29 04:00:00,43.30144042489242,5.003800868988151,0.29014753091725365
2050-03-29 05:00:00,43.30144051163408,4.834540843963737,0.29634871654767625
2050-03-29 06:00:00,43.30144032781285,5.066504955291862,0.2726852278685653
2050-03-29 07:00:00,43.30143919920169,6.142252922058219,0.17668415880927826
2050-03-29 08:00:00,43.30143773186559,7.602870941162223,0.11018919859503375
2050-03-29 09:00:00,43.30143911274696,8.07421684265148,0.17176433158861495
2050-03-29 10:00:00,43.30143917056084,8.666965484619254,0.16718573061542044
2050-03-29 11:00:00,43.3014380433787,9.746037483215446,0.11708370991938681
2050-03-29 12:00:00,43.30143749709789,10.623921394348258,0.10232050067005362
2050-03-29 13:00:00,43.30143949580805,10.371506690979118,0.2050337560812124
2050-03-29 14:00:00,43.30143921806078,10.621088027954215,0.1804644916905863
2050-03-29 15:00:00,43.30143962150383,10.282277107238883,0.22306507236050563
2050-03-29 16:00:00,43.30143888985694,10.4641628265382,0.15769298288683933
2050-03-29 17:00:00,43.3014397444752,9.668912887573356,0.22566161800548173
2050-03-29 18:00:00,43.30144000799022,8.479354858398551,0.255719137481557
2050-03-29 19:00:00,43.30143989901206,7.45390081405651,0.24457392299010863
2050-03-29 20:00:00,43.30143978614774,6.43305873870861,0.24241980178804942
2050-03-29 21:00:00,43.301439773411474,5.8274226188660805,0.2534926466570664
2050-03-29 22:00:00,43.3014396150217,5.468915939331168,0.24459830532753826
2050-03-29 23:00:00,43.30143953904977,5.964776992797965,0.24394968125989763
2050-03-30 00:00:00,43.30143937804848,6.60452508926403,0.22840485731509097
2050-03-30 01:00:00,43.30143922785464,6.796344757080192,0.21465041822705566
2050-03-30 02:00:00,43.301439143817305,6.590058803558463,0.206625721748189
2050-03-30 03:00:00,43.30143905348311,6.400045871734733,0.1979411769687308
2050-03-30 04:00:00,43.30143904644539,5.924587726593131,0.18817817906458137
2050-03-30 05:00:00,43.30143912961604,5.5635089874268715,0.19206622082603175
2050-03-30 06:00:00,43.30143887319778,5.752125740051383,0.17549164300908784
2050-03-30 07:00:00,43.30143601225777,6.397256851196403,0.11645745734142346
2050-03-30 08:00:00,43.30142074090058,7.708703517913932,0.022522982317276733
2050-03-30 09:00:00,19.990137624237217,9.316293716430778,7.990116566299844e-09
2050-03-30 10:00:00,0.0251095843713113,10.913367271423454,5.056590960420759e-09
2050-03-30 11:00:00,0.0251288698971463,12.593413352966422,4.7259299446986785e-09
2050-03-30 12:00:00,43.30133053136519,12.88522815704357,0.003320580435121786
2050-03-30 13:00:00,43.300888973248085,13.088280677795524,0.0006468356961886085
2050-03-30 14:00:00,43.30142394008146,12.520591735839957,0.02723654868539201
2050-03-30 15:00:00,43.30143358624715,11.079317092895621,0.07862164092376436
2050-03-30 16:00:00,43.30143526413644,10.525979995727653,0.09705394395130233
2050-03-30 17:00:00,43.30143610783232,10.382275581359977,0.11078850795345647
2050-03-30 18:00:00,43.30143739208542,9.137235641479606,0.14794622424800888
2050-03-30 19:00:00,43.30143677428484,8.068866729736442,0.12985523499225549
2050-03-30 20:00:00,43.30143623677074,7.346910953521842,0.11655769948312818
2050-03-30 21:00:00,43.3014350722825,6.750575065612907,0.0960981102778653
2050-03-30 22:00:00,43.30143510862931,6.418378829956168,0.10077016010119311
2050-03-30 23:00:00,43.30143554225239,6.383683204650993,0.11312857649233407
2050-03-31 00:00:00,43.30143600239409,6.541890144348258,0.12564842915481156
2050-03-31 01:00:00,43.30143665064633,6.539401054382438,0.14575366451047148
2050-03-31 02:00:00,43.301437014127565,6.173635005951041,0.15839183948760568
2050-03-31 03:00:00,43.301437340325975,6.297160625457877,0.16863768121981818
2050-03-31 04:00:00,43.3014379928515,6.627758502960319,0.20005351743082572
2050-03-31 05:00:00,43.30143867658289,6.8776288032532875,0.22977602654468868
2050-03-31 06:00:00,43.30143898724301,7.088673114776725,0.24771661539617557
2050-03-31 07:00:00,43.30143866280795,7.789536952972526,0.2248624071550907
2050-03-31 08:00:00,43.30143797245742,8.9231472015382,0.17471083291468503
2050-03-31 09:00:00,43.30143778338755,9.699739456176871,0.164879866121135
2050-03-31 10:00:00,43.30143769405258,10.182572364807243,0.1647187186888633
2050-03-31 11:00:00,43.30143651896269,10.897073745727653,0.12187086455987095
2050-03-31 12:00:00,43.30143626811515,11.57394886016857,0.1172102055654637
2050-03-31 13:00:00,43.3014365540643,12.00056362152111,0.1270176708921241
2050-03-31 14:00:00,43.301437465405314,12.056300163269157,0.16702905017662328
2050-03-31 15:00:00,43.30143690032258,12.187913894653434,0.13926560350886222
2050-03-31 16:00:00,43.301437603773074,12.013284683227653,0.1733047604644298
2050-03-31 17:00:00,43.30143833653963,10.623871803283805,0.23366568069797924
2050-03-31 18:00:00,43.30143811531423,9.872025489807243,0.21449709817573792
2050-03-31 19:00:00,43.30143726742343,9.757252693176383,0.1612620462801325
2050-03-31 20:00:00,43.30143643140948,9.700091361999625,0.12881431128561155
2050-03-31 21:00:00,43.30143579952578,9.651228904724235,0.11426906166510717
2050-03-31 22:00:00,43.30143573397288,9.556194305420036,0.11671006388400866
2050-03-31 23:00:00,43.30143608088397,9.1732053756715,0.13171587734486903
2050-04-01 00:00:00,43.30143615869011,8.841057777404899,0.13787729066151352
2050-04-01 01:00:00,43.30143588966021,8.634103775024528,0.12941904235934895
2050-04-01 02:00:00,43.3014356738361,8.437659263610954,0.12231440635300819
2050-04-01 03:00:00,43.30143582451641,8.290373802185172,0.12746687918644972
2050-04-01 04:00:00,43.3014354798419,8.110011100769157,0.11405512096144405
2050-04-01 05:00:00,43.3014348114087,7.921661853790397,0.09737995613990694
2050-04-01 06:00:00,43.30143450340223,7.840453147888297,0.09220223889023
2050-04-01 07:00:00,25.96456110520041,7.998360633850211,1.841576192704806e-08
2050-04-01 08:00:00,21.010367196544863,8.56191444396984,1.1622745083968099e-08
2050-04-01 09:00:00,0.0251173551765164,9.219470024109,4.77173815802134e-09
2050-04-01 10:00:00,0.0251093820103454,9.70658111572277,4.805275850881087e-09
2050-04-01 11:00:00,0.0251053990673912,10.375577926635856,4.792142744789121e-09
2050-04-01 12:00:00,0.0245022035247322,10.994561195373649,4.550901097078437e-09
2050-04-01 13:00:00,0.0250960540760699,11.443579673767204,4.6521474362709086e-09
2050-04-01 14:00:00,0.0251007399737362,11.874699592590446,4.742225679020946e-09
2050-04-01 15:00:00,0.0251191129023524,11.638865470886344,4.746733455107121e-09
2050-04-01 16:00:00,21.010338208925265,11.26180458068859,8.680923533399506e-09
2050-04-01 17:00:00,21.01035512619762,10.649392127990836,1.0043237952495478e-08
2050-04-01 18:00:00,21.01035174302588,10.290366172790641,9.377137454380886e-09
2050-04-01 19:00:00,21.010350152177264,10.205478668213004,9.217657248877904e-09
2050-04-01 20:00:00,21.01035468946628,10.151660919189567,1.0079132720472702e-08
2050-04-01 21:00:00,21.01035740969704,10.18378067016613,1.103863873836419e-08
2050-04-01 22:00:00,21.01034878138351,10.305012702942008,9.211461198342354e-09
2050-04-01 23:00:00,21.010353016085418,10.637325286865348,1.0130373816163556e-08
2050-04-02 00:00:00,21.010353682674804,10.850096702575797,1.0515405728722266e-08
2050-04-02 01:00:00,21.010354482935703,10.731598854065055,1.0835843399707618e-08
2050-04-02 02:00:00,21.010356038651533,10.55052757263195,1.1443399995634788e-08
2050-04-02 03:00:00,21.01035454287476,10.262945175171012,1.0419380823017671e-08
2050-04-02 04:00:00,21.010351413409357,9.924655914306754,9.420586357788013e-09
2050-04-02 05:00:00,21.01035067114493,9.61887073516857,9.217659955483546e-09
2050-04-02 06:00:00,21.01035500273958,9.53261756896984,9.806031256311005e-09
2050-04-02 07:00:00,21.010359617266708,9.689563751220817,1.2254139696684799e-08
2050-04-02 08:00:00,21.010349907031102,10.039346694946403,1.0974164204679105e-08
2050-04-02 09:00:00,21.01033616029873,10.616125106811637,9.174993970165676e-09
2050-04-02 10:00:00,21.010332171492543,11.311822891235465,8.906334170582904e-09
2050-04-02 11:00:00,0.0251083123941686,11.731692314148063,4.88602300490962e-09
2050-04-02 12:00:00,0.025103046962002,12.147299766540641,4.88660523801686e-09
2050-04-02 13:00:00,0.0251091008296486,12.78112602233898,4.901098750776379e-09
2050-04-02 14:00:00,0.0251421138121526,13.495527267456168,4.815623500086664e-09
2050-04-02 15:00:00,21.010325223446927,14.277556419372672,8.694529090960602e-09
2050-04-02 16:00:00,21.01034583865799,14.959884643554801,1.0560269072880619e-08
2050-04-02 17:00:00,21.010359629592863,15.458906173706168,1.314574008563342e-08
2050-04-02 18:00:00,21.01034581545937,15.632270812988395,1.0368116083115283e-08
2050-04-02 19:00:00,21.010330532539324,15.276536941528434,8.703259428528968e-09
2050-04-02 20:00:00,21.010326939283367,15.030085563659782,8.612937781138071e-09
2050-04-02 21:00:00,21.01033977190421,14.779810905456657,9.275983781448825e-09
2050-04-02 22:00:00,21.010348501899216,14.885234832763786,1.1798807258962733e-08
2050-04-02 23:00:00,21.01035293144899,15.077049255371207,1.4013012460945606e-08
2050-04-03 00:00:00,21.010358660724822,14.800760269165153,1.5786802414760228e-08
2050-04-03 01:00:00,21.01035800373075,14.507303237915153,1.550168372647108e-08
2050-04-03 02:00:00,21.01036088135668,14.11419486999523,1.5221579692372325e-08
2050-04-03 03:00:00,21.010362816715293,12.833363533020133,1.5012514759425654e-08
2050-04-03 04:00:00,21.010362088253945,11.792191505432243,1.5124612210797427e-08
2050-04-03 05:00:00,21.01037395316525,11.13241004943859,1.4485598950610312e-08
2050-04-03 06:00:00,21.0105148057924,10.582704544067496,1.5308462842823242e-08
2050-04-03 07:00:00,21.010387046775318,10.640512466430778,1.4430060351948797e-08
2050-04-03 08:00:00,21.010350068809984,11.270917892456168,1.0849308683782943e-08
2050-04-03 09:00:00,19.990263805144306,12.265136718750114,7.899499632963796e-09
2050-04-03 10:00:00,0.0251190645095262,13.001289367675895,4.76997962957812e-09
2050-04-03 11:00:00,21.01032332555836,13.259998321533317,8.59348272280152e-09
2050-04-03 12:00:00,0.0251298891282789,13.39222621917736,4.767136868191327e-09
2050-04-03 13:00:00,21.01033466841677,12.844280242920036,8.892642810347461e-09
2050-04-03 14:00:00,0.0251046534573286,12.650783538818473,4.9551706941535124e-09
2050-04-03 15:00:00,0.0251029483049553,12.509628295898551,4.905493642712427e-09
2050-04-03 16:00:00,0.0251133971220778,12.293503761291618,4.951407434722642e-09
2050-04-03 17:00:00,21.01034768364162,11.71138954162609,9.922008161839763e-09
2050-04-03 18:00:00,21.01036158516665,11.249517440796012,1.2603944134356575e-08
2050-04-03 19:00:00,21.01035533034533,11.054544448852653,1.1350408890693553e-08
2050-04-03 20:00:00,21.01035150989421,10.66300487518322,1.0425429160262361e-08
2050-04-03 21:00:00,21.010348901942923,10.562346458435172,9.85564572593294e-09
2050-04-03 22:00:00,21.01035517227228,10.574489593505973,1.2092002247986953e-08
2050-04-03 23:00:00,21.01035474062898,9.771416664123649,1.1919882940833208e-08
2050-04-04 00:00:00,21.01035609354532,9.823193550109977,1.2308614859785724e-08
2050-04-04 01:00:00,21.01035860525874,10.214347839355582,1.3250075905576088e-08
2050-04-04 02:00:00,21.010367574401343,10.347363471984977,1.5404041554861975e-08
2050-04-04 03:00:00,21.01037357311053,10.305555343628043,1.592644679232767e-08
2050-04-04 04:00:00,21.010372893228883,10.012601852417106,1.4517168687161435e-08
2050-04-04 05:00:00,21.01037358692316,9.542513847351188,1.3538912138299961e-08
2050-04-04 06:00:00,21.0104401976876,9.47090053558361,1.4896119217378955e-08
2050-04-04 07:00:00,25.964583407631796,9.78512001037609,2.7031944785326586e-08
2050-04-04 08:00:00,25.96458645351164,9.758774757385368,2.7398161092712018e-08
2050-04-04 09:00:00,25.964580692700643,9.87222766876232,2.3299884461565643e-08
2050-04-04 10:00:00,21.01084092822777,10.214288711547965,1.6698812118562635e-08
2050-04-04 11:00:00,21.0103810005256,11.189080238342399,1.454628191466551e-08
2050-04-04 12:00:00,21.010370137334984,12.586263656616325,1.3485798397975807e-08
2050-04-04 13:00:00,21.01036152402426,13.712170600891227,1.1423131754801597e-08
2050-04-04 14:00:00,21.01035982961213,14.01488304138195,1.1036840400934195e-08
2050-04-04 15:00:00,21.010347139294986,14.382748603820914,9.086036724192758e-09
2050-04-04 16:00:00,21.010244532017424,14.323740005493278,8.522349638271214e-09
2050-04-04 17:00:00,21.01031397508272,13.982679367065543,8.61753836984336e-09
2050-04-04 18:00:00,0.0251112913639463,13.677721977234,4.960659447329812e-09
2050-04-04 19:00:00,0.0251144173143753,13.239432334900016,4.956140196316626e-09
2050-04-04 20:00:00,0.025133066816761,12.585407257080192,4.830250006193995e-09
2050-04-04 21:00:00,0.0251176319383501,11.954457283020133,4.863969214264111e-09
2050-04-04 22:00:00,19.990425584107108,11.393909454345817,8.067033817231578e-09
2050-04-04 23:00:00,19.99601693449739,10.956674575805778,8.054216152808425e-09
2050-04-05 00:00:00,21.0103558187776,10.756536483764762,9.595991144455344e-09
2050-04-05 01:00:00,21.01036151245053,10.303606986999625,1.1082130226762469e-08
2050-04-05 02:00:00,21.010362079446377,9.35164833068859,1.0966581387126648e-08
2050-04-05 03:00:00,21.01036273488103,8.61244106292736,1.0779670725132156e-08
2050-04-05 04:00:00,21.010363579488907,8.417410850525016,1.0503972900633494e-08
2050-04-05 05:00:00,21.010364501179023,8.067193031311149,1.0123370758683647e-08
2050-04-05 06:00:00,21.010369691491952,7.690507888794059,1.0367217409003857e-08
2050-04-05 07:00:00,21.01038277879916,7.71101808547985,1.3303420667719381e-08
2050-04-05 08:00:00,21.01038017325065,7.708762645721549,1.1410163517425908e-08
2050-04-05 09:00:00,21.01038204666394,7.773606300354118,1.1383265704451188e-08
2050-04-05 10:00:00,21.01038349889139,8.380570411682243,1.1452735831380711e-08
2050-04-05 11:00:00,0.0251254478703811,9.847287178039664,4.81839760425239e-09
2050-04-05 12:00:00,0.0244613478638014,11.308731079101676,4.9041958864154105e-09
2050-04-05 13:00:00,21.010308425864093,11.53126144409191,8.404691430147771e-09
2050-04-05 14:00:00,21.01038373737975,11.976897239685172,9.03197503029581e-09
2050-04-05 15:00:00,21.01025784884409,12.668441772461051,8.32402987359692e-09
2050-04-05 16:00:00,43.30133549534532,12.502375602722282,0.004591524246533307
2050-04-05 17:00:00,43.30140905717745,11.111382484436149,0.020377946301004247
2050-04-05 18:00:00,43.30142710479314,10.821411132812614,0.0618103023588131
2050-04-05 19:00:00,43.30143105625372,10.619766235351676,0.08931514732830713
2050-04-05 20:00:00,43.30143283007976,10.725886344909782,0.11038468219491289
2050-04-05 21:00:00,43.30143445826084,10.817103385925407,0.14710529452655033
2050-04-05 22:00:00,43.301435125894415,10.755115509033317,0.16470758329130997
2050-04-05 23:00:00,43.30143506772212,10.525045394897575,0.16546252437796521
2050-04-06 00:00:00,43.30143500538515,10.410259246826286,0.16612109762739796
2050-04-06 01:00:00,43.30143505300852,10.203615188598746,0.16563942175075627
2050-04-06 02:00:00,43.30143460725781,10.022436141967887,0.1473904212341036
2050-04-06 03:00:00,43.30143385080465,9.761706352234,0.12365605545261402
2050-04-06 04:00:00,43.30143356891085,9.545916557312125,0.1111703231980181
2050-04-06 05:00:00,43.30143580531937,9.057717323303336,0.14367855625053208
2050-04-06 06:00:00,43.30143684845084,8.849286079406852,0.16780777844911982
2050-04-06 07:00:00,43.30143695459461,8.783880233764762,0.16935637726041824
2050-04-06 08:00:00,43.30143729457287,9.058447837829704,0.18382174957460673
2050-04-06 09:00:00,43.30143704346136,8.95485877990734,0.16528197947038192
2050-04-06 10:00:00,43.30143601794001,9.161615371704215,0.11663199815074603
2050-04-06 11:00:00,43.301435059713455,9.538167953491325,0.09275014069427537
2050-04-06 12:00:00,43.3014294919958,10.426595687866325,0.04071420452329812
2050-04-06 13:00:00,43.30143570369867,9.522260665893668,0.1065661521562043
2050-04-06 14:00:00,43.30143550697373,9.201742172241325,0.10110897621864781
2050-04-06 15:00:00,43.30143467128455,8.917733192443961,0.08171870253131167
2050-04-06 16:00:00,43.30143541034407,8.086780548095817,0.09129204450568286
2050-04-06 17:00:00,43.30143720331751,8.01169586181652,0.13732181664476525
2050-04-06 18:00:00,43.30143849523895,7.892235279083366,0.2013113895569116
2050-04-06 19:00:00,43.30143891127672,7.637685298919791,0.23977840292735103
2050-04-06 20:00:00,43.30143902845752,7.359170913696403,0.25796927376195106
2050-04-06 21:00:00,43.301438972528345,7.0392041206361,0.2566903485719954
2050-04-06 22:00:00,43.30143899068836,6.755379199981803,0.26484950887923653
2050-04-06 23:00:00,43.3014387716617,6.455064296722526,0.23763941184164147
2050-04-07 00:00:00,43.30143852194178,6.277208805084342,0.20865796135235384
2050-04-07 01:00:00,43.30143854636724,6.391032218933219,0.20548010926002858
2050-04-07 02:00:00,43.30143873358136,6.423957824707145,0.21575898964469162
2050-04-07 03:00:00,43.30143902840478,6.5103545188904945,0.2373895130864659
2050-04-07 04:00:00,43.30143952330622,6.538880825042838,0.2683999271514373
2050-04-07 05:00:00,43.30143978638881,6.544600963592643,0.28689321857938554
2050-04-07 06:00:00,43.301439780860754,6.6249456405640785,0.2789003362458732
2050-04-07 07:00:00,43.30143916745279,6.910825252533073,0.21906591991605395
2050-04-07 08:00:00,43.30143936063507,7.072868347168082,0.2493915893639511
2050-04-07 09:00:00,43.30143913147054,7.469269752502555,0.22326107224886224
2050-04-07 10:00:00,43.301432122489416,8.989579200744743,0.048097441255769376
2050-04-07 11:00:00,43.3014378653788,8.915823936462516,0.14338089159654327
2050-04-07 12:00:00,43.30142819352477,10.762763023376579,0.03388245977463832
2050-04-07 13:00:00,43.30143044055069,11.961902618408317,0.04186840895095804
2050-04-07 14:00:00,43.30143557667181,11.679085731506461,0.08729229735793129
2050-04-07 15:00:00,43.30143499169886,11.828865051269645,0.077625251744137
2050-04-07 16:00:00,43.301438066467,11.10287189483654,0.15795383523346793
2050-04-07 17:00:00,43.30143888420271,9.880708694458121,0.2177526537773304
2050-04-07 18:00:00,43.3014380458282,8.596631050109977,0.1541957747197486
2050-04-07 19:00:00,43.301435421369085,7.946587562561149,0.08285651749609209
2050-04-07 20:00:00,43.301431479347606,7.527995109558219,0.04675795402703211
2050-04-07 21:00:00,43.30138533148165,7.046638488769645,0.0070509670657429874
2050-04-07 22:00:00,43.28768250142386,6.940274715423698,4.95724017519094e-05
2050-04-07 23:00:00,43.30143291758145,6.781743526458854,0.057048892084627406
2050-04-08 00:00:00,43.30143698755944,6.794937133789176,0.13217169346900343
2050-04-08 01:00:00,43.30143783925425,6.897720813751334,0.17525631992315305
2050-04-08 02:00:00,43.30143826987099,6.828696250915641,0.20487475609328726
2050-04-08 03:00:00,43.30143836796489,6.77539157867443,0.20674763548215713
2050-04-08 04:00:00,43.30143791254056,6.659640789032096,0.16349167212979906
2050-04-08 05:00:00,43.301437105168,6.657473087310905,0.1179652820744453
2050-04-08 06:00:00,43.30143669175116,6.887302398681754,0.10409550579904907
2050-04-08 07:00:00,43.30143505221224,7.13275766372692,0.08249851578997267
2050-04-08 08:00:00,43.30143694695664,7.664165496826286,0.1291685754404448
2050-04-08 09:00:00,43.30143628275385,8.66876316070568,0.10688224257867338
2050-04-08 10:00:00,43.30143145758263,10.781515121460075,0.04804583681727989
2050-04-08 11:00:00,43.30143137530349,12.10400485992443,0.047426275690609775
2050-04-08 12:00:00,43.30143722489576,11.994895935058707,0.13330153080405474
2050-04-08 13:00:00,43.30143666659416,12.712945938110465,0.11385423718975284
2050-04-08 14:00:00,43.3014371871769,12.524761199951286,0.13230846062604587
2050-04-08 15:00:00,43.30143738636515,12.593937873840446,0.13733489905941887
2050-04-08 16:00:00,43.30143909135407,11.55294513702404,0.2827362292387306
2050-04-08 17:00:00,43.30143910405932,11.035822868347282,0.28552228963288967
2050-04-08 18:00:00,43.3014391786068,9.964753150940055,0.3005726330639593
2050-04-08 19:00:00,43.30143910177767,9.541118621826286,0.3001424996587513
2050-04-08 20:00:00,43.301438986348266,9.57941818237316,0.2991978180991494
2050-04-08 21:00:00,43.30143875498147,9.44433403015148,0.28990588781672827
2050-04-08 22:00:00,43.30143835051856,9.177923202514762,0.2540670301958899
2050-04-08 23:00:00,43.30143832039825,9.130584716796989,0.2710336219184147
2050-04-09 00:00:00,43.30143799467902,9.188727378845329,0.23730878038405437
2050-04-09 01:00:00,43.30143689463569,9.215852737426871,0.15435676566017092
2050-04-09 02:00:00,43.301436400923095,9.195073127746696,0.13425643129910286
2050-04-09 03:00:00,43.30143574433262,9.169877052307243,0.1131729557041843
2050-04-09 04:00:00,43.301435334100965,9.178374290466422,0.10304589849397305
2050-04-09 05:00:00,43.30143467185717,9.208825111389274,0.08968180417177048
2050-04-09 06:00:00,43.30143281754652,9.304949760437125,0.06615297947568347
2050-04-09 07:00:00,43.301365916179535,9.484138488769645,0.0064177526842121215
2050-04-09 08:00:00,43.30137099825016,9.767044067382926,0.00792744322808725
2050-04-09 09:00:00,43.30135688325826,10.43925762176525,0.0052526359933277676
2050-04-09 10:00:00,0.0251185397245548,11.45746994018566,4.552930223529e-09
2050-04-09 11:00:00,0.0251143176139834,11.943427085876579,5.061215980797709e-09
2050-04-09 12:00:00,43.30135548917405,11.549347877502555,0.005148682111597099
2050-04-09 13:00:00,43.30137984338596,11.38425445556652,0.011136509070162615
2050-04-09 14:00:00,43.30139275368335,11.732048034668082,0.01618036052595108
2050-04-09 15:00:00,43.30137523213602,12.622693061828727,0.009040973217820143
2050-04-09 16:00:00,43.30136831532724,12.85347938537609,0.006632058522801474
2050-04-09 17:00:00,43.30138004077882,12.592029571533317,0.010620651205278355
2050-04-09 18:00:00,43.30143097428704,11.423050880432243,0.10775314748634078
2050-04-09 19:00:00,43.30143014664771,10.086547851562614,0.09663442361618689
2050-04-09 20:00:00,43.301421318088174,9.465084075927848,0.04604153818171573
2050-04-09 21:00:00,43.30141846629689,9.787767410278434,0.04144087210570671
2050-04-09 22:00:00,43.30142781975882,9.258869171142692,0.09221428514724242
2050-04-09 23:00:00,43.301394322181714,8.832063674926871,0.01909381168048946
2050-04-10 00:00:00,43.30138435927407,8.390558242797965,0.014582866092576302
2050-04-10 01:00:00,43.30137833017475,7.907340049743766,0.010984235304959658
2050-04-10 02:00:00,43.301375516759165,7.373160362243766,0.008901839450576054
2050-04-10 03:00:00,43.30137664366664,6.978659152984733,0.009399060222965003
2050-04-10 04:00:00,43.3013812482192,6.588012695312614,0.01147735730655364
2050-04-10 05:00:00,43.30140705508137,6.203332424163932,0.02459889447959214
2050-04-10 06:00:00,43.3014202399427,6.662817001342887,0.0454539527895246
2050-04-10 07:00:00,21.010304964851592,8.008295059204215,1.1150067267086391e-08
2050-04-10 08:00:00,0.0251080441195396,9.423969268798942,4.9450041656398664e-09
2050-04-10 09:00:00,0.0250989693534404,11.08189964294445,4.9446890398036034e-09
2050-04-10 10:00:00,0.0251051857563437,14.102791786193961,4.916821046217519e-09
2050-04-10 11:00:00,0.0244676010330161,16.0323944091798,4.930950727616745e-09
2050-04-10 12:00:00,0.0244686629415866,17.164314270019645,4.9393125554845375e-09
2050-04-10 13:00:00,0.0251218641578962,17.78661918640148,4.779768405815273e-09
2050-04-10 14:00:00,20.964680920831217,18.077646255493278,9.071989722626288e-09
2050-04-10 15:00:00,20.9664141337647,18.112264633178825,1.1513639201529795e-08
2050-04-10 16:00:00,25.77454635541251,17.787788391113395,2.054333312823035e-08
2050-04-10 17:00:00,25.908209846550204,17.102724075317496,5.071308179960711e-08
2050-04-10 18:00:00,25.90821621776802,16.18142700195324,1.2351799166084547e-07
2050-04-10 19:00:00,25.908210301236917,15.815866470337028,5.543500710623994e-08
2050-04-10 20:00:00,25.908202539487043,15.394156455993766,2.8404034408954225e-08
2050-04-10 21:00:00,21.01024312600281,14.430026054382438,1.2847500740295658e-08
2050-04-10 22:00:00,20.96468909898233,13.362134933471793,1.0627761661107913e-08
2050-04-10 23:00:00,0.025115745112316,12.616329193115348,4.84172141905495e-09
2050-04-11 00:00:00,0.0251040221868312,11.881453514099235,4.711889959033578e-09
2050-04-11 01:00:00,0.0251035870579653,11.276838302612418,4.6844857677317514e-09
2050-04-11 02:00:00,0.0251036052795246,10.589378356933707,4.68663429321894e-09
2050-04-11 03:00:00,0.0251040052868791,9.935329437255973,4.695499064989171e-09
2050-04-11 04:00:00,0.0251038004287648,9.657738685608024,4.695315600976313e-09
2050-04-11 05:00:00,0.0251034746418387,9.36253929138195,4.6892781594567415e-09
2050-04-11 06:00:00,0.0251029030231416,10.059236526489371,4.740135706129704e-09
2050-04-11 07:00:00,0.0250995345362436,12.251867294311637,4.706739491211884e-09
2050-04-11 08:00:00,0.0244581045563056,14.449179649353141,4.683098666423271e-09
2050-04-11 09:00:00,0.0244543255575739,16.639385223388786,4.681870584945209e-09
2050-04-11 10:00:00,0.0244533133497491,18.801099777221793,4.6872732916052e-09
2050-04-11 11:00:00,0.0244532117734632,20.513690948486442,4.722063586730461e-09
2050-04-11 12:00:00,0.0244531665286576,21.315349578857536,4.72753314642533e-09
2050-04-11 13:00:00,0.0244530945459109,21.874155044555778,4.698331230217805e-09
2050-04-11 14:00:00,0.0244543287477629,22.19899940490734,4.6986058899279905e-09
2050-04-11 15:00:00,0.0251009182622418,21.92193412780773,4.762170778084525e-09
2050-04-11 16:00:00,21.01035992012455,21.14169311523449,1.3365969003709598e-08
2050-04-11 17:00:00,25.96458305405232,19.71404838562023,3.0635046537142235e-08
2050-04-11 18:00:00,25.96459235476403,18.863639831543082,7.338110587086232e-08
2050-04-11 19:00:00,25.964592088131948,16.772239685058707,6.619996306289231e-08
2050-04-11 20:00:00,25.96459147800384,14.865106582641715,5.9559638420316094e-08
2050-04-11 21:00:00,25.96459040389908,14.00854873657238,5.0927798421570885e-08
2050-04-11 22:00:00,25.96458892073027,13.463108062744254,4.525029313063085e-08
2050-04-11 23:00:00,25.96458115697275,12.923586845398063,3.433357340724605e-08
2050-04-12 00:00:00,21.010386957348693,12.653515815734977,2.0293389742601723e-08
2050-04-12 01:00:00,21.010393422964253,12.21736049652111,2.0863185266874044e-08
2050-04-12 02:00:00,21.01036611970737,11.588972091674918,1.63758238013065e-08
2050-04-12 03:00:00,21.010359114319087,11.092597961425895,1.1791274366277685e-08
2050-04-12 04:00:00,21.010336096323385,10.745718955993766,8.91600654959723e-09
2050-04-12 05:00:00,0.0251152746978709,10.365898132324332,4.935612748934353e-09
2050-04-12 06:00:00,0.0251046845502096,11.346286773681754,4.8893781281238055e-09
2050-04-12 07:00:00,0.0250915761930728,13.69720268249523,5.134552898875877e-09
2050-04-12 08:00:00,0.024460310654865,16.392580032348746,4.73592396754526e-09
2050-04-12 09:00:00,0.024455552899976,18.121541976928825,4.723288898305054e-09
2050-04-12 10:00:00,0.0244543940996514,20.36651992797863,4.72309868231678e-09
2050-04-12 11:00:00,0.0244542358168076,22.149902343750114,4.722824311132112e-09
2050-04-12 12:00:00,0.0244543020106005,22.95521736145031,4.724473560753113e-09
2050-04-12 13:00:00,0.0244555968519205,23.009923934936637,4.724536503330734e-09
2050-04-12 14:00:00,0.0244553514266008,23.079244613647575,4.728178279420866e-09
2050-04-12 15:00:00,0.0244582288918279,22.775409698486442,4.73808708404617e-09
2050-04-12 16:00:00,0.0250873554905403,21.794630050659293,5.022343720751935e-09
2050-04-12 17:00:00,0.025101500032234,19.850503921508903,5.498525540167628e-09
2050-04-12 18:00:00,0.0251030951515231,18.264146804809684,5.532327766131042e-09
2050-04-12 19:00:00,0.0251031377894903,16.71162033081066,5.5404454460940656e-09
2050-04-12 20:00:00,0.0251027915319173,15.52995586395275,5.523099296996887e-09
2050-04-12 21:00:00,0.025102882752093,14.505925178527946,5.455858176096139e-09
2050-04-12 22:00:00,0.0251027421820964,13.68534088134777,5.529034674455719e-09
2050-04-12 23:00:00,0.0251029515904626,13.130747795105094,5.559630432283586e-09
2050-04-13 00:00:00,0.0251035587322383,12.734932899475211,5.60581873101885e-09
2050-04-13 01:00:00,0.0251042674628239,12.301448822021598,5.640163783861426e-09
2050-04-13 02:00:00,0.0251075602445527,11.882961273193473,5.8647096851911005e-09
2050-04-13 03:00:00,0.0251106085486697,11.363775253296012,6.1390748763967655e-09
2050-04-13 04:00:00,0.0251111308101193,11.022222518921012,6.1025607152363094e-09
2050-04-13 05:00:00,0.025120185647547,10.729537963867301,7.0445352070302025e-09
2050-04-13 06:00:00,0.025145451336502,11.7534694671632,7.350207736610719e-09
2050-04-13 07:00:00,0.0251127436063662,14.045032501220817,5.959057944581787e-09
2050-04-13 08:00:00,0.0250994869044297,15.754336357116813,5.191512288990628e-09
2050-04-13 09:00:00,0.0251110494241938,17.133720397949332,5.6143898964398536e-09
2050-04-13 10:00:00,0.0251081025786484,18.003993988037223,5.360138740654413e-09
2050-04-13 11:00:00,0.0250946829552208,18.476211547851676,5.0615901744052e-09
2050-04-13 12:00:00,0.024458514881653,19.87393188476574,4.786682623133795e-09
2050-04-13 13:00:00,0.0244572808716556,19.79186058044445,4.772435532737548e-09
2050-04-13 14:00:00,0.0244575834688067,19.261238098144645,4.768682535556916e-09
2050-04-13 15:00:00,0.0245306453878766,18.278011322021598,4.793872069510852e-09
2050-04-13 16:00:00,0.0251183253475022,16.16888236999523,5.891101390861146e-09
2050-04-13 17:00:00,0.0251216706384622,14.099838256836051,6.0261465456645066e-09
2050-04-13 18:00:00,0.0251094552906747,12.409630775451774,5.297376200089608e-09
2050-04-13 19:00:00,0.025105658868163,11.367635726928825,5.214339975172089e-09
2050-04-13 20:00:00,0.0251049611381102,10.735419273376579,5.200373695248706e-09
2050-04-13 21:00:00,0.0251040170044402,10.490704536438102,5.155274159573702e-09
2050-04-13 22:00:00,0.0251039419371236,10.350667953491325,5.168613211044559e-09
2050-04-13 23:00:00,0.025104241925669,10.313757896423454,5.180419126129179e-09
2050-04-14 00:00:00,0.0251049530782141,10.1224241256715,5.19808575765163e-09
2050-04-14 01:00:00,0.0251057886136942,10.078406333923454,5.209323950152418e-09
2050-04-14 02:00:00,0.0251074730623786,9.958029747009391,5.223852176695423e-09
2050-04-14 03:00:00,0.0251231699123787,9.776395797729606,5.536342002590369e-09
2050-04-14 04:00:00,0.0251749332290242,9.604183197021598,6.0802695215235435e-09
2050-04-14 05:00:00,19.990377260301287,9.413181304931754,9.840422092107932e-09
2050-04-14 06:00:00,20.94820885475985,9.181176185608024,9.758613079242019e-09
2050-04-14 07:00:00,20.94987050899561,9.06117153167736,1.0120944631762533e-08
2050-04-14 08:00:00,20.9515241803682,9.40471172332775,1.2985494950945266e-08
2050-04-14 09:00:00,20.953117859574764,9.686252593994254,1.361461986359619e-08
2050-04-14 10:00:00,25.89189853265512,10.003768920898551,2.2244837903358355e-08
2050-04-14 11:00:00,20.95639230780434,10.381108283996696,1.4350362524759449e-08
2050-04-14 12:00:00,20.95153483000109,10.837390899658317,1.0959737379478806e-08
2050-04-14 13:00:00,20.95151772371817,10.994735717773551,9.21912543866739e-09
2050-04-14 14:00:00,20.951477042575256,11.15383338928234,8.559060351566147e-09
2050-04-14 15:00:00,20.95149625193717,11.35385894775402,8.642284432739073e-09
2050-04-14 16:00:00,20.951523757014463,11.285189628601188,9.612271930209952e-09
2050-04-14 17:00:00,20.95152327258254,11.114575386047477,9.486464918593135e-09
2050-04-14 18:00:00,20.95139272674008,10.905894279480094,8.389658804124714e-09
2050-04-14 19:00:00,0.0251087335050902,10.748042106628532,4.872276132754095e-09
2050-04-14 20:00:00,0.0251058048166812,10.694514274597282,4.870856685821545e-09
2050-04-14 21:00:00,0.0251053347746596,10.689070701599235,4.846113814818012e-09
2050-04-14 22:00:00,0.0251051056413782,10.650660514831657,4.825569300369579e-09
2050-04-14 23:00:00,0.025105334325725,10.45777797698986,4.8257861229977925e-09
2050-04-15 00:00:00,0.0251070316478573,10.337225914001579,4.843530913495708e-09
2050-04-15 01:00:00,0.025190639465925,10.382662773132438,4.756091770281562e-09
2050-04-15 02:00:00,20.951539033906396,10.44884300231945,1.1637402006151854e-08
2050-04-15 03:00:00,42.13592910311891,10.650254249572868,2.992212914188293e-07
2050-04-15 04:00:00,43.30142940242212,10.90095138549816,0.16288839633729998
2050-04-15 05:00:00,43.301432065352806,11.204133987426871,0.23034066780020127
2050-04-15 06:00:00,43.30143272725688,11.367940902710075,0.2449774281805586
2050-04-15 07:00:00,43.30143216606364,11.57470512390148,0.18706969098877277
2050-04-15 08:00:00,43.30143129315196,11.56070995330822,0.14036880397868706
2050-04-15 09:00:00,43.30143135032996,11.444062232971305,0.1268227890489527
2050-04-15 10:00:00,43.30143142577256,11.480967521667594,0.12524165154877165
2050-04-15 11:00:00,43.301431950007206,11.688340187072868,0.13042588473525032
2050-04-15 12:00:00,43.30143199834642,11.86236953735363,0.12901839106679178
2050-04-15 13:00:00,43.30143263184521,11.895974159240836,0.14632701265821513
2050-04-15 14:00:00,43.30143294061526,12.06991291046154,0.15526020968976897
2050-04-15 15:00:00,43.30143355105426,12.124794960022086,0.17801956667977553
2050-04-15 16:00:00,43.30143424640227,12.081489562988395,0.21687694723010656
2050-04-15 17:00:00,43.30143503882972,11.890686035156364,0.28356358701659695
2050-04-15 18:00:00,43.30143522060207,11.532243728637809,0.29518947588922984
2050-04-15 19:00:00,43.30143525861455,11.152508735656852,0.294512265769949
2050-04-15 20:00:00,43.30143528507909,10.797687530517692,0.29381912614594924
2050-04-15 21:00:00,43.30143527687295,10.477067947387809,0.2929008388914474
2050-04-15 22:00:00,43.30143494353009,10.208456039428825,0.2586095511522396
2050-04-15 23:00:00,43.30143441707582,9.970484733581657,0.21722889637165468
2050-04-16 00:00:00,43.30143373975852,9.73618316650402,0.16938024994149828
2050-04-16 01:00:00,43.30143233551824,9.524557113647575,0.11265775895241942
2050-04-16 02:00:00,43.30143029314398,9.307362556457633,0.07188543190275681
2050-04-16 03:00:00,43.30142772453831,9.085846900940055,0.04878321436667551
2050-04-16 04:00:00,43.30142849969174,8.872406959533805,0.05310789704607739
2050-04-16 05:00:00,43.30143050998349,8.637000083923454,0.07001375649107798
2050-04-16 06:00:00,43.30143169396426,8.489266395568961,0.08458553710736635
2050-04-16 07:00:00,43.30139299725381,8.484161376953239,0.013275681131620217
2050-04-16 08:00:00,43.30139209702216,8.645388603210563,0.012743380242376022
2050-04-16 09:00:00,0.0277383630806669,9.107758522033805,4.93131699490468e-09
2050-04-16 10:00:00,0.0251097102980561,10.002105712890739,4.869718704117599e-09
2050-04-16 11:00:00,0.024468030627329,11.561594009399528,4.951117889945323e-09
2050-04-16 12:00:00,0.0251081211826252,12.356180191040153,5.103864675155808e-09
2050-04-16 13:00:00,0.0251242820638407,12.084549903869743,4.5394813163281025e-09
2050-04-16 14:00:00,43.30131759329552,12.125802040100211,0.0032431300315485536
2050-04-16 15:00:00,43.3013807060449,12.375138282775993,0.007981860286048774
2050-04-16 16:00:00,43.30139666095244,12.593599319458121,0.014294717365002135
2050-04-16 17:00:00,43.30140283600227,12.542461395263786,0.01869102070460677
2050-04-16 18:00:00,43.301416250066026,11.447108268737907,0.03307049659133618
2050-04-16 19:00:00,43.30142888931086,10.832992553711051,0.08438285060146077
2050-04-16 20:00:00,43.301431294362025,11.222113609314079,0.12055117107493664
2050-04-16 21:00:00,43.30143156892097,11.212363243103141,0.1333261754036978
2050-04-16 22:00:00,43.30142970463918,10.419927597046012,0.10959360459513351
2050-04-16 23:00:00,43.30142513890773,9.622655868530387,0.07009182832937345
2050-04-17 00:00:00,43.301424299608925,9.037976264953727,0.06342235805620307
2050-04-17 01:00:00,43.301426270443656,8.513137817382926,0.07709231204851846
2050-04-17 02:00:00,43.30143070934894,7.959071636200065,0.13412508373710186
2050-04-17 03:00:00,43.301431620875846,7.418902397155875,0.15371374873101032
2050-04-17 04:00:00,43.30143152363721,6.956232070922965,0.14246026374623788
2050-04-17 05:00:00,43.301428870049016,6.604206085205192,0.09117042602163529
2050-04-17 06:00:00,43.301418381164886,6.990045547485465,0.035657614247303016
2050-04-17 07:00:00,21.010347989162845,8.05481052398693,1.0906266235575998e-08
2050-04-17 08:00:00,20.96550107170273,9.38492298126232,9.55664621782941e-09
2050-04-17 09:00:00,0.0251915127417593,10.942008972168082,4.6199876404704024e-09
2050-04-17 10:00:00,0.025109253026508,12.163321495056266,4.7020324401355015e-09
2050-04-17 11:00:00,0.0244737884291849,13.131381988525504,4.766856275345044e-09
2050-04-17 12:00:00,0.0244733121425476,14.131740570068473,4.769198138881316e-09
2050-04-17 13:00:00,20.965387585051666,14.159972190857047,8.244837584109268e-09
2050-04-17 14:00:00,20.9654787468423,13.604325294494743,9.99537557788715e-09
2050-04-17 15:00:00,21.01035994369341,13.280839920044059,1.24445728066153e-08
2050-04-17 16:00:00,25.909135742667587,12.617070198059196,1.9594082360107445e-08
2050-04-17 17:00:00,21.01036002617451,11.725800514221305,1.2315618345924604e-08
2050-04-17 18:00:00,20.96544619371725,10.750261306762809,8.530510277103497e-09
2050-04-17 19:00:00,0.0251074163228219,10.015958786010856,4.747818322702994e-09
2050-04-17 20:00:00,0.0251049179979138,9.881547927856559,4.716956847446289e-09
2050-04-17 21:00:00,0.025104345961933,9.539434432983512,4.700880852971589e-09
2050-04-17 22:00:00,0.0251038673092702,9.08593845367443,4.688137450739846e-09
2050-04-17 23:00:00,0.0251037982017667,8.941016197204704,4.686210597113685e-09
2050-04-18 00:00:00,0.0251038875397842,9.103840827942008,4.686487665340827e-09
2050-04-18 01:00:00,0.0251049728134943,9.294181823730582,4.697535562289408e-09
2050-04-18 02:00:00,0.025106539443795,9.904395103454704,4.69677968248244e-09
2050-04-18 03:00:00,0.0251064232830436,10.579270362854118,4.688493867502338e-09
2050-04-18 04:00:00,20.96545524171172,10.46358680725109,8.927500555006747e-09
2050-04-18 05:00:00,20.96546149106236,10.360405921936149,9.028486935428236e-09
2050-04-18 06:00:00,0.0253927205564706,10.931708335876579,4.707450013412331e-09
2050-04-18 07:00:00,0.0251026694501511,11.884704589843864,4.6599942957630435e-09
2050-04-18 08:00:00,0.0244593275772768,12.912952423095817,4.60656483224094e-09
2050-04-18 09:00:00,0.0244547373431911,14.490063667297477,4.532922521815267e-09
2050-04-18 10:00:00,0.0244754835099227,16.6519069671632,4.622764329082679e-09
2050-04-18 11:00:00,0.0244533331059201,17.376871109008903,4.541471059272065e-09
2050-04-18 12:00:00,0.0244531229236597,17.742807388305778,4.522028805818715e-09
2050-04-18 13:00:00,0.0250839839560194,16.19486808776867,4.60609638736524e-09
2050-04-18 14:00:00,0.0244564003071035,16.49539375305187,4.565670868012845e-09
2050-04-18 15:00:00,0.0251037518220608,14.041804313659782,4.665263817993029e-09
2050-04-18 16:00:00,0.0251048451843284,12.213701248169059,4.746755777173998e-09
2050-04-18 17:00:00,20.9654419707732,11.82824516296398,8.566053231232021e-09
2050-04-18 18:00:00,20.965543003998818,11.579072952270621,1.1012670134593535e-08
2050-04-18 19:00:00,21.009759875306123,11.04787921905529,1.2674892402838501e-08
2050-04-18 20:00:00,20.96549047656824,10.621971130371207,1.185786302303382e-08
2050-04-18 21:00:00,20.96546984146645,10.15941429138195,9.6068429959035e-09
2050-04-18 22:00:00,20.96544549101006,9.625512123108024,8.560857576375911e-09
2050-04-18 23:00:00,0.0251134149013773,9.584608078003043,4.891191095803952e-09
2050-04-19 00:00:00,0.0251342903168099,8.951734542846793,4.785483013642015e-09
2050-04-19 01:00:00,20.96541080726171,8.294680595398063,8.409652337851933e-09
2050-04-19 02:00:00,20.96547511589239,7.684527397155875,9.881128499266678e-09
2050-04-19 03:00:00,20.96548481573422,7.54986667633068,1.0657525634750898e-08
2050-04-19 04:00:00,20.965510343611637,7.242929458618278,1.0847874976738537e-08
2050-04-19 05:00:00,21.01035443240609,6.717024326324577,1.3328248832589113e-08
2050-04-19 06:00:00,21.010354566261988,7.262807369232291,1.3018138888974947e-08
2050-04-19 07:00:00,21.01034256483712,8.779516220092887,9.947824443343385e-09
2050-04-19 08:00:00,0.0251026555408736,10.310926437378043,4.9305938222334436e-09
2050-04-19 09:00:00,0.0251055120314111,12.35233306884777,4.873242333778798e-09
2050-04-19 10:00:00,21.01033996948253,14.124579429626579,8.940240990854107e-09
2050-04-19 11:00:00,21.010332150490164,15.405425071716422,8.587861295566837e-09
2050-04-19 12:00:00,21.01034058410145,16.382577896118278,8.689606993032606e-09
2050-04-19 13:00:00,21.010355092373533,16.893922805786246,9.189422675121902e-09
2050-04-19 14:00:00,21.010372373293794,16.944784164428825,1.1275825887222679e-08
2050-04-19 15:00:00,21.010395870384315,15.714446067810172,1.649877051745351e-08
2050-04-19 16:00:00,21.010381739359097,15.076814651489371,1.127256562175343e-08
2050-04-19 17:00:00,21.010393526013,14.55278301239025,1.486023477317576e-08
2050-04-19 18:00:00,21.44531757055323,12.126156806945914,1.9450601444187415e-08
2050-04-19 19:00:00,21.010387063190908,10.404682159423942,1.2430625419123486e-08
2050-04-19 20:00:00,21.01038429658598,10.243535041809196,1.0364818446751961e-08
2050-04-19 21:00:00,21.01038932142248,10.195674896240348,1.2694020311087937e-08
2050-04-19 22:00:00,21.010396345494605,10.060577392578239,1.51284620526784e-08
2050-04-19 23:00:00,21.010397978458723,9.003319740295524,1.604456483970273e-08
2050-04-20 00:00:00,21.01039199205808,8.168372154235954,1.3400172135443018e-08
2050-04-20 01:00:00,21.010398005870936,7.657489299774284,1.6155133208312832e-08
2050-04-20 02:00:00,21.01040620131681,7.206007003784293,1.83482081447539e-08
2050-04-20 03:00:00,21.010399417579457,6.664195537567252,1.596273393761439e-08
2050-04-20 04:00:00,21.010399035093545,6.172618865966911,1.4635937158645381e-08
2050-04-20 05:00:00,21.01040804445825,5.817667961120719,1.3529066134813801e-08
2050-04-20 06:00:00,21.01039838210354,5.914884567260856,1.0738434759322303e-08
2050-04-20 07:00:00,21.0103836413032,6.491863250732536,8.646033757478297e-09
2050-04-20 08:00:00,21.010382885620636,7.213576793670768,8.602152741491632e-09
2050-04-20 09:00:00,21.01039289248846,7.694288253784293,8.890705415322441e-09
2050-04-20 10:00:00,21.01040846445895,8.086174011230582,1.1906642403900402e-08
2050-04-20 11:00:00,21.01039913291561,8.502120018005485,9.082366754556882e-09
2050-04-20 12:00:00,19.990366328141945,8.937513351440543,7.954591616697362e-09
2050-04-20 13:00:00,19.99027996094095,9.37496662139904,7.946444316008148e-09
2050-04-20 14:00:00,19.990330945944397,9.597546577453727,7.926942406967577e-09
2050-04-20 15:00:00,21.461336202557185,9.663419723510856,8.66149159264123e-09
2050-04-20 16:00:00,21.92197348581701,10.571622848510856,8.63199221762021e-09
2050-04-20 17:00:00,43.30138834112105,10.497886657714957,0.011876553911975462
2050-04-20 18:00:00,43.3014079352242,9.702761650085563,0.024878706118586474
2050-04-20 19:00:00,43.30141925842118,9.487643241882438,0.03557599112272798
2050-04-20 20:00:00,43.30141285235638,9.291727066040153,0.027084628884485675
2050-04-20 21:00:00,43.30140978666418,9.026938438415641,0.024618050046454346
2050-04-20 22:00:00,43.301404675190255,8.765831947326774,0.018058956909238602
2050-04-20 23:00:00,43.3014076007908,8.671514511108512,0.02140632792002849
2050-04-21 00:00:00,43.301411405800216,8.55344676971447,0.025478072265783906
2050-04-21 01:00:00,43.30141989249954,8.501621246338004,0.041426844017914966
2050-04-21 02:00:00,43.30142981745521,8.115977287292594,0.08692109302108493
2050-04-21 03:00:00,43.30143364549363,7.994304656982536,0.1352368850001317
2050-04-21 04:00:00,43.30143497039634,7.945848464965934,0.1592184314908881
2050-04-21 05:00:00,43.301435945692695,7.831953525543327,0.1765314104589765
2050-04-21 06:00:00,43.30143701322604,8.002932548523063,0.21371459449053468
2050-04-21 07:00:00,43.301437964682144,8.338069915771598,0.25219080020563833
2050-04-21 08:00:00,43.301438117919766,8.76790809631359,0.2477038843064841
2050-04-21 09:00:00,43.30143820395685,9.328997611999625,0.2414070314323873
2050-04-21 10:00:00,43.30143815164294,9.885314941406364,0.2281282037834424
2050-04-21 11:00:00,43.30143773041249,10.57581710815441,0.1922078347458296
2050-04-21 12:00:00,43.301437267050616,11.379952430725211,0.16202780427082616
2050-04-21 13:00:00,43.30143785508793,11.785429000854606,0.19050832799420783
2050-04-21 14:00:00,43.30143828671493,12.018054008484,0.21375045061184186
2050-04-21 15:00:00,43.301438623830464,12.13615703582775,0.23205342685316488
2050-04-21 16:00:00,43.30143891189008,12.151885032653922,0.25126801703861906
2050-04-21 17:00:00,43.30143922393488,11.995187759399528,0.2810206431863662
2050-04-21 18:00:00,43.30143942490131,11.808330535888786,0.29649135628747425
2050-04-21 19:00:00,43.30143946602209,11.467597007751579,0.2965035309819437
2050-04-21 20:00:00,43.3014394575184,11.17170619964611,0.295918210451692
2050-04-21 21:00:00,43.301439327872274,10.850108146667594,0.28865228421685096
2050-04-21 22:00:00,43.301439014426506,10.715056419372672,0.2538553919508906
2050-04-21 23:00:00,43.301438982321365,10.718555450439567,0.2552335451256375
2050-04-22 00:00:00,43.30143923244388,10.714912414550895,0.2858039354338139
2050-04-22 01:00:00,43.30143936499615,10.664267539978141,0.2937077631240143
2050-04-22 02:00:00,43.30143932574403,10.599606513977164,0.2898794269619465
2050-04-22 03:00:00,43.301439368630895,10.548848152160758,0.28590692451360766
2050-04-22 04:00:00,43.3014393538684,10.515935897827262,0.27377032203780605
2050-04-22 05:00:00,43.30143949185982,10.490793228149528,0.28484962275177717
2050-04-22 06:00:00,43.30143960822118,10.63894367218029,0.2932203385989703
2050-04-22 07:00:00,43.30143925731151,11.026390075683707,0.2773896710628877
2050-04-22 08:00:00,43.30143911638671,11.553256034851188,0.25605474261024525
2050-04-22 09:00:00,43.30143871271943,12.220339775085563,0.2143851671630418
2050-04-22 10:00:00,43.30143847528848,12.78922557830822,0.20388250699029817
2050-04-22 11:00:00,43.30143567818897,13.951116561889762,0.09023588600091172
2050-04-22 12:00:00,43.30143718069497,14.198169708252067,0.13404912754834405
2050-04-22 13:00:00,43.30143780950845,14.181174278259391,0.1742900747329719
2050-04-22 14:00:00,43.30143732724348,14.347918510437125,0.15257994385817386
2050-04-22 15:00:00,43.30143758685842,14.277733802795524,0.16626587103270543
2050-04-22 16:00:00,43.30143801149926,14.081224441528434,0.19544385972451625
2050-04-22 17:00:00,43.30143815703774,13.63990688323986,0.2108471568429618
2050-04-22 18:00:00,43.30143808477381,13.113495826721305,0.2051454113680645
2050-04-22 19:00:00,43.30143757232828,12.411893844604606,0.17084126368599825
2050-04-22 20:00:00,43.301437174672266,12.018906593322868,0.15350573026342362
2050-04-22 21:00:00,43.30143692153395,11.870369911193961,0.1452836289873243
2050-04-22 22:00:00,43.30143686268412,11.845644950866813,0.1483118437644954
2050-04-22 23:00:00,43.30143673340605,11.85793781280529,0.1471207575662346
2050-04-23 00:00:00,43.30143533193304,11.859436035156364,0.10019591554247607
2050-04-23 01:00:00,43.301434536889424,11.854173660278434,0.08416493545767129
2050-04-23 02:00:00,43.30143450819918,11.885112762451286,0.08366026483711654
2050-04-23 03:00:00,43.3014351877859,11.933924674987907,0.09660770323841096
2050-04-23 04:00:00,43.30143493796714,12.106184005737418,0.08989571511024275
2050-04-23 05:00:00,43.30143398289631,12.366701126098746,0.07402268301869225
2050-04-23 06:00:00,43.3014325527033,12.591696739196891,0.060037742949373106
2050-04-23 07:00:00,43.30141285489017,12.74432754516613,0.017763479496650532
2050-04-23 08:00:00,43.3014121771056,13.023421287536735,0.01700060835766905
2050-04-23 09:00:00,43.30140979409408,13.516213417053336,0.01505730080530697
2050-04-23 10:00:00,43.30141505256523,14.26333332061779,0.01984940950556409
2050-04-23 11:00:00,0.0251176514903633,15.96811962127697,4.55557199678978e-09
2050-04-23 12:00:00,0.0251164305805674,18.48093414306652,4.0665166026106985e-09
2050-04-23 13:00:00,0.0253908580859719,19.616388320922965,4.777357178438559e-09
2050-04-23 14:00:00,43.301399664882766,20.034587860107536,0.010463990782736247
2050-04-23 15:00:00,43.30141659795003,19.83162117004406,0.020433157368882963
2050-04-23 16:00:00,43.30142761277668,19.418634414672965,0.04591324216662462
2050-04-23 17:00:00,43.30143560564351,18.11131095886242,0.14723374488131222
2050-04-23 18:00:00,43.30143734770564,16.434761047363395,0.24514845960327822
2050-04-23 19:00:00,43.301437445399685,15.311027526855582,0.25582036455844576
2050-04-23 20:00:00,43.301437523933096,14.588165283203239,0.2673940010249322
2050-04-23 21:00:00,43.30143762517449,13.951148033142204,0.2802429192112381
2050-04-23 22:00:00,43.301437536198925,13.319331169128532,0.28633067305510923
2050-04-23 23:00:00,43.30143745671989,12.998426437378043,0.2850309888238371
2050-04-24 00:00:00,43.30143723902872,12.765276908874625,0.27380282619691276
2050-04-24 01:00:00,43.30143725623704,12.47651576995861,0.27187944181922147
2050-04-24 02:00:00,43.30143712729145,12.278856277465934,0.26002644834226796
2050-04-24 03:00:00,43.3014369665702,12.169199943542594,0.23525376229525158
2050-04-24 04:00:00,43.30143646698034,12.054140090942496,0.18626436412900726
2050-04-24 05:00:00,43.30143549118128,11.884137153625602,0.13372772157934792
2050-04-24 06:00:00,43.30143462475583,11.907149314880485,0.10768096142810799
2050-04-24 07:00:00,43.30143501553842,12.296750068664664,0.11760661610337264
2050-04-24 08:00:00,43.30143273509995,13.110582351684684,0.07902984050788611
2050-04-24 09:00:00,43.301425195103626,13.981760978698844,0.032906031965875514
2050-04-24 10:00:00,43.30142831468515,14.688442230224723,0.04486073828578209
2050-04-24 11:00:00,43.30142538108812,15.496467590332145,0.032885844813501174
2050-04-24 12:00:00,43.30142349494472,16.583055496215934,0.02803727280528531
2050-04-24 13:00:00,43.301418327439,18.50633049011242,0.02007650451716345
2050-04-24 14:00:00,43.30141899790898,19.743652343750114,0.02071059338128028
2050-04-24 15:00:00,43.30142698302942,19.488683700561637,0.03619056665594535
2050-04-24 16:00:00,43.30143367814445,18.74720382690441,0.08247777308946094
2050-04-24 17:00:00,43.30143645403108,17.649620056152457,0.1612083669176325
2050-04-24 18:00:00,43.3014373186731,16.63057136535656,0.21008977264262166
2050-04-24 19:00:00,43.30143703932084,15.64885234832775,0.18872498532313067
2050-04-24 20:00:00,43.301436995129656,15.005408287048454,0.1865854720240332
2050-04-24 21:00:00,43.301437116503806,14.56502723693859,0.1952595836411131
2050-04-24 22:00:00,43.30143755976158,14.24818038940441,0.239927897833894
2050-04-24 23:00:00,43.30143769547843,14.027093887329215,0.25451934159914974
2050-04-25 00:00:00,43.301437882004016,13.797568321228141,0.2714828481963855
2050-04-25 01:00:00,43.30143813851962,13.57862758636486,0.29015812171456523
2050-04-25 02:00:00,43.30143820409919,13.392062187194938,0.2907846095248013
2050-04-25 03:00:00,43.3014383394854,13.068698883056754,0.2927231725790974
2050-04-25 04:00:00,43.301438497843954,12.693303108215446,0.2953319454006218
2050-04-25 05:00:00,43.30143860633555,12.350619316101188,0.29745742578419626
2050-04-25 06:00:00,43.30143825169079,12.2488889694215,0.25076191160164224
2050-04-25 07:00:00,43.30143730927161,12.615188598632926,0.18190140985868453
2050-04-25 08:00:00,43.301436192465005,13.521354675293082,0.13273256087676732
2050-04-25 09:00:00,43.3014299340341,14.872179031372184,0.04594384229075229
2050-04-25 10:00:00,43.30143388123778,15.628765106201286,0.0801149247667095
2050-04-25 11:00:00,43.3014323665926,16.563497543335075,0.06300901397426571
2050-04-25 12:00:00,43.30143069030287,17.571249008178825,0.05024922482859063
2050-04-25 13:00:00,43.30142659397085,18.399375915527457,0.03305915571644241
2050-04-25 14:00:00,43.30142969441143,19.08934020996105,0.04430209973023385
2050-04-25 15:00:00,43.30143354836088,18.86683845520031,0.07697366525482312
2050-04-25 16:00:00,43.30143580749776,18.08431434631359,0.12480732170991034
2050-04-25 17:00:00,43.30143730945133,17.397420883178825,0.1920956348924961
2050-04-25 18:00:00,43.30143771061352,16.436769485473746,0.22622349052387652
2050-04-25 19:00:00,43.30143765649981,15.614201545715446,0.2178269537008095
2050-04-25 20:00:00,43.30143777923254,15.019140243530387,0.23073658004142406
2050-04-25 21:00:00,43.30143783077517,14.40902137756359,0.24029490832411862
2050-04-25 22:00:00,43.30143802729405,13.920762062072868,0.26940800248217756
2050-04-25 23:00:00,43.301438186517146,13.586146354675407,0.29274107127662485
2050-04-26 00:00:00,43.30143807510928,13.409240722656364,0.28648498965141994
2050-04-26 01:00:00,43.30143753965607,13.065968513488883,0.22637350222735014
2050-04-26 02:00:00,43.30143688424606,12.629926681518668,0.17463417990518204
2050-04-26 03:00:00,43.30143706106625,12.140413284301871,0.1820786287077001
2050-04-26 04:00:00,43.30143759340974,11.781904220581168,0.22151954084891234
2050-04-26 05:00:00,43.30143750389179,11.519703865051383,0.20829448659927915
2050-04-26 06:00:00,43.30143598991456,11.40399551391613,0.12450230669286266
2050-04-26 07:00:00,43.30143412313556,11.617940902710075,0.1210727307194158
2050-04-26 08:00:00,43.30143537410088,12.015183448791618,0.1525331513581452
2050-04-26 09:00:00,43.30143512690825,12.348211288452262,0.13688039232932067
2050-04-26 10:00:00,43.301433849434936,12.802385330200309,0.10696155227486095
2050-04-26 11:00:00,43.3014227593719,13.491542816162223,0.03379028584648769
2050-04-26 12:00:00,43.30140816811341,14.28820610046398,0.013836270516881206
2050-04-26 13:00:00,0.0251122715228721,15.281713485717887,5.01113478152273e-09
2050-04-26 14:00:00,0.0251085061849411,16.228136062622184,5.150890897027588e-09
2050-04-26 15:00:00,0.0251047538713409,16.77647972106945,5.179860057040747e-09
2050-04-26 16:00:00,0.0251050545158821,16.66384315490734,5.045898890833258e-09
2050-04-26 17:00:00,19.990525741171844,16.064672470092887,7.365852308611589e-09
2050-04-26 18:00:00,43.3014243003209,14.956433296203727,0.03623520605744925
2050-04-26 19:00:00,43.30143097558298,13.72372913360607,0.07916092168344657
2050-04-26 20:00:00,43.301434839131424,12.813730239868278,0.14596085856100544
2050-04-26 21:00:00,43.30143514468666,11.923603057861442,0.14928598536244003
2050-04-26 22:00:00,43.30143199721826,11.087333679199332,0.09306210623791694
2050-04-26 23:00:00,43.3014331125123,10.49926853179943,0.10589538174784814
2050-04-27 00:00:00,43.301433241434,10.063241958618278,0.11443510644414799
2050-04-27 01:00:00,43.30143434211667,9.621697425842399,0.1389403588524365
2050-04-27 02:00:00,43.30143416620624,9.297034263610954,0.13389702882150292
2050-04-27 03:00:00,43.30143284190663,8.977047920227164,0.10623131032551518
2050-04-27 04:00:00,43.30143112315052,8.574030876159782,0.08042484651508076
2050-04-27 05:00:00,43.30143374038601,8.314713478088493,0.1033103825013127
2050-04-27 06:00:00,43.30143320665706,8.362786293029899,0.09001240129139651
2050-04-27 07:00:00,43.30142550712766,8.614772796630973,0.04387213377795416
2050-04-27 08:00:00,43.30142416236779,8.75349044799816,0.039392029105266756
2050-04-27 09:00:00,43.30141798815596,9.51641654968273,0.02318389911970299
2050-04-27 10:00:00,43.30141907975326,10.297091484069938,0.024661940020187935
2050-04-27 11:00:00,43.30142128047696,10.24816703796398,0.029077587403799218
2050-04-27 12:00:00,43.30142230361328,9.377749443054313,0.032466315242316725
2050-04-27 13:00:00,43.30141601520243,9.212661743164176,0.01984762405991134
2050-04-27 14:00:00,43.3013826310014,9.199207305908317,0.007039921918645564
2050-04-27 15:00:00,19.990379504079044,8.744209289550895,7.684320771634608e-09
2050-04-27 16:00:00,43.30138396616658,8.503033638000602,0.007219344636686697
2050-04-27 17:00:00,43.3014121492926,8.324203491211051,0.01591331882722794
2050-04-27 18:00:00,43.3014156854888,8.20543479919445,0.01865384810748584
2050-04-27 19:00:00,43.301418442175446,8.09138107299816,0.02181871687068719
2050-04-27 20:00:00,43.30141775049677,8.085969924926871,0.02078435624321574
2050-04-27 21:00:00,43.30141789750373,8.076460838317985,0.02090692108012885
2050-04-27 22:00:00,43.30142353937353,7.923175334930534,0.03326332295682489
2050-04-27 23:00:00,43.30142530307534,7.8210797309876625,0.03987040616248541
2050-04-28 00:00:00,43.30142674831822,7.710606575012321,0.04604392523235492
2050-04-28 01:00:00,43.30142764481452,7.4978222846986,0.04991998064191095
2050-04-28 02:00:00,43.301429335587166,7.259127616882438,0.05950861215575651
2050-04-28 03:00:00,43.30143178211377,6.962873935699577,0.07801798946252553
2050-04-28 04:00:00,43.3014334467139,6.642261505127067,0.09312407929958995
2050-04-28 05:00:00,43.30143611256178,6.378524780273551,0.1408680213856821
2050-04-28 06:00:00,43.30143766579674,6.313717365265006,0.20003462922482715
2050-04-28 07:00:00,43.30143621139813,7.205850601196403,0.12865917343479008
2050-04-28 08:00:00,43.30143576651225,8.730821609497184,0.11453014471622021
2050-04-28 09:00:00,43.30143684371343,9.425258636474723,0.14344654918546207
2050-04-28 10:00:00,43.301429475803765,11.36607933044445,0.04214467165080697
2050-04-28 11:00:00,43.301435787074745,11.527929306030387,0.11144498914837622
2050-04-28 12:00:00,43.30143453709135,12.112840652465934,0.08638149030150337
2050-04-28 13:00:00,43.30143500343753,12.708831787109489,0.09532010389690823
2050-04-28 14:00:00,43.301434889729336,13.40163612365734,0.09337303287745735
2050-04-28 15:00:00,43.30143781130487,12.799481391906852,0.19892686511453478
2050-04-28 16:00:00,43.30143696498826,13.268855094909782,0.14765560915631926
2050-04-28 17:00:00,43.30143837554322,12.660662651062125,0.24348418331564295
2050-04-28 18:00:00,43.30143861078167,11.504450798034782,0.2825780524065523
2050-04-28 19:00:00,43.30143828901095,10.496221542358512,0.24221360277304807
2050-04-28 20:00:00,43.3014376523448,9.394881248474235,0.19310428324924495
2050-04-28 21:00:00,43.30143665219544,9.414059638977164,0.14693777393492638
2050-04-28 22:00:00,43.301435893064486,8.972689628601188,0.12632529281245325
2050-04-28 23:00:00,43.301435707884046,8.189327239990348,0.12109377711180556
2050-04-29 00:00:00,43.30143571893544,7.476975440979118,0.12086772067533899
2050-04-29 01:00:00,43.3014357053575,7.018188953399772,0.12070666372322243
2050-04-29 02:00:00,43.30143451150926,6.572254657745475,0.08963277250280609
2050-04-29 03:00:00,43.301433223388166,6.012371540069694,0.06798260934085401
2050-04-29 04:00:00,43.30143226552533,5.500081062317008,0.05743824597930032
2050-04-29 05:00:00,43.30143320923528,5.270313262939567,0.06524673809041695
2050-04-29 06:00:00,43.30142991702746,5.875173091888541,0.04405327837212844
2050-04-29 07:00:00,43.30141079821983,7.173974514007682,0.016339532122065896
2050-04-29 08:00:00,0.0251508899016186,8.666533470153922,4.814297689199262e-09
2050-04-29 09:00:00,0.0244720284067119,10.062184333801383,4.816004512883063e-09
2050-04-29 10:00:00,0.0245076059546423,11.27090930938732,4.9368366039213935e-09
2050-04-29 11:00:00,0.024475685192651,12.495759963989371,4.996949617892672e-09
2050-04-29 12:00:00,0.0244601544347105,13.455508232116813,4.812118076313734e-09
2050-04-29 13:00:00,0.0244594221949555,14.003892898559684,4.830479614173467e-09
2050-04-29 14:00:00,0.0251041226243915,14.34690093994152,4.997930793987585e-09
2050-04-29 15:00:00,43.30136883613324,14.284555435180778,0.006044747643878214
2050-04-29 16:00:00,43.30142367498805,13.888618469238395,0.03120465877789699
2050-04-29 17:00:00,43.30143628504941,13.06387042999279,0.15197502008995756
2050-04-29 18:00:00,43.30143826084883,12.065268516540641,0.2822895880479623
2050-04-29 19:00:00,43.30143825196015,10.401116371154899,0.28359577842644434
2050-04-29 20:00:00,43.30143814511633,10.27536773681652,0.2819903768325822
2050-04-29 21:00:00,43.30143791549248,10.040060997009391,0.2705413697310424
2050-04-29 22:00:00,43.301437906363255,9.069792747497672,0.27877026229527296
2050-04-29 23:00:00,43.30143746002416,7.939446449279899,0.248973985364155
2050-04-30 00:00:00,43.30143694885548,6.985496997833366,0.23755992609760065
2050-04-30 01:00:00,43.30143733085824,6.330834865570182,0.2470269990239734
2050-04-30 02:00:00,43.30143712980871,6.382543087005729,0.23407222494457583
2050-04-30 03:00:00,43.30143699466527,6.805922031402702,0.2208369951246451
2050-04-30 04:00:00,43.3014369583047,6.914113044738883,0.20647829679248664
2050-04-30 05:00:00,43.30143704459717,6.999381542205924,0.19591187095345639
2050-04-30 06:00:00,43.30143647872468,7.410331249237174,0.16369480548330773
2050-04-30 07:00:00,43.30142377215676,8.267046928405875,0.04469132573991934
2050-04-30 08:00:00,43.30107692243149,9.740422248840446,0.0015330211379448071
2050-04-30 09:00:00,43.30108307363558,10.39178276062023,0.0017158407876280435
2050-04-30 10:00:00,19.99043026846169,12.363753318786735,7.4248408576577495e-09
2050-04-30 11:00:00,0.0251584631500341,13.778838157653922,4.721490308114568e-09
2050-04-30 12:00:00,0.0251022967148885,14.533704757690543,5.112014021631645e-09
2050-04-30 13:00:00,43.30107759090291,13.662957191467399,0.0015222314130750156
2050-04-30 14:00:00,43.30107930989578,12.847854614257926,0.0016083175500332134
2050-04-30 15:00:00,43.30105503372263,14.282510757446403,0.001105361060017961
2050-04-30 16:00:00,43.30135334280333,13.369166374206657,0.008787570425260917
2050-04-30 17:00:00,43.301428989448574,12.839128494262809,0.07018895217091657
2050-04-30 18:00:00,43.301431162065576,12.426510810852164,0.08744578804131246
2050-04-30 19:00:00,43.301431850664976,11.348786354065055,0.0945428183913151
2050-04-30 20:00:00,43.30143414246707,10.734308242797965,0.13804943417107227
2050-04-30 21:00:00,43.301433377116055,10.050162315368766,0.12847897485919918
2050-04-30 22:00:00,43.30143205202121,9.591794013977164,0.1195539280936214
2050-04-30 23:00:00,43.30143050478589,9.315634727478141,0.10794354356069281
2050-05-01 00:00:00,43.30140469972271,9.08626747131359,0.028794383960024122
2050-05-01 01:00:00,43.30109582264717,8.691201210022086,0.0025871713994897426
2050-05-01 02:00:00,43.301083963492296,8.252660751342887,0.002056388193896178
2050-05-01 03:00:00,43.301080204301705,7.603330135345573,0.0016484104938765845
2050-05-01 04:00:00,43.30107706910963,6.900299549102897,0.0013643672338249336
2050-05-01 05:00:00,43.301076197022695,6.951067924499625,0.0013152350960892033
2050-05-01 06:00:00,43.30107415717539,8.002593040466422,0.001274369707738701
2050-05-01 07:00:00,21.0103777570046,9.343894958496207,8.35771451667636e-09
2050-05-01 08:00:00,21.010374581668,11.47719764709484,7.654709461046314e-09
2050-05-01 09:00:00,21.01035174648804,13.609865188598746,7.080208816462053e-09
2050-05-01 10:00:00,21.01036242534152,14.96756744384777,7.119664536265791e-09
2050-05-01 11:00:00,0.0251880430397278,15.96423149108898,4.587587886399257e-09
2050-05-01 12:00:00,0.0251318359961355,16.641033172607536,4.674478648326332e-09
2050-05-01 13:00:00,19.990336588909138,17.121109008789176,7.677171362207138e-09
2050-05-01 14:00:00,42.68839246006706,16.360860824585075,2.1293631486335585e-07
2050-05-01 15:00:00,43.30139512056784,16.065879821777457,0.014999510237385731
2050-05-01 16:00:00,43.30140496306392,16.308872222900504,0.01659110642867137
2050-05-01 17:00:00,43.30141955949952,15.519843101501579,0.03503142124340615
2050-05-01 18:00:00,43.30142043636501,14.409613609314079,0.036151348123889794
2050-05-01 19:00:00,43.30141672977439,13.24924468994152,0.026825648410701765
2050-05-01 20:00:00,43.30141713674486,12.952267646789664,0.024675068443275935
2050-05-01 21:00:00,43.30142705069407,12.157280921936149,0.05504024422679233
2050-05-01 22:00:00,43.30143477461337,11.543343544006461,0.14237844468960562
2050-05-01 23:00:00,43.30143695166127,11.1555690765382,0.22936511269059898
2050-05-02 00:00:00,43.301437698582646,10.752566337585563,0.27161394302121394
2050-05-02 01:00:00,43.30143796954976,10.442928314209098,0.28281061156783494
2050-05-02 02:00:00,43.30143808272785,10.099116325378532,0.28307460030224046
2050-05-02 03:00:00,43.30143827074919,9.90721702575695,0.2845162585569166
2050-05-02 04:00:00,43.301438452225305,9.702287673950309,0.2860568751487007
2050-05-02 05:00:00,43.301438689734326,9.430218696594352,0.2886973721545798
2050-05-02 06:00:00,43.30143885147837,9.316533088684196,0.2905415160021713
2050-05-02 07:00:00,43.30143895450472,9.619064331054801,0.27376182703041957
2050-05-02 08:00:00,43.3014389392172,9.966296195984,0.25891228051735427
2050-05-02 09:00:00,43.30143871320456,9.673044204712028,0.2285517253697374
2050-05-02 10:00:00,43.30143903620045,8.679973602295036,0.26551451524326974
2050-05-02 11:00:00,43.30143903777614,8.977308273315543,0.2602437425416559
2050-05-02 12:00:00,43.301439078640506,9.165140151977653,0.2694580952217438
2050-05-02 13:00:00,43.301439077836335,9.491065025329704,0.27453902221466414
2050-05-02 14:00:00,43.3014389097478,10.00205230712902,0.25898392042663665
2050-05-02 15:00:00,43.30143857446072,10.627579689025993,0.22929510745303516
2050-05-02 16:00:00,43.30143866887172,11.106736183166618,0.23480938865455178
2050-05-02 17:00:00,43.30143850329826,11.555894851684684,0.21518152981835573
2050-05-02 18:00:00,43.301438510408666,11.630967140197868,0.21251096451258125
2050-05-02 19:00:00,43.301438461420105,10.659441947937125,0.2102607768020028
2050-05-02 20:00:00,43.3014382288011,10.01993560791027,0.1965117666934325
2050-05-02 21:00:00,43.30143802403969,9.995099067688102,0.1860695381265549
2050-05-02 22:00:00,43.30143720402962,9.65749835968029,0.1439958644459182
2050-05-02 23:00:00,43.30143731099128,9.758138656616325,0.15140832124302372
2050-05-03 00:00:00,43.3014376207198,10.1467800140382,0.16915541050602328
2050-05-03 01:00:00,43.30143770480596,9.70100021362316,0.17517646653540006
2050-05-03 02:00:00,43.30143795954968,9.213075637817496,0.192812425081831
2050-05-03 03:00:00,43.30143828176272,8.856491088867301,0.217053705639108
2050-05-03 04:00:00,43.30143828260523,8.659867286682243,0.2133501467296486
2050-05-03 05:00:00,43.3014382427627,8.866426467895621,0.20570762754907373
2050-05-03 06:00:00,43.30143808756131,9.964735031128043,0.19361098312155023
2050-05-03 07:00:00,43.30143518826724,11.513612747192496,0.112743094810376
2050-05-03 08:00:00,43.30143302145022,13.137942314148063,0.06996391053765273
2050-05-03 09:00:00,43.30143123548126,14.43844318389904,0.052292940848455885
2050-05-03 10:00:00,43.30143533902525,14.320704460144157,0.1070172711995568
2050-05-03 11:00:00,43.30143531658764,14.053883552551383,0.10996702819839056
2050-05-03 12:00:00,43.301435391294525,14.248529434204215,0.11243249160038395
2050-05-03 13:00:00,43.30143621696781,14.436584472656364,0.13382775781919504
2050-05-03 14:00:00,43.30143538208793,15.019464492797965,0.10690217411280295
2050-05-03 15:00:00,43.3014370780019,14.622700691223258,0.1630124542500096
2050-05-03 16:00:00,43.30143632729272,14.210153579712028,0.12961981783667986
2050-05-03 17:00:00,43.30143636324644,13.608355522155875,0.12954663535607625
2050-05-03 18:00:00,43.30143646709008,13.287876129150504,0.133822663370005
2050-05-03 19:00:00,43.30143625918807,13.045307159423942,0.12513986107802183
2050-05-03 20:00:00,43.30143592298103,12.75100135803234,0.11579286009231972
2050-05-03 21:00:00,43.30143660322294,12.424122810363883,0.1406705291870161
2050-05-03 22:00:00,43.301437096784575,12.191095352172965,0.16714281249653865
2050-05-03 23:00:00,43.30143731764621,11.996987342834586,0.18313233102926188
2050-05-04 00:00:00,43.30143724579774,11.451922416687125,0.1783929436797357
2050-05-04 01:00:00,43.30143694937877,11.073451042175407,0.16018028794436656
2050-05-04 02:00:00,43.30143732309303,10.978012084961051,0.18084689177207525
2050-05-04 03:00:00,43.30143734751886,10.721441268921012,0.17761705411113612
2050-05-04 04:00:00,43.30143731792728,10.38192176818859,0.1710508111159539
2050-05-04 05:00:00,43.30143759805954,10.081115722656364,0.18772757670070755
2050-05-04 06:00:00,43.301438026626926,10.083954811096305,0.2269366035341166
2050-05-04 07:00:00,43.30143700927186,10.317195892334098,0.2026314135546481
2050-05-04 08:00:00,43.30143414936621,11.076272010803336,0.10561390839166941
2050-05-04 09:00:00,43.30142844267246,12.142020225525016,0.04356438709810175
2050-05-04 10:00:00,43.30142898635809,14.27164173126232,0.04576293623724244
2050-05-04 11:00:00,43.301429489269296,15.08890819549572,0.048565444572300526
2050-05-04 12:00:00,43.30142732818916,15.777202606201286,0.03714881588726429
2050-05-04 13:00:00,43.30141712356997,16.628818511963004,0.018273107915219966
2050-05-04 14:00:00,43.3014207552384,16.844488143921012,0.022121812479049378
2050-05-04 15:00:00,43.30142234104666,16.4418182373048,0.02427631165156243
2050-05-04 16:00:00,43.30142774972633,15.591254234314079,0.03726088412070254
2050-05-04 17:00:00,43.30143140290331,15.177082061767692,0.057688043945695495
2050-05-04 18:00:00,43.301435472685725,14.624411582946891,0.11292727859521172
2050-05-04 19:00:00,43.30143655138812,13.455359458923454,0.14737588612745445
2050-05-04 20:00:00,43.30143715577829,12.300465583801383,0.18515106586650812
2050-05-04 21:00:00,43.30143777786227,11.596430778503532,0.2204653899805917
2050-05-04 22:00:00,43.30143826404426,11.097680091858024,0.2708043048326859
2050-05-04 23:00:00,43.301438142343294,10.805710792541618,0.2582927973935151
2050-05-05 00:00:00,43.30143808109603,10.727684020996207,0.24937042907044477
2050-05-05 01:00:00,43.30143772724291,10.868577957153434,0.2109164364928825
2050-05-05 02:00:00,43.30143724322119,10.995571136474723,0.17231070464974757
2050-05-05 03:00:00,43.30143757863876,11.042861938476676,0.17908238162396142
2050-05-05 04:00:00,43.30143818635242,10.885896682739371,0.20585187810436942
2050-05-05 05:00:00,43.30143874424741,10.352962493896598,0.23932742776444682
2050-05-05 06:00:00,43.3014390681903,10.35247898101818,0.27277144089096234
2050-05-05 07:00:00,43.30143907915423,10.392401695251579,0.26785692031009434
2050-05-05 08:00:00,43.30143880499346,10.471357345581168,0.23594484404381585
2050-05-05 09:00:00,43.30143856315826,10.728913307190055,0.20552250496486035
2050-05-05 10:00:00,43.30143833097733,11.125978469848746,0.18107900956598752
2050-05-05 11:00:00,43.30143771793157,11.995268821716422,0.1428332469828221
2050-05-05 12:00:00,43.30143744905601,12.835913658142204,0.1314489060322854
2050-05-05 13:00:00,43.30143380803432,14.424129486084098,0.0600186781669748
2050-05-05 14:00:00,43.30143829373435,13.322358131408805,0.17800184178775086
2050-05-05 15:00:00,43.30143663755857,13.503406524658317,0.10232826492066806
2050-05-05 16:00:00,43.301438712599904,14.144692420959586,0.19754071779382737
2050-05-05 17:00:00,43.30143942387531,13.225713729858512,0.29219561328562127
2050-05-05 18:00:00,43.30143952188038,13.016961097717399,0.2982955327346748
2050-05-05 19:00:00,43.30143951539257,12.331406593322868,0.2981674565707057
2050-05-05 20:00:00,43.30143948176435,11.595946311950797,0.29773909770906454
2050-05-05 21:00:00,43.301439419439625,10.676897048950309,0.2971149282805757
2050-05-05 22:00:00,43.30143934668504,10.384003639221305,0.2964662650555861
2050-05-05 23:00:00,43.30143910906892,10.058892250061149,0.2816795937259587
2050-05-06 00:00:00,43.30143888269417,9.629864692688102,0.2562519239979297
2050-05-06 01:00:00,43.3014386977287,9.24072360992443,0.23715279503153014
2050-05-06 02:00:00,43.30143868013391,9.018065452575797,0.23477739318658294
2050-05-06 03:00:00,43.301438858521,8.767778396606559,0.25486837985329364
2050-05-06 04:00:00,43.30143899325231,8.551281929016227,0.2698742880196564
2050-05-06 05:00:00,43.30143902090876,8.77509689331066,0.27237699615030153
2050-05-06 06:00:00,43.30143888916263,9.609902381897086,0.2612933007181274
2050-05-06 07:00:00,43.30143818802992,10.09515190124523,0.2343897088815452
2050-05-06 08:00:00,43.30143761924883,10.571314811706657,0.1949079231520072
2050-05-06 09:00:00,43.30143550396145,11.389782905578727,0.11531924538040865
2050-05-06 10:00:00,43.30143248102949,12.229258537292594,0.06700187084101457
2050-05-06 11:00:00,43.301430232430896,14.028817176818961,0.047998292153204065
2050-05-06 12:00:00,43.30142628524444,16.08312034606945,0.032412519485080366
2050-05-06 13:00:00,43.30142465544124,17.480035781860465,0.028573388294614997
2050-05-06 14:00:00,43.30142889044034,17.981683731079215,0.040752059275812276
2050-05-06 15:00:00,43.30143108972017,18.210952758789176,0.05423412879314353
2050-05-06 16:00:00,43.301433362236935,17.94067192077648,0.07827787269796166
2050-05-06 17:00:00,43.30143148507599,17.493553161621207,0.05711042719258784
2050-05-06 18:00:00,43.30143188445648,16.65603828430187,0.060402216946200356
2050-05-06 19:00:00,43.30143234538348,15.06195449829113,0.06688877600238494
2050-05-06 20:00:00,43.30143440731199,13.445285797119254,0.10202652179725347
2050-05-06 21:00:00,43.30143544501961,12.444098472595329,0.1312154613022464
2050-05-06 22:00:00,43.301435530374434,11.8150510787965,0.14069196193793698
2050-05-06 23:00:00,43.301434989597865,11.320354461670036,0.12431143184380312
2050-05-07 00:00:00,43.30143556801324,10.928708076477164,0.14970708861384072
2050-05-07 01:00:00,43.30143635144262,10.919589042663688,0.19736913961990007
2050-05-07 02:00:00,43.30143676731962,10.65195465087902,0.23094184208638097
2050-05-07 03:00:00,43.30143688370824,10.545250892639274,0.24048558909059956
2050-05-07 04:00:00,43.30143703080498,10.564886093139762,0.24787534219374305
2050-05-07 05:00:00,43.30143727163187,10.756830215454215,0.2690623658716252
2050-05-07 06:00:00,43.3014372805839,11.726545333862418,0.26579294836472694
2050-05-07 07:00:00,43.30143637080519,12.483899116516227,0.22188970021860258
2050-05-07 08:00:00,43.30143375525316,13.827723503112907,0.11388812172718368
2050-05-07 09:00:00,43.30142511369599,16.922674179077262,0.03591304817079414
2050-05-07 10:00:00,43.30142270289444,19.887779235839957,0.02845378933822238
2050-05-07 11:00:00,43.30142172933403,21.368951797485465,0.026361527669051876
2050-05-07 12:00:00,43.30142431134608,21.967905044555778,0.032849491842640174
2050-05-07 13:00:00,43.3014308443895,21.08267974853527,0.07648140073413896
2050-05-07 14:00:00,43.301426545334856,21.87217521667492,0.043031649345105255
2050-05-07 15:00:00,43.30143140806552,21.877342224121207,0.08187918140866406
2050-05-07 16:00:00,43.30143496743257,21.407770156860465,0.17225689910004433
2050-05-07 17:00:00,43.30143593795357,20.17773246765148,0.2715341999773341
2050-05-07 18:00:00,43.30143598483547,18.75391006469738,0.29223282166873266
2050-05-07 19:00:00,43.30143589806761,17.688394546508903,0.2926998716582093
2050-05-07 20:00:00,43.30143574758618,16.60388565063488,0.29239651572818415
2050-05-07 21:00:00,43.30143554860212,16.16001129150402,0.29166165200917055
2050-05-07 22:00:00,43.30143525013026,15.29615402221691,0.2897420382032295
2050-05-07 23:00:00,43.30143469570834,14.88004589080822,0.2629347432184695
2050-05-08 00:00:00,43.30143358161571,14.67906761169445,0.19607281931098264
2050-05-08 01:00:00,43.301432752280704,14.06751632690441,0.16195139283601145
2050-05-08 02:00:00,43.30143255902793,13.296799659729118,0.1602500486216924
2050-05-08 03:00:00,43.30143198286334,12.702380180359,0.1395344708793275
2050-05-08 04:00:00,43.3014309833247,12.052729606628532,0.10709714243688861
2050-05-08 05:00:00,43.3014293518502,11.801881790161246,0.07551959658240064
2050-05-08 06:00:00,43.3014281333073,11.886528968811149,0.06405757162833361
2050-05-08 07:00:00,20.95833621916069,12.401553153991813,1.1478010735344301e-08
2050-05-08 08:00:00,20.95832599830578,13.10934162139904,9.084095081794912e-09
2050-05-08 09:00:00,0.0251088971988315,14.132143974304313,4.9087274436555084e-09
2050-05-08 10:00:00,0.0244662719232805,16.302612304687614,4.810787689259471e-09
2050-05-08 11:00:00,0.024464192147564,18.67325019836437,4.860525272776041e-09
2050-05-08 12:00:00,0.0244621868240511,19.88388252258312,4.78895178577659e-09
2050-05-08 13:00:00,0.0244629480514777,20.347421646118278,4.770165329218851e-09
2050-05-08 14:00:00,0.025104629092371,20.549955368042106,4.896147927470178e-09
2050-05-08 15:00:00,19.99000929926397,20.594192504882926,7.725726969163843e-09
2050-05-08 16:00:00,20.959952167506163,20.094137191772575,8.601955516383107e-09
2050-05-08 17:00:00,35.05220996842063,19.602527618408317,2.261085885249186e-08
2050-05-08 18:00:00,35.053193386468095,18.41064834594738,2.9732804119857077e-08
2050-05-08 19:00:00,35.05319580689045,17.086658477783317,2.58284654985525e-08
2050-05-08 20:00:00,43.301362074334186,15.452160835266227,0.013074356320561704
2050-05-08 21:00:00,43.3014123453935,13.761447906494254,0.052120861217157685
2050-05-08 22:00:00,43.30141632072473,13.114582061767692,0.07158608363172195
2050-05-08 23:00:00,43.30141796427339,12.755299568176383,0.083811495148807
2050-05-09 00:00:00,43.30142336275881,12.530414581298942,0.1422099414081382
2050-05-09 01:00:00,43.30141948521517,12.364042282104606,0.09838731298454034
2050-05-09 02:00:00,43.30140303534221,12.52857875823986,0.03929487354855057
2050-05-09 03:00:00,43.30103766377617,12.590862274170036,0.0025229752336221483
2050-05-09 04:00:00,35.053233653293454,12.553099632263297,3.7156934756708985e-08
2050-05-09 05:00:00,43.30137980263019,12.599265098571891,0.018143623246200762
2050-05-09 06:00:00,43.30140995745968,13.267366409301871,0.04373817485459246
2050-05-09 07:00:00,25.2292934754849,14.261455535888786,2.1344952852348117e-08
2050-05-09 08:00:00,20.414811577121597,16.600992202758903,1.3901393423882888e-08
2050-05-09 09:00:00,20.414790930209296,19.367452621460075,1.1270757260379529e-08
2050-05-09 10:00:00,20.41478490926672,21.29481124877941,9.56411347385625e-09
2050-05-09 11:00:00,0.0251232231251199,22.55636596679699,4.855539290798508e-09
2050-05-09 12:00:00,20.41475725651072,22.54422187805187,8.48432998922362e-09
2050-05-09 13:00:00,20.414787692803763,21.93577575683605,1.0124006511504662e-08
2050-05-09 14:00:00,20.4147925411684,21.07439994812023,1.2333094419460849e-08
2050-05-09 15:00:00,20.41479307569937,20.317789077758903,1.241475647055376e-08
2050-05-09 16:00:00,20.414798868806816,20.158931732177848,1.29938056870659e-08
2050-05-09 17:00:00,20.41644649110216,20.14517211914074,1.5925403675051015e-08
2050-05-09 18:00:00,25.229305681128427,19.918382644653434,2.651996067319652e-08
2050-05-09 19:00:00,25.229296762361585,19.055162429809684,2.5459798093746893e-08
2050-05-09 20:00:00,20.46081787213512,18.282001495361442,1.7556746800966556e-08
2050-05-09 21:00:00,20.414799346651584,17.473255157470817,1.447397867464522e-08
2050-05-09 22:00:00,20.414785882930044,16.885768890380973,9.48215909737658e-09
2050-05-09 23:00:00,20.414785159568,16.641330718994254,9.364737586773568e-09
2050-05-10 00:00:00,20.414782837417896,16.41110992431652,9.103387614694771e-09
2050-05-10 01:00:00,20.41478692020853,16.042888641357536,9.587424520641718e-09
2050-05-10 02:00:00,20.414786769061653,15.66114711761486,9.512998873923112e-09
2050-05-10 03:00:00,20.4147786827963,15.419023513794059,8.828454192541598e-09
2050-05-10 04:00:00,0.0251489883683734,15.286893844604606,4.86983688666325e-09
2050-05-10 05:00:00,0.0251138484144336,15.385272979736442,4.874949622522076e-09
2050-05-10 06:00:00,20.414778847276228,16.00955963134777,8.814831942213673e-09
2050-05-10 07:00:00,0.0251158432019975,16.594449996948356,4.842157629991721e-09
2050-05-10 08:00:00,0.0251037045925518,16.67483711242687,4.76905449507125e-09
2050-05-10 09:00:00,0.0250998834123742,17.069484710693473,4.74487265105661e-09
2050-05-10 10:00:00,0.0244711193362662,19.007015228271598,4.739934837528063e-09
2050-05-10 11:00:00,0.0251023825869347,17.281015396118278,4.773381179907289e-09
2050-05-10 12:00:00,0.0251046050638211,14.963445663452262,4.814013024029217e-09
2050-05-10 13:00:00,0.0251043826422062,14.421572685241813,4.818198144665543e-09
2050-05-10 14:00:00,0.0251044277208597,14.339893341064567,4.8236273132118125e-09
2050-05-10 15:00:00,0.0251016943849772,15.304275512695426,4.7868871328194145e-09
2050-05-10 16:00:00,0.0251058391708205,14.467741012573356,4.878875158815298e-09
2050-05-10 17:00:00,0.0251240722891776,14.091911315918082,4.9039925802952274e-09
2050-05-10 18:00:00,20.414855395084604,13.634320259094352,1.1714981515402702e-08
2050-05-10 19:00:00,20.437119615211845,13.500195503234977,1.4237875077902712e-08
2050-05-10 20:00:00,20.438772319138312,13.04913425445568,1.698263926646502e-08
2050-05-10 21:00:00,25.229337227258785,12.454895019531364,2.5839996365914174e-08
2050-05-10 22:00:00,20.44190765853934,12.03133869171154,1.4729175974399194e-08
2050-05-10 23:00:00,20.44354851813289,11.712659835815543,1.858824687524232e-08
2050-05-11 00:00:00,20.830538464064706,11.612554550171012,2.3735283172511823e-08
2050-05-11 01:00:00,20.44675759452402,11.622061729431266,2.0391260593462465e-08
2050-05-11 02:00:00,20.448304876596364,11.570172309875602,1.659473519154682e-08
2050-05-11 03:00:00,20.44988998694569,11.51701641082775,1.5300332622460814e-08
2050-05-11 04:00:00,20.45148843915371,11.26191329956066,1.517703011431023e-08
2050-05-11 05:00:00,20.4531106553651,11.274661064148063,1.7038534839468124e-08
2050-05-11 06:00:00,20.454704973474943,11.975996971130485,1.625951320647472e-08
2050-05-11 07:00:00,0.056989387277445,12.908675193786735,7.969153077186325e-09
2050-05-11 08:00:00,0.0252198837679408,13.911301612854118,5.723823642671033e-09
2050-05-11 09:00:00,0.0251216114237884,14.785823822021598,4.829504600627158e-09
2050-05-11 10:00:00,0.0568276217075314,15.707564353942985,6.812438485049363e-09
2050-05-11 11:00:00,0.0251023946679949,17.810033798217887,4.83020829625404e-09
2050-05-11 12:00:00,0.0244594235175307,20.563686370849723,4.7426026641730075e-09
2050-05-11 13:00:00,0.0244544469084829,21.485738754272575,4.692207115794251e-09
2050-05-11 14:00:00,0.0244548136539946,21.742874145507926,4.663776788636694e-09
2050-05-11 15:00:00,0.0244573426534263,21.72626876831066,4.686563744425197e-09
2050-05-11 16:00:00,0.0250421981935934,21.369251251220817,4.760457062702105e-09
2050-05-11 17:00:00,0.0251028595776314,20.68505668640148,4.815303005025578e-09
2050-05-11 18:00:00,0.0251043163779487,19.274793624878043,4.803086840786806e-09
2050-05-11 19:00:00,0.0251070570503336,17.536907196045036,4.831670790812273e-09
2050-05-11 20:00:00,0.0251121005740961,15.94251918792736,4.850397608241828e-09
2050-05-11 21:00:00,0.025107573408301,14.961051940918082,4.861627707521275e-09
2050-05-11 22:00:00,0.0251057953423966,14.468991279602164,4.8693947130528916e-09
2050-05-11 23:00:00,0.0251070364048629,14.030011177063102,4.882196910073642e-09
2050-05-12 00:00:00,0.0251110142008727,14.01706409454357,4.892281693701493e-09
2050-05-12 01:00:00,0.0251072487666257,13.450349807739371,4.8939476087178696e-09
2050-05-12 02:00:00,0.025104886441055,12.91555500030529,4.888081588426934e-09
2050-05-12 03:00:00,0.0251057537454103,12.374838829040641,4.8989760028184355e-09
2050-05-12 04:00:00,0.0251058462354041,11.806979179382438,4.905151925540881e-09
2050-05-12 05:00:00,0.0253382328107657,11.32330131530773,5.425673921274168e-09
2050-05-12 06:00:00,20.4995079800648,11.089293479919547,1.1457300542411487e-08
2050-05-12 07:00:00,20.499494897846283,11.218002319336051,9.111858531138397e-09
2050-05-12 08:00:00,19.99028492827507,11.512433052063102,8.046215514908212e-09
2050-05-12 09:00:00,0.0251221424735709,12.139987945556754,4.815069943579706e-09
2050-05-12 10:00:00,20.49949723766052,12.93339061737072,8.657124489870218e-09
2050-05-12 11:00:00,20.49951346449709,13.544528007507438,9.079276763781924e-09
2050-05-12 12:00:00,20.49950980246401,14.238551139831657,8.83586136381952e-09
2050-05-12 13:00:00,0.0251281740363857,16.398914337158317,4.774972803473861e-09
2050-05-12 14:00:00,20.499463492552543,17.119716644287223,8.350774905881626e-09
2050-05-12 15:00:00,0.0251374496087436,17.729465484619254,4.773795578060553e-09
2050-05-12 16:00:00,19.990371552665813,17.306865692138786,8.068720471076417e-09
2050-05-12 17:00:00,20.499529211498743,16.00935554504406,9.845317219687835e-09
2050-05-12 18:00:00,20.55473601169852,15.241784095764274,1.3037109406761223e-08
2050-05-12 19:00:00,20.556301854027687,14.023692131042594,1.4327050706506203e-08
2050-05-12 20:00:00,20.5157525329935,12.654179573059196,1.4450447826157331e-08
2050-05-12 21:00:00,20.559595735266903,11.741967201233024,1.7540880806080998e-08
2050-05-12 22:00:00,20.49952284906437,11.311496734619254,9.24640974376983e-09
2050-05-12 23:00:00,0.0251120959953779,10.808467864990348,4.86523651274809e-09
2050-05-13 00:00:00,0.0251058513078572,10.212656974792594,4.846738399298102e-09
2050-05-13 01:00:00,0.0251048666813615,9.502182006836051,4.826427016782107e-09
2050-05-13 02:00:00,0.0251053450062132,9.040904045105094,4.81810133132242e-09
2050-05-13 03:00:00,0.0251057303113076,8.669816017150993,4.8076616379295435e-09
2050-05-13 04:00:00,0.0251063950816568,8.383688926696891,4.7967485241261204e-09
2050-05-13 05:00:00,0.0251075817477669,8.869578361511344,4.781829528032224e-09
2050-05-13 06:00:00,0.0251044584854643,10.05829238891613,4.818696695200821e-09
2050-05-13 07:00:00,0.0251027911518819,10.624341964721793,4.779575141526515e-09
2050-05-13 08:00:00,0.0250989937468539,11.082524299621696,4.725378126001029e-09
2050-05-13 09:00:00,0.0244696417241645,11.802749633789176,4.698523483613345e-09
2050-05-13 10:00:00,0.0244943735453596,13.12675762176525,4.7040001346733255e-09
2050-05-13 11:00:00,0.024457988361575,14.66194057464611,4.683530279836592e-09
2050-05-13 12:00:00,0.0244548765869593,15.95442104339611,4.661661903708386e-09
2050-05-13 13:00:00,0.0244544722994356,16.93560600280773,4.658487964642394e-09
2050-05-13 14:00:00,0.0244551847545105,17.16039848327648,4.658978263952811e-09
2050-05-13 15:00:00,0.0244570386614152,17.33982849121105,4.667296586251767e-09
2050-05-13 16:00:00,0.0250839088986245,17.057626724243278,4.702507107075975e-09
2050-05-13 17:00:00,0.0251306848848795,15.885998725891227,4.778805714505511e-09
2050-05-13 18:00:00,0.0251372318023257,13.002043724060172,4.775452327090746e-09
2050-05-13 19:00:00,0.0251337088699156,11.480278015136832,4.8036939925981195e-09
2050-05-13 20:00:00,20.53456596836593,11.331707954406852,9.153206258165566e-09
2050-05-13 21:00:00,20.53457459044072,11.177842140197868,9.667288834623533e-09
2050-05-13 22:00:00,0.0251095445047536,10.865780830383414,4.8774600533283786e-09
2050-05-13 23:00:00,0.025112665312644,10.456295013427848,4.878288731284853e-09
2050-05-14 00:00:00,0.0258159146561147,10.42080116271984,4.849263429929398e-09
2050-05-14 01:00:00,20.534564621209764,9.991638183593864,8.826127796202177e-09
2050-05-14 02:00:00,20.5345818596313,9.858910560608024,9.707855305895869e-09
2050-05-14 03:00:00,20.53477015302988,9.966958999633903,1.1738797311145678e-08
2050-05-14 04:00:00,20.609355160388628,9.785354614257926,1.3787169465671153e-08
2050-05-14 05:00:00,21.344451236577903,9.867549896240348,1.6742650225832762e-08
2050-05-14 06:00:00,25.43886830699607,9.995939254760856,2.5368759787691906e-08
2050-05-14 07:00:00,20.58454920454941,10.317158699035758,1.085050512933252e-08
2050-05-14 08:00:00,20.584537779987325,10.611434936523551,9.78530838029045e-09
2050-05-14 09:00:00,20.584533869171956,11.126983642578239,9.113678162461723e-09
2050-05-14 10:00:00,20.584542833723876,11.998469352722282,1.0146500513923833e-08
2050-05-14 11:00:00,19.990288136857927,12.804535865783805,7.903173375035779e-09
2050-05-14 12:00:00,0.0244701757766441,15.540678977966422,4.822070877943748e-09
2050-05-14 13:00:00,0.0244669013173816,16.924491882324332,4.811313926496304e-09
2050-05-14 14:00:00,19.990309426053187,17.13989639282238,7.901636881496953e-09
2050-05-14 15:00:00,20.58457104591208,17.185840606689567,1.0386463872934321e-08
2050-05-14 16:00:00,24.99859113110524,16.817836761474723,1.9856794224287887e-08
2050-05-14 17:00:00,25.43888888613059,16.57827186584484,2.8841283670918424e-08
2050-05-14 18:00:00,25.43889412172299,15.759724617004508,3.406200242817259e-08
2050-05-14 19:00:00,25.43888568499352,14.461380958557243,2.7424665533435722e-08
2050-05-14 20:00:00,20.63511255320394,13.252241134643668,1.4891941547271054e-08
2050-05-14 21:00:00,20.584547534894558,12.213206291198844,9.818784010858612e-09
2050-05-14 22:00:00,0.0251249796043684,11.489188194275016,4.803691808650539e-09
2050-05-14 23:00:00,0.0251088368589748,10.662015914917106,4.832599191054407e-09
2050-05-15 00:00:00,0.0251081779273227,10.52604198455822,4.828053166025446e-09
2050-05-15 01:00:00,0.0251083806839935,10.346117019653434,4.820336586271891e-09
2050-05-15 02:00:00,0.0251330771115982,9.490483283996696,4.7897545756158626e-09
2050-05-15 03:00:00,0.0251125414729644,7.7251911163331215,4.80004158005139e-09
2050-05-15 04:00:00,0.0251080716325597,7.816009521484489,4.798527532912675e-09
2050-05-15 05:00:00,0.0251149926888357,8.87219619750988,4.777326514832803e-09
2050-05-15 06:00:00,20.584293680005462,9.734259605407829,8.385884131897784e-09
2050-05-15 07:00:00,20.584602003740528,10.476235389709586,9.534858282352065e-09
2050-05-15 08:00:00,20.612010251069,10.883947372436637,1.0487304194322188e-08
2050-05-15 09:00:00,20.61193800675336,11.47997093200695,8.297777159165282e-09
2050-05-15 10:00:00,20.611953899830837,12.562623977661246,8.231873994013734e-09
2050-05-15 11:00:00,0.024470136071606,15.267920494079704,4.662139389657414e-09
2050-05-15 12:00:00,0.0244545725656521,17.491199493408317,4.5108715092873525e-09
2050-05-15 13:00:00,0.0244546453720443,18.741840362548942,4.206207513530858e-09
2050-05-15 14:00:00,0.0244563365900727,19.3896999359132,4.4447524000348085e-09
2050-05-15 15:00:00,0.0251011044658092,19.733461380004996,4.65851192572608e-09
2050-05-15 16:00:00,20.62501196547361,19.625576019287223,8.46925578450469e-09
2050-05-15 17:00:00,43.301423488934574,18.20564460754406,0.06137017810165428
2050-05-15 18:00:00,43.30143187431313,17.516183853149528,0.18676134363769187
2050-05-15 19:00:00,43.301432880570346,16.874080657959098,0.2316931052934312
2050-05-15 20:00:00,43.30143371019101,16.07359886169445,0.26970941156807976
2050-05-15 21:00:00,43.30143406046341,15.685914993286246,0.28638217712236336
2050-05-15 22:00:00,43.30143414975086,15.41616249084484,0.2846142076225853
2050-05-15 23:00:00,43.30143424938311,15.334486007690543,0.2833054981117194
2050-05-16 00:00:00,43.30143443887926,14.784003257751579,0.28330446689468225
2050-05-16 01:00:00,43.30143455128764,13.62179279327404,0.2823063716123753
2050-05-16 02:00:00,43.30143481501072,13.439438819885368,0.28385099054138796
2050-05-16 03:00:00,43.30143508596197,13.658335685730094,0.2857025811588381
2050-05-16 04:00:00,43.30143542714835,13.98513221740734,0.2888865097019254
2050-05-16 05:00:00,43.301435769430846,14.187387466430778,0.2924813694007047
2050-05-16 06:00:00,43.30143590539334,14.48862171173107,0.29331612596911943
2050-05-16 07:00:00,43.3014353208913,14.713800430297965,0.2268178324923236
2050-05-16 08:00:00,43.30143516183498,14.925552368164176,0.20907110416873576
2050-05-16 09:00:00,43.30143499180584,15.113232612609977,0.19433394058653206
2050-05-16 10:00:00,43.30143454245818,15.370360374450797,0.16370451361260416
2050-05-16 11:00:00,43.30143345746345,15.680415153503532,0.11996412772800519
2050-05-16 12:00:00,43.30143242448651,16.160768508911246,0.09515331247779965
2050-05-16 13:00:00,43.301431210871286,16.877185821533317,0.07461096656415124
2050-05-16 14:00:00,43.30142917649695,17.614116668701286,0.05298464620011667
2050-05-16 15:00:00,43.30143081544775,17.731960296630973,0.06752888157291946
2050-05-16 16:00:00,43.30143347430499,17.42561531066906,0.11162652103633205
2050-05-16 17:00:00,43.30143528958091,17.332256317138786,0.17580674698818435
2050-05-16 18:00:00,43.30143622039047,17.200481414795036,0.2326216209171869
2050-05-16 19:00:00,43.30143623226747,16.694410324096793,0.22933108324674814
2050-05-16 20:00:00,43.301436380802045,15.888182640075797,0.2412929703469592
2050-05-16 21:00:00,43.3014363447322,15.570877075195426,0.2356371414939243
2050-05-16 22:00:00,43.301436476860886,15.608241081237907,0.24960110060623134
2050-05-16 23:00:00,43.30143662092917,15.226586341858024,0.2675102732068352
2050-05-17 00:00:00,43.30143678967063,14.812446594238395,0.28025345479470615
2050-05-17 01:00:00,43.30143682340247,14.41559982299816,0.28100019855911096
2050-05-17 02:00:00,43.30143668604507,14.237426757812614,0.26331801709554736
2050-05-17 03:00:00,43.30143691378428,14.351226806640739,0.28083964526557775
2050-05-17 04:00:00,43.30143683136404,14.673514366150016,0.26449435568108515
2050-05-17 05:00:00,43.3014369139805,14.96053791046154,0.2676693604143687
2050-05-17 06:00:00,43.301436475404365,15.489127159118766,0.21657175046412233
2050-05-17 07:00:00,43.30143527740605,15.38434219360363,0.17808179510368713
2050-05-17 08:00:00,43.30143511769229,15.521812438964957,0.1689799861367378
2050-05-17 09:00:00,43.30143464522631,15.63453292846691,0.15178396204459574
2050-05-17 10:00:00,43.30143020896841,15.366443634033317,0.06469524650097588
2050-05-17 11:00:00,43.30136664425577,17.54708290100109,0.00540584462502541
2050-05-17 12:00:00,43.30142918490451,16.82686805725109,0.05372311127867056
2050-05-17 13:00:00,43.30142531920972,17.529682159423942,0.03392340503321973
2050-05-17 14:00:00,43.30142723430281,17.919269561767692,0.04070751931566105
2050-05-17 15:00:00,43.30142891858987,18.365669250488395,0.04972529509737033
2050-05-17 16:00:00,43.30142956416511,17.965232849121207,0.053405519972925905
2050-05-17 17:00:00,43.3014340001164,17.032444000244254,0.12248555188971008
2050-05-17 18:00:00,43.30143639645368,15.891940116882438,0.2353885956756601
2050-05-17 19:00:00,43.3014364899816,15.016765594482536,0.24572192892375838
2050-05-17 20:00:00,43.301436573639,14.433208465576286,0.25029066455879057
2050-05-17 21:00:00,43.30143642233342,13.552054405212516,0.23876838445584703
2050-05-17 22:00:00,43.30143648652597,13.536413192749137,0.25249951692896966
2050-05-17 23:00:00,43.30143630526749,13.372069358825797,0.23943413710026507
2050-05-18 00:00:00,43.30143622871331,12.957503318786735,0.2340755747422433
2050-05-18 01:00:00,43.3014362940581,12.747447013855094,0.24023285499838848
2050-05-18 02:00:00,43.30143673757876,12.579148292541618,0.2799454708107485
2050-05-18 03:00:00,43.30143664503642,12.483035087585563,0.2699794291901844
2050-05-18 04:00:00,43.301436621064816,12.204632759094352,0.2625245060881922
2050-05-18 05:00:00,43.30143675560135,12.221852302551383,0.2746456217241076
2050-05-18 06:00:00,43.30143672081263,12.548698425293082,0.2649482846376908
2050-05-18 07:00:00,43.30143568482329,12.851214408874625,0.22292500871008047
2050-05-18 08:00:00,43.30142807295688,14.122722625732536,0.0589402852897901
2050-05-18 09:00:00,43.301423341186855,16.03083419799816,0.0323895581947064
2050-05-18 10:00:00,43.30142071555976,17.24473571777355,0.025100888862451126
2050-05-18 11:00:00,43.30142557723768,17.481037139892692,0.041209643119328884
2050-05-18 12:00:00,43.30141826470706,18.87486076354992,0.021203232689520908
2050-05-18 13:00:00,43.30141997597054,19.438129425048942,0.023559657138568346
2050-05-18 14:00:00,43.30142681436417,18.799404144287223,0.04670556166843634
2050-05-18 15:00:00,43.30142605480415,19.375732421875114,0.041853475081161114
2050-05-18 16:00:00,43.30143072792463,19.023782730102653,0.08008984004332036
2050-05-18 17:00:00,43.30143485822549,18.40169715881359,0.17087825436875168
2050-05-18 18:00:00,43.30143571460221,17.77352905273449,0.21383294648001316
2050-05-18 19:00:00,43.30142939884431,16.54896736145031,0.0643335721994576
2050-05-18 20:00:00,43.301424746620384,15.871747016906852,0.035090323379586084
2050-05-18 21:00:00,43.30142243846693,15.678489685058707,0.028411952608354083
2050-05-18 22:00:00,43.301426608493664,15.351605415344352,0.043960986572867525
2050-05-18 23:00:00,43.30142811333114,14.826944351196403,0.05460526691995789
2050-05-19 00:00:00,43.30143022346303,14.715543746948356,0.07683488619191867
2050-05-19 01:00:00,43.30143055719891,14.82555198669445,0.07972853827751039
2050-05-19 02:00:00,43.30143285974541,14.811566352844352,0.12021096107027258
2050-05-19 03:00:00,43.30143488306081,14.301177024841422,0.18499841126397587
2050-05-19 04:00:00,43.30143575649908,13.725093841552848,0.22010067606657258
2050-05-19 05:00:00,43.3014353611153,13.831748008728141,0.17722880013211542
2050-05-19 06:00:00,43.30143424099334,14.831168174743766,0.12990982698541206
2050-05-19 07:00:00,43.301432192751896,16.466894149780387,0.08763442802913468
2050-05-19 08:00:00,43.301429463502366,18.344251632690543,0.05603394924207688
2050-05-19 09:00:00,43.301427794508975,20.603271484375114,0.04382774806157009
2050-05-19 10:00:00,43.30142586812117,23.003973007202262,0.03497196445551057
2050-05-19 11:00:00,43.3014245744442,25.10415077209484,0.03097990854575783
2050-05-19 12:00:00,43.30142483422056,26.61838531494152,0.0314033069582225
2050-05-19 13:00:00,43.301426738820645,27.836046218872184,0.03696499796438987
2050-05-19 14:00:00,43.301430523936496,27.523616790771598,0.059198720330360714
2050-05-19 15:00:00,43.30143372043465,26.782199859619254,0.10638392410138332
2050-05-19 16:00:00,43.3014352081,26.197519302368278,0.14696736117302422
2050-05-19 17:00:00,43.301436036203626,24.194026947021598,0.2017785163846478
2050-05-19 18:00:00,43.301436374328105,21.670011520385856,0.23145723783539465
2050-05-19 19:00:00,43.30143655416935,20.254674911499137,0.25100750838324687
2050-05-19 20:00:00,43.30143645923671,18.766258239746207,0.24023233368436112
2050-05-19 21:00:00,43.30143603817307,17.55869865417492,0.20140614600273005
2050-05-19 22:00:00,43.3014360817935,16.531074523925895,0.21721241315102918
2050-05-19 23:00:00,43.3014359206006,15.656029701233024,0.2107262076722029
2050-05-20 00:00:00,43.30143585996864,14.951360702514762,0.2039354633549192
2050-05-20 01:00:00,43.30143606869903,14.416588783264274,0.2196321043339563
2050-05-20 02:00:00,43.30143600732959,13.951883316040153,0.21034247334621517
2050-05-20 03:00:00,43.30143553989633,13.738440513610954,0.1719191103333135
2050-05-20 04:00:00,43.30143601219173,13.394495964050407,0.1935461000216937
2050-05-20 05:00:00,43.30143662208831,13.68145561218273,0.2356984250356463
2050-05-20 06:00:00,43.30143633217779,14.816992759704704,0.20559402354636055
2050-05-20 07:00:00,43.30143220345157,16.2472438812257,0.09002181667080557
2050-05-20 08:00:00,43.3014277179857,17.679750442504996,0.047073594253371334
2050-05-20 09:00:00,43.30142515277312,18.924236297607536,0.03546920082602666
2050-05-20 10:00:00,43.30140355519725,20.16955947875988,0.011760972253901514
2050-05-20 11:00:00,43.30137983707196,21.032567977905387,0.0067772616499616805
2050-05-20 12:00:00,43.30139752312108,21.94404792785656,0.00990278281241804
2050-05-20 13:00:00,43.30141525755359,22.728870391845817,0.018185591775974126
2050-05-20 14:00:00,43.301423366200105,23.160936355590934,0.02948918619870441
2050-05-20 15:00:00,43.30142968721024,22.800504684448356,0.05586211536275201
2050-05-20 16:00:00,43.301434450545216,21.90638351440441,0.12350116931964344
2050-05-20 17:00:00,43.30143689277073,19.600776672363395,0.29379515743152135
2050-05-20 18:00:00,43.30143684545021,18.73091316223156,0.29298150743542983
2050-05-20 19:00:00,43.30143680388752,17.01368904113781,0.2923393427582307
2050-05-20 20:00:00,43.30143680885156,15.911984443664664,0.29254407892638823
2050-05-20 21:00:00,43.30143676696252,15.450473785400504,0.29217335572847364
2050-05-20 22:00:00,43.30143672713061,15.083999633789176,0.292120514856166
2050-05-20 23:00:00,43.301436562712375,13.769812583923454,0.2899431653994182
2050-05-21 00:00:00,43.30143648743213,13.237524986267204,0.28954267434751046
2050-05-21 01:00:00,43.30143649550909,12.997662544250602,0.2906939672642265
2050-05-21 02:00:00,43.30143646311695,12.761443138122672,0.2912837138878171
2050-05-21 03:00:00,43.30143647017842,12.583708763122672,0.2927096176686297
2050-05-21 04:00:00,43.30143651681031,12.415131568908805,0.2950135343633401
2050-05-21 05:00:00,43.30143654200469,12.284487724304313,0.2972798615692713
2050-05-21 06:00:00,43.301436388001655,12.302198410034293,0.28413434463304277
2050-05-21 07:00:00,25.81548272741744,12.599057197570914,6.580499180451167e-08
2050-05-21 08:00:00,25.81548031582058,13.013924598693961,4.7030613218795895e-08
2050-05-21 09:00:00,25.815471808819137,13.793055534362907,2.5698974958969416e-08
2050-05-21 10:00:00,20.88958189023572,15.428733825683707,1.0950167870026445e-08
2050-05-21 11:00:00,20.88958627695423,16.630161285400504,1.1663674338693888e-08
2050-05-21 12:00:00,20.889606699723775,15.935938835144157,1.2296486240625154e-08
2050-05-21 13:00:00,20.89597992949314,14.393774032592887,1.6383919720596164e-08
2050-05-21 14:00:00,25.815416468947237,13.42441844940197,2.329841588486404e-08
2050-05-21 15:00:00,20.889579852183427,14.466664314270133,1.0611988515924974e-08
2050-05-21 16:00:00,20.889599211084377,14.97997856140148,1.2632726018632543e-08
2050-05-21 17:00:00,20.902487890721016,15.306687355041618,1.4290050102477e-08
2050-05-21 18:00:00,20.90411809309141,14.816309928894157,1.3876162766967702e-08
2050-05-21 19:00:00,20.88958106107016,13.888925552368278,1.1170387707633907e-08
2050-05-21 20:00:00,20.88957878973168,13.25545692443859,1.0408562784351075e-08
2050-05-21 21:00:00,20.889577014801663,12.954560279846305,1.0110211798550864e-08
2050-05-21 22:00:00,20.88957041886017,12.85815238952648,9.056353238941918e-09
2050-05-21 23:00:00,0.0370064544419149,12.788277626037711,4.7417046797464775e-09
2050-05-22 00:00:00,19.990323637239616,12.894428253173942,7.907751710450667e-09
2050-05-22 01:00:00,20.889562505050677,12.865578651428336,8.672974463730515e-09
2050-05-22 02:00:00,20.889567475156912,12.779277801513786,8.898068612181685e-09
2050-05-22 03:00:00,20.889567556353207,12.712248802185172,8.884840343991055e-09
2050-05-22 04:00:00,20.889560934736373,12.571973800659293,8.59780440718947e-09
2050-05-22 05:00:00,20.88948470021607,12.62838459014904,8.254624447935042e-09
2050-05-22 06:00:00,20.889557007595783,13.047003746032829,8.613089840971246e-09
2050-05-22 07:00:00,0.0251023455642609,13.791441917419547,4.807331855122893e-09
2050-05-22 08:00:00,0.0244610656471451,14.692437171936149,4.31084828576048e-09
2050-05-22 09:00:00,0.0244575197570237,16.237970352172965,4.416219282222633e-09
2050-05-22 10:00:00,0.0251492366275427,18.080894470214957,4.727648130807944e-09
2050-05-22 11:00:00,0.0251245814625032,18.956905364990348,4.732049080143921e-09
2050-05-22 12:00:00,0.0251437823249533,19.210815429687614,4.726175168178764e-09
2050-05-22 13:00:00,0.0244719823822312,20.148885726928825,4.749240656822725e-09
2050-05-22 14:00:00,20.89437141618976,15.742603302002067,9.512648852911765e-09
2050-05-22 15:00:00,0.0250990176438864,16.948289871215934,4.804528414621823e-09
2050-05-22 16:00:00,0.0251756671443821,18.341024398803825,4.797040014860752e-09
2050-05-22 17:00:00,43.301373764640985,18.048776626587028,0.010843348396432346
2050-05-22 18:00:00,43.30143161565071,17.182495117187614,0.1458372321280403
2050-05-22 19:00:00,43.30143329878061,15.85824298858654,0.21580054273363186
2050-05-22 20:00:00,43.30143397569347,14.72009658813488,0.2617455932571707
2050-05-22 21:00:00,43.3014338938514,14.059631347656364,0.26072892196532876
2050-05-22 22:00:00,43.30143224528754,13.945207595825309,0.18092316317347285
2050-05-22 23:00:00,43.30140108110805,13.773487091064567,0.02359406358947555
2050-05-23 00:00:00,43.30137587631473,13.298634529113883,0.008016098159517938
2050-05-23 01:00:00,43.30137460190846,13.087676048278922,0.007382479212338872
2050-05-23 02:00:00,43.30138495727484,12.786326408386344,0.011843751976720895
2050-05-23 03:00:00,43.30140209366259,12.39169025421154,0.02175057271766445
2050-05-23 04:00:00,43.30142822610946,12.062452316284293,0.08685313763801829
2050-05-23 05:00:00,43.30143178514789,11.83895301818859,0.12711693345251776
2050-05-23 06:00:00,43.30143299664193,11.626780509948844,0.15754257603220925
2050-05-23 07:00:00,43.301433005146336,11.706929206848258,0.15257766655847185
2050-05-23 08:00:00,43.30143076384307,12.02788066864025,0.09714589502879811
2050-05-23 09:00:00,43.30142601652596,12.461854934692496,0.05152070232181559
2050-05-23 10:00:00,43.3014248112088,12.882210731506461,0.045723693810275634
2050-05-23 11:00:00,43.30142154489506,13.831307411193961,0.03264670669292507
2050-05-23 12:00:00,43.30142576743731,14.27908802032482,0.05094984053374116
2050-05-23 13:00:00,43.286256090188544,16.55431938171398,2.9697808869445657e-05
2050-05-23 14:00:00,43.30142188113019,16.211072921753043,0.031912202754959436
2050-05-23 15:00:00,43.30142220022864,16.312894821167106,0.03225210656296601
2050-05-23 16:00:00,43.30142905807323,14.342815399170036,0.07312231557035712
2050-05-23 17:00:00,43.30142978054848,12.545699119567985,0.08332047053185684
2050-05-23 18:00:00,43.30143353837942,11.98071670532238,0.16963424015103476
2050-05-23 19:00:00,43.301434367765,11.781788825988883,0.1987828593999225
2050-05-23 20:00:00,43.301434862646985,11.730791091919059,0.2267181695769427
2050-05-23 21:00:00,43.30143469532955,11.682734489441032,0.2231772420857089
2050-05-23 22:00:00,43.30143432605457,11.66310024261486,0.20601761250830777
2050-05-23 23:00:00,43.30143411374182,11.571036338806266,0.1992417198240253
2050-05-24 00:00:00,43.30143350103805,11.501385688781852,0.1694336499966571
2050-05-24 01:00:00,43.301433431438696,11.34946727752697,0.1633126187930451
2050-05-24 02:00:00,43.301433867179895,11.220870971679801,0.17973127087642649
2050-05-24 03:00:00,43.30143386450147,11.302706718444938,0.1762750382447513
2050-05-24 04:00:00,43.30143402547032,11.13164043426525,0.17790610814781582
2050-05-24 05:00:00,43.301434279643125,10.998652458191032,0.183254423594343
2050-05-24 06:00:00,43.30143453046446,11.14115142822277,0.18943519204342416
2050-05-24 07:00:00,43.30143043007463,11.399652481079215,0.09015219023133768
2050-05-24 08:00:00,43.301427249121225,11.541275024414176,0.056053099113714
2050-05-24 09:00:00,43.30142518483979,11.997577667236442,0.0422263860700757
2050-05-24 10:00:00,43.30142110971884,12.94291210174572,0.02777952831846854
2050-05-24 11:00:00,43.30142309425521,12.809577941894645,0.03276767346992935
2050-05-24 12:00:00,0.0251085068676571,14.733928680420036,4.959416866485647e-09
2050-05-24 13:00:00,43.30142413093878,13.764644622802848,0.03582057891489567
2050-05-24 14:00:00,43.30142389205722,14.279594421386832,0.03406138500014284
2050-05-24 15:00:00,43.30143161811,14.256317138671989,0.09549325270114378
2050-05-24 16:00:00,43.3014326206068,14.126349449157829,0.11370940504658889
2050-05-24 17:00:00,43.30143532733397,13.431740760803336,0.2261506582554244
2050-05-24 18:00:00,43.30143542959278,12.988986968994254,0.2319003659145013
2050-05-24 19:00:00,43.30143463432584,12.248529434204215,0.17951762052306072
2050-05-24 20:00:00,43.30143361166155,11.846206665039176,0.13799780360758424
2050-05-24 21:00:00,43.30143412917232,11.61804008483898,0.16136036817259833
2050-05-24 22:00:00,43.301434505116944,11.323111534118766,0.18574743274385586
2050-05-24 23:00:00,43.30143441188889,10.88284778594982,0.18572240112035968
2050-05-25 00:00:00,43.30143342325191,10.600751876831168,0.14521697113457188
2050-05-25 01:00:00,43.301433329288834,10.610560417175407,0.14000706529517573
2050-05-25 02:00:00,43.3014335709335,10.34582901000988,0.14746084013523117
2050-05-25 03:00:00,43.30143389802938,9.916858673095817,0.15811869191157948
2050-05-25 04:00:00,43.30143411660461,9.986126899719352,0.165398744324132
2050-05-25 05:00:00,43.30143455879131,10.119888305664176,0.18396491306282026
2050-05-25 06:00:00,43.30143526083034,10.262114524841422,0.23265493594704062
2050-05-25 07:00:00,25.96459796738322,10.48440265655529,5.261084778541115e-08
2050-05-25 08:00:00,25.96458489005613,11.088742256164664,2.703127194579189e-08
2050-05-25 09:00:00,21.010364267292704,12.943274497985954,1.0660735761741818e-08
2050-05-25 10:00:00,21.01036233875872,14.336737632751579,1.0029733115353205e-08
2050-05-25 11:00:00,21.010352677101256,15.832757949829215,8.816355629353315e-09
2050-05-25 12:00:00,21.010366174371743,15.016574859619254,1.1663089276883616e-08
2050-05-25 13:00:00,21.01036119361135,14.982211112976188,9.748947319458135e-09
2050-05-25 14:00:00,21.0103488198536,14.46430587768566,8.693666145773936e-09
2050-05-25 15:00:00,21.01035488731951,13.77980995178234,8.972311700602743e-09
2050-05-25 16:00:00,19.990350364535047,13.151236534118766,7.976828879270044e-09
2050-05-25 17:00:00,0.0252286017420309,12.198181152343864,4.688135458955112e-09
2050-05-25 18:00:00,21.010333428107856,12.120891571045036,8.446259617860654e-09
2050-05-25 19:00:00,21.010359578593533,11.54279994964611,9.231788959488833e-09
2050-05-25 20:00:00,21.01036834184402,10.99749565124523,1.1808601580567658e-08
2050-05-25 21:00:00,21.010376103581468,10.919216156005973,1.5269095773525433e-08
2050-05-25 22:00:00,21.01040634522021,11.169502258300895,1.9692677487037307e-08
2050-05-25 23:00:00,21.010380795619525,11.35868072509777,1.783863841756072e-08
2050-05-26 00:00:00,21.010377209960257,10.626714706421012,1.7196268948050153e-08
2050-05-26 01:00:00,21.010371905586783,10.708047866821403,1.4492761611069089e-08
2050-05-26 02:00:00,21.010375005624244,10.93679237365734,1.5891840748966397e-08
2050-05-26 03:00:00,21.010376197350027,11.010568618774528,1.569958623854664e-08
2050-05-26 04:00:00,21.01038698786717,11.000942230224723,1.6590991352381184e-08
2050-05-26 05:00:00,21.01037209283393,11.164062500000114,1.1691197351070773e-08
2050-05-26 06:00:00,21.010359152459984,11.151759147644157,9.002651901477142e-09
2050-05-26 07:00:00,0.0251263805456104,11.475547790527457,4.85638130018759e-09
2050-05-26 08:00:00,0.0251026189947541,11.791453361511344,4.6961212350947175e-09
2050-05-26 09:00:00,0.0251028868888639,11.881493568420524,4.709430421613197e-09
2050-05-26 10:00:00,0.0244565775540645,13.036848068237418,4.613777688331796e-09
2050-05-26 11:00:00,0.0250648725651276,13.581884384155387,4.474831346748639e-09
2050-05-26 12:00:00,0.0244570961954176,15.16140174865734,4.625968279252356e-09
2050-05-26 13:00:00,0.0251025994252619,15.089102745056266,4.748862397722327e-09
2050-05-26 14:00:00,0.0251165405915503,15.144316673278922,4.795263786261837e-09
2050-05-26 15:00:00,0.0251076910752743,15.076633453369254,4.826596425551269e-09
2050-05-26 16:00:00,19.99030747363289,12.933870315551871,8.193493603468737e-09
2050-05-26 17:00:00,0.0251659230610629,13.896441459655875,4.836926967932641e-09
2050-05-26 18:00:00,21.010365713397523,12.617316246032829,9.731627315501295e-09
2050-05-26 19:00:00,21.010368032223315,11.796099662780875,1.0110308440659234e-08
2050-05-26 20:00:00,21.01037401243642,11.403007507324332,1.2380796834913315e-08
2050-05-26 21:00:00,21.010376980855263,11.104417800903434,1.3724456824640537e-08
2050-05-26 22:00:00,21.01037096872489,10.945113182067985,1.0669748207008562e-08
2050-05-26 23:00:00,21.010373694839394,10.980406761169547,1.1597748629030681e-08
2050-05-27 00:00:00,21.01037711504225,10.89133739471447,1.2686284600344491e-08
2050-05-27 01:00:00,21.01038318926704,10.774804115295524,1.4632614189581877e-08
2050-05-27 02:00:00,21.010393527740515,10.607447624206657,1.5904228050479555e-08
2050-05-27 03:00:00,21.010405173341,10.441013336181754,1.5022793948193717e-08
2050-05-27 04:00:00,21.010603630297613,10.27734184265148,1.518014369810352e-08
2050-05-27 05:00:00,43.301408478876695,10.335289955139274,0.026620262759475585
2050-05-27 06:00:00,43.3014322296783,10.661650657653922,0.11060705165194194
2050-05-27 07:00:00,43.30143477703328,10.97647857666027,0.1658221210608794
2050-05-27 08:00:00,43.30143528619082,10.870411872863883,0.18461139840431498
2050-05-27 09:00:00,43.30142117194018,12.418631553650016,0.029068366068005294
2050-05-27 10:00:00,43.301421463276746,13.104329109192008,0.02893981131865832
2050-05-27 11:00:00,43.30142876003599,13.315221786499137,0.059012399097978674
2050-05-27 12:00:00,43.30142254393453,13.945983886718864,0.03014352760934732
2050-05-27 13:00:00,43.301435967424624,13.192445755004996,0.20965407299856306
2050-05-27 14:00:00,43.30143183646007,14.056847572326774,0.08329835207102126
2050-05-27 15:00:00,43.3014362493807,14.025905609130973,0.2083200520588633
2050-05-27 16:00:00,43.30143608775123,14.023249626159782,0.18851246020060422
2050-05-27 17:00:00,43.301436996470485,13.124235153198356,0.2823287867965779
2050-05-27 18:00:00,43.30143713247273,13.193511962890739,0.29218977958439396
2050-05-27 19:00:00,43.301437106528645,12.608278274536246,0.2913362968990832
2050-05-27 20:00:00,43.30143708033444,12.363864898681754,0.2906960321377743
2050-05-27 21:00:00,43.30143688272752,12.274707794189567,0.28045533767572156
2050-05-27 22:00:00,43.30143671725418,12.174431800842399,0.2760644944961136
2050-05-27 23:00:00,43.3014362504283,11.61303520202648,0.24525413203434598
2050-05-28 00:00:00,43.30143559344568,11.545958518982047,0.20639861226979048
2050-05-28 01:00:00,43.30143445649114,11.645337104797477,0.15472187784947314
2050-05-28 02:00:00,43.30143105213654,11.721628189087028,0.07922178942043169
2050-05-28 03:00:00,43.30142730396506,11.932067871093864,0.04319534539951163
2050-05-28 04:00:00,43.30142362017785,12.300909042358512,0.029504859366845534
2050-05-28 05:00:00,43.30141596629792,12.559923171997184,0.018371598002492943
2050-05-28 06:00:00,43.30141827667566,12.212333679199332,0.020672670139410466
2050-05-28 07:00:00,43.30141195133508,11.979980468750114,0.01782309163910414
2050-05-28 08:00:00,43.301413603119215,11.838506698608512,0.01965651223485573
2050-05-28 09:00:00,43.30139649689274,11.668779373169059,0.009820940782604532
2050-05-28 10:00:00,43.301406912687725,11.883831024170036,0.013708303702961402
2050-05-28 11:00:00,43.30141234677473,12.290925025940055,0.017713923668518202
2050-05-28 12:00:00,43.30141625836838,13.159670829773063,0.022710453520384317
2050-05-28 13:00:00,43.30141823255368,13.922284126281852,0.026033827618073022
2050-05-28 14:00:00,43.30141816275286,14.479961395263786,0.025075069150580175
2050-05-28 15:00:00,0.0251048267021936,14.870763778686637,4.744143552719627e-09
2050-05-28 16:00:00,43.30142181773739,13.200835227966422,0.03405889258316487
2050-05-28 17:00:00,43.30143469569406,12.746479034423942,0.14722404201435613
2050-05-28 18:00:00,43.30143614210885,12.430647850036735,0.21510550669020906
2050-05-28 19:00:00,43.30143622578492,12.12820148468029,0.22368846205455756
2050-05-28 20:00:00,43.30143543590841,11.869328498840446,0.17781336509203896
2050-05-28 21:00:00,43.301435501266056,11.647016525268668,0.1893624187178146
2050-05-28 22:00:00,43.30143569593418,11.415243148803825,0.2191054713234044
2050-05-28 23:00:00,43.30143574510926,11.090755462646598,0.23015096211879185
2050-05-29 00:00:00,43.30143499062185,10.78507232666027,0.19348347337550473
2050-05-29 01:00:00,43.30143254388776,10.751085281372184,0.12102065275533999
2050-05-29 02:00:00,43.30142882709482,10.85187911987316,0.07151953210135002
2050-05-29 03:00:00,43.301428361169705,11.021024703979606,0.06776356298062709
2050-05-29 04:00:00,43.30143092293015,11.001515388488883,0.09139794861572806
2050-05-29 05:00:00,43.3014318585481,10.973955154419059,0.10318310646080113
2050-05-29 06:00:00,43.30143444548818,10.98324012756359,0.1556091948069955
2050-05-29 07:00:00,43.30142812714952,11.058881759643668,0.06277704046509708
2050-05-29 08:00:00,43.30142915291032,11.13351917266857,0.06879147347410611
2050-05-29 09:00:00,43.30142291842661,11.280858993530387,0.03413195255409468
2050-05-29 10:00:00,43.301424216509126,11.458984375000114,0.038482262357219264
2050-05-29 11:00:00,43.30142445036831,12.030290603637809,0.038997759504908455
2050-05-29 12:00:00,43.301423721527705,12.831693649292106,0.035250196255985675
2050-05-29 13:00:00,43.301419171605325,13.962840080261344,0.023036707585882138
2050-05-29 14:00:00,43.30142132966326,14.19849777221691,0.02668903927730456
2050-05-29 15:00:00,43.3014215194042,14.530177116394157,0.02672894867579585
2050-05-29 16:00:00,43.301426761378025,14.472505569458121,0.04481426163086025
2050-05-29 17:00:00,43.30143299064349,14.053084373474235,0.10566573217786977
2050-05-29 18:00:00,43.30143587512576,13.293674468994254,0.193089834207253
2050-05-29 19:00:00,43.30143549640111,12.410089492797965,0.18048148399429534
2050-05-29 20:00:00,43.30143563374769,11.759039878845329,0.18064782398849094
2050-05-29 21:00:00,43.30143531624385,11.529217720031852,0.17003362097101432
2050-05-29 22:00:00,43.301435254792366,11.219660758972282,0.1730770044039457
2050-05-29 23:00:00,43.30143476909533,11.017001152038688,0.15702101165121424
2050-05-30 00:00:00,43.30143439761198,11.024573326110954,0.14475018996602382
2050-05-30 01:00:00,43.30143496859976,10.987541198730582,0.16604903693150355
2050-05-30 02:00:00,43.30143543203874,10.78806304931652,0.18419674813046819
2050-05-30 03:00:00,43.30143583508133,10.636203765869254,0.20098808055703266
2050-05-30 04:00:00,43.30143662908619,10.576950073242301,0.2500437119480039
2050-05-30 05:00:00,43.30143714994674,10.66756629943859,0.29028447536847696
2050-05-30 06:00:00,43.3014371270159,10.90423679351818,0.2816668110919141
2050-05-30 07:00:00,43.3014368937686,11.104709625244254,0.2670502583316002
2050-05-30 08:00:00,43.30143656078796,11.44864654541027,0.23109339958607825
2050-05-30 09:00:00,43.30143498082789,11.922878265380973,0.14807628221782182
2050-05-30 10:00:00,43.30143524997294,12.334475517273063,0.1602207945507597
2050-05-30 11:00:00,43.30142587053429,13.776787757873649,0.03574055102566708
2050-05-30 12:00:00,43.301434811424286,13.168076515197868,0.14532461680895234
2050-05-30 13:00:00,43.30142825766916,14.467609405517692,0.04798833165293347
2050-05-30 14:00:00,43.30143424316997,14.752615928650016,0.13564358738510837
2050-05-30 15:00:00,43.30143546446728,14.813385009765739,0.19092981122545538
2050-05-30 16:00:00,43.301433322256855,15.94004058837902,0.11310167558502493
2050-05-30 17:00:00,43.30143553911696,15.804769515991325,0.19516572879572616
2050-05-30 18:00:00,43.30143650944232,14.91076755523693,0.29161882160583097
2050-05-30 19:00:00,43.301436286754615,13.699920654296989,0.289757980051386
2050-05-30 20:00:00,43.30143605483078,12.391345024109,0.28767947431768237
2050-05-30 21:00:00,43.30143564474295,11.025852203369254,0.24604671438664225
2050-05-30 22:00:00,43.30143439371106,10.044093132019157,0.19516847471348828
2050-05-30 23:00:00,43.30143318649087,9.638264656067008,0.1413427920920401
2050-05-31 00:00:00,43.30143262193181,9.187729835510368,0.12922629210291792
2050-05-31 01:00:00,43.30143283827114,8.783767700195426,0.1406154915366019
2050-05-31 02:00:00,43.30143080379321,8.519845008850211,0.091005957032508
2050-05-31 03:00:00,43.301429823463785,8.387045860290641,0.07543158549534068
2050-05-31 04:00:00,43.301425771461446,8.719492912292594,0.04232521019331047
2050-05-31 05:00:00,0.0251177726518912,9.539163589477653,4.8470792043933505e-09
2050-05-31 06:00:00,0.0251331670924316,10.257585525512809,4.7130214682471e-09
2050-05-31 07:00:00,0.0251031540596701,11.22840499877941,4.4397781419060526e-09
2050-05-31 08:00:00,0.0251003817145639,12.10768032073986,4.456892540216888e-09
2050-05-31 09:00:00,0.0246449182175416,12.83105278015148,4.42431881480917e-09
2050-05-31 10:00:00,0.0245765807328068,13.581768989563102,4.424095992148111e-09
2050-05-31 11:00:00,0.024456443990618,14.80328464508068,4.39964830941975e-09
2050-05-31 12:00:00,0.0244539143782707,16.85141181945812,4.340948320001703e-09
2050-05-31 13:00:00,0.0251020396913782,16.05080604553234,4.4528470627882175e-09
2050-05-31 14:00:00,0.0250967928136296,16.441507339477653,4.448622110307853e-09
2050-05-31 15:00:00,0.0244573764562749,17.858345031738395,4.384097265700131e-09
2050-05-31 16:00:00,0.025099332054271,17.551296234130973,4.475942696343293e-09
2050-05-31 17:00:00,0.0251024176240648,16.943834304809684,4.505777152633605e-09
2050-05-31 18:00:00,0.0251041640295968,16.08663940429699,4.495107303702029e-09
2050-05-31 19:00:00,0.0251048402200699,14.848759651184196,4.526337052127205e-09
2050-05-31 20:00:00,0.0251068727036908,13.748115539550895,4.5654589565820934e-09
2050-05-31 21:00:00,0.025123929119413,13.155196189880485,4.600203032908703e-09
2050-05-31 22:00:00,20.938415000562028,12.821622848510856,8.200059688440771e-09
2050-05-31 23:00:00,20.93844583187581,12.297918319702262,9.326140828857819e-09
2050-06-01 00:00:00,20.93845940068914,11.211571693420524,1.1172612366251278e-08
2050-06-01 01:00:00,20.95483171962454,10.931159019470329,1.3289648879805394e-08
2050-06-01 02:00:00,20.956564786457225,10.892121315002555,1.5039091345361404e-08
2050-06-01 03:00:00,21.00052298543882,10.93507003784191,1.647908079765299e-08
2050-06-01 04:00:00,21.00218889159816,10.917493820190543,1.7725866682657386e-08
2050-06-01 05:00:00,21.01031861983488,11.240584373474235,1.7277610489918228e-08
2050-06-01 06:00:00,21.010333781691816,11.512036323547477,1.7460318590818303e-08
2050-06-01 07:00:00,21.010343030175537,11.733960151672477,1.7765611066852906e-08
2050-06-01 08:00:00,21.010332272957587,12.109952926635856,1.5605836478540917e-08
2050-06-01 09:00:00,21.010310904416727,13.51014328002941,8.720596794333172e-09
2050-06-01 10:00:00,21.010358535070058,12.99194431304943,1.50628244846903e-08
2050-06-01 11:00:00,21.010318633354093,13.501032829284782,9.202517414233255e-09
2050-06-01 12:00:00,0.0250971910421083,14.381899833679313,4.8284210327625905e-09
2050-06-01 13:00:00,0.0251051484656155,13.855139732360954,4.813436371728073e-09
2050-06-01 14:00:00,0.0244572145973512,15.33740043640148,4.754182684202176e-09
2050-06-01 15:00:00,0.0251003020098848,16.000293731689567,4.6524543251893984e-09
2050-06-01 16:00:00,0.0251477247795191,14.507073402404899,4.7075312863651595e-09
2050-06-01 17:00:00,0.0260491032781564,13.764031410217399,4.7537830769729e-09
2050-06-01 18:00:00,21.01032667179922,13.08728122711193,8.797885255037898e-09
2050-06-01 19:00:00,21.010339892617274,12.657752037048454,1.0031839289345848e-08
2050-06-01 20:00:00,21.01034465782325,12.212147712707633,1.0305699255427543e-08
2050-06-01 21:00:00,21.01035531164209,12.104207992553825,1.2660692400156055e-08
2050-06-01 22:00:00,21.010365040989825,12.274655342102164,1.4844675405059853e-08
2050-06-01 23:00:00,21.01037500612705,12.139227867126579,1.5951105585179513e-08
2050-06-02 00:00:00,21.0103949789655,11.964588165283317,1.7280548507030765e-08
2050-06-02 01:00:00,21.010468539217005,11.689327239990348,1.7594369484227342e-08
2050-06-02 02:00:00,21.399318292318828,10.972016334533805,1.8997082376380927e-08
2050-06-02 03:00:00,43.301225893331015,10.635989189148063,0.005836416707626481
2050-06-02 04:00:00,43.30139546344855,10.422148704528922,0.03442924823405409
2050-06-02 05:00:00,43.3014041273332,10.40579700469982,0.03917024375151517
2050-06-02 06:00:00,43.30139909448597,10.300213813781852,0.027590528963815603
2050-06-02 07:00:00,43.30134644612688,10.441436767578239,0.00888281173194503
2050-06-02 08:00:00,35.053212040305766,10.631337165832633,3.079016157645747e-08
2050-06-02 09:00:00,35.05318561206531,11.368256568908805,2.1939822990675004e-08
2050-06-02 10:00:00,35.05319415090417,11.363349914550895,2.8724787426626023e-08
2050-06-02 11:00:00,35.05318872489323,11.75659561157238,2.4144254750994134e-08
2050-06-02 12:00:00,0.0251297405938452,13.864097595214957,4.800992395215949e-09
2050-06-02 13:00:00,35.053144346163194,14.128732681274528,1.827871505885553e-08
2050-06-02 14:00:00,0.0248874486651708,16.11404609680187,5.066312336914315e-09
2050-06-02 15:00:00,35.053184895482,14.510212898254508,2.0430991547074778e-08
2050-06-02 16:00:00,0.0251430943869847,15.592755317688102,4.762535616002611e-09
2050-06-02 17:00:00,35.053189660063765,15.503399848938102,2.1865969750798274e-08
2050-06-02 18:00:00,35.053195673064664,14.54211235046398,2.584158602811486e-08
2050-06-02 19:00:00,35.053192820731354,13.434963226318473,2.367251588561653e-08
2050-06-02 20:00:00,35.05319206597135,12.147953987121696,2.273360551605937e-08
2050-06-02 21:00:00,35.05319453607997,11.631358146667594,2.4510988784234556e-08
2050-06-02 22:00:00,35.05319671733494,11.42644023895275,2.72604995217901e-08
2050-06-02 23:00:00,35.053199587079995,10.624175071716422,3.0537282156521254e-08
2050-06-03 00:00:00,35.05320091133275,10.202022552490348,3.245968273736913e-08
2050-06-03 01:00:00,35.05323045243696,9.917961120605582,3.801725437048615e-08
2050-06-03 02:00:00,35.6119112780871,9.696232795715446,4.491883765891916e-08
2050-06-03 03:00:00,43.3010068500917,9.841305732727164,0.0025308214745277157
2050-06-03 04:00:00,43.30139301832459,10.031693458557243,0.025279898388655853
2050-06-03 05:00:00,43.30141985735133,10.312563896179313,0.06475214273987107
2050-06-03 06:00:00,43.30142308825677,10.530160903930778,0.08363602252974658
2050-06-03 07:00:00,43.301389011711535,10.984523773193473,0.018546668455156307
2050-06-03 08:00:00,35.05318924253335,11.665374755859489,2.292238906828888e-08
2050-06-03 09:00:00,35.053180678165226,12.23572158813488,1.9209830514340174e-08
2050-06-03 10:00:00,35.05317964488487,14.08361911773693,1.9082997254968596e-08
2050-06-03 11:00:00,0.0251059062662908,16.340158462524528,4.8565327283944155e-09
2050-06-03 12:00:00,0.0251029376599478,17.243240356445426,4.877737235755153e-09
2050-06-03 13:00:00,19.989826297918075,17.477819442749137,7.76258175791233e-09
2050-06-03 14:00:00,35.05318901222914,16.638790130615348,2.1548419807311397e-08
2050-06-03 15:00:00,0.0251074731139343,17.962593078613395,4.985221607157058e-09
2050-06-03 16:00:00,35.053188473866136,16.840347290039176,2.0532934335916447e-08
2050-06-03 17:00:00,35.053189392977494,15.75191688537609,2.0431634949030375e-08
2050-06-03 18:00:00,35.05319588101672,15.656333923339957,2.545025876504545e-08
2050-06-03 19:00:00,35.05319851467894,15.183513641357536,2.641449687846721e-08
2050-06-03 20:00:00,35.05319336439985,14.022296905517692,2.3056720416522787e-08
2050-06-03 21:00:00,35.05318989993124,12.711913108825797,1.989977414257972e-08
2050-06-03 22:00:00,35.05319109903317,12.064323425293082,2.047111541689396e-08
2050-06-03 23:00:00,35.053189798225624,11.780082702636832,1.9518073363819395e-08
2050-06-04 00:00:00,35.05319210419939,10.43628311157238,2.0485253376881277e-08
2050-06-04 01:00:00,35.05319683738756,10.039844512939567,2.4459943902850066e-08
2050-06-04 02:00:00,35.05320237847268,9.758404731750602,3.0280306401433685e-08
2050-06-04 03:00:00,35.05321183376679,9.14908313751232,3.4852010634421275e-08
2050-06-04 04:00:00,35.05325066024935,8.715084075927848,3.4042426857753444e-08
2050-06-04 05:00:00,43.301329969704064,9.662543296814079,0.007982912746927511
2050-06-04 06:00:00,35.05321369896671,12.165238380432243,2.788518144479558e-08
2050-06-04 07:00:00,35.05320597850775,14.413133621215934,2.171202116784115e-08
2050-06-04 08:00:00,35.053203782123816,15.859319686889762,1.9319164248941963e-08
2050-06-04 09:00:00,35.05319548594718,17.059143066406364,1.7981315519136083e-08
2050-06-04 10:00:00,35.05313217255841,18.07914543151867,1.7642429623154428e-08
2050-06-04 11:00:00,35.05319432981511,18.834228515625114,1.7834171214472327e-08
2050-06-04 12:00:00,43.3014281809108,16.912847518921012,0.08554754790612408
2050-06-04 13:00:00,43.30139210369629,18.247455596923942,0.01047896900400867
2050-06-04 14:00:00,43.30140913132029,17.05155181884777,0.024317147897114182
2050-06-04 15:00:00,43.30140082946499,17.540363311767692,0.01347571807449946
2050-06-04 16:00:00,43.30140748589594,17.323839187622184,0.018634720231225123
2050-06-04 17:00:00,43.30141953948508,16.984262466430778,0.03732049474592493
2050-06-04 18:00:00,43.30143434025935,16.686361312866325,0.19788924892160767
2050-06-04 19:00:00,43.30143424719627,15.377508163452262,0.2063648660308458
2050-06-04 20:00:00,43.30143406796439,14.092020034790153,0.19338214656208058
2050-06-04 21:00:00,43.301432723388594,12.964477539062614,0.14260260072226558
2050-06-04 22:00:00,43.301420015248965,12.78129863739025,0.039209917629923895
2050-06-04 23:00:00,43.30141723999537,12.194036483764762,0.03115906577351624
2050-06-05 00:00:00,43.30141841159923,12.0479612350465,0.03374897968019817
2050-06-05 01:00:00,43.30142288347955,12.178963661193961,0.04936744440587999
2050-06-05 02:00:00,43.301427511599776,12.001620292663688,0.07338577869229469
2050-06-05 03:00:00,43.30143163176927,11.837255477905387,0.11538244092920494
2050-06-05 04:00:00,43.3014336479019,11.686164855957145,0.15147656918876187
2050-06-05 05:00:00,43.3014351912904,11.878714561462516,0.19289513251647836
2050-06-05 06:00:00,43.30143603895095,12.304442405700797,0.22761549988760188
2050-06-05 07:00:00,43.30143621859436,12.936921119690055,0.22947888360574833
2050-06-05 08:00:00,43.30143543119839,13.792737960815543,0.17232024870846502
2050-06-05 09:00:00,43.301435691510434,14.209450721740836,0.1785237546899194
2050-06-05 10:00:00,43.30143591185881,14.131919860839957,0.18727124577649595
2050-06-05 11:00:00,43.30143585688561,13.806046485900993,0.18780558626166646
2050-06-05 12:00:00,43.30143628996008,13.149737358093375,0.2136334177986657
2050-06-05 13:00:00,43.30143662160169,13.052073478698844,0.2428286351085152
2050-06-05 14:00:00,43.30143674681428,12.769366264343375,0.25416304246800564
2050-06-05 15:00:00,43.301436843315386,13.25482273101818,0.25299816083339804
2050-06-05 16:00:00,43.301436943578025,13.496564865112418,0.24467892341439518
2050-06-05 17:00:00,43.3014363721848,13.565174102783317,0.19651509264889627
2050-06-05 18:00:00,43.30143438265186,13.411578178405875,0.11821131951454389
2050-06-05 19:00:00,43.30143088822917,13.232936859130973,0.06469612977823194
2050-06-05 20:00:00,43.30142959181107,13.066878318786735,0.05305534507631388
2050-06-05 21:00:00,43.30142950651221,12.873744010925407,0.052548963972349386
2050-06-05 22:00:00,43.301426645370405,12.602571487426871,0.03668827388281673
2050-06-05 23:00:00,43.30142890737832,12.441872596740836,0.04781247678000953
2050-06-06 00:00:00,43.30143078572853,12.302288055420036,0.06358906391840896
2050-06-06 01:00:00,43.30143363727853,12.21478652954113,0.10724185866145797
2050-06-06 02:00:00,43.30143539140085,12.087999343872184,0.15778245171804026
2050-06-06 03:00:00,43.30143624789265,12.018140792846793,0.19366544794451357
2050-06-06 04:00:00,43.301436855875615,11.988615036010856,0.21780211485398088
2050-06-06 05:00:00,43.301437171018726,11.97233867645275,0.2279755359850772
2050-06-06 06:00:00,43.3014375797468,12.101096153259391,0.2562778230135552
2050-06-06 07:00:00,43.30143757846885,12.347668647766227,0.2671127067007949
2050-06-06 08:00:00,43.30143759762572,12.429203987121696,0.27292079786807194
2050-06-06 09:00:00,43.30143725326684,12.900949478149528,0.23132631308250576
2050-06-06 10:00:00,43.30143596293258,13.29351615905773,0.15310632372391733
2050-06-06 11:00:00,43.3014328652326,13.920069694519157,0.07839329431174412
2050-06-06 12:00:00,43.30143217758723,14.439653396606559,0.06988014835692063
2050-06-06 13:00:00,43.30143561571597,14.231979370117301,0.1476465018118822
2050-06-06 14:00:00,43.30143567705885,13.706657409668082,0.15043880874560428
2050-06-06 15:00:00,43.30143589692317,14.25849533081066,0.15832155808972764
2050-06-06 16:00:00,43.30143687271477,13.727623939514274,0.22332838341156588
2050-06-06 17:00:00,43.30143601327117,14.256035804748649,0.16928406314385047
2050-06-06 18:00:00,43.3014367053872,13.991509437561149,0.21370582088183618
2050-06-06 19:00:00,43.30143539492575,13.453342437744254,0.14134561771647822
2050-06-06 20:00:00,43.3014331041021,12.914918899536246,0.08315042360226704
2050-06-06 21:00:00,43.30143354054904,12.29298305511486,0.09234416291612117
2050-06-06 22:00:00,43.30142827854159,11.859651565551871,0.04138939352226598
2050-06-06 23:00:00,43.30143310578271,11.235255241394157,0.08753756493655371
2050-06-07 00:00:00,43.301434088478366,11.091748237609977,0.11220982252360169
2050-06-07 01:00:00,43.30143514430479,10.96745586395275,0.15146769943477217
2050-06-07 02:00:00,43.30143609663212,10.730771064758414,0.21184068233819198
2050-06-07 03:00:00,43.30143615478024,10.53480148315441,0.2190136292718668
2050-06-07 04:00:00,43.30143603741583,10.177816390991325,0.21058527059280796
2050-06-07 05:00:00,43.30143600533291,10.286761283874625,0.20755335219210772
2050-06-07 06:00:00,43.30143602931882,10.74759674072277,0.2115753525932977
2050-06-07 07:00:00,25.96500770643928,11.66406631469738,3.3982132772351795e-07
2050-06-07 08:00:00,25.965015450008487,11.86518764495861,5.583294584029887e-07
2050-06-07 09:00:00,21.01070964714678,13.649287223816032,1.7329256044388866e-08
2050-06-07 10:00:00,21.0107029731624,15.25679969787609,1.2922695498411603e-08
2050-06-07 11:00:00,21.010713234710696,14.359005928039664,2.010842915107224e-08
2050-06-07 12:00:00,0.0251373106167076,16.968132019043082,4.7400968965313836e-09
2050-06-07 13:00:00,21.01070811978323,16.117366790771598,1.6740548739379072e-08
2050-06-07 14:00:00,21.010703739098595,16.49827575683605,1.325306060596248e-08
2050-06-07 15:00:00,21.010699647620136,17.163837432861442,1.1800188449250534e-08
2050-06-07 16:00:00,21.01071237273332,16.115743637085075,2.014842756436925e-08
2050-06-07 17:00:00,21.010711519976244,16.009019851684684,1.743477441760202e-08
2050-06-07 18:00:00,21.010740307893386,15.066836357116813,2.179738935599145e-08
2050-06-07 19:00:00,21.010709467601668,13.68923377990734,1.768565812182162e-08
2050-06-07 20:00:00,21.01070490847611,12.468892097473258,1.3603781185639553e-08
2050-06-07 21:00:00,21.01070320763456,11.733209609985465,1.2628512280660969e-08
2050-06-07 22:00:00,21.01069732117067,11.195090293884391,1.1411015877356062e-08
2050-06-07 23:00:00,21.01070481066454,11.011728286743278,1.3380706905854639e-08
2050-06-08 00:00:00,21.010706935940046,11.20280742645275,1.487336203555794e-08
2050-06-08 01:00:00,21.010708588752564,11.400112152099723,1.642562754214567e-08
2050-06-08 02:00:00,21.010710406255743,10.936050415039176,1.808956451645459e-08
2050-06-08 03:00:00,21.010713488264344,10.79281330108654,1.9873805012012274e-08
2050-06-08 04:00:00,21.01071474546752,10.898248672485465,2.0494122178197002e-08
2050-06-08 05:00:00,21.010717258007578,10.834039688110465,2.103198286034577e-08
2050-06-08 06:00:00,25.231621843989217,11.030537605285758,7.026792626399223e-08
2050-06-08 07:00:00,25.96499901307856,11.338801383972282,3.194285466910253e-07
2050-06-08 08:00:00,25.96500461128207,11.428919792175407,4.036808641444104e-07
2050-06-08 09:00:00,25.964998443068847,11.722895622253532,2.8989703985327915e-07
2050-06-08 10:00:00,21.010819448881715,12.52035999298107,2.2122770665127644e-08
2050-06-08 11:00:00,21.01073553215768,13.28260421752941,2.032649884835376e-08
2050-06-08 12:00:00,21.010714621903944,13.865803718567008,1.8703873033588912e-08
2050-06-08 13:00:00,21.010710809454647,12.76755523681652,2.084210034769597e-08
2050-06-08 14:00:00,21.010706583722488,12.991345405578727,1.893400414489986e-08
2050-06-08 15:00:00,21.010714564304283,12.452233314514274,2.234988019785064e-08
2050-06-08 16:00:00,21.01070809967521,12.469463348388786,1.9375170880047808e-08
2050-06-08 17:00:00,21.01071849226441,12.78345870971691,2.142480985928227e-08
2050-06-08 18:00:00,21.01070486753289,13.435782432556266,1.6675898559117876e-08
2050-06-08 19:00:00,21.01070026263232,13.702602386474723,1.3427828195640043e-08
2050-06-08 20:00:00,21.010695879917943,13.580568313598746,1.1955680641714494e-08
2050-06-08 21:00:00,21.010621930776427,13.383069038391227,1.0495572254013699e-08
2050-06-08 22:00:00,0.0251279143614901,13.162292480468864,4.445768264729686e-09
2050-06-08 23:00:00,0.0251318144239173,12.989630699157829,4.7060597511535845e-09
2050-06-09 00:00:00,0.0251463286979611,12.926438331604118,4.6810772576877005e-09
2050-06-09 01:00:00,19.990321013167165,12.771256446838493,7.589901356346472e-09
2050-06-09 02:00:00,19.99052537171957,12.594173431396598,7.457811229424602e-09
2050-06-09 03:00:00,21.010669004540464,12.423792839050407,1.0770530225612286e-08
2050-06-09 04:00:00,21.010686046120878,12.256556510925407,1.0994110341131974e-08
2050-06-09 05:00:00,21.010705330558093,12.13414573669445,1.3239844625122587e-08
2050-06-09 06:00:00,21.01076108453868,12.139441490173454,1.5915968639271453e-08
2050-06-09 07:00:00,21.010837852989603,12.168713569641227,1.8749332410261405e-08
2050-06-09 08:00:00,21.010838209343767,12.54760551452648,1.4165107328453444e-08
2050-06-09 09:00:00,21.01082323667329,13.18726730346691,1.0941979436034192e-08
2050-06-09 10:00:00,43.30139736952099,13.326786994934196,0.014316110577080278
2050-06-09 11:00:00,43.30141488572367,13.174671173095817,0.027674197313013016
2050-06-09 12:00:00,43.30142305846515,13.160044670105094,0.044169564264181324
2050-06-09 13:00:00,43.30143003683852,13.100355148315543,0.08422658716773757
2050-06-09 14:00:00,43.301431143196496,13.117746353149528,0.09373450521379174
2050-06-09 15:00:00,43.30143492890866,12.786175727844352,0.1777968060462067
2050-06-09 16:00:00,43.30143573625768,13.211319923400993,0.2166702536216442
2050-06-09 17:00:00,43.30143599415946,13.505426406860465,0.2299188784836254
2050-06-09 18:00:00,43.301436054627786,13.804818153381461,0.2234880852662102
2050-06-09 19:00:00,43.30143483268096,13.344832420349235,0.15994244449754874
2050-06-09 20:00:00,43.3014295006354,12.804253578186149,0.06242059680834952
2050-06-09 21:00:00,43.301426296203175,12.486980438232536,0.04038394272181879
2050-06-09 22:00:00,43.30142760195217,12.32160854339611,0.0472855497199553
2050-06-09 23:00:00,43.3014287675428,12.056937217712516,0.05537181189440893
2050-06-10 00:00:00,43.3014300244268,11.852446556091422,0.06547995119500531
2050-06-10 01:00:00,43.30143124896161,11.797814369201774,0.07776577940463035
2050-06-10 02:00:00,43.30143209508982,11.755403518676871,0.08663896520690444
2050-06-10 03:00:00,43.30143433353542,11.711380958557243,0.1256562121655054
2050-06-10 04:00:00,43.30143630682733,11.70843601226818,0.18425380454560533
2050-06-10 05:00:00,43.30143727545717,11.73234844207775,0.23062338091406992
2050-06-10 06:00:00,43.30143734510902,11.786187171936149,0.22066617422259727
2050-06-10 07:00:00,43.30143711712194,11.919805526733512,0.2012546517428634
2050-06-10 08:00:00,43.301437265278864,12.048097610473746,0.2014398006772975
2050-06-10 09:00:00,43.30143735010164,12.363487243652457,0.19987756526680006
2050-06-10 10:00:00,43.30143730077119,12.910290718078727,0.19399865152084425
2050-06-10 11:00:00,43.30143747924268,13.345301628112907,0.1974317991160128
2050-06-10 12:00:00,43.30143128176754,15.036336898803825,0.04953121195007887
2050-06-10 13:00:00,43.30143776777656,14.119204521179313,0.21565152530103063
2050-06-10 14:00:00,43.301433153324574,15.361594200134391,0.0633277605295973
2050-06-10 15:00:00,43.30143771273731,15.084749221801871,0.19716579124228517
2050-06-10 16:00:00,43.30143813060457,14.756218910217399,0.23034232886906975
2050-06-10 17:00:00,43.30143835735884,14.608808517456168,0.25900432535910506
2050-06-10 18:00:00,43.30143850627633,14.131124496460075,0.2800021771948678
2050-06-10 19:00:00,43.30143846192057,13.915947914123649,0.2733506825614681
2050-06-10 20:00:00,43.30143835855901,13.696199417114371,0.25827211556094815
2050-06-10 21:00:00,43.301438269282905,12.711266517639274,0.2511488845004055
2050-06-10 22:00:00,43.301438481964965,12.15902423858654,0.2858399793264432
2050-06-10 23:00:00,43.30143853134038,12.15606784820568,0.29437022422768494
2050-06-11 00:00:00,43.30143852255338,11.768119812011832,0.29450332726589756
2050-06-11 01:00:00,43.30143851997506,10.913484573364371,0.29495674018494505
2050-06-11 02:00:00,43.30143843328749,10.360545158386344,0.29116947481748134
2050-06-11 03:00:00,43.30143828512923,10.873102188110465,0.273912089718693
2050-06-11 04:00:00,43.30143829704961,11.168283462524528,0.27005783833743274
2050-06-11 05:00:00,43.30143829561656,11.46696758270275,0.2635687142155667
2050-06-11 06:00:00,43.30143822513629,11.987812995910758,0.2630107713173657
2050-06-11 07:00:00,43.30143753697328,12.539838790893668,0.25269894345603205
2050-06-11 08:00:00,43.30143746730985,12.950460433960075,0.24075836153634828
2050-06-11 09:00:00,43.301437230432754,13.232257843017692,0.22171625200236153
2050-06-11 10:00:00,43.30143671521223,13.70756053924572,0.19119612488824186
2050-06-11 11:00:00,43.30143596994132,14.31614208221447,0.15944361698895104
2050-06-11 12:00:00,43.30143566538303,14.651398658752555,0.15696368062243446
2050-06-11 13:00:00,43.3014359936534,14.583668708801383,0.17878868385181734
2050-06-11 14:00:00,43.30143140505511,15.549366950988883,0.07351425530019343
2050-06-11 15:00:00,43.301434463571525,15.179628372192496,0.1300971334248143
2050-06-11 16:00:00,43.30143437237471,14.95300388336193,0.13146404011109822
2050-06-11 17:00:00,43.3014359030943,14.740111351013297,0.2039541785793207
2050-06-11 18:00:00,43.30143625496398,14.474112510681266,0.2486557168387338
2050-06-11 19:00:00,43.3014359945968,14.368620872497672,0.24345754920487087
2050-06-11 20:00:00,43.301435756535135,14.0701780319215,0.23101380861200657
2050-06-11 21:00:00,43.30143507651309,13.71124076843273,0.19831839939010826
2050-06-11 22:00:00,43.30143266253319,13.187469482421989,0.11887987822029258
2050-06-11 23:00:00,43.30143223678128,12.887814521789664,0.11489809962945072
2050-06-12 00:00:00,43.30143107572878,12.721671104431266,0.09431277091917706
2050-06-12 01:00:00,43.30142988207072,12.410676956176871,0.07696381090070942
2050-06-12 02:00:00,43.30142888968568,12.158981323242301,0.06568223898158813
2050-06-12 03:00:00,43.30142816983807,11.967640876770133,0.05922132182627589
2050-06-12 04:00:00,43.30142791400553,11.570485115051383,0.05709965281184732
2050-06-12 05:00:00,43.30142731108389,11.413132667541618,0.05286094119475282
2050-06-12 06:00:00,43.3014165316747,11.555855751037711,0.022513593289355004
2050-06-12 07:00:00,0.0251088768385927,11.920462608337516,4.356110912133275e-09
2050-06-12 08:00:00,0.0251004411576807,12.67241191864025,4.412789384882964e-09
2050-06-12 09:00:00,0.0249726439403549,13.049035072326774,4.429784415543553e-09
2050-06-12 10:00:00,0.0244543394244809,14.278691291809196,4.387377933411273e-09
2050-06-12 11:00:00,0.0251016584235254,13.452843666076774,4.53590534036709e-09
2050-06-12 12:00:00,0.0244552459095114,15.708036422729606,4.475157650603308e-09
2050-06-12 13:00:00,0.0251026651672728,15.35359096527111,4.564942746817536e-09
2050-06-12 14:00:00,0.0244569128320073,17.28574371337902,4.498209347044075e-09
2050-06-12 15:00:00,0.0251295841684246,16.706396102905387,4.590165224527858e-09
2050-06-12 16:00:00,0.0252071337004097,16.652330398559684,5.068160161457576e-09
2050-06-12 17:00:00,0.0252177123074375,16.568651199340934,5.4192875152991945e-09
2050-06-12 18:00:00,0.0252464636528451,15.418591499328727,5.7330423033856116e-09
2050-06-12 19:00:00,0.0251975935651605,14.717720985412711,4.862403795477104e-09
2050-06-12 20:00:00,0.0251145128720836,13.662495613098258,4.65050971433476e-09
2050-06-12 21:00:00,0.0251086180630085,12.45251274108898,4.66056681121334e-09
2050-06-12 22:00:00,0.0251044080995868,11.74798393249523,4.6557734435838075e-09
2050-06-12 23:00:00,0.0251052014576301,11.338863372802848,4.6674638227879246e-09
2050-06-13 00:00:00,0.0251067048517408,11.687258720398063,4.675769319380169e-09
2050-06-13 01:00:00,0.0251054248238888,12.007148742675895,4.676013674519155e-09
2050-06-13 02:00:00,0.0251065121280713,11.971109390258903,4.682017270052314e-09
2050-06-13 03:00:00,0.0251103869796757,11.908101081848258,4.687155853709517e-09
2050-06-13 04:00:00,0.0251093857653835,12.166342735290641,4.688104008799475e-09
2050-06-13 05:00:00,0.0251212900238295,12.548219680786246,4.686770549612536e-09
2050-06-13 06:00:00,0.0259611447926736,12.610696792602653,5.375057694480152e-09
2050-06-13 07:00:00,0.0259698003013851,13.744315147400016,5.386992022533761e-09
2050-06-13 08:00:00,0.0250993473430814,14.28746604919445,4.643979839256768e-09
2050-06-13 09:00:00,0.0251018621464127,14.257449150085563,4.644277969396487e-09
2050-06-13 10:00:00,0.0259835150133704,14.58285236358654,5.353171111964017e-09
2050-06-13 11:00:00,0.0251099494705708,14.573833465576286,4.660250465826683e-09
2050-06-13 12:00:00,0.0250988562518632,14.808503150940055,4.615739857215994e-09
2050-06-13 13:00:00,0.0244748202893749,15.145260810852164,4.604546404982969e-09
2050-06-13 14:00:00,0.0251053470510019,14.572587013244743,4.650133036878892e-09
2050-06-13 15:00:00,0.0244972103566252,15.190462112426871,4.62179641292081e-09
2050-06-13 16:00:00,0.0251373220876129,15.150316238403434,4.6696910694280446e-09
2050-06-13 17:00:00,0.0259595854874291,14.373672485351676,4.96194434782698e-09
2050-06-13 18:00:00,0.0251184135765791,14.587912559509391,4.663146023975702e-09
2050-06-13 19:00:00,0.0251078138822153,14.193315505981559,4.670455641711905e-09
2050-06-13 20:00:00,0.0251071679894451,13.548028945922965,4.675809477656505e-09
2050-06-13 21:00:00,0.0251070941294198,13.344460487365836,4.683329779414908e-09
2050-06-13 22:00:00,0.0251067304558994,13.074818611145133,4.694480828046935e-09
2050-06-13 23:00:00,0.0251086562189624,12.95345783233654,4.717757615855554e-09
2050-06-14 00:00:00,0.0259369410399049,12.686606407165641,4.808954623628261e-09
2050-06-14 01:00:00,0.0259857971729508,12.24780368804943,5.901891442515137e-09
2050-06-14 02:00:00,15.84820470517264,11.99089336395275,1.29057333730307e-08
2050-06-14 03:00:00,15.8499658002034,11.964842796325797,1.679961693850272e-08
2050-06-14 04:00:00,19.990354029533247,11.791388511657829,1.7538616162254888e-08
2050-06-14 05:00:00,35.05320711535582,11.809288024902457,4.1820494949641584e-08
2050-06-14 06:00:00,35.05320951574999,12.0457639694215,3.950368402791929e-08
2050-06-14 07:00:00,43.3013506669766,12.526057243347282,0.012657940872413181
2050-06-14 08:00:00,35.0532199278653,13.414827346801871,3.692051556749838e-08
2050-06-14 09:00:00,43.30136386286368,13.603104591369743,0.014109360203547376
2050-06-14 10:00:00,35.05352906957649,14.882872581482047,4.0785596057499755e-08
2050-06-14 11:00:00,43.30141317978073,13.899460792541618,0.056945298152296764
2050-06-14 12:00:00,35.05319587130242,17.767286300659293,2.0609855350003557e-08
2050-06-14 13:00:00,43.301229010186056,16.580783843994254,0.00410884029505115
2050-06-14 14:00:00,35.05319994214689,18.367460250854606,2.4043619754891477e-08
2050-06-14 15:00:00,35.053206998776474,19.35782051086437,2.841026781504562e-08
2050-06-14 16:00:00,43.30142130123635,18.075513839721793,0.09695218883080285
2050-06-14 17:00:00,43.30142006412127,17.71018218994152,0.0819116863680302
2050-06-14 18:00:00,43.30142462991555,17.25060081481945,0.1381830681628932
2050-06-14 19:00:00,43.30142170884909,16.786281585693473,0.09891788611533592
2050-06-14 20:00:00,43.30141628460408,15.991717338562125,0.06625503200043127
2050-06-14 21:00:00,43.30140004747935,15.435830116272086,0.03180991090925664
2050-06-14 22:00:00,35.05322380486487,15.063642501831168,3.8097895450837195e-08
2050-06-14 23:00:00,35.053228685104784,14.82667160034191,4.0106361140810864e-08
2050-06-15 00:00:00,35.05320457166205,13.824858665466422,3.2545968200164965e-08
2050-06-15 01:00:00,35.05320029621372,13.253037452697868,2.4984635344240296e-08
2050-06-15 02:00:00,35.053195598382416,12.560664176941032,2.039086152722661e-08
2050-06-15 03:00:00,35.053187982886975,11.900464057922477,1.9723797306630106e-08
2050-06-15 04:00:00,35.05287886472156,11.723905563354606,2.004425827912803e-08
2050-06-15 05:00:00,0.0251321589873329,12.650007247924918,4.7321485462022045e-09
2050-06-15 06:00:00,0.0251045872904815,14.86242771148693,4.697568534197935e-09
2050-06-15 07:00:00,0.0250998307331863,17.002429962158317,4.61827350025823e-09
2050-06-15 08:00:00,0.0244597222339877,18.522500991821403,4.2610971664232025e-09
2050-06-15 09:00:00,0.0250989463408791,19.39414787292492,4.631785902967843e-09
2050-06-15 10:00:00,0.0244681739206621,20.66721916198742,4.59049533392081e-09
2050-06-15 11:00:00,0.0251032625016124,21.661308288574332,4.624103937311534e-09
2050-06-15 12:00:00,0.025101075304296,22.264493942260856,4.617818180160798e-09
2050-06-15 13:00:00,0.0251022140676837,22.029764175415153,4.625495758888066e-09
2050-06-15 14:00:00,0.0251044586473478,20.663644790649528,4.653351000130564e-09
2050-06-15 15:00:00,0.0251031645236661,20.56480407714855,4.635330867664263e-09
2050-06-15 16:00:00,0.0251032585419692,20.77082443237316,4.649312071667651e-09
2050-06-15 17:00:00,0.0251087580541053,20.544887542724723,4.752583971720819e-09
2050-06-15 18:00:00,15.897900907736556,19.943136215210075,8.660031108085432e-09
2050-06-15 19:00:00,15.899205390875483,19.315641403198356,1.0388600915559047e-08
2050-06-15 20:00:00,15.902801872714027,18.530504226684684,1.21250021246454e-08
2050-06-15 21:00:00,15.902877933315278,17.925748825073356,1.4589479067831402e-08
2050-06-15 22:00:00,15.902883626361522,17.50302314758312,1.175777851411381e-08
2050-06-15 23:00:00,15.904120826808876,17.09829139709484,1.3296686593412894e-08
2050-06-16 00:00:00,15.94769883385852,16.82187652587902,1.5923113166592285e-08
2050-06-16 01:00:00,19.990322380060658,16.58613204956066,2.030649967671251e-08
2050-06-16 02:00:00,32.66558917064074,16.443243026733512,3.893805552061834e-08
2050-06-16 03:00:00,43.30137202542348,16.3169403076173,0.015729794486156558
2050-06-16 04:00:00,43.30142500163664,16.18823051452648,0.09010042424528784
2050-06-16 05:00:00,43.30142953042893,16.505432128906364,0.13378455576818432
2050-06-16 06:00:00,43.30143104718238,17.526611328125114,0.1645984555786736
2050-06-16 07:00:00,43.30142624990727,19.658136367797965,0.07118882020681976
2050-06-16 08:00:00,43.30142845296993,20.600254058838004,0.09096265713882438
2050-06-16 09:00:00,43.301420969829415,22.22742080688488,0.03601406016904168
2050-06-16 10:00:00,43.30143071970237,22.484245300293082,0.1279683422489023
2050-06-16 11:00:00,43.30142362135607,24.244821548462028,0.04464052181050126
2050-06-16 12:00:00,43.30142963214082,23.75778198242199,0.0964701702230516
2050-06-16 13:00:00,43.30143067755623,23.82006645202648,0.1164758680089782
2050-06-16 14:00:00,43.30143152177931,24.44379043579113,0.13639986975431986
2050-06-16 15:00:00,43.30143258766914,24.460515975952262,0.17630866893357858
2050-06-16 16:00:00,43.30143138290147,25.68013191223156,0.124285991026619
2050-06-16 17:00:00,43.30143326726576,25.83675575256359,0.20242733385529926
2050-06-16 18:00:00,43.30143367177546,25.22056579589855,0.23426433236154895
2050-06-16 19:00:00,43.30143233421924,23.94286155700695,0.1576045195283807
2050-06-16 20:00:00,43.30142921226192,22.12617111206066,0.08074505375229178
2050-06-16 21:00:00,43.30142895625806,21.196126937866325,0.07786890690837792
2050-06-16 22:00:00,43.301426695694616,20.954229354858512,0.05488008266940907
2050-06-16 23:00:00,43.301429747148,20.91696357727062,0.09183083524095001
2050-06-17 00:00:00,43.3014288218128,20.6976833343507,0.0765851019176679
2050-06-17 01:00:00,43.30142749610696,20.496648788452262,0.06001127283642545
2050-06-17 02:00:00,43.30142675826825,20.337438583374137,0.05212309365317089
2050-06-17 03:00:00,43.30142809140705,20.326360702514762,0.06237257509848427
2050-06-17 04:00:00,43.3014281364194,20.21706581115734,0.0597342651521543
2050-06-17 05:00:00,43.301427192216345,20.471843719482536,0.04986005133034597
2050-06-17 06:00:00,43.30142799179987,20.865274429321403,0.054864131248037636
2050-06-17 07:00:00,43.30142995010495,21.14917373657238,0.07684222796778163
2050-06-17 08:00:00,43.301429268860105,21.52480506896984,0.06622499242762724
2050-06-17 09:00:00,43.30142042499809,22.436220169067496,0.026452345422341723
2050-06-17 10:00:00,43.30142044114261,24.51451110839855,0.026267352431950265
2050-06-17 11:00:00,43.3014265740576,25.385324478149528,0.043737602021800846
2050-06-17 12:00:00,43.3014301242161,25.29502868652355,0.06880797943996028
2050-06-17 13:00:00,43.30141776433605,25.681159973144645,0.021715969289559302
2050-06-17 14:00:00,43.30141837618912,27.090955734253043,0.022309389093173204
2050-06-17 15:00:00,43.30142755932255,26.94912910461437,0.045693173500037064
2050-06-17 16:00:00,43.3014296465112,26.74948883056652,0.058104089715650294
2050-06-17 17:00:00,43.30143530107266,25.77868461608898,0.20414763325558416
2050-06-17 18:00:00,43.30143609992486,24.12074470520031,0.28556897100858863
2050-06-17 19:00:00,43.30143567472704,22.369228363037223,0.22941393283899264
2050-06-17 20:00:00,43.30143635486648,20.94579887390148,0.29456298125983593
2050-06-17 21:00:00,43.30143617744794,19.81400299072277,0.2699334925977499
2050-06-17 22:00:00,43.30143633726873,18.802099227905387,0.29237827523809745
2050-06-17 23:00:00,43.30143625282807,18.064655303955192,0.28208624299570306
2050-06-18 00:00:00,43.301436346208654,17.27840614318859,0.2913097929976489
2050-06-18 01:00:00,43.3014361594127,16.549596786499137,0.2692315673877876
2050-06-18 02:00:00,43.30143554878972,15.876116752624625,0.20293236747390941
2050-06-18 03:00:00,43.3014360559444,15.126304626464957,0.24547466335398963
2050-06-18 04:00:00,43.30143650934696,14.680352210998649,0.28500753166772685
2050-06-18 05:00:00,43.30143654919383,15.376621246338004,0.27715643613506774
2050-06-18 06:00:00,43.30143603719882,16.722826004028434,0.21115784962272846
2050-06-18 07:00:00,43.30143444870203,18.039762496948356,0.14887613638770292
2050-06-18 08:00:00,43.30143126754216,19.416461944580192,0.07838402191448801
2050-06-18 09:00:00,43.301432241950245,20.137660980224723,0.09048701272042395
2050-06-18 10:00:00,43.301425984154136,21.29153633117687,0.03838152075662053
2050-06-18 11:00:00,43.30142228869512,22.513389587402457,0.02757575076760574
2050-06-18 12:00:00,43.301419878538944,23.613975524902457,0.023944918387100753
2050-06-18 13:00:00,43.30142329880158,24.646018981933707,0.029647649929330673
2050-06-18 14:00:00,43.30142610308484,25.246074676513786,0.038137205078508096
2050-06-18 15:00:00,43.30142932296809,25.421880722046012,0.056720204784168865
2050-06-18 16:00:00,43.301433023646055,25.22542762756359,0.10518259096719673
2050-06-18 17:00:00,43.30143534923581,24.61083793640148,0.19212207671428028
2050-06-18 18:00:00,43.30143606691268,23.677906036377067,0.26752273461720805
2050-06-18 19:00:00,43.30143540416229,22.14113044738781,0.2127222970213074
2050-06-18 20:00:00,43.301434863092645,20.527799606323356,0.18042833908192285
2050-06-18 21:00:00,43.301435030243056,19.491342544555778,0.19365350539539467
2050-06-18 22:00:00,43.30143566136333,18.588598251342887,0.2564793370461419
2050-06-18 23:00:00,43.30143484480235,17.751897811889762,0.1961867188704573
2050-06-19 00:00:00,43.30143484947901,17.188472747802848,0.2017615497115703
2050-06-19 01:00:00,43.3014353110737,16.577672958374137,0.24107532368581164
2050-06-19 02:00:00,43.30143580999511,16.010221481323356,0.2893074248342077
2050-06-19 03:00:00,43.30143582891867,15.541621208191032,0.29035758433162107
2050-06-19 04:00:00,43.301435823155,15.344745635986442,0.28189968367836765
2050-06-19 05:00:00,43.30143546366802,15.923063278198356,0.2330779518001865
2050-06-19 06:00:00,43.30143278031908,17.371788024902457,0.10405212348359635
2050-06-19 07:00:00,43.30141999796375,19.06594848632824,0.035331223677758754
2050-06-19 08:00:00,43.3014181991956,21.047479629516715,0.030988598514741922
2050-06-19 09:00:00,43.30141327408463,23.163202285766715,0.021850296565184522
2050-06-19 10:00:00,43.30140689942836,24.810522079467887,0.01513911235213107
2050-06-19 11:00:00,43.301370031185286,25.81718254089367,0.006035286948444687
2050-06-19 12:00:00,43.3012724905744,26.72747611999523,0.002307590901681302
2050-06-19 13:00:00,43.30139587930893,27.39155769348156,0.010319036370900507
2050-06-19 14:00:00,43.30140023071532,27.790798187255973,0.0117075301147795
2050-06-19 15:00:00,43.30139293150114,27.473564147949332,0.009516819411353685
2050-06-19 16:00:00,43.30141080557007,27.080099105835075,0.0176508206670992
2050-06-19 17:00:00,43.30142989323751,26.129875183105582,0.08866161851697159
2050-06-19 18:00:00,43.30143383652814,24.915901184082145,0.20999787927487604
2050-06-19 19:00:00,43.3014304446389,23.282682418823356,0.10439555862851749
2050-06-19 20:00:00,43.30142605453755,21.759418487548942,0.05888253701646038
2050-06-19 21:00:00,43.30143105802841,20.61067390441906,0.11710129802284261
2050-06-19 22:00:00,43.30143438141216,20.01497077941906,0.28618983998705794
2050-06-19 23:00:00,43.30143419504925,19.523302078247184,0.2844344055516105
2050-06-20 00:00:00,43.301433424358216,18.904842376709098,0.23524115488761832
2050-06-20 01:00:00,43.30143246838671,18.269855499267692,0.18467476550957904
2050-06-20 02:00:00,43.30143225395425,17.788019180297965,0.1767902723720202
2050-06-20 03:00:00,43.30143138004951,17.338378906250114,0.1439818896942412
2050-06-20 04:00:00,43.30143294113092,16.96962165832531,0.19907044552550826
2050-06-20 05:00:00,43.30143355455738,16.815544128418082,0.23237796342312667
2050-06-20 06:00:00,43.30143393152725,16.864053726196403,0.26341808672169825
2050-06-20 07:00:00,43.30142625775124,16.86128425598156,0.07052519578776102
2050-06-20 08:00:00,43.301286390557465,17.034097671508903,0.0038498437259675646
2050-06-20 09:00:00,43.30142899369012,17.192323684692496,0.09908205813350707
2050-06-20 10:00:00,43.30142522141864,17.104656219482536,0.0655692519428046
2050-06-20 11:00:00,43.30143320605772,17.269050598144645,0.2442674384105541
2050-06-20 12:00:00,43.301288746089725,20.170669555664176,0.003982438406585838
2050-06-20 13:00:00,43.30128645292755,21.769117355346793,0.003888139005410681
2050-06-20 14:00:00,43.30128195363337,22.746372222900504,0.0032691416472174386
2050-06-20 15:00:00,43.30142163314867,22.82566642761242,0.05562894186330802
2050-06-20 16:00:00,43.30143153141558,22.18515205383312,0.1899251737420239
2050-06-20 17:00:00,43.3014325457254,21.49556922912609,0.2577452054480098
2050-06-20 18:00:00,43.30143253999815,20.92312622070324,0.2743710121462443
2050-06-20 19:00:00,43.30143165878348,20.159349441528434,0.22256526475419278
2050-06-20 20:00:00,43.301429365584845,19.61581420898449,0.1397850940743833
2050-06-20 21:00:00,43.301420316630775,18.97541427612316,0.058584374401189424
2050-06-20 22:00:00,43.30132589589615,18.31880378723156,0.007907964774082902
2050-06-20 23:00:00,43.30128916176444,17.650053024292106,0.004916282054637032
2050-06-21 00:00:00,43.30128218482775,16.839159011840934,0.003378672086031786
2050-06-21 01:00:00,43.30120492615476,16.09644699096691,0.0018408637693080505
2050-06-21 02:00:00,0.0251079394712225,15.514085769653434,4.891661934010918e-09
2050-06-21 03:00:00,0.0251062426533056,14.746964454650993,4.848683348124434e-09
2050-06-21 04:00:00,0.0251072074222654,14.19849777221691,4.8295556480803345e-09
2050-06-21 05:00:00,0.0251062311487153,13.90057182312023,4.8181187423539175e-09
2050-06-21 06:00:00,0.0251060013347258,13.828454017639274,4.87274958560976e-09
2050-06-21 07:00:00,0.0251065079900858,13.995429039001579,4.829955519076478e-09
2050-06-21 08:00:00,16.072896248382758,14.568051338195914,1.235654638125673e-08
2050-06-21 09:00:00,16.072910341905512,15.246645927429313,1.3509962657816722e-08
2050-06-21 10:00:00,16.072884832523023,16.85817146301281,8.861344361556989e-09
2050-06-21 11:00:00,0.0251047715474284,19.375270843505973,4.7889881734337946e-09
2050-06-21 12:00:00,0.0244557478371092,22.320775985717887,4.682367369641418e-09
2050-06-21 13:00:00,0.0244556075188816,24.25479125976574,4.691225507616406e-09
2050-06-21 14:00:00,0.0244580502229266,24.95990371704113,4.693345072354384e-09
2050-06-21 15:00:00,0.0251021509586991,25.23616981506359,4.80091763765696e-09
2050-06-21 16:00:00,0.0251308272286132,24.94871330261242,4.783441302087994e-09
2050-06-21 17:00:00,16.072889312267222,24.333898544311637,8.678250598450355e-09
2050-06-21 18:00:00,16.07289958114836,23.326961517334098,9.890827158047587e-09
2050-06-21 19:00:00,16.079192349444465,21.521669387817496,1.4328349145049462e-08
2050-06-21 20:00:00,19.86888189432576,19.729396820068473,2.134005321855416e-08
2050-06-21 21:00:00,16.122607750564832,18.667312622070426,1.6627199821039152e-08
2050-06-21 22:00:00,16.08294211510926,17.727596282959098,1.3822996724753088e-08
2050-06-21 23:00:00,16.07289460847827,16.850294113159293,9.463628770883594e-09
2050-06-22 00:00:00,16.072884947974817,16.046806335449332,8.352521190921205e-09
2050-06-22 01:00:00,16.072895366224717,15.310750961303825,9.645916121180521e-09
2050-06-22 02:00:00,16.072905368363656,14.601614952087516,1.1509859665867163e-08
2050-06-22 03:00:00,16.089231905159462,14.078838348388786,1.5515280845492406e-08
2050-06-22 04:00:00,16.090500100260286,13.795075416565055,1.6743038234894418e-08
2050-06-22 05:00:00,16.072904044197184,13.733965873718375,1.1178225768844242e-08
2050-06-22 06:00:00,0.0251546864724695,14.032375335693473,4.867420794230988e-09
2050-06-22 07:00:00,0.0250993714835901,15.045186996460075,5.38546838400869e-09
2050-06-22 08:00:00,0.0249270192831041,16.832338333129996,4.743041414805513e-09
2050-06-22 09:00:00,0.0244553944350184,19.463344573974723,4.689511957437102e-09
2050-06-22 10:00:00,0.0244542063230067,21.68583488464367,4.68827424167653e-09
2050-06-22 11:00:00,0.024453694798097,23.4772243499757,4.684592311704964e-09
2050-06-22 12:00:00,0.0244536660176788,24.447496414184684,4.682939868081805e-09
2050-06-22 13:00:00,0.0244541764651572,25.285049438476676,4.684597082300761e-09
2050-06-22 14:00:00,0.0244551543455408,25.767166137695426,4.688726526768203e-09
2050-06-22 15:00:00,0.0244572527190538,25.805124282837028,4.69586983315349e-09
2050-06-22 16:00:00,0.0244890909983248,25.590887069702262,4.711173245848515e-09
2050-06-22 17:00:00,0.0250985313803418,25.287929534912223,5.2032040697807935e-09
2050-06-22 18:00:00,0.0251023821913473,23.958637237548942,5.381830787316615e-09
2050-06-22 19:00:00,0.0251026590435294,22.390523910522575,5.323360600898693e-09
2050-06-22 20:00:00,0.0251027223861037,20.67187309265148,5.326578400424841e-09
2050-06-22 21:00:00,0.0251027951121332,19.218845367431754,5.29382427166722e-09
2050-06-22 22:00:00,0.0251029660192345,18.14907836914074,5.3480186405830974e-09
2050-06-22 23:00:00,0.0251040978785979,17.228267669677848,5.403423229315165e-09
2050-06-23 00:00:00,0.0251059642201029,16.52007865905773,5.4899186444549794e-09
2050-06-23 01:00:00,0.0251048378185339,15.597865104675407,5.399845981536498e-09
2050-06-23 02:00:00,0.025103229105883,14.987996101379508,5.2847934672572096e-09
2050-06-23 03:00:00,0.025103200663781,14.426692962646598,5.2344208989048725e-09
2050-06-23 04:00:00,0.0251030394244883,13.682159423828239,5.163567155337762e-09
2050-06-23 05:00:00,0.0251030304446719,14.503926277160758,5.0918740248355525e-09
2050-06-23 06:00:00,0.0251017436576523,16.675891876220817,5.0740897168647305e-09
2050-06-23 07:00:00,0.0250821832582182,19.513803482055778,4.854542468246913e-09
2050-06-23 08:00:00,0.0244589480067605,21.903686523437614,4.693581684293136e-09
2050-06-23 09:00:00,0.024455786979122,23.443237304687614,4.684752823383698e-09
2050-06-23 10:00:00,0.0244579635964204,23.725778579712028,4.682155081129715e-09
2050-06-23 11:00:00,0.0244568612969986,23.99473381042492,4.678751412460975e-09
2050-06-23 12:00:00,0.0244576348502533,24.44226455688488,4.6753660120616645e-09
2050-06-23 13:00:00,0.0244544201726958,26.00806808471691,4.67163325689566e-09
2050-06-23 14:00:00,0.0244556951870053,25.785394668579215,4.6731476032323495e-09
2050-06-23 15:00:00,0.0244607177514075,24.689392089843864,4.685929814994732e-09
2050-06-23 16:00:00,0.0251002964026445,23.303903579712028,4.90847440095825e-09
2050-06-23 17:00:00,0.0251036776567939,22.132766723632926,4.9848845105830266e-09
2050-06-23 18:00:00,0.0251101665458865,20.69188499450695,5.0103649863415346e-09
2050-06-23 19:00:00,0.0251070747847997,19.495233535766715,4.995874885225885e-09
2050-06-23 20:00:00,0.0251104620470023,18.487262725830192,5.040299702175293e-09
2050-06-23 21:00:00,0.0251100092972424,17.843065261840934,5.038927903246215e-09
2050-06-23 22:00:00,0.0251066386369887,17.2970428466798,5.0318661317675e-09
2050-06-23 23:00:00,0.0251235511260759,16.77653312683117,5.2897417409000075e-09
2050-06-24 00:00:00,0.0251240324654842,16.31198120117199,5.2737854576548585e-09
2050-06-24 01:00:00,0.0251178998884574,15.423995018005485,5.112058519833539e-09
2050-06-24 02:00:00,0.0251322246074361,15.05310440063488,5.447706488146346e-09
2050-06-24 03:00:00,0.0251490210449827,14.298442840576286,6.032619525389147e-09
2050-06-24 04:00:00,19.7345980905318,13.696817398071403,1.357336009372964e-08
2050-06-24 05:00:00,20.60037182821804,13.215385437011832,1.452271734530622e-08
2050-06-24 06:00:00,20.600390583415276,12.900899887085075,1.2972065148423962e-08
2050-06-24 07:00:00,20.60039581394712,12.543482780456657,1.2714245239720296e-08
2050-06-24 08:00:00,20.60039458322254,12.631088256836051,1.107937273794702e-08
2050-06-24 09:00:00,19.99031800803201,14.237091064453239,7.890896271783702e-09
2050-06-24 10:00:00,20.600395491642544,14.521983146667594,9.428904695901923e-09
2050-06-24 11:00:00,19.99032936578844,15.745602607727164,7.857981943095821e-09
2050-06-24 12:00:00,20.60111873505414,15.36002635955822,8.323761785438454e-09
2050-06-24 13:00:00,20.604497983501,15.415960311889762,8.636271590143408e-09
2050-06-24 14:00:00,0.0251259177540559,16.49625968933117,4.66525875585844e-09
2050-06-24 15:00:00,43.30138795840763,15.738426208496207,0.010172267175735765
2050-06-24 16:00:00,43.301413131713446,15.541498184204215,0.02432289217433562
2050-06-24 17:00:00,43.30142930334399,14.169709205627555,0.09830844846325444
2050-06-24 18:00:00,43.30143288021962,13.602670669555778,0.18958425503671714
2050-06-24 19:00:00,43.30143357592166,13.035963058471793,0.2157650426956441
2050-06-24 20:00:00,43.30143394928727,12.670510292053336,0.2331231612650385
2050-06-24 21:00:00,43.30143423365882,12.397613525390739,0.25053377374235425
2050-06-24 22:00:00,43.30143408645653,11.51861667633068,0.24486548879169948
2050-06-24 23:00:00,43.30143421799698,11.152923583984489,0.25063058541715694
2050-06-25 00:00:00,43.301434313290486,11.174737930297965,0.24886724731893395
2050-06-25 01:00:00,43.301434166949534,11.441567420959586,0.22640389518397458
2050-06-25 02:00:00,43.30143431377146,11.545066833496207,0.22760332319779558
2050-06-25 03:00:00,43.30143439637316,11.586870193481559,0.2275340812949656
2050-06-25 04:00:00,43.30143512602405,11.621696472168082,0.2558681339100571
2050-06-25 05:00:00,43.3014356184601,11.696833610534782,0.2710447715323905
2050-06-25 06:00:00,43.30143588742133,11.849974632263297,0.2764953347398682
2050-06-25 07:00:00,43.301435805871925,12.07459640502941,0.2557097834353812
2050-06-25 08:00:00,43.30143596304646,12.242654800415153,0.2521774785472882
2050-06-25 09:00:00,43.30143593558516,12.504580497741813,0.2413912418496057
2050-06-25 10:00:00,43.301430705661566,14.615152359008903,0.07051775376282937
2050-06-25 11:00:00,43.30143376966117,15.262941360473746,0.12293930833257426
2050-06-25 12:00:00,43.30143511349508,15.14369106292736,0.16957829388974555
2050-06-25 13:00:00,43.30143443752486,15.356098175048942,0.14491858668121216
2050-06-25 14:00:00,43.30142990865579,16.435127258300895,0.05980468434692932
2050-06-25 15:00:00,43.30142959935908,16.88825607299816,0.05621581585198354
2050-06-25 16:00:00,43.30143104180538,16.96052742004406,0.06933938243610321
2050-06-25 17:00:00,43.30143373619341,16.54907035827648,0.11088177790209873
2050-06-25 18:00:00,43.301435560406446,15.559537887573356,0.19322311738134734
2050-06-25 19:00:00,43.30143533462159,14.72070693969738,0.17637647014229677
2050-06-25 20:00:00,43.30143569455336,14.268342971801871,0.19222277969794488
2050-06-25 21:00:00,43.30143574031232,13.361486434936637,0.19134871595823294
2050-06-25 22:00:00,43.30143576535147,12.316503524780387,0.20989187563589437
2050-06-25 23:00:00,43.30143568323199,12.281485557556266,0.20266720798774154
2050-06-26 00:00:00,43.30143597212399,12.234869003296012,0.22289305205788593
2050-06-26 01:00:00,43.30143619457749,12.761952400207633,0.2462747076646967
2050-06-26 02:00:00,43.30143635224872,12.522619247436637,0.25748570181745356
2050-06-26 03:00:00,43.30143640866649,12.27131271362316,0.25169911201180456
2050-06-26 04:00:00,43.301436630887984,11.92910194396984,0.2569276749741376
2050-06-26 05:00:00,43.301436981369214,11.73318195343029,0.2866856125129088
2050-06-26 06:00:00,43.30143682135451,12.981716156005973,0.25467498001057853
2050-06-26 07:00:00,43.301435971944215,13.878685951233024,0.21038096958396196
2050-06-26 08:00:00,43.301429413054336,15.708593368530387,0.06160771696213787
2050-06-26 09:00:00,43.30142519626192,17.015064239502067,0.037501781955095265
2050-06-26 10:00:00,43.30143403534039,16.77293205261242,0.11966094609791737
2050-06-26 11:00:00,43.30143622051477,15.185069084167594,0.23426250794056921
2050-06-26 12:00:00,43.30142351044434,17.93321800231945,0.031079094052860284
2050-06-26 13:00:00,43.301420956750285,19.513725280761832,0.025409482214341653
2050-06-26 14:00:00,43.30142583523487,19.771371841430778,0.037827562404159486
2050-06-26 15:00:00,43.30143079330886,18.558900833129996,0.07334097024710179
2050-06-26 16:00:00,43.30143623945345,15.296670913696403,0.2565055604121858
2050-06-26 17:00:00,43.301435679726,15.21457958221447,0.21289005975911227
2050-06-26 18:00:00,43.30143630021767,14.972555160522575,0.2700752640300348
2050-06-26 19:00:00,43.30143631369496,14.241030693054313,0.27811070832062734
2050-06-26 20:00:00,43.301435868699,13.604504585266227,0.237212741221294
2050-06-26 21:00:00,43.30143480132767,13.280376434326286,0.17269948420251943
2050-06-26 22:00:00,43.3014333529579,12.841888427734489,0.12556670904248857
2050-06-26 23:00:00,43.30143341536844,12.4796657562257,0.1299233690651156
2050-06-27 00:00:00,43.30143279729897,12.311540603637809,0.11329134056868126
2050-06-27 01:00:00,43.301432050586016,12.172188758850211,0.0968105278116722
2050-06-27 02:00:00,43.3014293188722,12.103572845459098,0.05647893723528871
2050-06-27 03:00:00,43.30142888684825,12.185764312744254,0.051976274484767195
2050-06-27 04:00:00,43.30143230782564,12.247314453125114,0.0935355935635499
2050-06-27 05:00:00,43.30143430486884,12.335128784179801,0.14247361891436106
2050-06-27 06:00:00,43.30143425019085,12.558757781982536,0.13423484452257903
2050-06-27 07:00:00,43.30143306729915,13.30050086975109,0.11812811517060683
2050-06-27 08:00:00,43.30143017690257,14.27668380737316,0.07165877037703684
2050-06-27 09:00:00,43.30143005768272,14.983160018921012,0.06981709336791529
2050-06-27 10:00:00,43.30142747199897,15.900135993957633,0.05006946811805394
2050-06-27 11:00:00,43.301419741113214,16.880678176879996,0.02463228976643593
2050-06-27 12:00:00,43.30139857932542,17.704984664917106,0.010371974247074499
2050-06-27 13:00:00,43.30142304945233,17.16769409179699,0.03146759389992237
2050-06-27 14:00:00,43.30143056745354,15.938372611999625,0.07983102529266013
2050-06-27 15:00:00,43.30140966014432,17.72291755676281,0.014817815767729985
2050-06-27 16:00:00,43.30142258827607,18.36976242065441,0.030080086065974624
2050-06-27 17:00:00,43.30142918650847,18.283130645752067,0.06332000001928613
2050-06-27 18:00:00,43.30143497795136,17.613811492920036,0.2048838604518537
2050-06-27 19:00:00,43.30143567504594,16.453918457031364,0.2809060309693812
2050-06-27 20:00:00,43.3014357464387,15.35201454162609,0.2913009073872367
2050-06-27 21:00:00,43.30143569289193,14.53753757476818,0.29111124041725767
2050-06-27 22:00:00,43.301435198042135,13.991051673889274,0.2562096626609247
2050-06-27 23:00:00,43.30143396591765,13.65243244171154,0.175493676816904
2050-06-28 00:00:00,43.30143246552351,13.585748672485465,0.12392614820758065
2050-06-28 01:00:00,43.30143159046624,13.38720798492443,0.10264362025363462
2050-06-28 02:00:00,43.30143143561288,13.172789573669547,0.09965057454704063
2050-06-28 03:00:00,43.3014322995993,12.866919517517204,0.12194584026947117
2050-06-28 04:00:00,43.301432120245046,12.548922538757438,0.1147569108134047
2050-06-28 05:00:00,43.30143313446277,12.538580894470329,0.14354306058936298
2050-06-28 06:00:00,43.3014336272699,12.989987373352164,0.16144428658650797
2050-06-28 07:00:00,20.774167974272405,13.297568321228141,1.5888515101562766e-08
2050-06-28 08:00:00,20.773989477779384,13.758271217346305,1.0933781247648805e-08
2050-06-28 09:00:00,20.77399349956189,14.55141925811779,1.2255014782619246e-08
2050-06-28 10:00:00,25.67271752152538,14.749900817871207,1.9839169019882872e-08
2050-06-28 11:00:00,20.77399509140167,15.635249137878532,1.2939436507918088e-08
2050-06-28 12:00:00,20.77399008941881,16.5242214202882,1.084362046754456e-08
2050-06-28 13:00:00,25.672761898273325,15.469352722168082,2.4162034346376772e-08
2050-06-28 14:00:00,20.773982238773147,17.589675903320426,8.1430523897933e-09
2050-06-28 15:00:00,20.773986783779748,19.298522949218864,9.019322889535485e-09
2050-06-28 16:00:00,20.77398886462213,19.455860137939567,9.832651734224536e-09
2050-06-28 17:00:00,20.774092212115058,18.82624435424816,1.493253934836357e-08
2050-06-28 18:00:00,25.67276508134981,18.236822128296012,2.320093535782705e-08
2050-06-28 19:00:00,25.67275832657244,16.784675598144645,2.1886163965159554e-08
2050-06-28 20:00:00,25.672718762613734,14.94134330749523,2.046603944507576e-08
2050-06-28 21:00:00,20.77399611584061,14.52840900421154,1.3146059943640835e-08
2050-06-28 22:00:00,20.773981347654235,14.24448680877697,8.03460950393648e-09
2050-06-28 23:00:00,19.990365339869943,14.104636192321891,7.671023552685738e-09
2050-06-29 00:00:00,0.0254074005580833,14.01251029968273,4.575736750188137e-09
2050-06-29 01:00:00,0.0251154376557802,13.914452552795524,4.963719400542692e-09
2050-06-29 02:00:00,0.0251404948656062,13.723356246948356,4.753029360313612e-09
2050-06-29 03:00:00,20.77398224834893,13.53050804138195,8.03898502623193e-09
2050-06-29 04:00:00,20.773987332326733,13.403642654419059,8.694636939228785e-09
2050-06-29 05:00:00,20.773985859993378,13.331029891967887,8.270938946615119e-09
2050-06-29 06:00:00,20.773990401046717,13.32193756103527,9.150640681309426e-09
2050-06-29 07:00:00,20.7739923919926,13.525847434997672,1.0042512915668408e-08
2050-06-29 08:00:00,20.773989050854755,14.07845497131359,8.54744370834515e-09
2050-06-29 09:00:00,19.99032887551503,14.96420001983654,7.686968794834751e-09
2050-06-29 10:00:00,20.7739987429888,14.677975654602164,1.0708637687498868e-08
2050-06-29 11:00:00,20.773980083887285,15.251336097717399,7.784407927162634e-09
2050-06-29 12:00:00,0.0251126726561491,16.304265975952262,4.94160969489269e-09
2050-06-29 13:00:00,0.0251866944946174,17.753410339355582,4.63743319930152e-09
2050-06-29 14:00:00,43.30133637699664,17.732797622680778,0.005016027858444493
2050-06-29 15:00:00,43.301392855591,18.48965454101574,0.011865147220495744
2050-06-29 16:00:00,43.30141362431264,18.89227104187023,0.026717253330393837
2050-06-29 17:00:00,43.30142530089106,18.799396514892692,0.05888167666550888
2050-06-29 18:00:00,43.3014322176985,18.079570770263786,0.13348149557367883
2050-06-29 19:00:00,43.30143236276731,16.37577629089367,0.13259343224561457
2050-06-29 20:00:00,43.301433287913,15.641255378723258,0.1562372956578852
2050-06-29 21:00:00,43.30143420787369,15.045256614685172,0.19817064767963943
2050-06-29 22:00:00,43.301435116585054,14.56671237945568,0.27033621042040373
2050-06-29 23:00:00,43.30143529433285,14.209259033203239,0.28235125821030166
2050-06-30 00:00:00,43.30143528596548,14.34393405914318,0.2813737533847771
2050-06-30 01:00:00,43.30143532124279,13.736096382141227,0.28097958782961285
2050-06-30 02:00:00,43.30143541960471,13.421598434448356,0.28167001759685883
2050-06-30 03:00:00,43.30143546386008,13.131320953369254,0.272689034325227
2050-06-30 04:00:00,43.301435446094935,13.047806739807243,0.2521182041109064
2050-06-30 05:00:00,43.30143558840415,13.34223556518566,0.238016347654193
2050-06-30 06:00:00,43.30143523011365,14.06625080108654,0.2007860183599669
2050-06-30 07:00:00,43.30143523022015,14.236197471618766,0.19240637459619117
2050-06-30 08:00:00,43.301433050689226,15.35458087921154,0.10851623531020137
2050-06-30 09:00:00,43.30142475655812,17.67788887023937,0.03471796779445401
2050-06-30 10:00:00,43.30143354876959,17.352249145507926,0.11540877694030004
2050-06-30 11:00:00,43.30142639616739,18.552709579467887,0.03943785497036771
2050-06-30 12:00:00,43.3014284492303,18.72171020507824,0.048997475452147804
2050-06-30 13:00:00,43.30143287985806,18.88260078430187,0.09931745632941454
2050-06-30 14:00:00,43.30142225973322,20.71811103820812,0.0275034575644858
2050-06-30 15:00:00,43.30142571732913,21.78891181945812,0.03610746672306672
2050-06-30 16:00:00,43.30143455751331,20.35537147521984,0.14513581772740783
2050-06-30 17:00:00,43.30143409714701,20.375162124633903,0.1276137958984241
2050-06-30 18:00:00,43.3014355341517,20.07734298706066,0.19489431465233728
2050-06-30 19:00:00,43.30143521330723,19.22346687316906,0.1727215441401801
2050-06-30 20:00:00,43.30143458954213,18.457885742187614,0.14119144187940916
2050-06-30 21:00:00,43.30143396275304,17.546754837036246,0.12242162359252744
2050-06-30 22:00:00,43.301432720600445,16.802143096923942,0.09312061451508752
2050-06-30 23:00:00,43.30143277373475,16.89738273620617,0.09478290310143603
2050-07-01 00:00:00,43.301432757578944,16.795581817627067,0.09285400482019922
2050-07-01 01:00:00,43.30143288420346,15.713615417480582,0.09508631971317685
2050-07-01 02:00:00,43.30143374891979,14.794893264770621,0.11335907050282054
2050-07-01 03:00:00,43.30143451399236,14.231039047241325,0.1330228086424365
2050-07-01 04:00:00,43.30143511590055,14.100449562072868,0.15027503802026868
2050-07-01 05:00:00,43.3014357836696,15.059357643127555,0.1779736480386402
2050-07-01 06:00:00,43.301435365795385,16.6907196044923,0.15198792047420848
2050-07-01 07:00:00,43.301431747806205,18.45119667053234,0.07762934258638758
2050-07-01 08:00:00,43.30142841358791,20.16860961914074,0.04710884250495184
2050-07-01 09:00:00,43.30142056102438,21.382425308227653,0.02428010215745659
2050-07-01 10:00:00,43.30142111139988,22.188369750976676,0.02514428030617997
2050-07-01 11:00:00,43.30139928426694,23.20956611633312,0.01040782688106683
2050-07-01 12:00:00,19.99031930732755,23.65272712707531,7.84637834902481e-09
2050-07-01 13:00:00,0.025191915400782,23.98475265502941,4.58014243924167e-09
2050-07-01 14:00:00,19.990353735884486,24.221904754638786,7.737285678151015e-09
2050-07-01 15:00:00,43.3014205670914,24.208557128906364,0.02366384057721207
2050-07-01 16:00:00,43.30143176709667,23.928201675415153,0.06700108806780664
2050-07-01 17:00:00,43.30143520546618,23.61921882629406,0.13419975327317707
2050-07-01 18:00:00,43.301436904872375,22.938579559326286,0.23364479644990122
2050-07-01 19:00:00,43.30143713415937,21.92362213134777,0.25695717332704243
2050-07-01 20:00:00,43.301437221773966,20.395000457763786,0.26439357212631537
2050-07-01 21:00:00,43.30143730420698,19.759893417358512,0.2732992074588008
2050-07-01 22:00:00,43.30143744033517,18.771171569824332,0.29429872447287597
2050-07-01 23:00:00,43.30143736698484,17.817501068115348,0.28812741125368174
2050-07-02 00:00:00,43.30143716560475,17.47163581848156,0.2632512425835664
2050-07-02 01:00:00,43.30143705383465,17.176704406738395,0.2476753032173466
2050-07-02 02:00:00,43.301437164693446,16.90690422058117,0.25912389433721217
2050-07-02 03:00:00,43.30143732947443,16.56567192077648,0.27573819582415837
2050-07-02 04:00:00,43.30143741327516,16.40524482727062,0.2772935174274276
2050-07-02 05:00:00,43.30143750773797,16.546579360962028,0.27947299211611787
2050-07-02 06:00:00,43.30143760052331,17.17427253723156,0.28319392434470925
2050-07-02 07:00:00,43.301436688731975,18.21003913879406,0.21691514420747024
2050-07-02 08:00:00,43.301432247182575,20.622110366821403,0.07994010078689578
2050-07-02 09:00:00,43.3014291030047,22.02745056152355,0.05167205435538515
2050-07-02 10:00:00,43.3014332678063,22.290161132812614,0.09183583580968092
2050-07-02 11:00:00,43.30142924734877,22.810417175293082,0.05202796865660131
2050-07-02 12:00:00,43.301431404044045,22.728347778320426,0.06971756797553337
2050-07-02 13:00:00,43.30142280303179,23.48635864257824,0.028501934088800602
2050-07-02 14:00:00,43.301425273297866,23.05480766296398,0.03519469261950029
2050-07-02 15:00:00,43.301429061926505,22.162748336792106,0.05202162973846053
2050-07-02 16:00:00,43.30143086066321,21.103904724121207,0.0680802929014458
2050-07-02 17:00:00,43.30143521332967,19.750633239746207,0.16264087586179857
2050-07-02 18:00:00,43.30143587877398,18.681621551513786,0.20553493109437931
2050-07-02 19:00:00,43.30143551462928,17.539741516113395,0.18478990245572013
2050-07-02 20:00:00,43.30143358830387,16.69274711608898,0.1153086598743125
2050-07-02 21:00:00,43.30142913846809,16.092929840088004,0.055999792099827125
2050-07-02 22:00:00,43.30143245489564,15.570429801941032,0.09854516847522422
2050-07-02 23:00:00,43.30143112129615,15.060761451721305,0.07851333387976164
2050-07-03 00:00:00,43.30142783850956,14.584811210632438,0.04772557618742341
2050-07-03 01:00:00,43.30142646526873,14.014999389648551,0.03992632371588836
2050-07-03 02:00:00,43.30142763309931,12.995114326477164,0.046001243591109305
2050-07-03 03:00:00,43.30142911211277,12.665206909179801,0.05576552145238742
2050-07-03 04:00:00,43.30143107810341,12.671750068664664,0.0739866274865611
2050-07-03 05:00:00,43.30143323390563,12.674309730529899,0.1049470877340588
2050-07-03 06:00:00,43.30143390288266,13.13751602172863,0.11971990245865403
2050-07-03 07:00:00,43.30140826917715,13.824733734130973,0.017186407430423208
2050-07-03 08:00:00,43.30141564208391,13.807635307312125,0.027101485979678847
2050-07-03 09:00:00,19.990354906232565,16.483650207519645,7.60654625338052e-09
2050-07-03 10:00:00,43.30129612444113,17.501310348510856,0.002594101820356479
2050-07-03 11:00:00,0.0244581907515939,18.707250595092887,4.0679299849879255e-09
2050-07-03 12:00:00,0.0244633956320389,19.53401374816906,4.660470869994578e-09
2050-07-03 13:00:00,43.30140891953867,18.340511322021598,0.015874197155297073
2050-07-03 14:00:00,43.30141494765153,18.378553390503043,0.02236747637424387
2050-07-03 15:00:00,43.30140113786921,19.734672546386832,0.011316131739178243
2050-07-03 16:00:00,43.30141173992654,19.632434844970817,0.0168931196990111
2050-07-03 17:00:00,43.30142531341476,18.729541778564567,0.044454207835238874
2050-07-03 18:00:00,43.30143383938096,17.41701698303234,0.13182393946505186
2050-07-03 19:00:00,43.30143486582425,16.42403602600109,0.1675495647668684
2050-07-03 20:00:00,43.30143531222095,15.455712318420524,0.18615663335045604
2050-07-03 21:00:00,43.30143541499337,14.836128234863395,0.19173038550578692
2050-07-03 22:00:00,43.301434671902186,14.460613250732536,0.1638495936387433
2050-07-03 23:00:00,43.30143446417188,14.24889183044445,0.15239798729551063
2050-07-04 00:00:00,43.30143398948498,12.809270858764762,0.145106657345299
2050-07-04 01:00:00,43.3014346626568,11.833230972290153,0.16536734461919445
2050-07-04 02:00:00,43.30143518075449,11.238534927368278,0.18411729778154648
2050-07-04 03:00:00,43.30143566347172,10.95927715301525,0.2020606667435829
2050-07-04 04:00:00,43.3014359264869,11.361822128296012,0.20580366460457075
2050-07-04 05:00:00,43.30143606932174,12.849490165710563,0.20021321636664316
2050-07-04 06:00:00,43.30143556555794,15.170842170715446,0.1677640286284869
2050-07-04 07:00:00,43.30143256746441,17.526395797729606,0.086624303904383
2050-07-04 08:00:00,43.30143590108099,17.564039230346793,0.1787284478670734
2050-07-04 09:00:00,43.30143572823182,17.645774841308707,0.16465354778820002
2050-07-04 10:00:00,43.30143350223405,18.364639282226676,0.0957239728455329
2050-07-04 11:00:00,43.30143243210763,18.563774108886832,0.07737208385161506
2050-07-04 12:00:00,43.30143025318735,18.086095809936637,0.05454402145043069
2050-07-04 13:00:00,43.30142975320399,17.273954391479606,0.05074312252267194
2050-07-04 14:00:00,43.30143113535244,17.304445266723746,0.06083200902510497
2050-07-04 15:00:00,43.30143208436632,17.80762863159191,0.07000316568168076
2050-07-04 16:00:00,43.30143332803541,18.06491088867199,0.08673875146009637
2050-07-04 17:00:00,43.30143318055892,17.89988708496105,0.08333624860496068
2050-07-04 18:00:00,43.30143579030262,17.345302581787223,0.14622437711665134
2050-07-04 19:00:00,43.30143636162106,15.990819931030387,0.17933035712761192
2050-07-04 20:00:00,43.30143672034437,15.375459671020621,0.20330935137351425
2050-07-04 21:00:00,43.30143692985816,15.241112709045524,0.21965564691079126
2050-07-04 22:00:00,43.30143733764207,15.480813980102653,0.2669055556407183
2050-07-04 23:00:00,43.30143710441186,15.482641220092887,0.24547717022076385
2050-07-05 00:00:00,43.3014370010734,15.821763992309684,0.23628824341011967
2050-07-05 01:00:00,43.30143706739327,15.508838653564567,0.23689293374757403
2050-07-05 02:00:00,43.30143714716549,15.380370140075797,0.24404171863527543
2050-07-05 03:00:00,43.301437199402855,15.417319297790641,0.24494987593664053
2050-07-05 04:00:00,43.301437485266135,15.55539989471447,0.2727574708171127
2050-07-05 05:00:00,43.30143751331809,15.273835182190055,0.2671644531338566
2050-07-05 06:00:00,43.30143758732682,14.621490478515739,0.27503668434504613
2050-07-05 07:00:00,43.301436306641314,15.449272155761832,0.20050043098404982
2050-07-05 08:00:00,43.30143705551999,15.511269569397086,0.24308973020363547
2050-07-05 09:00:00,43.30143358585989,16.722127914428825,0.09390894993442606
2050-07-05 10:00:00,43.3014296328817,18.764759063720817,0.048399586645824784
2050-07-05 11:00:00,43.30143613363055,17.583187103271598,0.18369935246902877
2050-07-05 12:00:00,43.30143127674438,19.158632278442496,0.062042316731540585
2050-07-05 13:00:00,43.301428457700965,21.369935989379996,0.04141804268840574
2050-07-05 14:00:00,43.3014367402245,19.8888397216798,0.2344562540657559
2050-07-05 15:00:00,43.30143250144158,21.411962509155387,0.07744760289559303
2050-07-05 16:00:00,43.30143587953286,20.823358535766715,0.1764919641807899
2050-07-05 17:00:00,43.30143616019912,20.54989814758312,0.19506932977356028
2050-07-05 18:00:00,43.30143692698641,19.69186401367199,0.2602944305815179
2050-07-05 19:00:00,43.30143663791289,18.569087982177848,0.24039513393764367
2050-07-05 20:00:00,43.30143635496079,17.666164398193473,0.21291260030228326
2050-07-05 21:00:00,43.30143585813053,16.945489883422965,0.18229643768870965
2050-07-05 22:00:00,43.301435264311486,16.35754776000988,0.1542969575177748
2050-07-05 23:00:00,43.30143515531209,15.82460975646984,0.15318845690580488
2050-07-06 00:00:00,43.301435100415965,15.401637077331657,0.15210064285927524
2050-07-06 01:00:00,43.30143525833192,15.068072319030875,0.16075687337395736
2050-07-06 02:00:00,43.301435362914695,14.900855064392204,0.16758513753217733
2050-07-06 03:00:00,43.30143545532575,15.0166530609132,0.17542160246681995
2050-07-06 04:00:00,43.30143545872189,15.218640327453727,0.17612026897667574
2050-07-06 05:00:00,43.30143573087664,15.688764572143668,0.19164122529148367
2050-07-06 06:00:00,43.30143570954792,16.66201210021984,0.19366358434537806
2050-07-06 07:00:00,43.30143008593207,18.1583709716798,0.08469938820221336
2050-07-06 08:00:00,43.30142617967724,19.762046813964957,0.048218601815996125
2050-07-06 09:00:00,43.30142476319858,20.73375511169445,0.03909457246620343
2050-07-06 10:00:00,43.30143261135259,19.820795059204215,0.11615091685955657
2050-07-06 11:00:00,43.30141881012371,22.001588821411246,0.02336623806040257
2050-07-06 12:00:00,43.30142312110097,22.300077438354606,0.03302941771662612
2050-07-06 13:00:00,43.301422248713465,22.428094863891715,0.030344184375588213
2050-07-06 14:00:00,43.30142063294478,23.891210556030387,0.02660174769272901
2050-07-06 15:00:00,43.30142957059911,23.447870254516715,0.07683866332549116
2050-07-06 16:00:00,43.301427765730814,23.613300323486442,0.057389535088512994
2050-07-06 17:00:00,43.301433033314986,22.774278640747184,0.13573328793612555
2050-07-06 18:00:00,43.30143354478234,21.875877380371207,0.1555953681340791
2050-07-06 19:00:00,43.301432228861536,21.049222946167106,0.11861604945353686
2050-07-06 20:00:00,43.30143072529354,20.176080703735465,0.08932152554457184
2050-07-06 21:00:00,43.3014292600487,19.540439605713004,0.07062446676377444
2050-07-06 22:00:00,43.301426443923965,19.122428894043082,0.04669561789647261
2050-07-06 23:00:00,43.3014265209929,18.784137725830192,0.04729623089049367
2050-07-07 00:00:00,43.301428039426064,18.33788108825695,0.05960944480292792
2050-07-07 01:00:00,43.30143068284214,17.318361282348746,0.09803724687406927
2050-07-07 02:00:00,43.30143288581901,17.137155532837028,0.15722487671833038
2050-07-07 03:00:00,43.30143359264204,16.88804435729992,0.18340724246573267
2050-07-07 04:00:00,43.301433731112006,16.77864265441906,0.18272284913123119
2050-07-07 05:00:00,43.30143410794461,17.017360687255973,0.19950230175136877
2050-07-07 06:00:00,43.30143436363244,16.834024429321403,0.21707278806913213
2050-07-07 07:00:00,43.30143411220381,16.895088195800895,0.22193340694165864
2050-07-07 08:00:00,43.301433775038994,17.254657745361442,0.19515608945560217
2050-07-07 09:00:00,43.301430651547946,18.061536788940543,0.09772251476679152
2050-07-07 10:00:00,43.30142334933654,18.850559234619254,0.0407478282506519
2050-07-07 11:00:00,19.99066975745063,21.86350822448742,7.500577163485579e-09
2050-07-07 12:00:00,43.30142514356525,22.552391052246207,0.050266975558671656
2050-07-07 13:00:00,43.301426387811766,21.96458244323742,0.05908815769916027
2050-07-07 14:00:00,43.30142682769141,21.888708114624137,0.06508713789871412
2050-07-07 15:00:00,43.30142976468791,21.30775070190441,0.10036225903972153
2050-07-07 16:00:00,43.30142784654152,20.945970535278434,0.07565552655263381
2050-07-07 17:00:00,43.30142817590175,20.60568428039562,0.08079601167040099
2050-07-07 18:00:00,43.3014254682434,20.332599639892692,0.05760085175089616
2050-07-07 19:00:00,43.30142277210154,19.99667358398449,0.04111675064725858
2050-07-07 20:00:00,43.30141842853288,19.453336715698356,0.02691449560676212
2050-07-07 21:00:00,43.30141695574223,18.964071273803825,0.02431680899441811
2050-07-07 22:00:00,43.30141793849936,18.672189712524528,0.026168865475360133
2050-07-07 23:00:00,43.30142112090762,18.76529693603527,0.03459851159346601
2050-07-08 00:00:00,43.30142347562096,18.852560043335075,0.04597138623491284
2050-07-08 01:00:00,43.30142508703044,18.272296905517692,0.05869447913589612
2050-07-08 02:00:00,43.30142504052704,17.651786804199332,0.05861737066409343
2050-07-08 03:00:00,43.3014249376365,17.172861099243278,0.05610456148146791
2050-07-08 04:00:00,43.3014259933702,16.400337219238395,0.06347257307917425
2050-07-08 05:00:00,43.301429043551465,16.328470230102653,0.10139602047556934
2050-07-08 06:00:00,43.30142975509015,16.532316207885856,0.11833190484834648
2050-07-08 07:00:00,25.964508103976677,17.072830200195426,2.0043435226606217e-08
2050-07-08 08:00:00,21.01034895040429,18.756448745727653,1.3862153665174384e-08
2050-07-08 09:00:00,21.01031872036512,20.455921173095817,9.525411406427519e-09
2050-07-08 10:00:00,0.0251215070482117,21.370342254638786,4.790937411926122e-09
2050-07-08 11:00:00,0.0249026078499226,22.49331665039074,4.9136338792229974e-09
2050-07-08 12:00:00,0.0246261645421032,23.164667129516715,4.9143086086689125e-09
2050-07-08 13:00:00,0.0251051366425961,23.654808044433707,4.9332352759896144e-09
2050-07-08 14:00:00,0.0252107478089878,23.239339828491325,4.726893954367974e-09
2050-07-08 15:00:00,19.99025040831329,23.78906059265148,7.9053573959657e-09
2050-07-08 16:00:00,21.010313798714837,23.769023895263786,8.852446863393624e-09
2050-07-08 17:00:00,21.010325465354175,22.653394699096793,1.1193357698206882e-08
2050-07-08 18:00:00,21.010332095846127,21.380399703979606,1.39279858437425e-08
2050-07-08 19:00:00,21.01032981009961,20.123956680297965,1.2947880052579977e-08
2050-07-08 20:00:00,21.010326025500625,19.06276893615734,1.0968849168531201e-08
2050-07-08 21:00:00,21.0103252395503,18.19532394409191,1.057179357749622e-08
2050-07-08 22:00:00,21.01032308587512,17.45584297180187,9.777677279339766e-09
2050-07-08 23:00:00,21.010326639649115,16.85598182678234,1.104974275825616e-08
2050-07-09 00:00:00,21.01032934450579,16.25285148620617,1.2610292400989749e-08
2050-07-09 01:00:00,21.010331547382087,15.652218818664664,1.3718747373702733e-08
2050-07-09 02:00:00,21.010333014331668,15.130111694336051,1.4244004692680459e-08
2050-07-09 03:00:00,21.0103345972046,14.745560646057243,1.4376453768127068e-08
2050-07-09 04:00:00,21.010338792093325,14.834753990173454,1.5024487453118855e-08
2050-07-09 05:00:00,21.01048690363111,14.91250324249279,1.67046608676317e-08
2050-07-09 06:00:00,25.964547147644208,15.153010368347282,2.8029566583383223e-08
2050-07-09 07:00:00,25.964546406962683,15.929096221923942,2.6966485028116994e-08
2050-07-09 08:00:00,25.96444693545508,17.144748687744254,2.047786728058253e-08
2050-07-09 09:00:00,21.010329993120767,19.2197723388673,1.0442434835414772e-08
2050-07-09 10:00:00,21.010274742685237,21.293653488159293,8.284615375949557e-09
2050-07-09 11:00:00,0.0251347785690538,22.847957611084098,4.7487937413989574e-09
2050-07-09 12:00:00,0.0251841375401715,23.785007476806754,4.724382298532678e-09
2050-07-09 13:00:00,19.992411761197094,24.2654323577882,7.871953530428674e-09
2050-07-09 14:00:00,21.010323882499065,24.441679000854606,8.849338933102743e-09
2050-07-09 15:00:00,21.010332850027304,24.055517196655387,1.0452439919668748e-08
2050-07-09 16:00:00,21.010341931205797,23.60472679138195,1.3089719030913018e-08
2050-07-09 17:00:00,25.96450942012199,22.749675750732536,2.1765996704425365e-08
2050-07-09 18:00:00,25.964550452540145,21.996236801147575,2.6604121059579226e-08
2050-07-09 19:00:00,21.0103531178433,20.827346801757926,1.5103041049106453e-08
2050-07-09 20:00:00,21.01033690727879,19.68561172485363,1.1403660253965394e-08
2050-07-09 21:00:00,21.01033606794954,18.521913528442496,1.0987607466548253e-08
2050-07-09 22:00:00,21.010339172370344,17.746698379516715,1.2746752756210104e-08
2050-07-09 23:00:00,21.010346727692397,16.956651687622184,1.5784102181627042e-08
2050-07-10 00:00:00,21.01036102409594,16.3652801513673,1.7628589563617463e-08
2050-07-10 01:00:00,21.01035206663999,15.009730339050407,1.7419410472697202e-08
2050-07-10 02:00:00,21.01035411824211,14.385910987854118,1.7561743462187792e-08
2050-07-10 03:00:00,21.01036283170796,14.08384227752697,1.7824947001612548e-08
2050-07-10 04:00:00,21.010374731597857,13.897433280944938,1.754052566687238e-08
2050-07-10 05:00:00,21.010622086647,15.004235267639274,1.7244479675280923e-08
2050-07-10 06:00:00,25.9644997987024,16.76120758056652,2.1929559624180594e-08
2050-07-10 07:00:00,20.88477733602292,18.623374938964957,1.4564912490931753e-08
2050-07-10 08:00:00,20.884760068162883,20.440376281738395,1.1061962398457126e-08
2050-07-10 09:00:00,20.8846641382532,22.04249763488781,8.489422178174958e-09
2050-07-10 10:00:00,0.0251032367696469,22.8940944671632,4.8671996739498795e-09
2050-07-10 11:00:00,0.0244642611578353,23.982368469238395,4.776438387075442e-09
2050-07-10 12:00:00,0.0244643119448831,24.772357940673942,4.78472491810003e-09
2050-07-10 13:00:00,0.0247732548744312,25.376522064209098,4.881029852287949e-09
2050-07-10 14:00:00,0.0251077406009901,25.565593719482536,4.8553412379832436e-09
2050-07-10 15:00:00,0.0251314304967604,25.67691040039074,4.843591385609208e-09
2050-07-10 16:00:00,0.0251285852245973,25.19307899475109,4.855276776342463e-09
2050-07-10 17:00:00,19.990296144519377,23.517261505127067,8.179780071976283e-09
2050-07-10 18:00:00,20.88476582669927,22.643398284912223,9.62092886221075e-09
2050-07-10 19:00:00,0.0251341486183081,21.355558395385856,4.859226240376423e-09
2050-07-10 20:00:00,0.025114532528791,20.17037963867199,4.9167200050358445e-09
2050-07-10 21:00:00,0.0251667207268691,19.157812118530387,4.875879447561837e-09
2050-07-10 22:00:00,20.884795441387045,18.32285308837902,1.0228205894679383e-08
2050-07-10 23:00:00,20.89615540510125,17.615514755249137,1.3932706825947004e-08
2050-07-11 00:00:00,20.897822978950025,17.046773910522575,1.640226252156136e-08
2050-07-11 01:00:00,20.89953026093137,16.467975616455192,1.7416140979866964e-08
2050-07-11 02:00:00,20.94346559171696,15.845552444458121,1.8590228742118672e-08
2050-07-11 03:00:00,20.95890293861172,15.265544891357536,1.983897069637323e-08
2050-07-11 04:00:00,20.95880834955696,14.96451568603527,1.6276076385452845e-08
2050-07-11 05:00:00,20.958820550475544,15.52744293212902,1.4677888239598736e-08
2050-07-11 06:00:00,20.958818699657154,16.800937652588004,1.2474266371536912e-08
2050-07-11 07:00:00,20.95881865069149,18.61450576782238,1.0860763653129188e-08
2050-07-11 08:00:00,20.958818154470595,20.60409736633312,9.70285925176693e-09
2050-07-11 09:00:00,20.95881467375039,22.773864746093864,8.73572300203632e-09
2050-07-11 10:00:00,20.95881134245174,24.071241378784293,8.404850893426216e-09
2050-07-11 11:00:00,20.95881151873431,24.621574401855582,8.30159369125663e-09
2050-07-11 12:00:00,20.958821989379537,24.97390747070324,8.34529807306109e-09
2050-07-11 13:00:00,20.9588433301746,25.6744842529298,8.470243303920095e-09
2050-07-11 14:00:00,21.376124966360027,25.61169242858898,8.799709541326303e-09
2050-07-11 15:00:00,43.30138114049468,25.114376068115348,0.009537768928225103
2050-07-11 16:00:00,43.30140666325166,24.26224517822277,0.021709077938070462
2050-07-11 17:00:00,43.30142228980635,22.663642883300895,0.05777478773989142
2050-07-11 18:00:00,43.30142965901154,21.02359008789074,0.13547280578212034
2050-07-11 19:00:00,43.30142992641702,19.40619277954113,0.13965613966929868
2050-07-11 20:00:00,43.30142897142702,18.089315414428825,0.11510467787453782
2050-07-11 21:00:00,43.30142990368084,17.247072219848746,0.1344338171713244
2050-07-11 22:00:00,43.30142881485917,16.568420410156364,0.11605664576858808
2050-07-11 23:00:00,43.30142959617177,15.96976184844982,0.13440033581432095
2050-07-12 00:00:00,43.30143011839773,15.487766265869254,0.14679514665223317
2050-07-12 01:00:00,43.30142956944297,15.020014762878532,0.13151585138576866
2050-07-12 02:00:00,43.30142824523462,14.792991638183707,0.10455507304001467
2050-07-12 03:00:00,43.30142768718976,14.802293777465934,0.09436603804831022
2050-07-12 04:00:00,43.30142865335159,14.667181968689079,0.10473702069728028
2050-07-12 05:00:00,43.30143127181213,14.461476325988883,0.16022134501098032
2050-07-12 06:00:00,43.30143201976268,14.625142097473258,0.1843628692552525
2050-07-12 07:00:00,43.301431423461366,14.751620292663688,0.1536953956311301
2050-07-12 08:00:00,43.30143008694334,15.36777496337902,0.11237121079596989
2050-07-12 09:00:00,43.30142672008105,16.483913421630973,0.06505982434726572
2050-07-12 10:00:00,43.30142109507101,18.60231971740734,0.03245101985257802
2050-07-12 11:00:00,43.30142530451223,19.59869766235363,0.051375988873188734
2050-07-12 12:00:00,43.301414103481534,21.082643508911246,0.019542799105329238
2050-07-12 13:00:00,43.30142836139317,21.036474227905387,0.07609046370576066
2050-07-12 14:00:00,43.30141991516131,22.10019111633312,0.027652517977280616
2050-07-12 15:00:00,43.30142707540289,22.0926971435548,0.06064466682615191
2050-07-12 16:00:00,43.30142619191493,22.679052352905387,0.05144660806307024
2050-07-12 17:00:00,43.30143097398359,21.72232055664074,0.10723531914447804
2050-07-12 18:00:00,43.30143285641218,20.967916488647575,0.15047860195298887
2050-07-12 19:00:00,43.30143264714594,19.586391448974723,0.14529382916366468
2050-07-12 20:00:00,43.30143247325468,18.337186813354606,0.13562598488766694
2050-07-12 21:00:00,43.301432755700574,17.436613082885856,0.14218454275807643
2050-07-12 22:00:00,43.30143274620236,16.764064788818473,0.1422937080105223
2050-07-12 23:00:00,43.30143314513787,16.081718444824332,0.15644157804717992
2050-07-13 00:00:00,43.30143378070636,15.35282135009777,0.18286199294234248
2050-07-13 01:00:00,43.3014338944376,14.673529624939079,0.1850089652389235
2050-07-13 02:00:00,43.30143447909491,14.106078147888297,0.2165248177375467
2050-07-13 03:00:00,43.30143466496122,13.644083023071403,0.22412087344833428
2050-07-13 04:00:00,43.30143474031802,13.367568969726676,0.2227630491844969
2050-07-13 05:00:00,43.30143485820795,14.197804450988883,0.22710216314027076
2050-07-13 06:00:00,43.301433611729045,16.055459976196403,0.15236076555745448
2050-07-13 07:00:00,43.30142316734111,17.990221023559684,0.04304501858836565
2050-07-13 08:00:00,43.30142047756048,19.883985519409293,0.029734348784760382
2050-07-13 09:00:00,43.30141788323632,21.44604301452648,0.023441420290063675
2050-07-13 10:00:00,43.30141458058639,22.632202148437614,0.018964464115128643
2050-07-13 11:00:00,43.30141176972227,23.658941268921012,0.016463502506906556
2050-07-13 12:00:00,43.30141203275585,24.738023757934684,0.01656383848459215
2050-07-13 13:00:00,43.30141494460237,24.856817245483512,0.018895863481754423
2050-07-13 14:00:00,43.30141998805809,24.878351211547965,0.025427988856636698
2050-07-13 15:00:00,43.30142502293526,24.865152359008903,0.03950608105521776
2050-07-13 16:00:00,43.30142978556594,24.752523422241325,0.07206888696829915
2050-07-13 17:00:00,43.3014338083885,23.9941921234132,0.1331358197585262
2050-07-13 18:00:00,43.30143560776078,23.00593757629406,0.21342273755351832
2050-07-13 19:00:00,43.30143608467698,21.66579627990734,0.24303457772217846
2050-07-13 20:00:00,43.30143614889277,20.296039581298942,0.24130456275717718
2050-07-13 21:00:00,43.30143594938144,19.37870597839367,0.22213218333455792
2050-07-13 22:00:00,43.301434437236495,18.859136581421012,0.1458687698433401
2050-07-13 23:00:00,43.30143423416061,18.52224922180187,0.13864009845727912
2050-07-14 00:00:00,43.30143502737924,17.88261222839367,0.16685659313007598
2050-07-14 01:00:00,43.30143570307125,17.242641448974723,0.1980594764376094
2050-07-14 02:00:00,43.301436210027,16.75341606140148,0.22140772599691838
2050-07-14 03:00:00,43.30143678266303,16.098375320434684,0.2558678815353093
2050-07-14 04:00:00,43.30143732722506,15.71274280548107,0.29063969606082246
2050-07-14 05:00:00,43.301437518633776,16.403118133545036,0.29287415256083976
2050-07-14 06:00:00,43.30143719966601,17.972038269043082,0.2398052629768938
2050-07-14 07:00:00,43.30143551636158,19.75662422180187,0.13882408320952216
2050-07-14 08:00:00,43.30143301434253,21.641040802002067,0.07790761375994287
2050-07-14 09:00:00,43.301430400437496,23.238470077514762,0.05080824901559651
2050-07-14 10:00:00,43.30142799663082,24.405113220214957,0.03816856251838794
2050-07-14 11:00:00,43.30142646837695,25.74680900573742,0.03304727015693649
2050-07-14 12:00:00,43.30143011862928,26.766284942627067,0.047634665381362976
2050-07-14 13:00:00,43.30143657203882,25.44314002990734,0.17172729638849107
2050-07-14 14:00:00,43.301430436715854,26.732734680175895,0.04921142047116876
2050-07-14 15:00:00,43.3014326002349,26.938091278076286,0.0675527543193323
2050-07-14 16:00:00,43.30143612399974,26.60743904113781,0.14503053670924435
2050-07-14 17:00:00,43.3014371996664,25.781747817993278,0.19677989233225537
2050-07-14 18:00:00,43.30143796541029,24.661697387695426,0.280111788154965
2050-07-14 19:00:00,43.30143810197452,23.58759689331066,0.28959076116338384
2050-07-14 20:00:00,43.301438138625926,22.185960769653434,0.28728061740447774
2050-07-14 21:00:00,43.30143822058185,21.041267395019645,0.29503117719396565
2050-07-14 22:00:00,43.30143818727738,20.632162094116325,0.2940615455446189
2050-07-14 23:00:00,43.30143816233611,20.160030364990348,0.29341595579976276
2050-07-15 00:00:00,43.30143815871834,19.456542968750114,0.29326807364513097
2050-07-15 01:00:00,43.30143816424709,18.801000595092887,0.29347866076391105
2050-07-15 02:00:00,43.30143816447827,18.200370788574332,0.29384415532448666
2050-07-15 03:00:00,43.30143800366171,17.594718933105582,0.2779709701799941
2050-07-15 04:00:00,43.30143798743177,17.099420547485465,0.2703701244851432
2050-07-15 05:00:00,43.30143805859923,17.57478523254406,0.27285277113496254
2050-07-15 06:00:00,43.30143787912687,19.021526336670036,0.2434887658354211
2050-07-15 07:00:00,43.30143556783895,21.25504875183117,0.13450903785331192
2050-07-15 08:00:00,43.30143228941316,23.45387458801281,0.07066562367315994
2050-07-15 09:00:00,43.301428374574726,25.405702590942496,0.041965956808094756
2050-07-15 10:00:00,43.30142588581804,26.79818916320812,0.03310504391193418
2050-07-15 11:00:00,43.30142476028085,27.604328155517692,0.02975935916507554
2050-07-15 12:00:00,43.30142502403096,28.35111808776867,0.03032116059001147
2050-07-15 13:00:00,43.30142750651866,29.155723571777457,0.03690623254523751
2050-07-15 14:00:00,43.3014299618596,29.12583923339855,0.04802003607309798
2050-07-15 15:00:00,43.301432102211066,28.932605743408317,0.06661524712485377
2050-07-15 16:00:00,43.30143432092727,28.846355438232536,0.10505532457531687
2050-07-15 17:00:00,43.30143639354292,28.547338485717887,0.18247624337439602
2050-07-15 18:00:00,43.30143716916685,27.418666839599723,0.2556659077013113
2050-07-15 19:00:00,43.30143705990576,25.65590095520031,0.2434425454443857
2050-07-15 20:00:00,43.3014367423594,23.862951278686637,0.21481068980581158
2050-07-15 21:00:00,43.30143643736869,22.54723167419445,0.19365441096219407
2050-07-15 22:00:00,43.30143636038605,21.41617012023937,0.20006476793228176
2050-07-15 23:00:00,43.30143647978037,20.592687606811637,0.2133367411095231
2050-07-16 00:00:00,43.30143648771993,19.936145782470817,0.21654319020264773
2050-07-16 01:00:00,43.3014364278087,19.474176406860465,0.21719163275368042
2050-07-16 02:00:00,43.3014366191626,18.881294250488395,0.2353260183061341
2050-07-16 03:00:00,43.30143694323697,18.272541046142692,0.26629329083162667
2050-07-16 04:00:00,43.30143718896643,18.123109817504996,0.2904260939374755
2050-07-16 05:00:00,43.30143728632636,19.39249992370617,0.29710621852927727
2050-07-16 06:00:00,43.301436960570776,21.67074775695812,0.2501619417409598
2050-07-16 07:00:00,43.30143310719008,24.178102493286246,0.11416714737546112
2050-07-16 08:00:00,43.301426208265184,26.131444931030387,0.04717017081290673
2050-07-16 09:00:00,43.301422819252736,27.977731704712028,0.03227724107784138
2050-07-16 10:00:00,43.3014198711377,29.820009231567496,0.025295466385506723
2050-07-16 11:00:00,43.30141914746822,30.7847137451173,0.023734873315017817
2050-07-16 12:00:00,43.3014194410389,31.667596817016715,0.024200892201875823
2050-07-16 13:00:00,43.301420947821526,32.05818939208996,0.027106011246372016
2050-07-16 14:00:00,43.301423186205895,32.219238281250114,0.03339963866928406
2050-07-16 15:00:00,43.30142521281539,31.994262695312614,0.042991637877306706
2050-07-16 16:00:00,43.30142917293797,31.296489715576286,0.06938414920863067
2050-07-16 17:00:00,43.30143319134837,30.5620632171632,0.13628028156290145
2050-07-16 18:00:00,43.30143483917736,29.683647155761832,0.2113910173751082
2050-07-16 19:00:00,43.30143390383783,28.116882324218864,0.1698623891463431
2050-07-16 20:00:00,43.30143223858941,26.27093887329113,0.11783570974263104
2050-07-16 21:00:00,43.301431851495686,24.585008621215934,0.10766504834072622
2050-07-16 22:00:00,43.30142866013305,23.151836395263786,0.06990756247898167
2050-07-16 23:00:00,43.30143086702657,22.45561027526867,0.10326992162781726
2050-07-17 00:00:00,43.30143132394583,21.754789352417106,0.1142698047841991
2050-07-17 01:00:00,43.30143177381866,20.59159088134777,0.12656993976993516
2050-07-17 02:00:00,43.30143264979167,19.736198425293082,0.15444177268388315
2050-07-17 03:00:00,43.301433157515206,18.898139953613395,0.1752574884819039
2050-07-17 04:00:00,43.30143354395238,18.65088272094738,0.18728456787583114
2050-07-17 05:00:00,43.30143389928116,20.043724060058707,0.2015674546194362
2050-07-17 06:00:00,43.30143353869118,22.660820007324332,0.1790449611422839
2050-07-17 07:00:00,43.3014264931075,24.887248992920036,0.07324418337564904
2050-07-17 08:00:00,43.30140391199803,26.622280120849723,0.020613448782033503
2050-07-17 09:00:00,43.30139705725636,28.21011352539074,0.014148601155518302
2050-07-17 10:00:00,43.30139352273872,29.35358810424816,0.01139640691924774
2050-07-17 11:00:00,43.30138838000655,30.179763793945426,0.009333028426020466
2050-07-17 12:00:00,43.301387873408665,30.612434387207145,0.009191296726580684
2050-07-17 13:00:00,43.30139281900747,30.000028610229606,0.010770750942828521
2050-07-17 14:00:00,43.30139489045881,28.948316574096793,0.011797899140774542
2050-07-17 15:00:00,43.30139766183337,27.21821212768566,0.01358147577593053
2050-07-17 16:00:00,43.30140107435696,24.99869537353527,0.016808065301851863
2050-07-17 17:00:00,43.30140870046278,23.16602706909191,0.02530143216362079
2050-07-17 18:00:00,43.30142610592998,21.36704826354992,0.07957178412818776
2050-07-17 19:00:00,43.30142265469133,19.4270477294923,0.0584765484496921
2050-07-17 20:00:00,43.30141006717679,18.195991516113395,0.027573674277814247
2050-07-17 21:00:00,43.30140479978931,17.369832992553825,0.0210360122405291
2050-07-17 22:00:00,43.3013990364381,17.1356658935548,0.013928136294607183
2050-07-17 23:00:00,43.30140224946009,16.578500747680778,0.01769259723759302
2050-07-18 00:00:00,43.30140409566823,15.799386978149528,0.02051484810152969
2050-07-18 01:00:00,43.30140740078822,15.28672313690197,0.026152895671794175
2050-07-18 02:00:00,43.30141392078465,14.887786865234489,0.03851868182402325
2050-07-18 03:00:00,43.30141522692672,14.525023460388297,0.04082251696104063
2050-07-18 04:00:00,43.301415758120015,14.72666168212902,0.040980483811584575
2050-07-18 05:00:00,43.30142284831131,15.167581558227653,0.06519308280699491
2050-07-18 06:00:00,43.30142773317587,15.774128913879508,0.1092698411480324
2050-07-18 07:00:00,25.62271036097618,16.254447937011832,3.099763484895742e-08
2050-07-18 08:00:00,20.73367293251345,17.598077774047965,1.5290729462620415e-08
2050-07-18 09:00:00,20.73344445611501,18.98763465881359,1.2373754545261639e-08
2050-07-18 10:00:00,20.733440088461148,19.34848022460949,1.1504202730016353e-08
2050-07-18 11:00:00,0.0251350005768171,21.113788604736442,4.821135186738439e-09
2050-07-18 12:00:00,0.0251824881160662,22.579339981079215,4.771119398799573e-09
2050-07-18 13:00:00,20.733440138841427,21.279670715332145,1.1628758432987225e-08
2050-07-18 14:00:00,20.733434604702847,21.647062301635856,9.657626493620276e-09
2050-07-18 15:00:00,20.73343059872541,22.72048377990734,9.140788072040006e-09
2050-07-18 16:00:00,20.73343890831688,22.224847793579215,1.0882890188397765e-08
2050-07-18 17:00:00,20.73344687488145,21.39027595520031,1.2757023823698535e-08
2050-07-18 18:00:00,20.777421277640844,20.070665359497184,1.815314851603198e-08
2050-07-18 19:00:00,20.733480987741665,18.71471214294445,1.6458692526431972e-08
2050-07-18 20:00:00,20.733450041138163,17.68501472473156,1.4747811352250386e-08
2050-07-18 21:00:00,20.733446508268663,16.897155761718864,1.4358619813905048e-08
2050-07-18 22:00:00,20.733441622893828,16.199810028076286,1.2336583183733375e-08
2050-07-18 23:00:00,20.733439990001152,15.574275970459098,1.1409340893402418e-08
2050-07-19 00:00:00,20.733438950965304,15.019008636474723,1.0817693973035091e-08
2050-07-19 01:00:00,20.7334385313244,14.487914085388297,1.0558882556549924e-08
2050-07-19 02:00:00,20.733438558012125,13.848451614379996,1.0470516355104204e-08
2050-07-19 03:00:00,20.73343926506436,13.280697822570914,1.0656065240509404e-08
2050-07-19 04:00:00,20.733440739382896,13.036440849304313,1.1223040626968385e-08
2050-07-19 05:00:00,20.733444067993485,13.882515907287711,1.3233292800686094e-08
2050-07-19 06:00:00,20.733446262207973,15.696296691894645,1.4517738487714441e-08
2050-07-19 07:00:00,20.733438690941018,17.321596145629996,1.1669223993721982e-08
2050-07-19 08:00:00,20.733422423254478,18.68125724792492,8.840208349691139e-09
2050-07-19 09:00:00,0.0251143907620273,20.006587982177848,4.813689742782599e-09
2050-07-19 10:00:00,0.0250949703757047,21.74481010437023,4.819778488998726e-09
2050-07-19 11:00:00,0.0244841196330006,23.308710098266715,4.798716362735609e-09
2050-07-19 12:00:00,0.0244641761599914,24.27157592773449,4.755577942992499e-09
2050-07-19 13:00:00,0.0244793647680006,24.71216964721691,4.782645257260855e-09
2050-07-19 14:00:00,0.0251019484278623,24.97677612304699,4.809545178007775e-09
2050-07-19 15:00:00,0.025112164345212,25.07907867431652,4.808699813453684e-09
2050-07-19 16:00:00,0.0259759860639331,24.82336235046398,4.814958401510326e-09
2050-07-19 17:00:00,20.7334212554638,24.126445770263786,8.728662088064291e-09
2050-07-19 18:00:00,20.733438598411343,23.514120101928825,9.448599223504723e-09
2050-07-19 19:00:00,20.73336160108034,22.518569946289176,8.400333505064276e-09
2050-07-19 20:00:00,19.990302529928474,21.170351028442496,8.084083669014984e-09
2050-07-19 21:00:00,20.73341059495417,19.846431732177848,8.588093442516591e-09
2050-07-19 22:00:00,0.0251155764517098,18.749208450317496,4.868283704928276e-09
2050-07-19 23:00:00,20.73343726758758,17.95261955261242,8.985186554927864e-09
2050-07-20 00:00:00,20.73346058163837,17.256137847900504,1.1118418411118714e-08
2050-07-20 01:00:00,20.73393976334888,16.611080169677848,1.3294216112497007e-08
2050-07-20 02:00:00,20.759351646648486,16.16694259643566,1.500783368507421e-08
2050-07-20 03:00:00,20.7609760201897,15.602625846862907,1.4807107075683316e-08
2050-07-20 04:00:00,20.76261328376355,15.258610725402946,1.528458076515825e-08
2050-07-20 05:00:00,20.764264653142806,16.525953292846793,1.4559362365759265e-08
2050-07-20 06:00:00,20.772321840443773,19.064094543457145,1.4374152882852325e-08
2050-07-20 07:00:00,20.772331575215063,21.645303726196403,1.3098728633611278e-08
2050-07-20 08:00:00,20.77233340230932,23.757011413574332,1.1281051404844167e-08
2050-07-20 09:00:00,20.772330682473427,25.41757202148449,9.476923484447042e-09
2050-07-20 10:00:00,20.77232974976773,26.610309600830192,8.916714295271013e-09
2050-07-20 11:00:00,20.772315274958263,27.584270477295036,8.55733175616685e-09
2050-07-20 12:00:00,20.77238041792168,28.301410675048942,8.699428852005337e-09
2050-07-20 13:00:00,20.777206427931617,28.810270309448356,9.269544282805592e-09
2050-07-20 14:00:00,20.81706936173481,28.836847305297965,9.843856154123341e-09
2050-07-20 15:00:00,43.30133967231848,29.01044082641613,0.005785753779943019
2050-07-20 16:00:00,43.30139011107644,28.70160293579113,0.015211216579933625
2050-07-20 17:00:00,43.30140094644131,28.103372573852653,0.023848292313450415
2050-07-20 18:00:00,43.30140929044361,27.01329040527355,0.03386327364916884
2050-07-20 19:00:00,43.30140334181996,25.398189544677848,0.024390207828091544
2050-07-20 20:00:00,43.301401718264685,23.42936515808117,0.021223058257026767
2050-07-20 21:00:00,43.30140200410753,22.072801589965934,0.020877018790117854
2050-07-20 22:00:00,43.30140120035513,21.338232040405387,0.018676375363324196
2050-07-20 23:00:00,43.30140456032986,21.00673866271984,0.02339397998497608
2050-07-21 00:00:00,43.30141108181448,20.67002677917492,0.03518541821592072
2050-07-21 01:00:00,43.30142141163182,20.432876586914176,0.0674958998022197
2050-07-21 02:00:00,43.30142303338367,19.868999481201286,0.07365695956189365
2050-07-21 03:00:00,43.30142615801904,19.561634063720817,0.09415560576238242
2050-07-21 04:00:00,43.30142943387538,19.242885589599723,0.13593529317291844
2050-07-21 05:00:00,43.30143156836158,19.801452636718864,0.18329984502839125
2050-07-21 06:00:00,43.30143128822732,21.492088317871207,0.16467970723826822
2050-07-21 07:00:00,43.30142736698362,24.08714103698742,0.0860113104203468
2050-07-21 08:00:00,43.30142115707565,26.59536170959484,0.041684000517973316
2050-07-21 09:00:00,43.30141902097415,28.947782516479606,0.030471529647055816
2050-07-21 10:00:00,43.30141779295566,30.855813980102653,0.025703728033870415
2050-07-21 11:00:00,43.301417393668736,32.30716705322277,0.024095054999473987
2050-07-21 12:00:00,43.30141816863265,32.98567962646496,0.02472949356155947
2050-07-21 13:00:00,43.30142039687926,33.402263641357536,0.028433867081415844
2050-07-21 14:00:00,43.30142355723269,33.81491851806652,0.037254777940377
2050-07-21 15:00:00,43.30142728638874,34.202270507812614,0.05687226014965735
2050-07-21 16:00:00,43.30143163327765,33.868869781494254,0.10686017933664808
2050-07-21 17:00:00,43.30143412181952,32.76773834228527,0.1887458718892912
2050-07-21 18:00:00,43.30143537772748,31.57985877990734,0.2782919687278597
2050-07-21 19:00:00,43.30143495353555,29.850172042846793,0.23405553494072956
2050-07-21 20:00:00,43.30143489386612,28.159255981445426,0.21907085309680344
2050-07-21 21:00:00,43.301435464467744,26.951370239257926,0.23979361323823653
2050-07-21 22:00:00,43.301435086921735,25.59519767761242,0.22529676517054442
2050-07-21 23:00:00,43.30143550218326,24.72189331054699,0.25839995835986185
2050-07-22 00:00:00,43.30143592403223,23.44242668151867,0.2845359467435803
2050-07-22 01:00:00,43.30143603153118,22.361227035522575,0.2847609666409746
2050-07-22 02:00:00,43.301436158061264,21.56457901000988,0.28540692915012256
2050-07-22 03:00:00,43.30143606410284,20.691476821899528,0.26869070662058087
2050-07-22 04:00:00,43.30143618315927,19.761178970337028,0.26224104477770405
2050-07-22 05:00:00,43.30143642480504,19.731140136718864,0.26392605426638044
2050-07-22 06:00:00,43.30143619395695,20.628976821899528,0.22584226499438034
2050-07-22 07:00:00,43.30143449469737,22.114936828613395,0.1348238355432289
2050-07-22 08:00:00,43.301431994372265,23.905912399292106,0.07580420883654933
2050-07-22 09:00:00,43.30142954006269,25.640775680542106,0.05003153510230162
2050-07-22 10:00:00,43.30142743913766,27.03621864318859,0.03839383853245552
2050-07-22 11:00:00,43.301426012036,28.058248519897575,0.03325192599549804
2050-07-22 12:00:00,43.30142608821652,28.96012687683117,0.03317720823335603
2050-07-22 13:00:00,43.301428213909695,29.49908828735363,0.039971197495774505
2050-07-22 14:00:00,43.30143636768165,27.408664703369254,0.19118460600629336
2050-07-22 15:00:00,43.301433300680216,27.371562957763786,0.08214445410885549
2050-07-22 16:00:00,43.30143591027894,26.569900512695426,0.15264017994603657
2050-07-22 17:00:00,43.30143693203883,25.697811126709098,0.20641094235478805
2050-07-22 18:00:00,43.30143760378296,24.22086334228527,0.2852975209437237
2050-07-22 19:00:00,43.30143775445161,22.549047470092887,0.2938381427125878
2050-07-22 20:00:00,43.30143779070954,21.6405544281007,0.2936818963209534
2050-07-22 21:00:00,43.301437749631205,20.90426063537609,0.2924839399035094
2050-07-22 22:00:00,43.30143712958319,20.09474372863781,0.22537190567701332
2050-07-22 23:00:00,43.30143771092504,19.038732528686637,0.2908940297609485
2050-07-23 00:00:00,43.30143765895117,18.512235641479606,0.2851710100216636
2050-07-23 01:00:00,43.30143750314082,17.85569572448742,0.2676051301116028
2050-07-23 02:00:00,43.30143770066227,17.161031723022575,0.2820730184942661
2050-07-23 03:00:00,43.30143788352429,16.641302108764762,0.2926763975890856
2050-07-23 04:00:00,43.30143797310272,16.338298797607536,0.29412762360687833
2050-07-23 05:00:00,43.301438059411765,16.690864562988395,0.2957610576847659
2050-07-23 06:00:00,43.301437784215246,17.68318367004406,0.2521139159333875
2050-07-23 07:00:00,43.3014347312709,18.79332542419445,0.12907052436477787
2050-07-23 08:00:00,43.30143096674201,19.87816429138195,0.06900856353086343
2050-07-23 09:00:00,43.3014280947016,20.817605972290153,0.04619214837080284
2050-07-23 10:00:00,43.30143101285291,21.179086685180778,0.06737404425355156
2050-07-23 11:00:00,43.30142767541277,21.887098312378043,0.04297649963520826
2050-07-23 12:00:00,43.30142189897919,23.396537780761832,0.024547515367499825
2050-07-23 13:00:00,43.30142408109028,24.48904609680187,0.028744831928017973
2050-07-23 14:00:00,43.30142672882268,24.68182182312023,0.0367585530535511
2050-07-23 15:00:00,43.30143070350128,24.346179962158317,0.0610445712315345
2050-07-23 16:00:00,43.30143625617704,23.686021804809684,0.17227544069825415
2050-07-23 17:00:00,43.30143731257529,22.742561340332145,0.2547424486507928
2050-07-23 18:00:00,43.30143772697522,22.045078277588004,0.29129051286989416
2050-07-23 19:00:00,43.30143761768205,20.964262008667106,0.28947564877432874
2050-07-23 20:00:00,43.30143760258967,19.942392349243278,0.28927786614199547
2050-07-23 21:00:00,43.301437549659006,19.925699234008903,0.2886232154801399
2050-07-23 22:00:00,43.30143743725611,19.647951126098746,0.2872101464561547
2050-07-23 23:00:00,43.301437318946014,19.192010879516715,0.2858905881245697
2050-07-24 00:00:00,43.30143401539563,18.5505828857423,0.11729579839958915
2050-07-24 01:00:00,43.30143258360499,17.865976333618278,0.08672580369793276
2050-07-24 02:00:00,43.30143461479831,17.28582572937023,0.13474847750998364
2050-07-24 03:00:00,43.30143457527765,16.768058776855582,0.13026584339414582
2050-07-24 04:00:00,43.30143633674285,16.509929656982536,0.20203771268033519
2050-07-24 05:00:00,43.3014370971669,17.150583267212028,0.24915003399281221
2050-07-24 06:00:00,43.30143746237908,18.220983505249137,0.27157576525692967
2050-07-24 07:00:00,43.30143447806024,20.400142669677848,0.12464065705031178
2050-07-24 08:00:00,43.30143010884227,22.593685150146598,0.06040181226745535
2050-07-24 09:00:00,43.30142743651384,24.164831161499137,0.04143215888045554
2050-07-24 10:00:00,43.30142763388852,24.608133316040153,0.04156701982589833
2050-07-24 11:00:00,43.30143021572213,24.902414321899528,0.057574279448322094
2050-07-24 12:00:00,43.301432592052,25.719863891601676,0.08397994265894516
2050-07-24 13:00:00,43.30143279145663,25.756008148193473,0.08720473568226784
2050-07-24 14:00:00,43.30142713758524,27.009649276733512,0.038836561737710426
2050-07-24 15:00:00,43.301430065125615,27.62020874023449,0.05510885358777818
2050-07-24 16:00:00,43.30143364374224,27.246860504150504,0.09989689079414908
2050-07-24 17:00:00,43.30143653848271,26.78390502929699,0.19863752511285512
2050-07-24 18:00:00,43.30143745305891,25.949226379394645,0.28436545832007437
2050-07-24 19:00:00,43.30143745089764,24.497821807861442,0.2908793670687888
2050-07-24 20:00:00,43.30143746431663,23.15684509277355,0.2910692653779901
2050-07-24 21:00:00,43.30143743116679,22.62170791625988,0.2907132415590239
2050-07-24 22:00:00,43.301437328239054,22.128396987915153,0.289413420419129
2050-07-24 23:00:00,43.30143464583523,21.602540969848746,0.12680919689172437
2050-07-25 00:00:00,43.30143616491946,20.912034988403434,0.19788311551495463
2050-07-25 01:00:00,43.30143638136668,20.557796478271598,0.21477204308659756
2050-07-25 02:00:00,43.301436382138434,20.161432266235465,0.21292941620189088
2050-07-25 03:00:00,43.30143602828672,19.824714660644645,0.1834225493025724
2050-07-25 04:00:00,43.30143620228488,19.84671020507824,0.18804248774432578
2050-07-25 05:00:00,43.301436531131024,19.987556457519645,0.20359750600911808
2050-07-25 06:00:00,43.301436661138126,20.22204399108898,0.2129410406843331
2050-07-25 07:00:00,43.3014358855296,20.664024353027457,0.19811083188707265
2050-07-25 08:00:00,43.30143388638214,21.601724624633903,0.12411886414344545
2050-07-25 09:00:00,43.30142579657523,23.839620590210075,0.040520191642037545
2050-07-25 10:00:00,43.30142330286841,26.162448883056754,0.030696668379807838
2050-07-25 11:00:00,43.30141763766238,27.68333435058605,0.02074375178820499
2050-07-25 12:00:00,43.301406802709,28.366386413574332,0.012995479360922258
2050-07-25 13:00:00,43.3014087442768,28.74368286132824,0.013913803789076385
2050-07-25 14:00:00,43.30141507892855,28.986808776855582,0.01808178930254898
2050-07-25 15:00:00,43.30142363565454,28.609735488891715,0.03121949098841718
2050-07-25 16:00:00,43.30142942110058,28.44838142395031,0.06048745684254713
2050-07-25 17:00:00,43.301434802554056,27.8127956390382,0.14917588455577643
2050-07-25 18:00:00,43.30143640022334,26.756675720214957,0.2562067330982045
2050-07-25 19:00:00,43.30143660178923,25.081699371338004,0.2763077725428254
2050-07-25 20:00:00,43.30143640819932,23.541843414306754,0.2631527260945676
2050-07-25 21:00:00,43.30143611943751,22.53304481506359,0.2424234092857207
2050-07-25 22:00:00,43.30143606116221,21.740793228149528,0.2476092614614145
2050-07-25 23:00:00,43.30143599864136,20.842971801757926,0.25072815989820496
2050-07-26 00:00:00,43.30143499933151,20.132995605468864,0.18699046017616405
2050-07-26 01:00:00,43.30143471681839,19.713706970214957,0.17479822178134433
2050-07-26 02:00:00,43.30143465956549,19.205087661743278,0.17311950645310234
2050-07-26 03:00:00,43.3014336121029,18.638259887695426,0.13076378057170682
2050-07-26 04:00:00,43.301432734288,18.168329238891715,0.10504553468589689
2050-07-26 05:00:00,43.30143280952059,18.144552230835075,0.10443935383230118
2050-07-26 06:00:00,43.30143266410202,18.533386230468864,0.1004703927863757
2050-07-26 07:00:00,43.30142461892124,19.27746963500988,0.04263594717411832
2050-07-26 08:00:00,43.30142003943339,20.75523948669445,0.02566405643706298
2050-07-26 09:00:00,43.30138446495465,22.055583953857536,0.007459688690536181
2050-07-26 10:00:00,43.301425020571024,23.9703826904298,0.040450136844631904
2050-07-26 11:00:00,43.30142561730259,25.665813446045036,0.04229708009433183
2050-07-26 12:00:00,43.30142522578085,26.276870727539176,0.04002234549527744
2050-07-26 13:00:00,43.301426132721325,26.285158157348746,0.043831772304762
2050-07-26 14:00:00,43.301427322373854,26.006702423095817,0.05064131907571756
2050-07-26 15:00:00,43.30143007792064,25.428075790405387,0.07309320642586162
2050-07-26 16:00:00,43.30143381229591,24.068080902099723,0.15136618544915212
2050-07-26 17:00:00,43.30143464619884,23.06348800659191,0.18393211239254995
2050-07-26 18:00:00,43.30143576290453,22.01223182678234,0.2646437394519045
2050-07-26 19:00:00,43.30143604869741,20.725925445556754,0.28785876255396076
2050-07-26 20:00:00,43.30143600913902,19.760059356689567,0.2877438455473137
2050-07-26 21:00:00,43.30143551488247,19.154659271240348,0.2500171965141933
2050-07-26 22:00:00,43.301435820721416,18.702127456665153,0.2862397009927564
2050-07-26 23:00:00,43.30143573047365,18.363729476928825,0.28575614390437704
2050-07-27 00:00:00,43.30143509630171,18.024236679077262,0.2389308031263917
2050-07-27 01:00:00,43.30143478734434,17.683647155761832,0.21717713309814368
2050-07-27 02:00:00,43.301434394689096,17.354234695434684,0.193039196596899
2050-07-27 03:00:00,43.30143442836015,17.130746841430778,0.19714689819946707
2050-07-27 04:00:00,43.30143431437911,16.97692680358898,0.19229192357928837
2050-07-27 05:00:00,43.30143477061309,17.33559608459484,0.22489091606326098
2050-07-27 06:00:00,43.30143387271593,18.29752349853527,0.16848337455133994
2050-07-27 07:00:00,43.30139699012128,19.40357589721691,0.02061146466417803
2050-07-27 08:00:00,43.3013917196125,20.45005607604992,0.015659489308174235
2050-07-27 09:00:00,43.30138957434565,21.50669860839855,0.012895156364022515
2050-07-27 10:00:00,43.301386916256114,22.391372680664176,0.010292274580932634
2050-07-27 11:00:00,43.30136786490456,24.3162136077882,0.006106202855928677
2050-07-27 12:00:00,19.99034666156808,26.20835876464855,7.868536237868463e-09
2050-07-27 13:00:00,43.30138115569867,26.149707794189567,0.00799505042694917
2050-07-27 14:00:00,43.30138817071453,26.22432899475109,0.010450717810956127
2050-07-27 15:00:00,43.30140958145332,24.394876480102653,0.03366413838543317
2050-07-27 16:00:00,43.301433171129126,23.533903121948356,0.2319367998107826
2050-07-27 17:00:00,43.30143314486706,22.85423278808605,0.22860059211304806
2050-07-27 18:00:00,43.30143379672726,21.58361625671398,0.27879480037330245
2050-07-27 19:00:00,43.30142961569945,20.34193038940441,0.12368743630871201
2050-07-27 20:00:00,43.30139767065957,19.95817375183117,0.018232236550195704
2050-07-27 21:00:00,43.30143164118594,18.876995086670036,0.1836218159029814
2050-07-27 22:00:00,43.3014271163194,18.12339782714855,0.1029187304676427
2050-07-27 23:00:00,43.301390042021445,17.600675582885856,0.010899099070317936
2050-07-28 00:00:00,43.301382803384485,17.125144958496207,0.008246967581071001
2050-07-28 01:00:00,0.0251107099999381,16.691215515136832,5.195010806279917e-09
2050-07-28 02:00:00,43.30138178967793,16.355251312255973,0.008037944651513841
2050-07-28 03:00:00,43.30138917657257,15.999598503112907,0.01004082055919615
2050-07-28 04:00:00,43.30139589372667,15.884937286377067,0.014683318399185175
2050-07-28 05:00:00,43.30141051807559,16.492166519165153,0.03143749817226722
2050-07-28 06:00:00,43.301429417337616,18.19164848327648,0.12579464236383092
2050-07-28 07:00:00,43.30141709789753,19.738758087158317,0.04084069711103434
2050-07-28 08:00:00,43.30140152424089,21.040597915649528,0.017715732439780394
2050-07-28 09:00:00,43.30139812485175,21.957677841186637,0.013734979068645953
2050-07-28 10:00:00,43.30139937883925,23.686285018921012,0.01415373674339998
2050-07-28 11:00:00,43.30139784420668,25.750495910644645,0.013042944139702618
2050-07-28 12:00:00,43.30140017084895,26.381538391113395,0.014825426675161369
2050-07-28 13:00:00,43.30140199332974,26.74474143981945,0.016552992205390166
2050-07-28 14:00:00,43.30140312993225,26.801523208618278,0.017310888955704647
2050-07-28 15:00:00,43.3014317534416,24.616752624511832,0.2179293977217007
2050-07-28 16:00:00,43.3014309896669,23.239145278930778,0.18366382217770963
2050-07-28 17:00:00,43.3014301566995,23.394344329834098,0.15612732078392666
2050-07-28 18:00:00,43.30143224335081,22.807435989379996,0.2723703193147668
2050-07-28 19:00:00,43.30143207844776,21.539890289306754,0.2694821910732355
2050-07-28 20:00:00,43.30143046017712,20.26642227172863,0.18011981661095047
2050-07-28 21:00:00,43.301426647818175,19.315713882446403,0.10007227479870691
2050-07-28 22:00:00,43.30141708567819,18.296388626098746,0.047447030162870094
2050-07-28 23:00:00,43.30140649311221,17.84626960754406,0.022687713850491342
2050-07-29 00:00:00,43.30140277001976,17.482257843017692,0.016255550194871154
2050-07-29 01:00:00,43.30138668348836,17.04312896728527,0.008944745966537907
2050-07-29 02:00:00,43.30139582164739,16.79189491271984,0.0115681957257564
2050-07-29 03:00:00,43.30140531047602,16.799541473388786,0.019451314259796588
2050-07-29 04:00:00,43.30140905109404,16.925334930420036,0.02627193761362355
2050-07-29 05:00:00,43.30141154078226,16.796283721923942,0.030026108916653648
2050-07-29 06:00:00,43.301419805513895,17.178956985473746,0.052143042901943305
2050-07-29 07:00:00,43.3014120843742,17.71528244018566,0.03266423957028148
2050-07-29 08:00:00,43.30142049905119,17.402399063110465,0.055349721177232206
2050-07-29 09:00:00,43.3014115421904,17.937505722046012,0.029534850540892135
2050-07-29 10:00:00,43.3013955143477,19.288278579712028,0.011743176584998308
2050-07-29 11:00:00,19.99033245753068,21.54367256164562,7.983833025328757e-09
2050-07-29 12:00:00,43.30138057390428,24.05395889282238,0.007994758717662524
2050-07-29 13:00:00,43.30140606025626,23.606750488281364,0.020124927681500582
2050-07-29 14:00:00,43.30133918014671,25.20620727539074,0.004242432934036224
2050-07-29 15:00:00,43.30140864333737,24.076015472412223,0.024265366382716903
2050-07-29 16:00:00,43.30142288202293,22.55979919433605,0.07263771842562454
2050-07-29 17:00:00,43.30141267893363,23.39902496337902,0.03306423310281009
2050-07-29 18:00:00,43.301424621234425,22.840467453003043,0.08875981783409924
2050-07-29 19:00:00,43.30142116275035,21.25741577148449,0.06515841726544461
2050-07-29 20:00:00,43.301426488171074,20.482063293457145,0.1220407787465782
2050-07-29 21:00:00,43.30141968303916,19.459573745727653,0.059412471979560476
2050-07-29 22:00:00,43.30140725509966,18.584493637085075,0.02101014655894455
2050-07-29 23:00:00,43.30140698315736,18.035711288452262,0.020570374741683915
2050-07-30 00:00:00,43.30140918991825,17.523893356323356,0.025271546997148907
2050-07-30 01:00:00,43.30140959120702,17.06478881835949,0.02620763433393921
2050-07-30 02:00:00,43.30141347945951,16.899921417236442,0.03881790691205717
2050-07-30 03:00:00,43.30141928992013,16.485345840454215,0.06392119795827163
2050-07-30 04:00:00,43.301419992303146,16.408155441284293,0.06510256154810974
2050-07-30 05:00:00,43.30141824875599,16.597332000732536,0.05311585162583881
2050-07-30 06:00:00,43.30141066648219,17.23847579956066,0.026146410781612606
2050-07-30 07:00:00,0.0568639611001358,17.911451339721793,6.830153329673051e-09
2050-07-30 08:00:00,0.0567696666170196,18.55508422851574,6.331613318018421e-09
2050-07-30 09:00:00,0.0251104403118996,20.121011734008903,5.029771231574561e-09
2050-07-30 10:00:00,0.025126153704785,21.372947692871207,5.516258332441554e-09
2050-07-30 11:00:00,0.0251098527230651,21.624614715576286,5.016769958214304e-09
2050-07-30 12:00:00,0.0244719720156854,22.921190261840934,4.558939154843761e-09
2050-07-30 13:00:00,0.0244594947540777,23.249568939209098,4.539584259272964e-09
2050-07-30 14:00:00,0.0249284492067004,22.340982437133903,4.562446232491462e-09
2050-07-30 15:00:00,0.0249713199774294,22.1036834716798,4.591922505447882e-09
2050-07-30 16:00:00,0.0250694668755262,22.64456367492687,4.670519089553531e-09
2050-07-30 17:00:00,0.0251013807455154,21.792428970337028,4.879150010664905e-09
2050-07-30 18:00:00,0.0251029361871421,20.856582641601676,4.9366112631126275e-09
2050-07-30 19:00:00,0.0251030748518878,19.385736465454215,4.891461796713629e-09
2050-07-30 20:00:00,0.0251032722418487,18.471633911132926,4.907249956442915e-09
2050-07-30 21:00:00,0.0251031023349006,18.056308746338004,4.89994390681232e-09
2050-07-30 22:00:00,0.0251033681437728,17.4224090576173,4.926969330452114e-09
2050-07-30 23:00:00,0.0251033071209775,16.713020324707145,4.928797134508501e-09
2050-07-31 00:00:00,0.0251036038673949,16.181541442871207,4.939156743967293e-09
2050-07-31 01:00:00,0.0251035562338535,15.47572231292736,4.936873054688356e-09
2050-07-31 02:00:00,0.0251044775277056,14.976752281189079,4.962845359516894e-09
2050-07-31 03:00:00,0.0251120698399379,14.848454475402946,5.1019557467426975e-09
2050-07-31 04:00:00,0.0251271764579535,15.059755325317496,6.175393217279284e-09
2050-07-31 05:00:00,0.0251754369649695,15.55069732666027,6.824948023878554e-09
2050-07-31 06:00:00,0.0251545505130727,17.411315917968864,6.486517930416585e-09
2050-07-31 07:00:00,0.0251057118562064,19.371013641357536,4.931314974572772e-09
2050-07-31 08:00:00,0.0250965347810858,20.680419921875114,4.834362237993308e-09
2050-07-31 09:00:00,0.0245190573466849,22.015251159668082,4.67127819516103e-09
2050-07-31 10:00:00,18.112586305292485,23.041891098022575,6.398975158397244e-09
2050-07-31 11:00:00,18.76982081312107,23.67846488952648,7.259807160281982e-09
2050-07-31 12:00:00,19.99030075320957,24.006429672241325,8.2103934497524e-09
2050-07-31 13:00:00,20.49599019669651,24.290298461914176,9.986383179265956e-09
2050-07-31 14:00:00,20.497613626602195,24.777980804443473,9.480029094697435e-09
2050-07-31 15:00:00,35.053194534026524,23.244785308838004,3.5097571976091784e-08
2050-07-31 16:00:00,35.053199446809906,23.35966300964367,3.46478110112125e-08
2050-07-31 17:00:00,43.30141502799021,22.196208953857536,0.09838142726615225
2050-07-31 18:00:00,43.30141827636403,21.387691497802848,0.16167195555897063
2050-07-31 19:00:00,43.30141924852062,20.09586334228527,0.19104447305665234
2050-07-31 20:00:00,43.30141942217744,19.01937294006359,0.19485316896704782
2050-07-31 21:00:00,43.30141788389905,18.202772140503043,0.15020842618749902
2050-07-31 22:00:00,43.30139806753344,17.43598556518566,0.039134780926875744
2050-07-31 23:00:00,35.05325244843725,16.801704406738395,4.981458803044956e-08
2050-08-01 00:00:00,35.05319689421818,16.26156616210949,3.765820145386705e-08
2050-08-01 01:00:00,35.05319393586667,15.78308200836193,3.37946342726644e-08
2050-08-01 02:00:00,35.05319241978203,15.540911674499625,3.045928456061375e-08
2050-08-01 03:00:00,35.05319072510057,15.388117790222282,2.669303460949633e-08
2050-08-01 04:00:00,35.05318955403367,15.139891624450797,2.4688622083204244e-08
2050-08-01 05:00:00,35.053188764965824,15.113320350647086,2.3623112402024086e-08
2050-08-01 06:00:00,35.05318856761788,16.7677516937257,2.376369670348453e-08
2050-08-01 07:00:00,20.547252458570597,18.77456092834484,1.126859255426794e-08
2050-08-01 08:00:00,20.54724912374849,20.39549827575695,1.0132345553375851e-08
2050-08-01 09:00:00,20.54723116799542,21.749540328979606,8.669025916820403e-09
2050-08-01 10:00:00,19.99033418767456,22.568658828735465,8.104744453739049e-09
2050-08-01 11:00:00,19.99027005061016,23.734157562255973,8.090845023903231e-09
2050-08-01 12:00:00,20.5471888773137,24.531969070434684,8.371836971072023e-09
2050-08-01 13:00:00,20.54723311217997,25.208091735839957,8.672938229765066e-09
2050-08-01 14:00:00,20.547252137916697,24.51391410827648,1.025133036021898e-08
2050-08-01 15:00:00,20.547258717171957,24.4000759124757,1.2788092504517721e-08
2050-08-01 16:00:00,25.392844170398572,23.291086196899528,2.7789806054709346e-08
2050-08-01 17:00:00,25.39285495620311,22.132610321045036,3.4235182259155646e-08
2050-08-01 18:00:00,25.392853595279664,21.568828582763786,3.2207566577456096e-08
2050-08-01 19:00:00,20.54727811701276,21.176570892334098,1.6794304690350132e-08
2050-08-01 20:00:00,20.547258886026327,20.632541656494254,1.2022782303304752e-08
2050-08-01 21:00:00,20.547254860560248,19.625219345092887,1.006242752175005e-08
2050-08-01 22:00:00,20.54722039271238,18.930135726928825,8.515125081500998e-09
2050-08-01 23:00:00,19.99029557724276,18.818325042724723,8.142455673458832e-09
2050-08-02 00:00:00,19.990274903998912,18.53436660766613,8.124830519792803e-09
2050-08-02 01:00:00,19.990273666487063,17.52041816711437,8.119910919816758e-09
2050-08-02 02:00:00,0.0251577401008498,16.8677215576173,4.855907839860507e-09
2050-08-02 03:00:00,19.990321614558766,16.629056930542106,8.133364827978378e-09
2050-08-02 04:00:00,20.547261053235303,16.497837066650504,9.543961717599863e-09
2050-08-02 05:00:00,20.54747548190653,16.73392486572277,1.083204145701144e-08
2050-08-02 06:00:00,20.561723566136862,18.2894744873048,1.1109466658583155e-08
2050-08-02 07:00:00,20.57132746841081,19.33837699890148,1.1052685241658044e-08
2050-08-02 08:00:00,20.571375051769085,20.081253051757926,1.3908766402495155e-08
2050-08-02 09:00:00,20.57137880988292,20.82456970214855,1.348583102361646e-08
2050-08-02 10:00:00,20.57137694074655,22.335437774658317,1.0979364039203584e-08
2050-08-02 11:00:00,20.57137810343369,23.3475799560548,1.0319252797274191e-08
2050-08-02 12:00:00,20.571374959265416,23.990152359008903,9.149778682381921e-09
2050-08-02 13:00:00,19.990467905593157,23.53924369812023,8.106733580167444e-09
2050-08-02 14:00:00,0.0251033725628598,24.29367828369152,4.957690546386833e-09
2050-08-02 15:00:00,0.0251246500028468,25.365592956543082,4.847536777421496e-09
2050-08-02 16:00:00,20.577777509445653,24.77766609191906,8.683240868459433e-09
2050-08-02 17:00:00,20.579432402072136,23.53149795532238,9.992722677078587e-09
2050-08-02 18:00:00,20.613051051512635,22.098794937133903,1.1632974685005117e-08
2050-08-02 19:00:00,20.61312202284364,20.939704895019645,1.6074983728092115e-08
2050-08-02 20:00:00,20.6131228140934,20.48990631103527,1.2653190808890286e-08
2050-08-02 21:00:00,20.613138028013896,20.02063369750988,1.3123919788515742e-08
2050-08-02 22:00:00,25.47423066491766,19.397659301757926,3.681460998387551e-08
2050-08-02 23:00:00,25.47424814031077,19.137836456298942,7.052362915974572e-08
2050-08-03 00:00:00,25.474248023228625,18.973892211914176,5.603267037729796e-08
2050-08-03 01:00:00,25.47424748841622,18.665393829345817,5.014823710230059e-08
2050-08-03 02:00:00,25.474250151835538,18.174907684326286,5.704646901782906e-08
2050-08-03 03:00:00,25.47407722055352,17.798339843750114,3.243599778611983e-08
2050-08-03 04:00:00,20.613194864004768,17.567256927490348,1.6959902487017776e-08
2050-08-03 05:00:00,20.613184764610388,17.443552017212028,1.0121157785213456e-08
2050-08-03 06:00:00,0.0251287278516904,17.344015121460075,4.925606719274415e-09
2050-08-03 07:00:00,20.61318836279236,17.37832069396984,1.065619092447954e-08
2050-08-03 08:00:00,20.61319539398036,17.466878890991325,1.3050116706317337e-08
2050-08-03 09:00:00,20.61319453387122,17.494792938232536,1.121852366409212e-08
2050-08-03 10:00:00,20.613209162283976,17.65207672119152,1.635743728778515e-08
2050-08-03 11:00:00,20.613197423934192,18.495830535888786,1.0775698153367825e-08
2050-08-03 12:00:00,0.0251213452067184,21.682809829712028,4.881121185540908e-09
2050-08-03 13:00:00,0.0251100531238057,23.01882934570324,4.974014937917882e-09
2050-08-03 14:00:00,0.0251126327377427,23.497259140014762,4.967836954475339e-09
2050-08-03 15:00:00,20.61486523294692,23.337137222290153,9.229342927898563e-09
2050-08-03 16:00:00,43.301399481394775,23.312974929809684,0.016874138817301845
2050-08-03 17:00:00,43.30142405065578,22.72626113891613,0.07554981033701309
2050-08-03 18:00:00,43.3014322020358,21.45333290100109,0.24677311832263918
2050-08-03 19:00:00,43.3014330204498,19.932020187378043,0.28348991073521074
2050-08-03 20:00:00,43.30143314949463,19.319036483764762,0.28310731037914627
2050-08-03 21:00:00,43.30143311424745,18.713642120361442,0.28072374122373434
2050-08-03 22:00:00,43.30143313513168,17.949886322021598,0.2790581509099264
2050-08-03 23:00:00,43.30143327654652,17.54767990112316,0.27917308600503704
2050-08-04 00:00:00,43.301433390959865,17.321784973144645,0.2790862930214471
2050-08-04 01:00:00,43.30143306636322,17.10267829895031,0.253392836985939
2050-08-04 02:00:00,43.30143301390089,16.66403388977062,0.23878145396841174
2050-08-04 03:00:00,43.301433730766206,16.35008049011242,0.26795477588253225
2050-08-04 04:00:00,43.30143423817825,16.301343917846793,0.28500891413976187
2050-08-04 05:00:00,43.30143452188373,16.59076309204113,0.2879068375801929
2050-08-04 06:00:00,43.30143456176298,17.261362075805778,0.27281837528727093
2050-08-04 07:00:00,43.30143417827387,18.301452636718864,0.22032094103905456
2050-08-04 08:00:00,43.30143425156352,17.86320304870617,0.2139658160763434
2050-08-04 09:00:00,43.30143418694864,17.8363494873048,0.20033636522881645
2050-08-04 10:00:00,43.30142308546439,21.55991935729992,0.03264657348512998
2050-08-04 11:00:00,43.30142143901641,24.204429626464957,0.028497101170208265
2050-08-04 12:00:00,43.30141883869267,25.604114532470817,0.024188347586037308
2050-08-04 13:00:00,43.30143026748139,24.10374259948742,0.08419919488739602
2050-08-04 14:00:00,43.30142878925448,24.82957267761242,0.06406534858775415
2050-08-04 15:00:00,43.30142993509629,25.570043563842887,0.07518047504344433
2050-08-04 16:00:00,43.30143109815613,26.047140121460075,0.08962470850580441
2050-08-04 17:00:00,43.30143451293954,25.79957199096691,0.19907114840337597
2050-08-04 18:00:00,43.30143540276353,24.748327255249137,0.29159803881452856
2050-08-04 19:00:00,43.301435476752665,23.347438812255973,0.29204513764510126
2050-08-04 20:00:00,43.30143553160143,22.49430084228527,0.2923884726644986
2050-08-04 21:00:00,43.3014354993356,21.587852478027457,0.2915995800629884
2050-08-04 22:00:00,43.301435436648255,21.230070114135856,0.2904988362704496
2050-08-04 23:00:00,43.301435378964335,20.779617309570426,0.28969189654262195
2050-08-05 00:00:00,43.30143532509875,19.955633163452262,0.28911160272636477
2050-08-05 01:00:00,43.30143533090585,19.227642059326286,0.28964773213528006
2050-08-05 02:00:00,43.30143532308398,18.5940456390382,0.290221489357918
2050-08-05 03:00:00,43.30143490009067,18.01622581481945,0.24919589339152626
2050-08-05 04:00:00,43.30143406361971,17.542079925537223,0.1768162952411005
2050-08-05 05:00:00,43.301432251350775,17.631071090698356,0.10230246554459144
2050-08-05 06:00:00,43.30143051278816,18.511644363403434,0.07158789621507444
2050-08-05 07:00:00,43.30140171984623,19.95603179931652,0.015522797206128685
2050-08-05 08:00:00,43.30139964382965,21.98716735839855,0.013377696522545746
2050-08-05 09:00:00,43.301395180506056,24.08341217041027,0.010836869549282185
2050-08-05 10:00:00,43.30139738113722,25.614799499511832,0.011789287410467418
2050-08-05 11:00:00,43.30139255042941,26.76657295227062,0.009923869038446949
2050-08-05 12:00:00,43.3013925765893,27.399793624878043,0.009920570393544055
2050-08-05 13:00:00,43.301393091645046,28.027296066284293,0.01005381983864622
2050-08-05 14:00:00,43.30139698450998,28.45191574096691,0.011381601191992042
2050-08-05 15:00:00,43.30140237757821,28.4565887451173,0.014517582086838518
2050-08-05 16:00:00,43.30141331851522,27.94908714294445,0.02972315301267681
2050-08-05 17:00:00,43.30143112239402,27.08237457275402,0.128664725748307
2050-08-05 18:00:00,43.30142700876467,25.683546066284293,0.07899623128334349
2050-08-05 19:00:00,43.30142176681918,24.38986968994152,0.051298111920683745
2050-08-05 20:00:00,43.301407681260905,23.389955520629996,0.02022262114527909
2050-08-05 21:00:00,43.30139834232359,22.619546890258903,0.011633667044702232
2050-08-05 22:00:00,0.0251152648714548,21.947048187255973,5.182455281430802e-09
2050-08-05 23:00:00,0.0253050372885318,21.346393585205192,4.710908295465307e-09
2050-08-06 00:00:00,43.30140714274636,20.66547775268566,0.018660404707448786
2050-08-06 01:00:00,43.30141166704456,19.948011398315543,0.02759277994950103
2050-08-06 02:00:00,43.30141636330792,19.295593261718864,0.03864130897097419
2050-08-06 03:00:00,43.3014231052671,18.68665695190441,0.06089029138777681
2050-08-06 04:00:00,43.30142739952475,18.063560485839957,0.08752971854465744
2050-08-06 05:00:00,43.30143150794397,18.13587570190441,0.14314835220379657
2050-08-06 06:00:00,43.30143230159212,19.46317291259777,0.15787643054516703
2050-08-06 07:00:00,43.30142089945234,21.39884185791027,0.04230759997512326
2050-08-06 08:00:00,43.30141623231281,23.39439201354992,0.028553307514973005
2050-08-06 09:00:00,43.30142861153245,23.559768676757926,0.08281598935744827
2050-08-06 10:00:00,43.3014190607198,24.676136016845817,0.033442896994532324
2050-08-06 11:00:00,43.30141433495775,26.329931259155387,0.0217576673933895
2050-08-06 12:00:00,43.30142673925637,26.178699493408317,0.06541742628298584
2050-08-06 13:00:00,43.30142458624973,26.27747726440441,0.052247063415375716
2050-08-06 14:00:00,43.30142545994303,26.131252288818473,0.058492149995911
2050-08-06 15:00:00,43.3014211015752,27.31168937683117,0.03826401881851906
2050-08-06 16:00:00,43.30143347116898,26.481040954589957,0.1864857778665133
2050-08-06 17:00:00,43.30143448548433,24.32032394409191,0.26927528253913624
2050-08-06 18:00:00,43.30143462684401,23.835762023925895,0.28641491962396076
2050-08-06 19:00:00,43.30143411011421,22.61420822143566,0.24587975885243793
2050-08-06 20:00:00,43.30143272201089,21.576896667480582,0.17117149308176247
2050-08-06 21:00:00,43.30143026014808,20.823982238769645,0.11160582499097121
2050-08-06 22:00:00,43.30142355072903,20.343479156494254,0.051566635535555405
2050-08-06 23:00:00,43.30142073288182,19.832017898559684,0.03823346970608733
2050-08-07 00:00:00,43.30142425114799,19.50973510742199,0.05735339034934211
2050-08-07 01:00:00,43.30142777857181,19.313375473022575,0.0865004383521314
2050-08-07 02:00:00,43.30142551175225,19.011219024658317,0.06544562052707227
2050-08-07 03:00:00,43.30142256375824,18.534826278686637,0.045176433069457324
2050-08-07 04:00:00,43.30142121617552,18.054714202880973,0.03680500571330082
2050-08-07 05:00:00,43.301420948203,17.6476287841798,0.0343709258264522
2050-08-07 06:00:00,43.30141928245031,17.619787216186637,0.028858525305681122
2050-08-07 07:00:00,43.30134737584356,17.71429252624523,0.0054565039306045185
2050-08-07 08:00:00,43.301346234145946,18.68768692016613,0.005178534365464926
2050-08-07 09:00:00,43.301337767594966,20.355415344238395,0.004359513303766307
2050-08-07 10:00:00,43.30128989411308,21.85651779174816,0.0026598728284715437
2050-08-07 11:00:00,0.0251042819038638,23.631702423095817,5.0793760154926e-09
2050-08-07 12:00:00,0.0250931878330418,24.59433174133312,5.095903140402949e-09
2050-08-07 13:00:00,43.30135258864091,24.647726058960075,0.0054112017151859634
2050-08-07 14:00:00,43.30136166207999,24.96357917785656,0.006146349251154672
2050-08-07 15:00:00,43.30141918356973,23.31534004211437,0.04060328635776591
2050-08-07 16:00:00,43.30141061699491,23.47373962402355,0.02069198165710577
2050-08-07 17:00:00,43.30141233126978,22.526807785034293,0.02188609802584103
2050-08-07 18:00:00,43.301420195098295,20.921190261840934,0.03821376449015022
2050-08-07 19:00:00,43.30142915370804,19.20837211608898,0.08598799516996214
2050-08-07 20:00:00,43.30143259213413,18.171657562255973,0.14777550546583784
2050-08-07 21:00:00,43.301431763528925,17.154243469238395,0.1303028551328119
2050-08-07 22:00:00,43.30142911071202,16.714836120605582,0.09006678721895747
2050-08-07 23:00:00,43.301427332666776,16.351766586303825,0.07348937090758483
2050-08-08 00:00:00,43.30143072101704,15.857599258422965,0.11439339175917128
2050-08-08 01:00:00,43.30143303800478,15.715299606323356,0.17280822527625445
2050-08-08 02:00:00,43.30143398050575,15.625309944152946,0.21108254255475473
2050-08-08 03:00:00,43.30143372275136,15.229064941406364,0.18569004651593218
2050-08-08 04:00:00,43.301433915186514,15.090049743652457,0.18036886422624626
2050-08-08 05:00:00,43.30143437323012,15.237282752990836,0.1899060991605054
2050-08-08 06:00:00,43.30143518635431,15.215252876281852,0.2286056465017543
2050-08-08 07:00:00,43.30143382010292,16.05274581909191,0.15091987817573868
2050-08-08 08:00:00,43.30143295761168,16.736036300659293,0.12192949085241249
2050-08-08 09:00:00,43.301428443390456,18.29931449890148,0.05643963077851068
2050-08-08 10:00:00,43.30143164452896,18.679195404052848,0.090500892092361
2050-08-08 11:00:00,43.30140850148728,21.01876258850109,0.014110376258357272
2050-08-08 12:00:00,43.30143395112402,20.052030563354606,0.13927939508888917
2050-08-08 13:00:00,43.301423533115184,22.047843933105582,0.031068367783494078
2050-08-08 14:00:00,43.30142885129405,22.684965133667106,0.05304653997756205
2050-08-08 15:00:00,43.301433040781504,21.833166122436637,0.10712758915107241
2050-08-08 16:00:00,43.30143344446324,21.84439277648937,0.11063343208665179
2050-08-08 17:00:00,43.30143590389478,20.67366218566906,0.22322982852232187
2050-08-08 18:00:00,43.30143656621985,19.22444343566906,0.29189057877941615
2050-08-08 19:00:00,43.30143657930398,17.64432525634777,0.29148560018534453
2050-08-08 20:00:00,43.30143658381067,16.6895046234132,0.2910642421060595
2050-08-08 21:00:00,43.30143655020977,16.014488220214957,0.2902594438358764
2050-08-08 22:00:00,43.30143652300631,15.383379936218375,0.28960246509878723
2050-08-08 23:00:00,43.30143650180115,14.786714553833121,0.2892502814002941
2050-08-09 00:00:00,43.30143645412035,14.20178604125988,0.28868403676625565
2050-08-09 01:00:00,43.30143643178571,13.690349578857536,0.2887250524729261
2050-08-09 02:00:00,43.30143629201806,13.29435253143322,0.2785307956713703
2050-08-09 03:00:00,43.30143585242693,12.842474937439079,0.23455403996692986
2050-08-09 04:00:00,43.30143549584256,12.477839469909782,0.2031790711344044
2050-08-09 05:00:00,43.30143575021746,12.947308540344352,0.22199047859606189
2050-08-09 06:00:00,43.3014353284744,14.791940689087028,0.19125723793962174
2050-08-09 07:00:00,43.30142739340551,17.19662475585949,0.06772649843524924
2050-08-09 08:00:00,43.30142001396017,19.01314735412609,0.0315933724759793
2050-08-09 09:00:00,43.301414593404616,20.450107574463004,0.01982654940274741
2050-08-09 10:00:00,43.301408632352455,21.318130493164176,0.014687234279654985
2050-08-09 11:00:00,43.301406018680446,22.593967437744254,0.013290689736148135
2050-08-09 12:00:00,43.30142966511108,21.39126586914074,0.0851657046412461
2050-08-09 13:00:00,43.30141427631166,22.845338821411246,0.01907605154581149
2050-08-09 14:00:00,43.30141717084668,23.559116363525504,0.022800802633011936
2050-08-09 15:00:00,43.301421839514994,23.43194389343273,0.03435605592482058
2050-08-09 16:00:00,43.30142541113087,22.65986824035656,0.049344362468583314
2050-08-09 17:00:00,43.30143284938286,21.70656013488781,0.13797764298349327
2050-08-09 18:00:00,43.30143538276463,20.689811706543082,0.2644699460718531
2050-08-09 19:00:00,43.301434781214,19.18006515502941,0.22367745252305618
2050-08-09 20:00:00,43.30143270025015,18.061424255371207,0.1383025986759957
2050-08-09 21:00:00,43.30142749407427,17.30236625671398,0.06451574689502614
2050-08-09 22:00:00,43.3014226349005,16.570373535156364,0.03488552667251391
2050-08-09 23:00:00,43.301423963464615,15.823991775512809,0.04111888024951328
2050-08-10 00:00:00,43.301426982467405,15.083073616027946,0.0618275535937123
2050-08-10 01:00:00,43.30142862240909,14.539741516113395,0.07743346544958161
2050-08-10 02:00:00,43.30143071238633,14.093690872192496,0.10596005995152562
2050-08-10 03:00:00,43.30143239686564,13.610964775085563,0.14140375041071565
2050-08-10 04:00:00,43.30143265210106,13.025905609130973,0.1472373825540192
2050-08-10 05:00:00,43.30143298169644,13.324037551879996,0.1552620159311237
2050-08-10 06:00:00,43.30143230966985,15.081948280334586,0.13398757557125518
2050-08-10 07:00:00,43.30142073572141,17.57262992858898,0.04646664131062962
2050-08-10 08:00:00,43.301413744696106,19.728582382202262,0.024456773047261925
2050-08-10 09:00:00,43.30141106885807,21.713054656982536,0.018914319652264044
2050-08-10 10:00:00,43.301408476113984,23.062778472900504,0.015963888771560627
2050-08-10 11:00:00,43.30140136243229,23.921821594238395,0.011935274066023861
2050-08-10 12:00:00,43.3013702480465,24.87949943542492,0.00598337610583937
2050-08-10 13:00:00,43.301388699759066,25.630954742431754,0.008465245985385322
2050-08-10 14:00:00,43.30139429810284,25.778408050537223,0.009653591371588704
2050-08-10 15:00:00,43.301408570971184,25.64864540100109,0.015352077184865533
2050-08-10 16:00:00,43.30141552636808,25.571365356445426,0.022562241911282227
2050-08-10 17:00:00,43.301424294850726,24.85654449462902,0.04833981080477004
2050-08-10 18:00:00,43.301433586865,23.474035263061637,0.16452533930751712
2050-08-10 19:00:00,43.301434790259854,21.90130996704113,0.2251267222372889
2050-08-10 20:00:00,43.30143541530862,20.511407852172965,0.27256961537723634
2050-08-10 21:00:00,43.30143547316316,19.55188369750988,0.28283081516280634
2050-08-10 22:00:00,43.30143538551522,18.828897476196403,0.281391686300792
2050-08-10 23:00:00,43.30143526249201,18.246316909790153,0.2796692500065996
2050-08-11 00:00:00,43.3014348822162,17.645631790161246,0.25583474323523064
2050-08-11 01:00:00,43.30143424099471,16.916038513183707,0.2130039192079961
2050-08-11 02:00:00,43.30143372380438,16.22268867492687,0.18428767202716673
2050-08-11 03:00:00,43.30143355089244,15.628396987915153,0.16852680351794724
2050-08-11 04:00:00,43.301433592739045,15.174654960632438,0.15646402593545644
2050-08-11 05:00:00,43.30143296565852,15.238399505615348,0.12910084719663473
2050-08-11 06:00:00,43.30143068107862,16.219848632812614,0.08356697652133901
2050-08-11 07:00:00,43.30142388471624,18.285022735595817,0.04211570650162338
2050-08-11 08:00:00,43.30141695784667,20.39096260070812,0.022729175416126814
2050-08-11 09:00:00,43.30139915167418,22.513889312744254,0.010813894323283514
2050-08-11 10:00:00,43.30141153413284,24.469884872436637,0.016750519950892266
2050-08-11 11:00:00,43.3014017128955,25.862476348877067,0.011658007065049969
2050-08-11 12:00:00,43.30140128806262,26.732919692993278,0.011491443010480282
2050-08-11 13:00:00,43.30139718682351,27.182609558105582,0.010212583999717273
2050-08-11 14:00:00,43.3014062936125,27.454807281494254,0.01342493189983122
2050-08-11 15:00:00,43.30141469358255,27.299581527710075,0.018967552212586093
2050-08-11 16:00:00,43.30142244872852,26.71397399902355,0.030991803772740474
2050-08-11 17:00:00,43.30143072268998,25.649427413940543,0.07961959310360359
2050-08-11 18:00:00,43.30143432963748,24.225715637207145,0.16026255167717676
2050-08-11 19:00:00,43.301434475183264,22.782079696655387,0.16455810661221212
2050-08-11 20:00:00,43.30143402006581,21.71366691589367,0.1482640066120631
2050-08-11 21:00:00,43.30143406189955,20.727350234985465,0.15050569658082055
2050-08-11 22:00:00,43.30143302560592,19.737792968750114,0.12766516257393148
2050-08-11 23:00:00,43.3014331170156,18.85895156860363,0.13165277248289123
2050-08-12 00:00:00,43.301433358231584,17.98989295959484,0.13683734191202135
2050-08-12 01:00:00,43.30143387843002,17.222419738769645,0.15444255546373922
2050-08-12 02:00:00,43.30143418155438,16.589426040649528,0.16517655271852488
2050-08-12 03:00:00,43.30143460762093,16.01566314697277,0.1733125045877122
2050-08-12 04:00:00,43.30143474860759,15.487565994262809,0.16974397888706788
2050-08-12 05:00:00,43.30143527798118,15.431384086609,0.18729244909199694
2050-08-12 06:00:00,43.30143508525699,16.13254547119152,0.17146037204118686
2050-08-12 07:00:00,43.30143195451196,17.413406372070426,0.08765242996508105
2050-08-12 08:00:00,43.30142852335693,19.282552719116325,0.05135004024884948
2050-08-12 09:00:00,43.30142493335379,21.440063476562614,0.03458390384145298
2050-08-12 10:00:00,43.30142646853588,23.47594261169445,0.039482268564407536
2050-08-12 11:00:00,43.30142325934814,25.397823333740348,0.029638963156074043
2050-08-12 12:00:00,43.30141838468758,26.75260734558117,0.021512938627760513
2050-08-12 13:00:00,43.30142228736371,26.647251129150504,0.027295694839213205
2050-08-12 14:00:00,43.30142646751053,26.424650192260856,0.0382787435994531
2050-08-12 15:00:00,43.30142998854989,25.682413101196403,0.05579646357416446
2050-08-12 16:00:00,43.30143274915714,24.323745727539176,0.08848979572067289
2050-08-12 17:00:00,43.301434645866856,22.733970642089957,0.13277022212261338
2050-08-12 18:00:00,43.30143554153357,20.99643707275402,0.17197632930434423
2050-08-12 19:00:00,43.30143505437361,19.88766670227062,0.14741580138160207
2050-08-12 20:00:00,43.30143562735576,18.586908340454215,0.17705939579710425
2050-08-12 21:00:00,43.301435837471175,17.56297111511242,0.193130939129344
2050-08-12 22:00:00,43.30143488907604,17.029527664184684,0.14754342820104754
2050-08-12 23:00:00,43.30143444488081,16.74324989318859,0.13241966968642904
2050-08-13 00:00:00,43.30143442407565,16.040628433227653,0.13162376715550916
2050-08-13 01:00:00,43.301434797168106,15.496137619018668,0.14440706540263915
2050-08-13 02:00:00,43.301434596346056,15.037599563598746,0.1336479531029601
2050-08-13 03:00:00,43.30143517606338,14.84350395202648,0.15436179821398457
2050-08-13 04:00:00,43.301435545100325,15.051760673523063,0.16589152477222213
2050-08-13 05:00:00,43.30143595124317,15.35992813110363,0.17929235394939802
2050-08-13 06:00:00,43.30143610100152,15.86649036407482,0.18506779721355415
2050-08-13 07:00:00,43.30143479117021,16.1713104248048,0.15647541889501956
2050-08-13 08:00:00,43.30141692979948,17.54878425598156,0.024686089446019858
2050-08-13 09:00:00,43.30141287333117,19.773447036743278,0.01866391479962257
2050-08-13 10:00:00,43.30137333441662,22.15805244445812,0.006251979458607793
2050-08-13 11:00:00,0.0255113099807507,23.921434402465934,4.851000526839268e-09
2050-08-13 12:00:00,0.0251204595231075,24.930244445800895,4.797229315702579e-09
2050-08-13 13:00:00,0.0251127003794611,25.76411628723156,5.044141249196623e-09
2050-08-13 14:00:00,19.990493812084125,26.463750839233512,7.455208941724742e-09
2050-08-13 15:00:00,43.30141432417847,26.403652191162223,0.019137283542132733
2050-08-13 16:00:00,43.3014214694264,26.126329421997184,0.030330688586361967
2050-08-13 17:00:00,43.30143039632335,24.998840332031364,0.07170916547799557
2050-08-13 18:00:00,43.3014348008678,23.908029556274528,0.1482910864042372
2050-08-13 19:00:00,43.30143578994593,22.93308258056652,0.19076498761077146
2050-08-13 20:00:00,43.30143625347096,21.677843093872184,0.22462039387388552
2050-08-13 21:00:00,43.3014364798612,20.521799087524528,0.24790174942196264
2050-08-13 22:00:00,43.30143655240978,19.61822319030773,0.2668762795418985
2050-08-13 23:00:00,43.301436655806256,18.711860656738395,0.28001280071963
2050-08-14 00:00:00,43.3014366810458,17.968070983886832,0.28525485949965457
2050-08-14 01:00:00,43.30143645147943,17.360828399658317,0.26490954778356446
2050-08-14 02:00:00,43.301436274264695,16.760444641113395,0.247302861081861
2050-08-14 03:00:00,43.30143622489014,16.448385238647575,0.2360086342434409
2050-08-14 04:00:00,43.30143620802564,16.276271820068473,0.22207855310515143
2050-08-14 05:00:00,43.30143645238146,16.314542770385856,0.22841652098299148
2050-08-14 06:00:00,43.30143619797785,17.376403808593864,0.19804823124155232
2050-08-14 07:00:00,43.30143428260294,19.40095138549816,0.12283285586619941
2050-08-14 08:00:00,43.30142900003138,21.777372360229606,0.05559722431775822
2050-08-14 09:00:00,43.30142464803591,23.87399291992199,0.03494684154614958
2050-08-14 10:00:00,43.30142306614629,25.43241691589367,0.02933268982832158
2050-08-14 11:00:00,43.301420543540985,26.54390907287609,0.02449066690575696
2050-08-14 12:00:00,43.30142057817159,27.411417007446403,0.02436689857141518
2050-08-14 13:00:00,43.30142277763101,27.673091888427848,0.028320444197698254
2050-08-14 14:00:00,43.30142551010335,28.07797241210949,0.035698811533818695
2050-08-14 15:00:00,43.30142975641786,28.25287246704113,0.0566339126890513
2050-08-14 16:00:00,43.301433833504014,27.86795234680187,0.10715485445403347
2050-08-14 17:00:00,43.30143667821297,27.296447753906364,0.21812769216980601
2050-08-14 18:00:00,43.301437185934894,26.029920578003043,0.2926169779671026
2050-08-14 19:00:00,43.30143719288184,24.262912750244254,0.29279852870640416
2050-08-14 20:00:00,43.30143713859336,22.865131378173942,0.2921829839403203
2050-08-14 21:00:00,43.30143704755316,21.60725593566906,0.29117893304230114
2050-08-14 22:00:00,43.30143692874238,20.688098907470817,0.2899401075615843
2050-08-14 23:00:00,43.301436342015286,19.896602630615348,0.241001231645287
2050-08-15 00:00:00,43.30143566471909,18.772121429443473,0.20184869987209347
2050-08-15 01:00:00,43.3014352412303,18.111343383789176,0.1778685439747514
2050-08-15 02:00:00,43.30143538039851,17.61086463928234,0.18658904055876052
2050-08-15 03:00:00,43.30143552841129,17.353862762451286,0.19636735108060407
2050-08-15 04:00:00,43.30143548296133,16.774862289428825,0.1936135103573781
2050-08-15 05:00:00,43.30143499161412,16.926298141479606,0.1661252517578394
2050-08-15 06:00:00,43.30143348816321,18.690456390380973,0.11157381197847009
2050-08-15 07:00:00,43.301402485800935,20.928245544433707,0.01843415136476958
2050-08-15 08:00:00,43.30139735996183,22.893278121948356,0.012175566139430691
2050-08-15 09:00:00,43.30138452499698,24.61328506469738,0.008028426410438978
2050-08-15 10:00:00,43.30138403764974,26.24908828735363,0.00795025397852621
2050-08-15 11:00:00,43.3013695121756,27.41807556152355,0.00606172766617004
2050-08-15 12:00:00,43.30137134292077,28.58862113952648,0.00624376496840737
2050-08-15 13:00:00,43.30139648800432,29.37400054931652,0.01111666483388838
2050-08-15 14:00:00,43.30140224256333,29.749206542968864,0.014690220901440438
2050-08-15 15:00:00,43.30140676377729,29.59553718566906,0.020225483683765724
2050-08-15 16:00:00,43.3014257830003,29.199523925781364,0.06366838231933429
2050-08-15 17:00:00,43.30143456740038,28.343933105468864,0.1949869863444134
2050-08-15 18:00:00,43.30143568061356,26.647949218750114,0.28469163453929
2050-08-15 19:00:00,43.30143564091468,24.100105285644645,0.284738657234367
2050-08-15 20:00:00,43.301435555310526,22.752986907959098,0.2842378603813583
2050-08-15 21:00:00,43.30143470961263,22.145252227783317,0.22961017586418445
2050-08-15 22:00:00,43.30143274827805,21.47738075256359,0.15787398818991386
2050-08-15 23:00:00,43.3014183754691,20.88853454589855,0.04133591439320733
2050-08-16 00:00:00,43.30141003144382,20.36734771728527,0.02367817096689682
2050-08-16 01:00:00,43.30140910845616,19.859436035156364,0.021619751328801076
2050-08-16 02:00:00,43.30140965536978,19.4849090576173,0.022418450092054988
2050-08-16 03:00:00,43.30140981128972,19.170660018921012,0.022328423758680067
2050-08-16 04:00:00,43.30141039660942,18.695922851562614,0.022992388009463606
2050-08-16 05:00:00,43.301409958999656,18.38306808471691,0.021458861048977096
2050-08-16 06:00:00,43.30140886869477,19.4752712249757,0.019072680360907524
2050-08-16 07:00:00,43.30140385559656,22.200277328491325,0.014242317756161825
2050-08-16 08:00:00,43.301406789289125,26.11636352539074,0.01664671024854038
2050-08-16 09:00:00,43.30140221458194,29.12524223327648,0.012958288218364717
2050-08-16 10:00:00,43.30140615776847,31.040555953979606,0.01543739925455264
2050-08-16 11:00:00,43.30140392846523,32.266006469726676,0.013708597856640062
2050-08-16 12:00:00,43.30140408028016,33.46610260009777,0.013664842836132833
2050-08-16 13:00:00,43.30140612236732,34.181560516357536,0.014723723583116573
2050-08-16 14:00:00,43.30141013899026,34.50839996337902,0.017680467486188234
2050-08-16 15:00:00,43.30141499414541,34.38881683349621,0.023783935214265625
2050-08-16 16:00:00,43.30142116843905,33.91245269775402,0.04009985950631234
2050-08-16 17:00:00,43.301430493948125,32.97327804565441,0.10183363977840629
2050-08-16 18:00:00,43.301433749127,31.369560241699332,0.19863735713147157
2050-08-16 19:00:00,43.301434076057205,28.551284790039176,0.21852866333120816
2050-08-16 20:00:00,43.30143392985013,26.227884292602653,0.21212742508962149
2050-08-16 21:00:00,43.3014341548907,25.007873535156364,0.22224800912847983
2050-08-16 22:00:00,43.301434374630354,24.004796981811637,0.26693127823977447
2050-08-16 23:00:00,43.30143448670266,23.03790092468273,0.2802162604981308
2050-08-17 00:00:00,43.30143439691826,21.92184448242199,0.27944903218635186
2050-08-17 01:00:00,43.301433651381934,21.209779739379996,0.2327379271749151
2050-08-17 02:00:00,43.301433370376735,20.628305435180778,0.21928797901075286
2050-08-17 03:00:00,43.30143294843787,20.12182998657238,0.19629969778430698
2050-08-17 04:00:00,43.30143289347878,19.72236824035656,0.19067119658926257
2050-08-17 05:00:00,43.30143296819001,19.754800796508903,0.1922233729741426
2050-08-17 06:00:00,43.30143204492933,20.199367523193473,0.1574035280010824
2050-08-17 07:00:00,21.010189704957305,21.409093856811637,2.0790178071746268e-08
2050-08-17 08:00:00,20.78323942245216,24.148281097412223,1.1423948152149657e-08
2050-08-17 09:00:00,20.78323908278753,25.384662628173942,1.1185708390953438e-08
2050-08-17 10:00:00,20.783236098393356,27.744058609008903,9.885553200335544e-09
2050-08-17 11:00:00,0.0251775859226361,29.519905090332145,4.742791958596045e-09
2050-08-17 12:00:00,20.78323190966106,28.582012176513786,9.21444417182255e-09
2050-08-17 13:00:00,0.0251087978787257,29.492975234985465,4.827944424296115e-09
2050-08-17 14:00:00,0.0251075335287676,29.890298843383903,4.827487063599565e-09
2050-08-17 15:00:00,0.0251127524954263,28.27331352233898,4.802927959877666e-09
2050-08-17 16:00:00,20.783215229817184,26.803236007690543,8.595523277839055e-09
2050-08-17 17:00:00,20.78324383224929,24.816284179687614,1.2044647211675475e-08
2050-08-17 18:00:00,20.784310725092148,22.57485961914074,1.5320301081256924e-08
2050-08-17 19:00:00,20.785911273266567,21.3353786468507,1.3989528499984459e-08
2050-08-17 20:00:00,20.78753431766981,20.777786254882926,1.4637804879385224e-08
2050-08-17 21:00:00,20.78915943765421,20.1017360687257,1.538830480375415e-08
2050-08-17 22:00:00,20.783225457168715,19.44823265075695,8.685079922197524e-09
2050-08-17 23:00:00,20.783235733711784,18.76743888854992,9.04662395610861e-09
2050-08-18 00:00:00,20.78323926549505,18.239013671875114,9.299136884913849e-09
2050-08-18 01:00:00,20.78323388483685,17.785285949707145,8.906467015524258e-09
2050-08-18 02:00:00,20.78321358657068,17.3929901123048,8.494240848313359e-09
2050-08-18 03:00:00,0.0254818711334701,17.01437568664562,4.72313184626863e-09
2050-08-18 04:00:00,0.0251129596555977,16.6848659515382,4.703290619513285e-09
2050-08-18 05:00:00,0.0251075477076536,16.625371932983512,4.670842641889327e-09
2050-08-18 06:00:00,0.0251053924761048,16.82094001770031,4.692427828891404e-09
2050-08-18 07:00:00,0.0251032335406382,17.26996231079113,4.620206694348027e-09
2050-08-18 08:00:00,0.0250873292442272,18.092063903808707,4.5812215778217535e-09
2050-08-18 09:00:00,0.0244722278360938,19.58347320556652,4.5589040433250525e-09
2050-08-18 10:00:00,0.0244591953950859,23.108764648437614,4.555324851049115e-09
2050-08-18 11:00:00,0.0244576890811042,24.454048156738395,4.54221996537781e-09
2050-08-18 12:00:00,0.024463191683748,24.776252746582145,4.56925413215289e-09
2050-08-18 13:00:00,0.0244607718283284,25.36410522460949,4.531964058028977e-09
2050-08-18 14:00:00,0.0250729848726919,25.95105361938488,4.634089200165906e-09
2050-08-18 15:00:00,43.30138632092932,25.100416183471793,0.01001756350597258
2050-08-18 16:00:00,43.30140993219575,23.94362068176281,0.022875974243825065
2050-08-18 17:00:00,43.30141060626439,23.36612129211437,0.021348307554731227
2050-08-18 18:00:00,43.30142757197338,22.076301574707145,0.07354897308525785
2050-08-18 19:00:00,43.301431521547926,20.627870559692496,0.12372247992356786
2050-08-18 20:00:00,43.30143033467414,19.553405761718864,0.10330114857934354
2050-08-18 21:00:00,43.30143140793131,18.656238555908317,0.1248722125507715
2050-08-18 22:00:00,43.30143223536682,17.928768157959098,0.15225106004941488
2050-08-18 23:00:00,43.30143237987586,17.30277824401867,0.1604685541884941
2050-08-19 00:00:00,43.30143328127836,16.96537590026867,0.19449411028399605
2050-08-19 01:00:00,43.30143261906036,16.954307556152457,0.16541674510097593
2050-08-19 02:00:00,43.30143050050902,16.702142715454215,0.11298530992005859
2050-08-19 03:00:00,43.30142890707746,16.39695549011242,0.08713942267030549
2050-08-19 04:00:00,43.30142538584721,15.848878860473746,0.05571007272535596
2050-08-19 05:00:00,43.301426933949145,15.741692543029899,0.06077130231485217
2050-08-19 06:00:00,43.301422267638685,16.402730941772575,0.03784896965001364
2050-08-19 07:00:00,43.30140539028925,17.952899932861442,0.013502295416580604
2050-08-19 08:00:00,43.301408905293606,19.73484802246105,0.015437828184177094
2050-08-19 09:00:00,19.99039124208058,21.10436058044445,7.6613193940667e-09
2050-08-19 10:00:00,43.30142121199811,20.50288009643566,0.03172733623173866
2050-08-19 11:00:00,43.30139801126981,21.001655578613395,0.010559592578789963
2050-08-19 12:00:00,43.30132145955847,23.213747024536246,0.0033122794845400804
2050-08-19 13:00:00,43.30142908941672,22.136983871460075,0.06492874245696251
2050-08-19 14:00:00,43.301408307080585,23.477024078369254,0.014363334447810417
2050-08-19 15:00:00,43.30140520405738,23.642042160034293,0.012772513172881259
2050-08-19 16:00:00,43.30141913603819,23.016872406005973,0.023459310800365563
2050-08-19 17:00:00,43.30143025995445,21.702991485595817,0.06691898665847068
2050-08-19 18:00:00,43.30143468494671,19.947891235351676,0.1452585941810664
2050-08-19 19:00:00,43.30143535665864,18.967002868652457,0.16954778267333875
2050-08-19 20:00:00,43.30143576842672,18.841388702392692,0.19079722523094797
2050-08-19 21:00:00,43.30143603707627,18.57954025268566,0.21023386893854148
2050-08-19 22:00:00,43.30143646614859,18.36013221740734,0.24507478892023443
2050-08-19 23:00:00,43.30143688493786,18.061328887939567,0.27852727348653356
2050-08-20 00:00:00,43.30143706597754,17.399265289306754,0.28730287660960246
2050-08-20 01:00:00,43.30143718665442,16.94209480285656,0.28762942909631195
2050-08-20 02:00:00,43.30143729097257,16.745113372802848,0.2878876627002789
2050-08-20 03:00:00,43.301437422903646,16.114353179931754,0.2886743499925055
2050-08-20 04:00:00,43.30143767933348,15.872768402099723,0.291580750848244
2050-08-20 05:00:00,43.3014379059983,15.902253150940055,0.2943024540746444
2050-08-20 06:00:00,43.30143791755534,16.26436805725109,0.28201303294028496
2050-08-20 07:00:00,43.30143738782642,17.21984672546398,0.22324727791567453
2050-08-20 08:00:00,43.30143455602258,18.94028472900402,0.10135069282396539
2050-08-20 09:00:00,43.30143094612912,21.107336044311637,0.05442205633164069
2050-08-20 10:00:00,43.30142825108872,22.340942382812614,0.03865179032356327
2050-08-20 11:00:00,43.30143651245374,21.853839874267692,0.15276795769212564
2050-08-20 12:00:00,43.30142675137629,24.252468109130973,0.03299041719022994
2050-08-20 13:00:00,43.30143694065329,23.396389007568473,0.17400591704228097
2050-08-20 14:00:00,43.30143665239601,22.388759613037223,0.15896982441157984
2050-08-20 15:00:00,43.301435874090494,23.726795196533317,0.12439398458552821
2050-08-20 16:00:00,43.30143800019995,23.292577743530387,0.24791399686076074
2050-08-20 17:00:00,43.3014382503173,23.227432250976676,0.2778776258756643
2050-08-20 18:00:00,43.30143819506151,23.233373641967887,0.27599868882806816
2050-08-20 19:00:00,43.30143780550375,22.338548660278434,0.22602961362974625
2050-08-20 20:00:00,43.30143703901017,21.176401138305778,0.17606266957648015
2050-08-20 21:00:00,43.30143647371949,20.604589462280387,0.14984013767290089
2050-08-20 22:00:00,43.30143690671221,20.065015792846793,0.17377898785122126
2050-08-20 23:00:00,43.30143676386699,19.66084480285656,0.16798408816337712
2050-08-21 00:00:00,43.30143672236021,19.406459808349723,0.16475789558041776
2050-08-21 01:00:00,43.301437040928,19.31334495544445,0.18052806658981613
2050-08-21 02:00:00,43.30143763033216,19.14523506164562,0.21682416170753777
2050-08-21 03:00:00,43.30143794698772,19.0065155029298,0.23670364010749884
2050-08-21 04:00:00,43.30143811584528,18.95332527160656,0.2368423568018668
2050-08-21 05:00:00,43.30143830358818,18.900920867920036,0.24005553908345556
2050-08-21 06:00:00,43.30143848084799,18.827533721923942,0.25188298915775914
2050-08-21 07:00:00,43.30143792667096,18.926139831543082,0.20819742733813718
2050-08-21 08:00:00,43.30143849981463,18.945993423462028,0.2557903425746899
2050-08-21 09:00:00,43.30143835658995,18.93896865844738,0.23477160190224824
2050-08-21 10:00:00,43.30143763618471,19.25546264648449,0.17580728582892868
2050-08-21 11:00:00,43.301435571140914,19.932849884033317,0.09921215680534307
2050-08-21 12:00:00,43.30143497846371,20.569391250610465,0.08602523276547638
2050-08-21 13:00:00,43.30143617011338,21.783643722534293,0.11098767863514603
2050-08-21 14:00:00,43.30143767258068,21.823127746582145,0.17130221288976052
2050-08-21 15:00:00,43.30143565602974,22.807287216186637,0.09601901047233435
2050-08-21 16:00:00,43.30143756884155,22.44339752197277,0.15443049366051714
2050-08-21 17:00:00,43.30143852365272,21.187969207763786,0.22936275759243788
2050-08-21 18:00:00,43.301438998936376,19.47611808776867,0.2957230300659134
2050-08-21 19:00:00,43.30143899927499,18.13504028320324,0.295523891094364
2050-08-21 20:00:00,43.30143877452402,17.482843399047965,0.2742816143919497
2050-08-21 21:00:00,43.3014384814158,17.10333061218273,0.23945561008303784
2050-08-21 22:00:00,43.30143849336324,16.74957084655773,0.24488983290255784
2050-08-21 23:00:00,43.30143851313595,16.694324493408317,0.24704300421604003
2050-08-22 00:00:00,43.301438649848535,16.56873703002941,0.2624497501967974
2050-08-22 01:00:00,43.30143868637531,16.227092742920036,0.26503300882090475
2050-08-22 02:00:00,43.301438911284045,15.942681312561149,0.284757975919184
2050-08-22 03:00:00,43.301439090780136,15.705695152282829,0.29630052975646154
2050-08-22 04:00:00,43.30143916520618,15.508734703064079,0.29770962847720456
2050-08-22 05:00:00,43.30143920719818,15.280051231384391,0.29884713843030014
2050-08-22 06:00:00,43.301439161555024,15.30401992797863,0.29188126576584517
2050-08-22 07:00:00,43.30143817312265,15.821532249450797,0.21067945174624803
2050-08-22 08:00:00,43.301437927717735,16.38781547546398,0.19016963846180532
2050-08-22 09:00:00,43.30143659100939,17.463617324829215,0.1286804418691823
2050-08-22 10:00:00,43.30143575603521,18.896585464477653,0.10436520045822882
2050-08-22 11:00:00,43.301436765285146,19.30378913879406,0.1362439091612563
2050-08-22 12:00:00,43.30143462033161,20.414051055908317,0.08628411762858967
2050-08-22 13:00:00,43.30143648703667,20.546882629394645,0.13802078785378122
2050-08-22 14:00:00,43.30143568029838,20.073677062988395,0.11360212483501375
2050-08-22 15:00:00,43.301435364340094,20.63821411132824,0.10467457194821356
2050-08-22 16:00:00,43.30143480863346,21.531730651855582,0.09206361615513226
2050-08-22 17:00:00,43.30143734268571,20.516786575317496,0.18482240306332226
2050-08-22 18:00:00,43.301436941968376,19.872381210327262,0.15721672664188388
2050-08-22 19:00:00,43.30143672492076,18.69127464294445,0.14987380078277
2050-08-22 20:00:00,43.30143631349022,17.601596832275504,0.13564197586593316
2050-08-22 21:00:00,43.301436613336094,16.952304840088004,0.15087425691622158
2050-08-22 22:00:00,43.30143686966052,16.412128448486442,0.16951992917588066
2050-08-22 23:00:00,43.30143686427165,16.144289016723746,0.17171699487387143
2050-08-23 00:00:00,43.30143703930616,16.065296173095817,0.18443479152482445
2050-08-23 01:00:00,43.30143713362556,16.063165664672965,0.19223621874375224
2050-08-23 02:00:00,43.30143720017849,16.210340499878043,0.1976316586439479
2050-08-23 03:00:00,43.3014373069153,16.01050186157238,0.20493987130538863
2050-08-23 04:00:00,43.301437259471584,15.901002883911246,0.19606744347054914
2050-08-23 05:00:00,43.301437276422725,15.767355918884391,0.19376566209938967
2050-08-23 06:00:00,43.30143775483094,15.727993011474723,0.23661196447235247
2050-08-23 07:00:00,43.30143451922461,16.76610374450695,0.13451411581177186
2050-08-23 08:00:00,43.301437002662176,16.817024230957145,0.23241861066789185
2050-08-23 09:00:00,43.30142632916744,18.708347320556754,0.04598977212336309
2050-08-23 10:00:00,43.30142504707897,19.56237602233898,0.04129347639203561
2050-08-23 11:00:00,43.301421006639146,20.171993255615348,0.028004528098289516
2050-08-23 12:00:00,43.30142596707413,19.985738754272575,0.04666622899961162
2050-08-23 13:00:00,43.30141678186869,22.305143356323356,0.020329076240318517
2050-08-23 14:00:00,43.30142894104279,22.616613388061637,0.06418969462620548
2050-08-23 15:00:00,43.30143590800903,21.29057121276867,0.19911513355059154
2050-08-23 16:00:00,43.301436286703584,20.461441040039176,0.22247283531012
2050-08-23 17:00:00,43.30143692095317,20.11452674865734,0.2664352350839243
2050-08-23 18:00:00,43.30143616103352,19.73726081848156,0.21233467165608938
2050-08-23 19:00:00,43.30143308835829,19.63091850280773,0.11104956651173725
2050-08-23 20:00:00,43.30142703005769,20.11485290527355,0.052309289875663606
2050-08-23 21:00:00,43.30142357825146,20.318721771240348,0.03584452184269718
2050-08-23 22:00:00,43.30142373078701,21.01995658874523,0.03692300752349559
2050-08-23 23:00:00,43.301421769899896,20.447170257568473,0.02964336507674829
2050-08-24 00:00:00,43.30142234421631,20.118444442749137,0.0315018688995967
2050-08-24 01:00:00,43.301418912841285,19.668483734130973,0.023127910031365186
2050-08-24 02:00:00,43.30141350582857,19.620441436767692,0.016915058648160036
2050-08-24 03:00:00,43.3014152702105,19.654092788696403,0.018408991648175225
2050-08-24 04:00:00,43.30142245269602,19.472900390625114,0.03034760270492662
2050-08-24 05:00:00,43.30142358133108,18.904224395752067,0.033545043017363455
2050-08-24 06:00:00,43.30142408751742,18.39136886596691,0.034683490838446095
2050-08-24 07:00:00,43.301430771481456,18.20352172851574,0.0829291158805529
2050-08-24 08:00:00,43.30143553989159,18.080158233642692,0.1914722733496987
2050-08-24 09:00:00,43.301433077472105,18.399538040161246,0.11007640784540094
2050-08-24 10:00:00,43.30143323187492,18.60518836975109,0.11190724732647385
2050-08-24 11:00:00,43.30142162420604,20.13755035400402,0.026071844309330742
2050-08-24 12:00:00,43.3014329560774,19.391099929809684,0.10566880581161521
2050-08-24 13:00:00,43.30141988503936,20.739387512207145,0.023370349734518913
2050-08-24 14:00:00,43.30139433516601,21.69577217102062,0.009093814720100344
2050-08-24 15:00:00,43.3014228024189,22.282396316528434,0.02843948029530401
2050-08-24 16:00:00,43.30143580459366,19.787559509277457,0.1928000207757298
2050-08-24 17:00:00,43.30143668208276,19.011972427368278,0.24033253055375725
2050-08-24 18:00:00,43.30143628518865,18.60634803771984,0.20985081836629824
2050-08-24 19:00:00,43.30143582851728,18.38662147521984,0.18018188945422295
2050-08-24 20:00:00,43.3014356238928,18.268367767334098,0.1714191465623292
2050-08-24 21:00:00,43.30143505822618,18.206951141357536,0.1536039425839082
2050-08-24 22:00:00,43.30143398417623,18.09030151367199,0.12248174628215863
2050-08-24 23:00:00,43.30143305488229,18.165187835693473,0.10258032107072895
2050-08-25 00:00:00,43.301431461418254,19.030620574951286,0.07639402063851033
2050-08-25 01:00:00,43.30143243826576,19.434251785278434,0.08987755337047325
2050-08-25 02:00:00,43.3014325334872,19.65406990051281,0.08891635459946066
2050-08-25 03:00:00,43.301430685426425,19.867702484130973,0.060476088235982384
2050-08-25 04:00:00,43.3014302522512,19.831747055053825,0.05359484551169818
2050-08-25 05:00:00,43.30142954989181,18.57346343994152,0.04751842626768246
2050-08-25 06:00:00,43.30143145692611,17.987005233764762,0.061119048756923415
2050-08-25 07:00:00,43.30143180613548,17.805095672607536,0.06643226394740374
2050-08-25 08:00:00,43.3014308545157,17.42277336120617,0.05552972371643471
2050-08-25 09:00:00,43.30142976986824,17.50765419006359,0.04731866927316582
2050-08-25 10:00:00,43.30143409355949,17.440866470337028,0.08992268169215824
2050-08-25 11:00:00,43.30143446031376,17.668270111084098,0.09429530965589222
2050-08-25 12:00:00,43.30143711972026,17.528448104858512,0.19108191043804926
2050-08-25 13:00:00,43.30143696056621,17.86157608032238,0.174476870148707
2050-08-25 14:00:00,43.30143541824897,18.635246276855582,0.11100471263869571
2050-08-25 15:00:00,43.30143614247159,18.509834289550895,0.13110226009347822
2050-08-25 16:00:00,43.30143717221579,18.517164230346793,0.17478794134950326
2050-08-25 17:00:00,43.30143804475066,18.326242446899528,0.24599705611040015
2050-08-25 18:00:00,43.3014383935665,17.70401191711437,0.2959717949630483
2050-08-25 19:00:00,43.30143822236356,16.865976333618278,0.2724178794604523
2050-08-25 20:00:00,43.30143806336356,16.05694389343273,0.2573520548090217
2050-08-25 21:00:00,43.30143803381854,16.04890060424816,0.26259674426392743
2050-08-25 22:00:00,43.30143809224934,15.875863075256461,0.2767019611035658
2050-08-25 23:00:00,43.3014376688928,15.833757400512809,0.2328485078177107
2050-08-26 00:00:00,43.30143761065253,15.726422309875602,0.22874845383555148
2050-08-26 01:00:00,43.30143754361072,15.437075614929313,0.22049640182704067
2050-08-26 02:00:00,43.30143729895577,15.434230804443473,0.19592918283442184
2050-08-26 03:00:00,43.30143716230467,15.151626586914176,0.18043539228047734
2050-08-26 04:00:00,43.30143733806266,14.859354019165153,0.18441473074901774
2050-08-26 05:00:00,43.30143732506887,14.73221302032482,0.17543874720804079
2050-08-26 06:00:00,43.30143721448011,14.699364662170524,0.16586005767996026
2050-08-26 07:00:00,43.30143587582372,14.908588409423942,0.13958026615958688
2050-08-26 08:00:00,43.30143322180962,15.379651069641227,0.08289890410593982
2050-08-26 09:00:00,43.301424378520935,16.215286254882926,0.030696936371593025
2050-08-26 10:00:00,43.30141073374408,17.00915908813488,0.014758238444931366
2050-08-26 11:00:00,43.301414039543104,17.06163024902355,0.017018522347007417
2050-08-26 12:00:00,0.0244653265492365,17.696397781372184,4.697305910212744e-09
2050-08-26 13:00:00,0.0244680997716665,17.88776016235363,4.6830925476880486e-09
2050-08-26 14:00:00,0.0244631542383571,18.06837081909191,4.732641468324508e-09
2050-08-26 15:00:00,0.0251066446341527,18.30762863159191,4.8680233713323305e-09
2050-08-26 16:00:00,0.0251510061279587,17.971355438232536,4.768640934750752e-09
2050-08-26 17:00:00,43.301426334103205,17.234489440918082,0.034909450134032974
2050-08-26 18:00:00,43.30143522790851,16.346483230590934,0.11692799466983904
2050-08-26 19:00:00,43.30143645962026,15.525989532470817,0.1573974934998181
2050-08-26 20:00:00,43.30143668559924,15.015890121460075,0.1714094543618518
2050-08-26 21:00:00,43.30143676083951,14.68455028533947,0.18162823784129925
2050-08-26 22:00:00,43.30143685184087,14.470282554626579,0.19192845409328613
2050-08-26 23:00:00,43.30143682677171,14.32155799865734,0.19261465877170678
2050-08-27 00:00:00,43.30143664118577,14.198302268982047,0.1816837913599719
2050-08-27 01:00:00,43.301436711978496,14.00313758850109,0.18532591677478472
2050-08-27 02:00:00,43.3014370890032,13.82779693603527,0.20608111350493516
2050-08-27 03:00:00,43.30143749697783,13.604195594787711,0.22985229294770843
2050-08-27 04:00:00,43.30143791641855,13.413571357727164,0.25465806474945746
2050-08-27 05:00:00,43.301438130899626,13.38132190704357,0.25652770140372033
2050-08-27 06:00:00,43.301438161298215,13.590108871460075,0.24811113285605263
2050-08-27 07:00:00,43.301437976708335,13.99355506896984,0.23747483422498236
2050-08-27 08:00:00,43.30143762825077,14.666874885559196,0.19447556860171317
2050-08-27 09:00:00,43.30143590305394,15.600062370300407,0.11780815349042649
2050-08-27 10:00:00,43.30143133384063,16.66222190856945,0.05287590330420083
2050-08-27 11:00:00,43.30143384258348,16.734632492065543,0.08046299251817515
2050-08-27 12:00:00,43.3014330864924,17.05033111572277,0.07147074380836221
2050-08-27 13:00:00,43.30142358480028,18.151170730590934,0.026272209048096726
2050-08-27 14:00:00,43.30143697240965,16.965833663940543,0.16762871910038213
2050-08-27 15:00:00,43.30143009645349,17.48741722106945,0.04599277270679732
2050-08-27 16:00:00,43.30143580697878,16.878871917724723,0.1149598280905047
2050-08-27 17:00:00,43.3014359915655,16.62106513977062,0.12136001955772577
2050-08-27 18:00:00,43.30143756372663,15.904808044433707,0.19204030020033214
2050-08-27 19:00:00,43.3014373239047,15.179673194885368,0.17548472065440027
2050-08-27 20:00:00,43.30143724521749,14.812276840210075,0.1747806151677965
2050-08-27 21:00:00,43.301437070305056,14.509956359863395,0.1686115593411847
2050-08-27 22:00:00,43.30143648917832,14.230057716369743,0.14467799974320522
2050-08-27 23:00:00,43.30143626692964,14.006849288940543,0.13691020160623074
2050-08-28 00:00:00,43.30143668844028,13.785980224609489,0.15379351053584148
2050-08-28 01:00:00,43.30143770708961,13.473897933960075,0.21357597491255742
2050-08-28 02:00:00,43.30143798823732,13.350789070129508,0.23453786922594957
2050-08-28 03:00:00,43.30143784564815,13.290912628173942,0.212739641680525
2050-08-28 04:00:00,43.30143805304185,13.058273315429801,0.2135319953227885
2050-08-28 05:00:00,43.30143829592334,12.789732933044547,0.22217678392812837
2050-08-28 06:00:00,43.30143858749869,12.763005256652946,0.23917180502106453
2050-08-28 07:00:00,43.30143862997734,12.705672264099235,0.2675108278032448
2050-08-28 08:00:00,43.30143822592897,13.488333702087516,0.2161896130612036
2050-08-28 09:00:00,43.30143752934149,14.039311408996696,0.16764316051422368
2050-08-28 10:00:00,43.30143145253634,14.68194961547863,0.052726218989965275
2050-08-28 11:00:00,43.30143568445228,14.63275241851818,0.10495326385313579
2050-08-28 12:00:00,43.3014202963073,15.41422271728527,0.021047013801869408
2050-08-28 13:00:00,43.30142301832272,16.18032836914074,0.02462394174557369
2050-08-28 14:00:00,43.30143249714289,17.18419456481945,0.059780556595690704
2050-08-28 15:00:00,43.30143432283471,17.802200317382926,0.07884005118729961
2050-08-28 16:00:00,43.30143792581854,17.659372329712028,0.18968620134877812
2050-08-28 17:00:00,43.301438767971085,16.930597305297965,0.2565018038903173
2050-08-28 18:00:00,43.30143885770531,15.739544868469352,0.2811779482104853
2050-08-28 19:00:00,43.30143877191299,15.142858505249137,0.2633518204859303
2050-08-28 20:00:00,43.30143866363141,14.467094421386832,0.2513990528911204
2050-08-28 21:00:00,43.30143865328546,13.822907447815055,0.255532150746775
2050-08-28 22:00:00,43.301438536288856,13.396710395813102,0.247501899856625
2050-08-28 23:00:00,43.30143874424125,13.167724609375114,0.27271481299923195
2050-08-29 00:00:00,43.301438980335305,13.046274185180778,0.29258205478370186
2050-08-29 01:00:00,43.301438995420064,12.813797950744743,0.2925087759713794
2050-08-29 02:00:00,43.301439050629845,12.730282783508414,0.29322475342276383
2050-08-29 03:00:00,43.30143914345793,12.624949455261344,0.2947303246509965
2050-08-29 04:00:00,43.30143924479968,12.465995788574332,0.29659637261544064
2050-08-29 05:00:00,43.30143930250712,12.49974632263195,0.29798862989399216
2050-08-29 06:00:00,43.301439215543446,13.132862091064567,0.2815323840795797
2050-08-29 07:00:00,43.30143830698792,13.991735458374137,0.21072999231734188
2050-08-29 08:00:00,43.30143708305921,14.799614906311149,0.1405763276587934
2050-08-29 09:00:00,43.30143427943821,15.856391906738395,0.07687079333896095
2050-08-29 10:00:00,43.30143022514317,17.242263793945426,0.043228651094598135
2050-08-29 11:00:00,43.30142607796111,19.270584106445426,0.02935298461564011
2050-08-29 12:00:00,43.30142623410423,21.68000411987316,0.029700489261841715
2050-08-29 13:00:00,43.30142843942456,22.44480895996105,0.03564417541322568
2050-08-29 14:00:00,43.30143148264383,22.702903747558707,0.04966849530552315
2050-08-29 15:00:00,43.301434384688015,22.637845993042106,0.07809427953063915
2050-08-29 16:00:00,43.30143696905017,22.294237136840934,0.13994393349248832
2050-08-29 17:00:00,43.3014384302001,21.6105251312257,0.23109895974496356
2050-08-29 18:00:00,43.30143863306624,20.439228057861442,0.2746502560806548
2050-08-29 19:00:00,43.301438557356605,19.59482574462902,0.2695917969824055
2050-08-29 20:00:00,43.30143864612002,17.64113807678234,0.28298572885280354
2050-08-29 21:00:00,43.30143870603982,16.273019790649528,0.29317854941388666
2050-08-29 22:00:00,43.30143865094565,15.551064491272086,0.2925800069722957
2050-08-29 23:00:00,43.3014384902901,15.05161285400402,0.2822605406409612
2050-08-30 00:00:00,43.30143827998639,14.63087368011486,0.26959178471266815
2050-08-30 01:00:00,43.30143816401628,14.412591934204215,0.2587296953802971
2050-08-30 02:00:00,43.301438226964514,14.096037864685172,0.266494014493689
2050-08-30 03:00:00,43.30143830135767,13.630320549011344,0.2756995224203113
2050-08-30 04:00:00,43.30143844415781,13.228014945984,0.287634783139769
2050-08-30 05:00:00,43.30143844354078,12.968577384948844,0.28599170046350597
2050-08-30 06:00:00,43.30143805975989,14.111804008484,0.2433632913324504
2050-08-30 07:00:00,43.30143462551089,16.698190689087028,0.12008313907502016
2050-08-30 08:00:00,43.3014312545392,19.46973800659191,0.06522866589364787
2050-08-30 09:00:00,43.30142759101351,21.773830413818473,0.039904410807081826
2050-08-30 10:00:00,43.30142475462898,23.18150901794445,0.030360128122680716
2050-08-30 11:00:00,43.3014214332874,23.854141235351676,0.024059641166861292
2050-08-30 12:00:00,43.30141984382407,24.712232589721793,0.02183973152031788
2050-08-30 13:00:00,43.30142228497515,25.09031677246105,0.025470822091669114
2050-08-30 14:00:00,43.30143445409858,24.283025741577262,0.1131513207736746
2050-08-30 15:00:00,43.30143493270895,23.144268035888786,0.13165505802940053
2050-08-30 16:00:00,43.30143645400247,22.3302516937257,0.19411543702780035
2050-08-30 17:00:00,43.30143630392973,22.02190971374523,0.18298289948238652
2050-08-30 18:00:00,43.30143670409843,21.291036605835075,0.2009382781442749
2050-08-30 19:00:00,43.3014364177124,20.005357742309684,0.18595877913401665
2050-08-30 20:00:00,43.30143581037191,18.138422012329215,0.160717457809053
2050-08-30 21:00:00,43.301434850346,17.57130622863781,0.1295827944258951
2050-08-30 22:00:00,43.30143374626604,16.900703430175895,0.10322995912345252
2050-08-30 23:00:00,43.301434780300056,16.490722656250114,0.1339357751217207
2050-08-31 00:00:00,43.30143512194175,16.611993789672965,0.14875470053672754
2050-08-31 01:00:00,43.30143474061004,16.735252380371207,0.13504839332851143
2050-08-31 02:00:00,43.30143474778437,16.75107574462902,0.13387246698874034
2050-08-31 03:00:00,43.301435139896896,16.64232444763195,0.14733756300629616
2050-08-31 04:00:00,43.30143582465845,16.39739799499523,0.1780920822385386
2050-08-31 05:00:00,43.30143617422594,15.842314720153922,0.19619700185465144
2050-08-31 06:00:00,43.30143619359922,16.10648345947277,0.1916125220091002
2050-08-31 07:00:00,43.30141667865241,17.509120941162223,0.030639461263455205
2050-08-31 08:00:00,43.3014110075473,19.05087471008312,0.018947717005113617
2050-08-31 09:00:00,43.301405394592855,20.20458793640148,0.013536368490289077
2050-08-31 10:00:00,43.30140471214934,21.19288825988781,0.01313698886738969
2050-08-31 11:00:00,43.30139789839994,21.861707687378043,0.010461748921749033
2050-08-31 12:00:00,43.30139157837058,22.00852203369152,0.0088687708061623
2050-08-31 13:00:00,43.30139670503189,21.57160568237316,0.01008680072674225
2050-08-31 14:00:00,43.30141023199003,21.66895675659191,0.016666986237988204
2050-08-31 15:00:00,43.30140856952203,21.70261383056652,0.015043076464512193
2050-08-31 16:00:00,43.301415567357374,20.25949859619152,0.023129639906572918
2050-08-31 17:00:00,43.30141686922683,19.653043746948356,0.02526713296118453
2050-08-31 18:00:00,43.30141711581358,18.362646102905387,0.024843888049294386
2050-08-31 19:00:00,43.30141777778848,17.267890930175895,0.0258598563728276
2050-08-31 20:00:00,43.30141924959314,16.516569137573356,0.029383391050253928
2050-08-31 21:00:00,43.30142193099493,15.594738960266227,0.03769366615967977
2050-08-31 22:00:00,43.30142544377071,14.864171981811637,0.0521293381772337
2050-08-31 23:00:00,43.301430888302505,14.164977073669547,0.09593883583964231
2050-09-01 00:00:00,43.3014333500716,13.677330970764274,0.14252784861560114
2050-09-01 01:00:00,43.30143496748722,13.292201995849723,0.2001575046543427
2050-09-01 02:00:00,43.30143581647608,12.905235290527457,0.24922490364434363
2050-09-01 03:00:00,43.30143586153944,12.416854858398551,0.2379277327979356
2050-09-01 04:00:00,43.30143614481639,12.130963325500602,0.23660992822088547
2050-09-01 05:00:00,43.30143626828318,11.988513946533317,0.2286179786015605
2050-09-01 06:00:00,43.301435944128905,13.11263751983654,0.1931996721707756
2050-09-01 07:00:00,43.3014335384184,15.343513488769645,0.10739691671245269
2050-09-01 08:00:00,43.301427169564114,17.69604301452648,0.04623133832823212
2050-09-01 09:00:00,43.30141906607554,19.866001129150504,0.023601706150951862
2050-09-01 10:00:00,43.30141399041985,21.40818595886242,0.017737879123488974
2050-09-01 11:00:00,43.30139003543605,22.495565414428825,0.008405438270200512
2050-09-01 12:00:00,43.30138841447175,22.983882904052848,0.00811027034476321
2050-09-01 13:00:00,43.30140967370093,23.19674110412609,0.0146493739277997
2050-09-01 14:00:00,43.30141659707709,23.277994155883903,0.01991447337945314
2050-09-01 15:00:00,43.30142231255913,23.379829406738395,0.028758908519261023
2050-09-01 16:00:00,43.30142899361845,22.68570137023937,0.05387924465091402
2050-09-01 17:00:00,43.30143584096592,21.65592193603527,0.18682079764207143
2050-09-01 18:00:00,43.3014363878651,20.607503890991325,0.22259737310315436
2050-09-01 19:00:00,43.30143637394109,19.124845504760856,0.22221216741814326
2050-09-01 20:00:00,43.30143624767122,17.90695953369152,0.22195445369347608
2050-09-01 21:00:00,43.30143606390778,17.16770744323742,0.2139346226821611
2050-09-01 22:00:00,43.30143465533976,16.3083953857423,0.15002684814598388
2050-09-01 23:00:00,43.30143325459683,15.802377700805778,0.11349334774135075
2050-09-02 00:00:00,43.30143180737007,15.660519599914664,0.08869267034491118
2050-09-02 01:00:00,43.30142877356312,14.608493804931754,0.05492253883795472
2050-09-02 02:00:00,43.30142692152264,14.040621757507438,0.041137210846987994
2050-09-02 03:00:00,43.301426310721,13.773821830749625,0.03746392652197081
2050-09-02 04:00:00,43.30142862693328,13.364071846008414,0.04755840032566542
2050-09-02 05:00:00,43.3014316330793,12.884370803833121,0.0700161781309556
2050-09-02 06:00:00,43.30143350566894,13.611310005188102,0.09356295493697186
2050-09-02 07:00:00,43.30143156024235,16.10687637329113,0.06891452778461388
2050-09-02 08:00:00,43.30142675911265,18.950448989868278,0.03829443534769094
2050-09-02 09:00:00,43.301417936323794,20.98917388916027,0.02037538816512294
2050-09-02 10:00:00,43.30141208966446,22.393941879272575,0.015569898372601062
2050-09-02 11:00:00,43.30136628639364,23.977108001709098,0.005439722443804731
2050-09-02 12:00:00,43.30143003278813,24.070976257324332,0.05327716485103458
2050-09-02 13:00:00,43.30142766652333,24.08839035034191,0.04018403015131848
2050-09-02 14:00:00,43.30142078223981,24.517902374267692,0.0233101303993198
2050-09-02 15:00:00,43.30142796791027,24.627285003662223,0.04027051099572413
2050-09-02 16:00:00,43.30143245840481,24.343736648559684,0.07067498927092868
2050-09-02 17:00:00,43.30143634423988,23.585002899170036,0.1648483276943948
2050-09-02 18:00:00,43.3014373094957,22.24249076843273,0.23874674996855724
2050-09-02 19:00:00,43.30143727895977,21.308996200561637,0.2304228583706447
2050-09-02 20:00:00,43.30143705781528,19.84728050231945,0.21226719301539881
2050-09-02 21:00:00,43.30143694802827,19.279285430908317,0.20483382566395744
2050-09-02 22:00:00,43.30143723459627,19.048650741577262,0.2289290604668066
2050-09-02 23:00:00,43.30143730362131,17.7230682373048,0.2422544389619304
2050-09-03 00:00:00,43.30143750280266,16.7062225341798,0.2608331669759529
2050-09-03 01:00:00,43.30143765278201,16.225057601928825,0.27217217014409156
2050-09-03 02:00:00,43.30143794773018,15.967062950134391,0.291399518004131
2050-09-03 03:00:00,43.30143803799768,15.20770072937023,0.29242671516847163
2050-09-03 04:00:00,43.30143820606786,14.315218925476188,0.29494120601218266
2050-09-03 05:00:00,43.30143832692798,13.407144546508903,0.2969140380680495
2050-09-03 06:00:00,43.30143827241108,14.520102500915641,0.27432156622871684
2050-09-03 07:00:00,43.301436700872245,17.32691574096691,0.16663877034013888
2050-09-03 08:00:00,43.30143311854621,20.102140426635856,0.07939844920788412
2050-09-03 09:00:00,43.30142874713337,22.22885894775402,0.043845663188535486
2050-09-03 10:00:00,43.30142564059344,23.60054969787609,0.031935227866693054
2050-09-03 11:00:00,43.301423597222346,24.87963676452648,0.027175859071659012
2050-09-03 12:00:00,43.30142356340725,25.829374313354606,0.027060211942867424
2050-09-03 13:00:00,43.30142540607408,26.231962203979606,0.031108115835711252
2050-09-03 14:00:00,43.30142837669455,26.225402832031364,0.04117781246292324
2050-09-03 15:00:00,43.30143205277851,26.006488800048942,0.06637479519674332
2050-09-03 16:00:00,43.3014360580921,25.396512985229606,0.13812280169045232
2050-09-03 17:00:00,43.301436950956486,23.806035995483512,0.2029775545821053
2050-09-03 18:00:00,43.30143723952618,21.54178619384777,0.2260064276659804
2050-09-03 19:00:00,43.301436367842776,19.761861801147575,0.17044449819743587
2050-09-03 20:00:00,43.30143500290362,18.536588668823356,0.12409162046179958
2050-09-03 21:00:00,43.30143452546267,17.69534301757824,0.11292544923785118
2050-09-03 22:00:00,43.30143478697583,17.045612335205192,0.12422999046102538
2050-09-03 23:00:00,43.30143475563503,16.2759304046632,0.12544693544533808
2050-09-04 00:00:00,43.30143512953107,15.629860877990836,0.13709337118908735
2050-09-04 01:00:00,43.30143574884922,15.253594398498649,0.16305802131557726
2050-09-04 02:00:00,43.30143589079744,15.18859672546398,0.16731933456291495
2050-09-04 03:00:00,43.30143585287519,15.690175056457633,0.15942731229357557
2050-09-04 04:00:00,43.30143649136371,16.10872077941906,0.18145340423233933
2050-09-04 05:00:00,43.301437217903576,16.23208808898937,0.22119226152404012
2050-09-04 06:00:00,43.30143743360867,16.14688873291027,0.23513416441661308
2050-09-04 07:00:00,43.30143673292207,16.19484138488781,0.20035438076551312
2050-09-04 08:00:00,43.30143615281045,16.345943450927848,0.15916487619064973
2050-09-04 09:00:00,43.301428242546486,16.90057754516613,0.04514064775041067
2050-09-04 10:00:00,43.30142817645117,18.60505867004406,0.04512871489067988
2050-09-04 11:00:00,43.30142251337863,20.245809555053825,0.02660931394716427
2050-09-04 12:00:00,43.30142492408023,20.900043487548942,0.032495891771471566
2050-09-04 13:00:00,43.30142634591324,21.03695869445812,0.03720375134122012
2050-09-04 14:00:00,43.30142587969508,21.829616546630973,0.03497535360802805
2050-09-04 15:00:00,43.30143166180414,21.26132965087902,0.0699187846261696
2050-09-04 16:00:00,43.3014353891975,20.47904205322277,0.13049987464144083
2050-09-04 17:00:00,43.30143727985587,19.533788681030387,0.24741088458473384
2050-09-04 18:00:00,43.301437156851925,18.584207534790153,0.24492474145858892
2050-09-04 19:00:00,43.30143587018556,17.372112274170036,0.16824720808557633
2050-09-04 20:00:00,43.30143402585684,16.481559753418082,0.11531295891077964
2050-09-04 21:00:00,43.3014329402404,15.905150413513297,0.09445995149853843
2050-09-04 22:00:00,43.30143270488585,14.598629951477164,0.09582954260336422
2050-09-04 23:00:00,43.30143130898481,14.079485893249625,0.07737424918716394
2050-09-05 00:00:00,43.30142957291958,13.701574325561637,0.05753590341350138
2050-09-05 01:00:00,43.30142885702855,13.38491249084484,0.05085667371766636
2050-09-05 02:00:00,43.30142910570099,13.140765190124625,0.05183072233449643
2050-09-05 03:00:00,43.30142983782415,12.91275501251232,0.05640612886926326
2050-09-05 04:00:00,43.30143022703708,12.747737884521598,0.05737003984404941
2050-09-05 05:00:00,43.30142990497012,12.697051048278922,0.052503121777712936
2050-09-05 06:00:00,43.3014284637238,13.534637451171989,0.04380421958057494
2050-09-05 07:00:00,43.30142309717675,15.685528755188102,0.028909753383703298
2050-09-05 08:00:00,43.30142654260921,18.102806091308707,0.03829801042001152
2050-09-05 09:00:00,43.301423910218695,19.984594345092887,0.030217196266345964
2050-09-05 10:00:00,43.30143194187644,20.27415275573742,0.07333393758894674
2050-09-05 11:00:00,43.3014182873339,22.118831634521598,0.02060739947379584
2050-09-05 12:00:00,43.30142496171667,22.7025604248048,0.03224481401557714
2050-09-05 13:00:00,43.30142423444059,23.412488937378043,0.03016359668964205
2050-09-05 14:00:00,43.30143690432831,21.79315567016613,0.21793952545575085
2050-09-05 15:00:00,43.30143209588031,22.4569549560548,0.07202859419320135
2050-09-05 16:00:00,43.3014357154947,22.741098403930778,0.14151423149269454
2050-09-05 17:00:00,43.30143705674932,21.736680984497184,0.2241000278552445
2050-09-05 18:00:00,43.30143697684229,20.294870376587028,0.21929701035749655
2050-09-05 19:00:00,43.30143441627879,19.108549118042106,0.11131247385976605
2050-09-05 20:00:00,43.30142995945369,18.228107452392692,0.0519987011572566
2050-09-05 21:00:00,43.301429083084535,17.9756317138673,0.04609893047000303
2050-09-05 22:00:00,43.30142920872313,17.604330062866325,0.046448611083389595
2050-09-05 23:00:00,43.30143077120586,16.599313735962028,0.05827724538774152
2050-09-06 00:00:00,43.30143252317684,15.86409950256359,0.0784245527438343
2050-09-06 01:00:00,43.30143492811605,15.870174407959098,0.12963026232508934
2050-09-06 02:00:00,43.30143626935453,15.98541069030773,0.1832810086900984
2050-09-06 03:00:00,43.30143693650036,15.703543663025016,0.2209884080232552
2050-09-06 04:00:00,43.301437392866006,15.074579238891715,0.24766155586606034
2050-09-06 05:00:00,43.30143766252717,14.490356445312614,0.26658904870089073
2050-09-06 06:00:00,43.30143797317035,15.200224876403922,0.2825614735914879
2050-09-06 07:00:00,43.301437735905154,16.375331878662223,0.25907498303202464
2050-09-06 08:00:00,43.30143763889426,17.417577743530387,0.23804903419350024
2050-09-06 09:00:00,43.30143736934147,18.239978790283317,0.21018512725216432
2050-09-06 10:00:00,43.301437186625705,18.662136077880973,0.1954493998233527
2050-09-06 11:00:00,43.30143560042357,19.140895843505973,0.12967184643877647
2050-09-06 12:00:00,43.301427455369165,20.440975189209098,0.03711275589532585
2050-09-06 13:00:00,0.0251320654704396,22.39290809631359,4.842459651883104e-09
2050-09-06 14:00:00,43.301396977771375,23.354436874389762,0.009397331143269842
2050-09-06 15:00:00,43.30142069459735,23.450784683227653,0.02218031518338883
2050-09-06 16:00:00,43.3014333726244,22.780843734741325,0.07684665388730276
2050-09-06 17:00:00,43.301436726590055,21.80027008056652,0.1708288115219728
2050-09-06 18:00:00,43.30143773619076,20.535943984985465,0.23523721921503118
2050-09-06 19:00:00,43.301437469075225,19.516630172729606,0.20891169301987125
2050-09-06 20:00:00,43.30143775889282,18.812828063964957,0.23871313985676787
2050-09-06 21:00:00,43.30143817510325,18.32386398315441,0.2803276063273281
2050-09-06 22:00:00,43.30143829500488,17.82224273681652,0.29033681485837987
2050-09-06 23:00:00,43.30143827385022,17.35749435424816,0.28949600783332946
2050-09-07 00:00:00,43.301438277375546,17.220603942871207,0.2891510616023671
2050-09-07 01:00:00,43.30143829633479,17.226764678955192,0.28917756386282567
2050-09-07 02:00:00,43.301438329086736,17.227453231811637,0.28956865334051274
2050-09-07 03:00:00,43.301438364246,17.15607833862316,0.2901987869923337
2050-09-07 04:00:00,43.30143842009174,17.068801879882926,0.2914112975046648
2050-09-07 05:00:00,43.301438026810544,16.920593261718864,0.24842818544841563
2050-09-07 06:00:00,43.30143799563032,17.002660751342887,0.24067464162584057
2050-09-07 07:00:00,43.301436987214274,17.564706802368278,0.20365418062748802
2050-09-07 08:00:00,43.30143296068338,19.38957023620617,0.07737210032690461
2050-09-07 09:00:00,43.30142916655476,21.569892883300895,0.043471492308939
2050-09-07 10:00:00,43.30142501793424,23.8309841156007,0.029397245653882072
2050-09-07 11:00:00,43.30141940690061,25.42776679992687,0.020499332783750806
2050-09-07 12:00:00,43.30142243349774,26.261795043945426,0.02432954177549834
2050-09-07 13:00:00,43.30143086661433,26.52147483825695,0.05110725499765746
2050-09-07 14:00:00,43.30143604053224,25.941154479980582,0.13482276531526535
2050-09-07 15:00:00,43.30143674039341,25.78783988952648,0.1604541978174244
2050-09-07 16:00:00,43.30143684507558,25.793113708496207,0.1503034210475091
2050-09-07 17:00:00,43.301438111293216,24.484680175781364,0.24013668083713566
2050-09-07 18:00:00,43.30143864757884,22.95605850219738,0.2950568509923716
2050-09-07 19:00:00,43.301438663765154,21.91041183471691,0.29496686825348967
2050-09-07 20:00:00,43.30143859288175,21.08079338073742,0.2936023023054982
2050-09-07 21:00:00,43.30143854323302,20.32833290100109,0.2927414803025099
2050-09-07 22:00:00,43.301438517916665,19.465475082397575,0.2923511356606915
2050-09-07 23:00:00,43.30143848970867,18.758358001709098,0.29208157393959006
2050-09-08 00:00:00,43.30143848443672,18.161729812622184,0.2923592784999856
2050-09-08 01:00:00,43.3014384872864,17.649127960205192,0.2929340383945887
2050-09-08 02:00:00,43.30143837525569,17.204286575317496,0.2838945198483772
2050-09-08 03:00:00,43.3014382732494,16.85371589660656,0.272413232100085
2050-09-08 04:00:00,43.30143832605382,16.43414115905773,0.2694503139383796
2050-09-08 05:00:00,43.30143847398148,15.988854408264274,0.2844026683911243
2050-09-08 06:00:00,43.30143850768199,16.310445785522575,0.281643156042196
2050-09-08 07:00:00,43.301437185467215,18.073055267334098,0.18219280286225084
2050-09-08 08:00:00,43.30143521217783,20.712289810180778,0.10409545869415794
2050-09-08 09:00:00,43.30143226840373,23.1277370452882,0.06145343144819877
2050-09-08 10:00:00,43.30142954709167,24.987556457519645,0.0433883342719685
2050-09-08 11:00:00,43.30142778072321,26.40555000305187,0.03639562840544576
2050-09-08 12:00:00,43.301427419311786,27.384250640869254,0.035429542058135366
2050-09-08 13:00:00,43.30142886522056,27.868309020996207,0.04085451561649624
2050-09-08 14:00:00,43.30143127540977,28.092887878418082,0.0548567948422028
2050-09-08 15:00:00,43.30143392986927,27.734001159668082,0.08557737305831144
2050-09-08 16:00:00,43.30143630825327,27.03650283813488,0.15323064412722576
2050-09-08 17:00:00,43.30143724093017,25.920648574829215,0.23765105272716602
2050-09-08 18:00:00,43.30143763888295,24.344959259033317,0.2963975864745004
2050-09-08 19:00:00,43.30143752926861,23.009799957275504,0.2959452096929957
2050-09-08 20:00:00,43.30143710133583,22.04898262023937,0.2617006187577973
2050-09-08 21:00:00,43.30143669079887,21.333305358886832,0.23222315761658363
2050-09-08 22:00:00,43.30143708452192,20.779413223266715,0.29397359884041685
2050-09-08 23:00:00,43.301436637326574,20.11434936523449,0.25930478182893407
2050-09-09 00:00:00,43.30143610165435,19.500127792358512,0.21624454297656528
2050-09-09 01:00:00,43.301436137784194,18.856445312500114,0.23125869994615822
2050-09-09 02:00:00,43.30143598459944,18.175550460815543,0.22697244456650778
2050-09-09 03:00:00,43.30143574270532,17.593097686767692,0.20951315568288106
2050-09-09 04:00:00,43.30143566057552,17.024578094482536,0.20550768108224315
2050-09-09 05:00:00,43.30143517878379,16.441862106323356,0.1741280753846375
2050-09-09 06:00:00,43.301433764877565,16.55446815490734,0.11596612492797416
2050-09-09 07:00:00,19.99018074492069,18.131523132324332,1.1086446840161514e-08
2050-09-09 08:00:00,19.99016922399033,20.634250640869254,8.754691086845815e-09
2050-09-09 09:00:00,19.99015197885026,22.70607948303234,8.265044797138803e-09
2050-09-09 10:00:00,0.025134875266877,24.977418899536246,4.7912018237332464e-09
2050-09-09 11:00:00,0.0250878376324345,26.675680160522575,4.8537381574521116e-09
2050-09-09 12:00:00,0.0248737237879752,27.987178802490348,4.868467729211453e-09
2050-09-09 13:00:00,0.0250979841895342,28.984607696533317,4.863071757261389e-09
2050-09-09 14:00:00,0.0251196872097257,29.497764587402457,4.822022189430509e-09
2050-09-09 15:00:00,19.99016998088114,29.29107475280773,8.833347014956102e-09
2050-09-09 16:00:00,0.0251062628597433,28.559930801391715,4.898111038232598e-09
2050-09-09 17:00:00,0.0251055927243551,27.32541656494152,4.922416171981179e-09
2050-09-09 18:00:00,0.0251078091687303,25.71006584167492,4.904930935638611e-09
2050-09-09 19:00:00,19.99017796030118,24.44781303405773,9.494321475566667e-09
2050-09-09 20:00:00,19.991744595804125,23.586692810058707,1.5886962303138338e-08
2050-09-09 21:00:00,20.035642398682324,23.11262702941906,1.8250778633485603e-08
2050-09-09 22:00:00,19.990154088694897,22.721990585327262,8.191480369352673e-09
2050-09-09 23:00:00,19.99019284078969,21.62827873229992,1.4785049664938713e-08
2050-09-10 00:00:00,20.03403582588041,20.85560798645031,2.004947959439346e-08
2050-09-10 01:00:00,20.03563810871805,20.357400894165153,2.044206621066376e-08
2050-09-10 02:00:00,19.99036604386163,19.74232101440441,1.9014300571108723e-08
2050-09-10 03:00:00,19.990244394922925,19.181446075439567,1.7933850355619794e-08
2050-09-10 04:00:00,19.99025012042009,18.85862541198742,1.657632314394423e-08
2050-09-10 05:00:00,19.99029960656576,18.589492797851676,1.545418143580883e-08
2050-09-10 06:00:00,19.990212385456417,18.8823757171632,1.373767874499552e-08
2050-09-10 07:00:00,0.0569221966064165,20.354166030883903,8.5484219601879e-09
2050-09-10 08:00:00,0.0252543367915374,22.262853622436637,7.2416632790889235e-09
2050-09-10 09:00:00,0.025175957673872,24.503301620483512,5.24819485095349e-09
2050-09-10 10:00:00,0.0251733975072322,26.35752868652355,5.1462567119469325e-09
2050-09-10 11:00:00,0.0251144904796699,26.875726699829215,4.792883408932378e-09
2050-09-10 12:00:00,0.0244651660640785,26.591043472290153,4.636952736756949e-09
2050-09-10 13:00:00,0.0251049737665883,26.056743621826286,4.786628089858983e-09
2050-09-10 14:00:00,0.0251728029000676,24.99292373657238,5.292477880113889e-09
2050-09-10 15:00:00,0.0251224929741154,24.39004516601574,4.837671435075824e-09
2050-09-10 16:00:00,0.0251052285400829,23.896268844604606,4.8269896024360634e-09
2050-09-10 17:00:00,0.0251098579594465,22.056852340698356,4.7886207673191865e-09
2050-09-10 18:00:00,0.0251092729946872,20.575466156005973,4.787692551959751e-09
2050-09-10 19:00:00,0.0251190665785706,20.483005523681754,4.797689766138585e-09
2050-09-10 20:00:00,0.0251104868629553,20.359178543090934,4.788217487416785e-09
2050-09-10 21:00:00,0.0251050262117718,20.236852645874137,4.768562211004308e-09
2050-09-10 22:00:00,0.0251036677284124,20.104318618774528,4.740188704141292e-09
2050-09-10 23:00:00,0.0251039738669492,19.9055690765382,4.747198242777914e-09
2050-09-11 00:00:00,0.0251039049166721,19.85811042785656,4.744031755179539e-09
2050-09-11 01:00:00,0.0251034735669425,19.743938446045036,4.731028367454887e-09
2050-09-11 02:00:00,0.0251034612399161,19.618890762329215,4.727556500324153e-09
2050-09-11 03:00:00,0.0251043616740968,19.587055206298942,4.75252067722384e-09
2050-09-11 04:00:00,0.0251062106543738,19.595119476318473,4.784538650165904e-09
2050-09-11 05:00:00,0.0251059801475255,19.461385726928825,4.803571421329933e-09
2050-09-11 06:00:00,0.0252811492468262,19.61207199096691,6.310027243665171e-09
2050-09-11 07:00:00,0.0253673285328861,20.407749176025504,6.883140050943724e-09
2050-09-11 08:00:00,0.0571386998862089,20.515157699585075,8.956293779283192e-09
2050-09-11 09:00:00,0.0571894395785848,20.31965827941906,1.4175404039021073e-08
2050-09-11 10:00:00,0.0571881072137011,20.336648941040153,1.020796309479744e-08
2050-09-11 11:00:00,0.0253535892940308,22.66879463195812,5.145258996105863e-09
2050-09-11 12:00:00,0.0253557797924408,24.464538574218864,5.179753518145675e-09
2050-09-11 13:00:00,0.0253531717123009,25.56369018554699,5.1085300784066416e-09
2050-09-11 14:00:00,0.025105098578764,27.855407714843864,4.783248746074938e-09
2050-09-11 15:00:00,0.025097226817877,27.842861175537223,4.733905461634044e-09
2050-09-11 16:00:00,0.0251014227352302,26.580404281616325,4.6380159610018595e-09
2050-09-11 17:00:00,0.0251041233778394,25.54795837402355,4.779841382710973e-09
2050-09-11 18:00:00,0.0251094692712215,24.609428405761832,4.792636345497107e-09
2050-09-11 19:00:00,0.0251190875004714,23.10299873352062,4.783394531416789e-09
2050-09-11 20:00:00,0.0253648152552421,22.666864395141715,5.132412382769347e-09
2050-09-11 21:00:00,0.0254084908853448,22.47955703735363,6.744728257382436e-09
2050-09-11 22:00:00,0.0254462497689782,22.11087036132824,6.76093462004728e-09
2050-09-11 23:00:00,0.0262012538737256,21.779678344726676,7.842164052739416e-09
2050-09-12 00:00:00,0.0270520691087413,21.394353866577262,1.0035499958581322e-08
2050-09-12 01:00:00,0.0585675831477731,21.17801094055187,1.1503664993914377e-08
2050-09-12 02:00:00,19.990356082291992,20.960075378418082,1.877056693993276e-08
2050-09-12 03:00:00,43.30135499637042,20.49068641662609,0.012355031597051279
2050-09-12 04:00:00,43.30141925864115,19.852167129516715,0.057515491859872286
2050-09-12 05:00:00,43.30142769061273,19.554445266723746,0.11415219447387685
2050-09-12 06:00:00,43.301428844514845,19.624580383300895,0.12695570891220825
2050-09-12 07:00:00,43.30142554806992,20.73777580261242,0.07049866342291301
2050-09-12 08:00:00,43.30142479680075,21.79607963562023,0.06168898646574003
2050-09-12 09:00:00,43.30142744658488,21.849157333374137,0.087578930613672
2050-09-12 10:00:00,43.30142952524954,22.406455993652457,0.13004547888169096
2050-09-12 11:00:00,43.30142331710356,23.314956665039176,0.04972851379614219
2050-09-12 12:00:00,43.301430158917775,23.03304481506359,0.1531995337582413
2050-09-12 13:00:00,43.30142361334387,23.696193695068473,0.050472854847757355
2050-09-12 14:00:00,43.301425442064016,23.892219543457145,0.06431501772829411
2050-09-12 15:00:00,43.30142800644375,23.905097961425895,0.09711226633490819
2050-09-12 16:00:00,43.30142985907988,23.64644050598156,0.1424922375662692
2050-09-12 17:00:00,43.30143105292962,23.091650009155387,0.2030505217596087
2050-09-12 18:00:00,43.30143144334501,22.203304290771598,0.23615617225238816
2050-09-12 19:00:00,43.3014314036968,21.609916687011832,0.2378879878323603
2050-09-12 20:00:00,43.30143139084471,21.24759674072277,0.2419734709071959
2050-09-12 21:00:00,43.30143147259211,20.988275527954215,0.26247287162317484
2050-09-12 22:00:00,43.301431262023975,20.816289901733512,0.24655208499761572
2050-09-12 23:00:00,43.30143117311341,20.492742538452262,0.24301645239887595
2050-09-13 00:00:00,43.30143113853261,20.170412063598746,0.24842336066210677
2050-09-13 01:00:00,43.30143093579152,20.09137344360363,0.2348262524244301
2050-09-13 02:00:00,43.30143103713925,19.942214965820426,0.2480669766036986
2050-09-13 03:00:00,43.301431237392855,19.90182495117199,0.2708013836389811
2050-09-13 04:00:00,43.30143129234166,19.943136215210075,0.2726626899017331
2050-09-13 05:00:00,43.30143108121958,19.888759613037223,0.25003951625131765
2050-09-13 06:00:00,43.30143052273333,19.827949523925895,0.1990472771208593
2050-09-13 07:00:00,0.110017422024486,20.084724426269645,2.0238702881516877e-08
2050-09-13 08:00:00,0.1100151276795552,20.83248901367199,1.1307760660306472e-08
2050-09-13 09:00:00,0.0681567023402283,21.482583999633903,6.530122449954842e-09
2050-09-13 10:00:00,0.0681581572488394,22.006036758422965,6.818488985237795e-09
2050-09-13 11:00:00,0.0681564630523713,22.68372726440441,6.374521004634955e-09
2050-09-13 12:00:00,0.0681479307214392,23.289203643798942,4.984543702925724e-09
2050-09-13 13:00:00,0.0681485184983076,23.869709014892692,5.012613857618945e-09
2050-09-13 14:00:00,0.0681555761804639,23.857997894287223,6.140040381644122e-09
2050-09-13 15:00:00,0.0681521316228329,23.910253524780387,5.3241995152297485e-09
2050-09-13 16:00:00,0.0681534257340852,23.66576957702648,5.52657094479115e-09
2050-09-13 17:00:00,0.068158052719389,23.18356323242199,6.73977821439703e-09
2050-09-13 18:00:00,0.0681626704961461,22.439710617065543,7.875291016297277e-09
2050-09-13 19:00:00,0.0681614012308003,21.9153289794923,7.850927828487252e-09
2050-09-13 20:00:00,0.0681609442508686,21.627544403076286,7.986823973757315e-09
2050-09-13 21:00:00,0.0681691228712361,21.275135040283317,9.01498436229954e-09
2050-09-13 22:00:00,0.0681609685312605,20.87058830261242,8.011805271974861e-09
2050-09-13 23:00:00,0.0681632614819902,20.293632507324332,8.977669586893682e-09
2050-09-14 00:00:00,0.0681943571395507,19.743192672729606,1.2110303492363682e-08
2050-09-14 01:00:00,0.068385627199923,19.270215988159293,1.344034776824853e-08
2050-09-14 02:00:00,0.0681620498384265,18.850517272949332,8.618574569181043e-09
2050-09-14 03:00:00,0.0681589704732909,18.4513397216798,6.915295940570826e-09
2050-09-14 04:00:00,0.0681590023791033,18.043066024780387,6.8107007379327975e-09
2050-09-14 05:00:00,0.0680918861428907,17.687059402465934,4.818154304552462e-09
2050-09-14 06:00:00,0.0251066522594917,17.516855239868278,5.020802941182286e-09
2050-09-14 07:00:00,0.025104570108069,17.634740829467887,4.9306230057215175e-09
2050-09-14 08:00:00,0.0251020616766558,18.0292205810548,4.3860619669481146e-09
2050-09-14 09:00:00,0.025097662791199,18.69197273254406,4.54461009660588e-09
2050-09-14 10:00:00,0.0251052194438264,19.395648956298942,5.0188585128474505e-09
2050-09-14 11:00:00,0.0251046375668006,20.08284950256359,5.013491295437521e-09
2050-09-14 12:00:00,0.0251060311034856,20.89100837707531,5.0428399679255e-09
2050-09-14 13:00:00,0.0681692213159302,21.767810821533317,5.2618405851687805e-09
2050-09-14 14:00:00,43.301384224655855,22.189439773559684,0.013586902209075323
2050-09-14 15:00:00,43.3013971840238,22.642557144165153,0.019589749452017094
2050-09-14 16:00:00,43.301402967771686,23.088068008422965,0.024778611444878407
2050-09-14 17:00:00,43.30142461994335,22.577835083007926,0.11929225755036517
2050-09-14 18:00:00,43.30142722196343,21.181545257568473,0.19039937934002754
2050-09-14 19:00:00,43.30142668733036,20.51874923706066,0.17261505433242066
2050-09-14 20:00:00,43.30142567287599,20.106739044189567,0.15077476627037614
2050-09-14 21:00:00,43.30142483989742,19.3822536468507,0.13592935323713698
2050-09-14 22:00:00,43.30142188732953,18.80899810791027,0.09688504459628533
2050-09-14 23:00:00,43.30142163891621,18.299312591552848,0.09750995048176452
2050-09-15 00:00:00,43.301421784278006,17.863273620605582,0.10250687376347005
2050-09-15 01:00:00,43.30142185227687,17.463083267212028,0.10528818129582489
2050-09-15 02:00:00,43.301423938989934,17.095804214477653,0.13573258779464803
2050-09-15 03:00:00,43.30142538160176,16.811716079712028,0.1633422620245526
2050-09-15 04:00:00,43.30142665775605,16.613254547119254,0.1872217159549757
2050-09-15 05:00:00,43.3014276083139,16.388929367065543,0.22649961191690354
2050-09-15 06:00:00,43.30142817548253,16.337360382080192,0.2682009499342015
2050-09-15 07:00:00,0.0578322626818271,16.847635269165153,2.1890695942191715e-08
2050-09-15 08:00:00,0.0578307065152726,17.651937484741325,1.1292790945975342e-08
2050-09-15 09:00:00,0.0577210630943714,18.626173019409293,8.119673901877476e-09
2050-09-15 10:00:00,0.0258920676563677,20.113155364990348,6.843255576607302e-09
2050-09-15 11:00:00,0.0258880157513973,23.237771987915153,6.375447653760411e-09
2050-09-15 12:00:00,0.0258856956045831,24.75125122070324,6.042186900597595e-09
2050-09-15 13:00:00,0.025880106783447,25.157920837402457,5.483860761610819e-09
2050-09-15 14:00:00,0.0251724123098876,25.3905487060548,4.6813492035009314e-09
2050-09-15 15:00:00,0.0251067742185378,25.404859542846793,4.762542586261683e-09
2050-09-15 16:00:00,0.0258793480056011,24.551258087158317,5.4591966547531826e-09
2050-09-15 17:00:00,0.0258839896211053,23.099113464355582,6.035593153799527e-09
2050-09-15 18:00:00,0.0258768776456314,21.48140144348156,5.2802250670521825e-09
2050-09-15 19:00:00,0.0251218806143551,20.367851257324332,4.726774870393454e-09
2050-09-15 20:00:00,0.0251044332653786,20.040163040161246,4.70720004582089e-09
2050-09-15 21:00:00,0.0251035880994576,20.040107727050895,4.691088835988054e-09
2050-09-15 22:00:00,0.0251034610643669,19.95913887023937,4.693585805102276e-09
2050-09-15 23:00:00,0.0251034090929405,19.69433403015148,4.696817350628522e-09
2050-09-16 00:00:00,0.0251033944947575,19.389471054077262,4.699126146642627e-09
2050-09-16 01:00:00,0.0251033932352049,18.9983367919923,4.699684399730091e-09
2050-09-16 02:00:00,0.025103397644096,18.596206665039176,4.697346113795846e-09
2050-09-16 03:00:00,0.0251036403281442,18.122322082519645,4.696380388357937e-09
2050-09-16 04:00:00,0.0251051576726532,17.652566909790153,4.704383782971554e-09
2050-09-16 05:00:00,0.025227061776822,17.19001388549816,4.707656049806335e-09
2050-09-16 06:00:00,0.0258748362892011,17.00234413146984,5.242920035520745e-09
2050-09-16 07:00:00,0.0251300179857764,17.839132308960075,4.7326454551866875e-09
2050-09-16 08:00:00,0.0251130102118755,19.297687530517692,4.718648031323815e-09
2050-09-16 09:00:00,0.0244605647118278,20.819377899170036,4.687589157001148e-09
2050-09-16 10:00:00,0.0248730955094089,22.378040313720817,4.70566527299147e-09
2050-09-16 11:00:00,0.0244549603244423,23.920236587524528,4.6659802451537495e-09
2050-09-16 12:00:00,0.0244565254545967,25.057632446289176,4.687746440135618e-09
2050-09-16 13:00:00,0.0244567550145027,25.753292083740348,4.689604652013529e-09
2050-09-16 14:00:00,0.0244677268105642,26.25422859191906,4.709454985502771e-09
2050-09-16 15:00:00,0.0250970610005985,26.108404159546012,4.73180509093753e-09
2050-09-16 16:00:00,0.0258608572309486,25.403734207153434,4.862315382783177e-09
2050-09-16 17:00:00,0.0259779524852294,24.576740264892692,7.206663613782343e-09
2050-09-16 18:00:00,0.0263370061069687,23.348154067993278,8.960506713544978e-09
2050-09-16 19:00:00,0.0260356224734456,22.54403877258312,9.05289226535539e-09
2050-09-16 20:00:00,0.0260025144726865,21.70465469360363,8.328075524056839e-09
2050-09-16 21:00:00,0.0260109904591761,21.21901130676281,8.098443101419385e-09
2050-09-16 22:00:00,0.0259098465166559,20.92164802551281,5.93098471711634e-09
2050-09-16 23:00:00,0.0259180078968459,20.39955329895031,6.841964473782111e-09
2050-09-17 00:00:00,0.0260066697108741,19.5980682373048,8.589272984098943e-09
2050-09-17 01:00:00,0.0259315410764968,18.988439559936637,7.432251925399219e-09
2050-09-17 02:00:00,0.0259113907509349,18.450357437133903,6.159267370965028e-09
2050-09-17 03:00:00,0.0259074771172723,17.926593780517692,5.615227711735654e-09
2050-09-17 04:00:00,0.025907261313144,17.485874176025504,5.515344857919828e-09
2050-09-17 05:00:00,0.0258982153411218,17.025405883789176,5.098352125833803e-09
2050-09-17 06:00:00,0.0259000107654452,16.817857742309684,5.195197932893826e-09
2050-09-17 07:00:00,0.0251632389443024,17.6652069091798,5.293702289530711e-09
2050-09-17 08:00:00,0.025155790346097,19.04554367065441,5.0502682406917895e-09
2050-09-17 09:00:00,0.0250979055449133,20.604671478271598,4.815426186988827e-09
2050-09-17 10:00:00,0.02445682273691,22.30291557312023,4.686214613126342e-09
2050-09-17 11:00:00,0.0244560744416797,23.765748977661246,4.677397546601755e-09
2050-09-17 12:00:00,0.0244541442751877,25.075841903686637,4.654096429460986e-09
2050-09-17 13:00:00,0.0244539584026176,25.873617172241325,4.6437735915119506e-09
2050-09-17 14:00:00,0.0244550267956578,26.102666854858512,4.64628743476085e-09
2050-09-17 15:00:00,0.0244595883499383,26.022230148315543,4.668281878134629e-09
2050-09-17 16:00:00,0.0250961387237278,25.2756862640382,4.7683032079624314e-09
2050-09-17 17:00:00,0.0251030683827553,24.396871566772575,4.795694111500959e-09
2050-09-17 18:00:00,0.0251037206663375,23.314434051513786,4.7672095638486996e-09
2050-09-17 19:00:00,0.0251032721966476,22.369174957275504,4.771890814153785e-09
2050-09-17 20:00:00,0.0251033248088883,21.55172920227062,4.782484161259401e-09
2050-09-17 21:00:00,0.025103811024422,20.941989898681754,4.793223387332754e-09
2050-09-17 22:00:00,0.0251037213437359,20.341621398925895,4.796650990673774e-09
2050-09-17 23:00:00,0.0251038176622948,19.610530853271598,4.798144133494093e-09
2050-09-18 00:00:00,0.0251035406950109,18.793458938598746,4.793177636274966e-09
2050-09-18 01:00:00,0.0251039873560719,18.171020507812614,4.798161686502875e-09
2050-09-18 02:00:00,0.0251043324124358,17.555984497070426,4.805872971909538e-09
2050-09-18 03:00:00,0.0251064728973305,16.991966247558707,4.841727886895308e-09
2050-09-18 04:00:00,0.0251720866602652,16.46073150634777,5.240119733670712e-09
2050-09-18 05:00:00,0.0252058126980895,15.83083820343029,5.922246745091522e-09
2050-09-18 06:00:00,17.997467187066256,15.582688331604118,1.4081315383653505e-08
2050-09-18 07:00:00,22.24661924197402,16.58270645141613,1.945975104974574e-08
2050-09-18 08:00:00,19.99027253957249,18.310234069824332,1.5456813306462404e-08
2050-09-18 09:00:00,17.998831889773584,20.357633590698356,1.2106917263089025e-08
2050-09-18 10:00:00,17.998830185431583,22.283258438110465,1.0637194028876726e-08
2050-09-18 11:00:00,17.998825635582392,23.79055786132824,8.730625916733475e-09
2050-09-18 12:00:00,0.0251086126530672,24.76066398620617,4.876843320910802e-09
2050-09-18 13:00:00,0.025123037548687,25.230829238891715,4.785317810454006e-09
2050-09-18 14:00:00,18.385116548504627,25.272327423095817,8.278532147549006e-09
2050-09-18 15:00:00,18.779696021451198,24.60520172119152,8.868498280573227e-09
2050-09-18 16:00:00,19.18272952208168,23.6069793701173,8.800979311869647e-09
2050-09-18 17:00:00,20.89361924817884,21.255062103271598,1.1468412331056534e-08
2050-09-18 18:00:00,25.8204577585362,19.64183616638195,2.2334307781296638e-08
2050-09-18 19:00:00,25.82047678404907,18.45541381835949,2.928808305482159e-08
2050-09-18 20:00:00,25.82047965906664,17.402330398559684,3.3341404096929544e-08
2050-09-18 21:00:00,25.820476542395216,16.750162124633903,3.052016659712195e-08
2050-09-18 22:00:00,20.89364007323019,15.981945991516227,1.4775011929374979e-08
2050-09-18 23:00:00,20.893646829804336,15.591597557067985,1.7582298167596153e-08
2050-09-19 00:00:00,20.893644267427483,14.884951591491813,1.7066712208738922e-08
2050-09-19 01:00:00,20.89364030777324,14.762291908264274,1.515632220403674e-08
2050-09-19 02:00:00,20.893643473988188,14.380980491638297,1.5125119780003097e-08
2050-09-19 03:00:00,20.89366127630523,13.9217405319215,1.518922882619411e-08
2050-09-19 04:00:00,20.896945143065043,13.615530967712516,1.5604198434387915e-08
2050-09-19 05:00:00,24.217235235432515,12.7999143600465,1.9795305184011695e-08
2050-09-19 06:00:00,25.820480622897385,12.184686660766715,2.4337170870261538e-08
2050-09-19 07:00:00,25.820470368027184,12.27964305877697,2.526504536131819e-08
2050-09-19 08:00:00,25.820456521178247,12.83047962188732,1.92552504671144e-08
2050-09-19 09:00:00,20.9050352977439,13.89183616638195,1.2031607993945917e-08
2050-09-19 10:00:00,0.0251639230210306,15.099483489990348,4.779306647011632e-09
2050-09-19 11:00:00,0.0251067731313414,16.001644134521598,4.76369579600504e-09
2050-09-19 12:00:00,0.0251052321408686,16.72610473632824,4.735419034718062e-09
2050-09-19 13:00:00,0.0245113045634446,17.03992843627941,4.692864089617014e-09
2050-09-19 14:00:00,0.0244638555573671,16.93515205383312,4.563731983772231e-09
2050-09-19 15:00:00,0.0246635660710014,16.536884307861442,4.588487572779028e-09
2050-09-19 16:00:00,0.0251077382886171,15.665705680847282,4.703067719812276e-09
2050-09-19 17:00:00,0.0251067769556563,14.354253768921012,4.709444675773596e-09
2050-09-19 18:00:00,0.0251079122965047,13.0232448577882,4.693104467490514e-09
2050-09-19 19:00:00,0.0251072337302862,12.221961021423454,4.69981162059643e-09
2050-09-19 20:00:00,0.0251056710570536,11.645545005798454,4.684191962641997e-09
2050-09-19 21:00:00,0.0251049895347797,11.140139579773063,4.661078883077529e-09
2050-09-19 22:00:00,0.0251110413934357,10.67651462554943,4.737991344611708e-09
2050-09-19 23:00:00,0.02510761881564,10.254892349243278,4.747600375403989e-09
2050-09-20 00:00:00,0.0251094385211402,9.847251892089957,4.78576352258306e-09
2050-09-20 01:00:00,20.893627478486977,9.415052413940543,9.231763267820013e-09
2050-09-20 02:00:00,20.93273509243908,9.018776893615836,1.331215847436883e-08
2050-09-20 03:00:00,20.934501144439384,8.737813949585075,1.6013936726964726e-08
2050-09-20 04:00:00,20.9361711889336,8.452010154724235,1.667827617614805e-08
2050-09-20 05:00:00,43.30141043341163,8.198099136352653,0.03515084883920246
2050-09-20 06:00:00,43.30142681087637,8.124606132507438,0.0900461747860345
2050-09-20 07:00:00,43.301420682826816,9.615525245666618,0.04150222964430232
2050-09-20 08:00:00,43.30142718110035,10.695283889770621,0.0779548366208252
2050-09-20 09:00:00,43.30142378603826,11.641186714172477,0.04935528728069243
2050-09-20 10:00:00,43.30142364191615,12.697702407837028,0.046437962968781686
2050-09-20 11:00:00,43.30138602367163,13.625973701477164,0.008034259006278428
2050-09-20 12:00:00,43.30142549233109,11.900347709655875,0.05075710183630224
2050-09-20 13:00:00,43.301428301235255,11.290457725525016,0.06956466652046212
2050-09-20 14:00:00,43.30142980744949,10.707957267761344,0.08503928671147007
2050-09-20 15:00:00,43.301420365660825,12.050260543823356,0.027325719087899925
2050-09-20 16:00:00,43.30143166977138,12.058311462402457,0.10514888377793682
2050-09-20 17:00:00,43.301434239809,11.518864631652946,0.18876553717704936
2050-09-20 18:00:00,43.3014347658067,11.13455963134777,0.2083634673683727
2050-09-20 19:00:00,43.30143522750557,10.814047813415641,0.23288749795239436
2050-09-20 20:00:00,43.30143574381102,10.586169242859,0.27370919433928603
2050-09-20 21:00:00,43.30143596628265,10.50746059417736,0.2890694116371317
2050-09-20 22:00:00,43.301435986041206,10.56475639343273,0.28689905569740953
2050-09-20 23:00:00,43.30143608266321,10.622958183288688,0.286080952962553
2050-09-21 00:00:00,43.30143622536968,10.85505294799816,0.28603600378897753
2050-09-21 01:00:00,43.30143634879791,10.898878097534293,0.2859822764719733
2050-09-21 02:00:00,43.30143646046221,10.960950851440543,0.28597981913309123
2050-09-21 03:00:00,43.3014366050893,10.703670501709098,0.2867327144550885
2050-09-21 04:00:00,43.30143678907255,10.430554389953727,0.2883699435276954
2050-09-21 05:00:00,43.30143681950602,9.950813293457145,0.27906389263301346
2050-09-21 06:00:00,43.30143662621809,9.792294502258414,0.24788044083001667
2050-09-21 07:00:00,43.3014351385391,9.662248611450309,0.1596292221404248
2050-09-21 08:00:00,43.3014320940741,10.543234825134391,0.08018814885381413
2050-09-21 09:00:00,43.30142924881746,11.44525241851818,0.0489476097037722
2050-09-21 10:00:00,43.30142468428718,12.085651397705192,0.030746917248692836
2050-09-21 11:00:00,43.30142173428915,12.767050743103141,0.02432499288663666
2050-09-21 12:00:00,43.30141829348109,14.954570770263786,0.019944648153834635
2050-09-21 13:00:00,43.301421160442416,16.089361190796012,0.023239881669302603
2050-09-21 14:00:00,43.30143014284883,16.06048965454113,0.04993154486494083
2050-09-21 15:00:00,43.3014318319969,15.985432624817008,0.061198378044779095
2050-09-21 16:00:00,43.30143741503803,14.921527862548942,0.20919706095577678
2050-09-21 17:00:00,43.30143793127746,14.346367835998649,0.23698168222366042
2050-09-21 18:00:00,43.30143847386967,13.182452201843375,0.294979058310232
2050-09-21 19:00:00,43.30143846588493,12.06653213500988,0.2930128904810569
2050-09-21 20:00:00,43.301438467122,11.096780776977653,0.29128032297316236
2050-09-21 21:00:00,43.30143863679709,10.514721870422477,0.29278167251019693
2050-09-21 22:00:00,43.30143843679905,10.006846427917594,0.27371260743232134
2050-09-21 23:00:00,43.30143834939664,9.773580551147575,0.2556087432102153
2050-09-22 00:00:00,43.30143814392223,9.906543731689567,0.23047543931157594
2050-09-22 01:00:00,43.30143829953953,10.408245086670036,0.23111789234369773
2050-09-22 02:00:00,43.301438440614426,10.990559577942008,0.23336703267363357
2050-09-22 03:00:00,43.30143872669832,11.228439331054801,0.24787457625338288
2050-09-22 04:00:00,43.30143911110064,11.398028373718375,0.2660955990700943
2050-09-22 05:00:00,43.30143933861055,11.228645324707145,0.27452004274329384
2050-09-22 06:00:00,43.30143946366473,11.410558700561637,0.27216713216672866
2050-09-22 07:00:00,43.3014393968055,11.776931762695426,0.264692750360668
2050-09-22 08:00:00,43.30143894878531,12.616992950439567,0.19425348593592165
2050-09-22 09:00:00,43.30143891160738,13.201601982116813,0.18259678203354454
2050-09-22 10:00:00,43.30143884708612,13.65959453582775,0.1754634413739307
2050-09-22 11:00:00,43.30143818808039,14.426873207092399,0.13353546947602965
2050-09-22 12:00:00,43.301439095730274,14.54604530334484,0.1870238430612993
2050-09-22 13:00:00,43.30143957129638,14.633988380432243,0.22558308937668184
2050-09-22 14:00:00,43.30143965800193,15.065806388855094,0.2279249804661628
2050-09-22 15:00:00,43.30144001885002,14.921455383300895,0.26329391281027964
2050-09-22 16:00:00,43.30144010875108,13.597881317138786,0.2854307349980855
2050-09-22 17:00:00,43.30144019327849,12.890399932861442,0.28708385190942115
2050-09-22 18:00:00,43.301440351072,12.040060043335075,0.2996661553709422
2050-09-22 19:00:00,43.30144037015444,11.881983757019157,0.29929537040085935
2050-09-22 20:00:00,43.30144036794165,11.77076339721691,0.2985895326067341
2050-09-22 21:00:00,43.30144035313928,11.553727149963493,0.29774021883252005
2050-09-22 22:00:00,43.30144035328743,11.385478973388786,0.29722406485803127
2050-09-22 23:00:00,43.301440366519365,11.224883079528922,0.29703355741460125
2050-09-23 00:00:00,43.30144039271201,11.205451965332145,0.29715915128224873
2050-09-23 01:00:00,43.301440434566274,10.966818809509391,0.2975956063070347
2050-09-23 02:00:00,43.30144047215639,10.838160514831657,0.2980246715943888
2050-09-23 03:00:00,43.30144052907159,10.867048263549918,0.29899786101345077
2050-09-23 04:00:00,43.30144059934143,10.783028602600211,0.30040636565783035
2050-09-23 05:00:00,43.30144065817361,10.657049179077262,0.301836470525162
2050-09-23 06:00:00,43.30144065451219,10.499367713928336,0.30233748021784534
2050-09-23 07:00:00,43.301440080160674,10.851335525512809,0.24858492140804087
2050-09-23 08:00:00,43.301439519696025,11.668080329895133,0.1839423964459522
2050-09-23 09:00:00,43.30143908365932,12.451095581054801,0.15346638951605027
2050-09-23 10:00:00,43.30143945925845,12.662206649780387,0.18093146499662668
2050-09-23 11:00:00,43.30143854806656,13.289340972900504,0.12879798830220301
2050-09-23 12:00:00,43.30143959105994,13.361834526062125,0.19430178023705685
2050-09-23 13:00:00,43.30143958825967,13.464387893676871,0.19973025971853442
2050-09-23 14:00:00,43.30144011965219,13.360958099365348,0.2657060175411076
2050-09-23 15:00:00,43.30144028265404,12.98398303985607,0.2875998792450326
2050-09-23 16:00:00,43.30144038337939,12.229621887207145,0.30020065402927076
2050-09-23 17:00:00,43.30144016077362,11.827095985412711,0.2746714090602347
2050-09-23 18:00:00,43.30143994976858,11.566053390503043,0.246177549143098
2050-09-23 19:00:00,43.30143974669266,11.432659149170036,0.2253326275786635
2050-09-23 20:00:00,43.30143965237487,11.352235794067496,0.22128601110710713
2050-09-23 21:00:00,43.301439564699,11.275732040405387,0.21747200650232865
2050-09-23 22:00:00,43.301439209304974,11.176166534423942,0.18794113282720207
2050-09-23 23:00:00,43.30143916892085,11.051280021667594,0.18663820098312017
2050-09-24 00:00:00,43.30143899181031,10.938767433166618,0.17335959779551977
2050-09-24 01:00:00,43.30143912113975,10.803721427917594,0.18184406011001333
2050-09-24 02:00:00,43.301439448640046,10.549337387085075,0.21073387713991495
2050-09-24 03:00:00,43.30143976465946,10.121607780456657,0.2423355347651908
2050-09-24 04:00:00,43.30143998596147,9.339391708374137,0.26222459790350067
2050-09-24 05:00:00,43.301440107359376,9.047372817993278,0.27114325042930576
2050-09-24 06:00:00,43.301440161384406,9.447288513183707,0.27397957107192866
2050-09-24 07:00:00,43.3014391369781,10.107204437255973,0.20408187843962616
2050-09-24 08:00:00,43.30143953926253,10.926327705383414,0.22880546293249737
2050-09-24 09:00:00,43.30143951205226,11.26855564117443,0.22654279252606987
2050-09-24 10:00:00,43.30143859841334,11.89199256896984,0.15237334224367255
2050-09-24 11:00:00,43.30143813982246,12.613959312439079,0.13091674286560598
2050-09-24 12:00:00,43.30143900456514,12.671821594238395,0.1803287761712093
2050-09-24 13:00:00,43.301435940528,13.32506370544445,0.08000478572294638
2050-09-24 14:00:00,43.30143342019065,13.938507080078239,0.05317448474215698
2050-09-24 15:00:00,43.301438359383766,13.32919788360607,0.14675149868223014
2050-09-24 16:00:00,43.30143866050763,12.880975723266715,0.16263491667794655
2050-09-24 17:00:00,43.3014393588568,12.446516990661735,0.22607646255344946
2050-09-24 18:00:00,43.30143962970694,11.936996459961051,0.2538998992728948
2050-09-24 19:00:00,43.3014392902518,10.972292900085563,0.2228031739778196
2050-09-24 20:00:00,43.3014390539078,10.474992752075309,0.20587991374441184
2050-09-24 21:00:00,43.30143904399149,10.377122879028434,0.21109549552503837
2050-09-24 22:00:00,43.3014392945082,10.05693340301525,0.24678085037989395
2050-09-24 23:00:00,43.30143946555471,9.663597106933707,0.27313102569747216
2050-09-25 00:00:00,43.30143947093914,9.871626853942985,0.2765837207850764
2050-09-25 01:00:00,43.30143956708525,10.21140575408947,0.2797318116479577
2050-09-25 02:00:00,43.30143962592225,8.9988889694215,0.28501847273486947
2050-09-25 03:00:00,43.30143955713681,7.00545167922985,0.28390453356161943
2050-09-25 04:00:00,43.30143962901276,6.536507129669303,0.2813854989785609
2050-09-25 05:00:00,43.30143977466266,6.278584480285758,0.2827471898989768
2050-09-25 06:00:00,43.30143980182208,6.069652080536002,0.2816219407354358
2050-09-25 07:00:00,43.30143853574055,7.7166204452515785,0.18752021990440954
2050-09-25 08:00:00,43.301436568851614,10.476458549499625,0.10766324769285313
2050-09-25 09:00:00,43.301432464572805,12.734115600586051,0.05407499990292386
2050-09-25 10:00:00,43.30142868472784,13.95505809783947,0.03536866592632992
2050-09-25 11:00:00,43.301425973650936,14.60793495178234,0.028090391912034673
2050-09-25 12:00:00,43.30142420762867,15.783255577087516,0.025156703066782977
2050-09-25 13:00:00,43.30142505052767,17.235244750976676,0.026986238280262094
2050-09-25 14:00:00,43.30142899195189,17.801231384277457,0.037123279689194516
2050-09-25 15:00:00,43.3014331601742,17.908277511596793,0.05973381467033296
2050-09-25 16:00:00,43.30143901821685,16.86860275268566,0.23680378856905823
2050-09-25 17:00:00,43.30143952487796,16.0070095062257,0.2822430812705171
2050-09-25 18:00:00,43.30143960936323,15.318609237671012,0.29675798712826257
2050-09-25 19:00:00,43.30143958475411,14.871359825134391,0.29637164936966554
2050-09-25 20:00:00,43.3014394097256,13.933230400085563,0.2933486653484687
2050-09-25 21:00:00,43.30143945639104,14.040861129760856,0.29439353978854876
2050-09-25 22:00:00,43.30143926275299,14.460674285888786,0.2844028311660996
2050-09-25 23:00:00,43.30143866159811,14.61401176452648,0.23220535711257687
2050-09-26 00:00:00,43.3014384699792,14.63667201995861,0.21932752251772775
2050-09-26 01:00:00,43.30143879667348,14.823814392089957,0.2503971697579849
2050-09-26 02:00:00,43.30143894063502,15.382395744323844,0.2648135544919098
2050-09-26 03:00:00,43.30143880383271,15.462944030761832,0.24194310060975385
2050-09-26 04:00:00,43.30143884904188,15.305086135864371,0.2331912237857357
2050-09-26 05:00:00,43.3014391024687,14.50953578948986,0.25221429006006113
2050-09-26 06:00:00,43.30143921369796,14.587337493896598,0.26860785526706743
2050-09-26 07:00:00,43.301438961163626,14.629670143127555,0.26440124804097576
2050-09-26 08:00:00,43.30143736985606,15.466875076294059,0.14809977599665217
2050-09-26 09:00:00,43.30143246657314,16.88998603820812,0.057097056153496466
2050-09-26 10:00:00,43.301431573606806,18.267660140991325,0.04910995159832575
2050-09-26 11:00:00,43.3014298659823,21.292501449585075,0.03998622857203249
2050-09-26 12:00:00,43.30142913051841,23.004274368286246,0.03767588437420623
2050-09-26 13:00:00,43.3014354122032,22.78484916687023,0.0924636999318554
2050-09-26 14:00:00,43.30143837242826,21.420423507690543,0.22346992787746986
2050-09-26 15:00:00,43.30143480259383,21.981433868408317,0.08292217323369971
2050-09-26 16:00:00,43.30143728141218,21.101100921630973,0.14584189447990853
2050-09-26 17:00:00,43.301438442096114,19.464076995849723,0.23726834742629815
2050-09-26 18:00:00,43.30143825428619,18.766921997070426,0.21652048905132018
2050-09-26 19:00:00,43.30143741746419,18.214464187622184,0.1644171357067011
2050-09-26 20:00:00,43.30143682371331,17.941480636596793,0.13829287214702474
2050-09-26 21:00:00,43.301436171934576,17.530912399292106,0.11748965043599657
2050-09-26 22:00:00,43.3014366233981,17.018459320068473,0.13545888306335135
2050-09-26 23:00:00,43.30143745162778,16.861476898193473,0.17854101370235873
2050-09-27 00:00:00,43.30143774484017,17.060325622558707,0.20147169958421213
2050-09-27 01:00:00,43.30143784304506,17.173109054565543,0.21102684032626526
2050-09-27 02:00:00,43.30143806351117,17.335348129272575,0.22865110633538374
2050-09-27 03:00:00,43.30143806453793,17.11489295959484,0.2270807979593012
2050-09-27 04:00:00,43.30143805209344,16.903680801391715,0.21998320505128144
2050-09-27 05:00:00,43.301438234450025,16.868415832519645,0.2355082217010816
2050-09-27 06:00:00,43.30143836546217,16.92062568664562,0.2466289653249236
2050-09-27 07:00:00,43.30143779014332,17.05178260803234,0.2377776005796271
2050-09-27 08:00:00,43.30143781967308,17.37127494812023,0.23731242002330022
2050-09-27 09:00:00,43.30143742265794,17.772108078003043,0.1976773148853702
2050-09-27 10:00:00,43.3014372373123,18.04291152954113,0.1860177299671124
2050-09-27 11:00:00,43.30143754832926,18.343921661377067,0.21003562876500026
2050-09-27 12:00:00,43.30143760935324,18.677404403686637,0.22108357037576717
2050-09-27 13:00:00,43.30143660405329,19.237142562866325,0.1636680906805135
2050-09-27 14:00:00,43.30143727216984,18.313150405883903,0.21539291225214482
2050-09-27 15:00:00,43.30143569400888,17.891914367675895,0.13381500541885877
2050-09-27 16:00:00,43.30143571780789,17.851795196533317,0.13313358009204673
2050-09-27 17:00:00,43.30143495792198,17.459629058838004,0.11122869880123033
2050-09-27 18:00:00,43.30143430914442,16.901447296142692,0.0961234215837995
2050-09-27 19:00:00,43.301434113355256,16.289430618286246,0.09435753052116362
2050-09-27 20:00:00,43.30143478827744,16.202611923217887,0.11165419215791196
2050-09-27 21:00:00,43.30143468685719,16.03790092468273,0.11173225154673469
2050-09-27 22:00:00,43.30143492742644,16.222679138183707,0.12132463440028199
2050-09-27 23:00:00,43.30143515838466,16.215021133422965,0.1313691286719628
2050-09-28 00:00:00,43.301435180060594,15.878956794738883,0.13434165125872607
2050-09-28 01:00:00,43.30143501283516,15.65939044952404,0.12947792958835075
2050-09-28 02:00:00,43.30143467848939,15.610491752624625,0.11731473710001417
2050-09-28 03:00:00,43.301434648580354,15.884760856628532,0.1152276215922618
2050-09-28 04:00:00,43.30143538976992,15.766502380371207,0.14008043231187417
2050-09-28 05:00:00,43.301435863940185,15.64950275421154,0.1613725332152176
2050-09-28 06:00:00,43.30143601404323,15.688877105713004,0.16888470522511967
2050-09-28 07:00:00,43.30142888417792,15.83968544006359,0.07357176039048885
2050-09-28 08:00:00,43.301433079379336,16.166017532348746,0.12201724208926115
2050-09-28 09:00:00,43.30143426093038,16.551040649414176,0.14888299675493893
2050-09-28 10:00:00,43.30143340666025,16.763921737671012,0.12009763126478609
2050-09-28 11:00:00,43.301431681725056,16.755210876464957,0.09224449579765145
2050-09-28 12:00:00,43.301426680175744,16.93633842468273,0.054499988643594864
2050-09-28 13:00:00,43.30142108875822,17.20226097106945,0.03469228201209031
2050-09-28 14:00:00,43.30141823421612,17.456956863403434,0.027081287208883868
2050-09-28 15:00:00,43.30141037175747,17.26345252990734,0.01581478881706373
2050-09-28 16:00:00,43.30141279245769,16.799818038940543,0.017878630104436175
2050-09-28 17:00:00,43.30140382530955,16.51768302917492,0.01224835333770928
2050-09-28 18:00:00,43.30141213073348,15.93847465515148,0.01703153008284427
2050-09-28 19:00:00,43.30141179746165,15.267538070678825,0.01675255732551525
2050-09-28 20:00:00,43.301419631180025,14.94820880889904,0.029645346464484763
2050-09-28 21:00:00,43.30141368456697,15.073455810546989,0.018478175780424707
2050-09-28 22:00:00,43.30141893725741,15.05591964721691,0.027471151015921028
2050-09-28 23:00:00,43.30141876770832,14.95062351226818,0.026733430241787592
2050-09-29 00:00:00,43.30141978716295,15.067791938781852,0.02933834561849359
2050-09-29 01:00:00,43.301421220129946,14.890376091003532,0.033813132863277556
2050-09-29 02:00:00,43.30142177595313,14.772601127624625,0.03510362642141095
2050-09-29 03:00:00,43.30141908893978,14.711302757263297,0.02535807558334071
2050-09-29 04:00:00,43.30142514548327,14.822414398193473,0.04436459610034802
2050-09-29 05:00:00,43.301429861273085,14.982023239135856,0.07162182009511556
2050-09-29 06:00:00,43.30142726256866,14.995639801025504,0.049105746990891
2050-09-29 07:00:00,43.301429232782986,15.257020950317496,0.06117309752778994
2050-09-29 08:00:00,43.301433764825866,15.806292533874625,0.1250383254058696
2050-09-29 09:00:00,43.30142877418797,17.059955596923942,0.05487447712283942
2050-09-29 10:00:00,43.30142892455364,18.114454269409293,0.055342056307911044
2050-09-29 11:00:00,43.30142900914621,18.749599456787223,0.057056988455858826
2050-09-29 12:00:00,43.30142895267147,19.32730865478527,0.05715920700538918
2050-09-29 13:00:00,43.30142957950943,20.035346984863395,0.06185877181229082
2050-09-29 14:00:00,43.301430336485424,20.76295089721691,0.06827252105050381
2050-09-29 15:00:00,43.30143104799081,20.93993949890148,0.07567864273202542
2050-09-29 16:00:00,43.301431002121134,20.842914581298942,0.07423479927003541
2050-09-29 17:00:00,43.30143112269376,20.247634887695426,0.07563897958409388
2050-09-29 18:00:00,43.30143097600457,19.46283340454113,0.0723099124004843
2050-09-29 19:00:00,43.30142917674266,19.079141616821403,0.05602801063319753
2050-09-29 20:00:00,43.30142980144496,18.919765472412223,0.061811019045326036
2050-09-29 21:00:00,43.30143012870023,18.852897644043082,0.06622672812790054
2050-09-29 22:00:00,43.301429668208,18.86346244812023,0.0614567509347595
2050-09-29 23:00:00,43.30143052024388,19.04523086547863,0.07097004054259304
2050-09-30 00:00:00,43.30143289903988,19.166715621948356,0.11628016749170363
2050-09-30 01:00:00,43.3014338805829,19.223773956298942,0.14866177064247216
2050-09-30 02:00:00,43.30143419939455,19.16372108459484,0.15815294801079563
2050-09-30 03:00:00,43.30143467882894,19.132453918457145,0.17449667110998274
2050-09-30 04:00:00,43.30143490320353,19.126718521118278,0.1735237777672616
2050-09-30 05:00:00,43.30143490554772,19.09424972534191,0.16438916951242294
2050-09-30 06:00:00,43.30143472889035,19.087804794311637,0.1518171738777139
2050-09-30 07:00:00,43.30143395631197,19.389209747314567,0.13298472141403037
2050-09-30 08:00:00,43.30143306266858,20.138257980346793,0.10597428193021614
2050-09-30 09:00:00,43.3014313857304,20.983821868896598,0.07617025609860459
2050-09-30 10:00:00,43.3014296587349,21.753561019897575,0.05913413166478007
2050-09-30 11:00:00,43.30142819116836,22.451744079589957,0.048604144228559756
2050-09-30 12:00:00,43.30142680520998,23.26749420166027,0.04182103854306593
2050-09-30 13:00:00,43.30142726533401,24.03025054931652,0.044020882569147345
2050-09-30 14:00:00,43.30143353360257,24.14010047912609,0.12554649160707126
2050-09-30 15:00:00,43.30143529423511,23.113513946533317,0.2212466031058092
2050-09-30 16:00:00,43.301434885619024,22.453937530517692,0.1920197925948752
2050-09-30 17:00:00,43.3014347673169,22.116096496582145,0.18536863918069638
2050-09-30 18:00:00,43.30143348036442,21.55496406555187,0.12721951141541793
2050-09-30 19:00:00,43.30143059759303,20.85816574096691,0.06967030370902513
2050-09-30 20:00:00,43.30142909520984,20.205837249755973,0.05574621430470196
2050-09-30 21:00:00,43.30142787600708,19.473688125610465,0.048118816952847164
2050-09-30 22:00:00,43.30142825612424,18.710300445556754,0.05075323127550392
2050-09-30 23:00:00,43.301430801064136,17.7228240966798,0.07709562420492695
2050-10-01 00:00:00,43.30143248406157,16.885221481323356,0.11394734903431028
2050-10-01 01:00:00,43.30143344132964,16.458349227905387,0.14799290400467208
2050-10-01 02:00:00,43.30143386279935,15.914875984192008,0.17163240304396038
2050-10-01 03:00:00,43.3014341807694,15.341819763183707,0.1904112293659547
2050-10-01 04:00:00,43.301434242043214,14.730996131897086,0.1855779105805865
2050-10-01 05:00:00,43.30143438248127,14.620194435119743,0.18904579984487557
2050-10-01 06:00:00,43.30143449768428,14.352886199951286,0.19626888434857406
2050-10-01 07:00:00,43.30142926502536,14.308887481689567,0.10188327295655612
2050-10-01 08:00:00,43.30140182902035,14.774320602417106,0.022034903999942915
2050-10-01 09:00:00,43.30138816288168,15.087875366211051,0.015498011457969231
2050-10-01 10:00:00,35.05321396121145,15.85212326049816,2.388294317693614e-08
2050-10-01 11:00:00,35.0532386603736,16.20569229125988,2.6434860137974798e-08
2050-10-01 12:00:00,43.30141896776544,16.042154312133903,0.04538268425238066
2050-10-01 13:00:00,43.30141146626862,16.083522796630973,0.032800144420266505
2050-10-01 14:00:00,35.053216285039426,16.49094963073742,2.633523476024964e-08
2050-10-01 15:00:00,43.30141833913668,16.02980995178234,0.05010039147368757
2050-10-01 16:00:00,35.05323950668727,16.73500251770031,2.9612035427269344e-08
2050-10-01 17:00:00,43.301414383780944,16.39486885070812,0.040066966740301406
2050-10-01 18:00:00,43.30140509157754,15.62290191650402,0.028110211212191483
2050-10-01 19:00:00,35.053220473638575,13.827133178711051,3.014536315886905e-08
2050-10-01 20:00:00,35.05321275697205,13.167648315429801,2.5242066011145127e-08
2050-10-01 21:00:00,35.053208497107285,12.824252128601188,2.1453490856226604e-08
2050-10-01 22:00:00,0.0251620629988214,12.516929626464957,4.785925785912173e-09
2050-10-01 23:00:00,19.990337395255853,12.015808105468864,7.7598346135804e-09
2050-10-02 00:00:00,35.053189539881416,11.47423362731945,1.8779690353930028e-08
2050-10-02 01:00:00,35.05320738998261,11.364926338195914,2.0851835220059597e-08
2050-10-02 02:00:00,35.05321164973056,11.256584167480582,2.474988827694058e-08
2050-10-02 03:00:00,35.05321267967541,11.24293136596691,2.5499476185859134e-08
2050-10-02 04:00:00,35.053213288582405,11.450309753418082,2.446270819308009e-08
2050-10-02 05:00:00,35.05321259402108,12.184430122375602,2.2404671471132562e-08
2050-10-02 06:00:00,35.05321228807904,12.503046035766715,2.1233007182955336e-08
2050-10-02 07:00:00,10.443826317373254,12.693317413330192,7.4243618550913856e-09
2050-10-02 08:00:00,0.0251082466778461,13.16824054718029,4.736858575406883e-09
2050-10-02 09:00:00,10.443851315938538,13.417707443237418,7.883288948214314e-09
2050-10-02 10:00:00,10.44381610800986,14.089017868042106,7.009780389746146e-09
2050-10-02 11:00:00,0.0251185407431651,15.061592102050895,4.627925835354529e-09
2050-10-02 12:00:00,10.443825439431585,15.24668121337902,7.2501627083643694e-09
2050-10-02 13:00:00,10.443867164382157,15.363815307617301,7.880947930114198e-09
2050-10-02 14:00:00,10.752537092315409,15.701978683471793,8.425205477560923e-09
2050-10-02 15:00:00,12.919456766463524,16.011869430542106,9.940065132718237e-09
2050-10-02 16:00:00,12.919480835401428,16.429191589355582,1.1218142280015937e-08
2050-10-02 17:00:00,12.919475264683706,16.956916809082145,1.0535713954652848e-08
2050-10-02 18:00:00,10.443836759098913,16.951421737671012,7.943858021146705e-09
2050-10-02 19:00:00,10.443749407065262,16.925855636596793,6.801506613411049e-09
2050-10-02 20:00:00,0.0251189676826609,16.949199676513786,4.7076195479089215e-09
2050-10-02 21:00:00,0.0251081905018947,17.346858978271598,4.715024461718255e-09
2050-10-02 22:00:00,0.0251152385687404,18.01702690124523,4.708476399160845e-09
2050-10-02 23:00:00,0.0251161072754573,18.5620574951173,4.705620463066806e-09
2050-10-03 00:00:00,0.0251209505728602,19.176879882812614,4.700865841453392e-09
2050-10-03 01:00:00,0.0251213025335744,19.625766754150504,4.696871435383179e-09
2050-10-03 02:00:00,0.025123478797863,19.612117767334098,4.692088781025522e-09
2050-10-03 03:00:00,10.443730933446906,19.428045272827262,6.7950519476802785e-09
2050-10-03 04:00:00,0.0251091505619257,19.27916526794445,4.682387864238267e-09
2050-10-03 05:00:00,0.0251057997699315,19.033151626587028,4.6724013110528735e-09
2050-10-03 06:00:00,0.0251051041398744,18.7693386077882,4.664611065338535e-09
2050-10-03 07:00:00,0.025103486281984,18.79757690429699,4.6864431947883895e-09
2050-10-03 08:00:00,0.0251015225810977,19.067388534546012,4.658540248115845e-09
2050-10-03 09:00:00,0.025107056940315,19.12888908386242,4.684941977654922e-09
2050-10-03 10:00:00,10.443811880787004,19.19151115417492,7.126892895329758e-09
2050-10-03 11:00:00,0.0251158422767839,19.218929290771598,4.668729177031307e-09
2050-10-03 12:00:00,0.0251079687878843,19.320291519165153,4.664577915371375e-09
2050-10-03 13:00:00,0.0251060763158327,19.75118446350109,4.663547004417157e-09
2050-10-03 14:00:00,10.443824951453363,19.767702102661246,7.622985188294597e-09
2050-10-03 15:00:00,10.443839074050278,20.30606842041027,8.016606993276645e-09
2050-10-03 16:00:00,0.0251070937155588,20.169860839843864,4.67038094459914e-09
2050-10-03 17:00:00,0.0251038761699874,19.220285415649528,4.660774996230637e-09
2050-10-03 18:00:00,0.025103717716445,18.129632949829215,4.6299664194474835e-09
2050-10-03 19:00:00,0.0251037435970828,17.471286773681754,4.630336823851444e-09
2050-10-03 20:00:00,0.0251040235619592,17.408590316772575,4.633593674751858e-09
2050-10-03 21:00:00,0.0251043850783072,17.133354187011832,4.636863453284446e-09
2050-10-03 22:00:00,0.0251087641053884,16.562799453735465,4.647077179883101e-09
2050-10-03 23:00:00,0.02510935712163,16.383817672729606,4.6455993157147876e-09
2050-10-04 00:00:00,0.0251248517436763,15.674252510070914,4.642846070290179e-09
2050-10-04 01:00:00,0.0251096468836446,15.140044212341422,4.637787705715502e-09
2050-10-04 02:00:00,0.0251065900204997,14.6932249069215,4.629201743469547e-09
2050-10-04 03:00:00,0.0251054804842711,14.509492874145621,4.619194799168785e-09
2050-10-04 04:00:00,0.0251050601054083,14.334310531616325,4.6092476844601306e-09
2050-10-04 05:00:00,0.0251049790692578,14.115995407104606,4.599505706091391e-09
2050-10-04 06:00:00,0.0251047259989836,14.006588935852164,4.588208731887331e-09
2050-10-04 07:00:00,0.0251039596082323,14.100747108459586,4.59981930127501e-09
2050-10-04 08:00:00,0.0251020121841965,14.359974861145133,4.5620587049488705e-09
2050-10-04 09:00:00,0.0250993305464242,14.750214576721305,4.520432764074969e-09
2050-10-04 10:00:00,0.025097689165741,15.26230335235607,4.504653838891229e-09
2050-10-04 11:00:00,0.0251272773545865,15.737850189209098,4.55806423192654e-09
2050-10-04 12:00:00,0.0251105596116428,16.248128890991325,4.578580465072042e-09
2050-10-04 13:00:00,0.0250937881179211,18.132839202880973,4.605375813437986e-09
2050-10-04 14:00:00,20.696969750806844,18.196283340454215,9.362205632238128e-09
2050-10-04 15:00:00,43.301414954004265,17.981525421142692,0.028054333379772364
2050-10-04 16:00:00,43.301423093145615,18.24811172485363,0.04622002998531396
2050-10-04 17:00:00,43.301433547756666,17.69491577148449,0.17419458242544522
2050-10-04 18:00:00,43.30143429324632,17.359626770019645,0.20325283572986647
2050-10-04 19:00:00,43.30143456625056,16.703365325927848,0.21999707683975475
2050-10-04 20:00:00,43.3014350069027,16.29921150207531,0.24705521196535302
2050-10-04 21:00:00,43.30143542528198,16.178493499755973,0.27487162053920927
2050-10-04 22:00:00,43.30143507435102,16.296476364135856,0.24949858258031024
2050-10-04 23:00:00,43.30143554080576,16.243583679199332,0.2827466626969496
2050-10-05 00:00:00,43.30143524013067,16.071283340454215,0.25514655196777725
2050-10-05 01:00:00,43.3014351009222,15.826436996460075,0.2405498176504157
2050-10-05 02:00:00,43.30143536168679,15.361968994140739,0.24933053018762108
2050-10-05 03:00:00,43.30143534422153,15.011431694030875,0.24384441047667263
2050-10-05 04:00:00,43.30143559134246,14.690901756286735,0.24253140376604693
2050-10-05 05:00:00,43.30143563108455,14.31597709655773,0.23080216691654795
2050-10-05 06:00:00,43.3014359039717,14.015460014343375,0.23548180194099022
2050-10-05 07:00:00,43.3014356725081,14.05039501190197,0.20578659903781
2050-10-05 08:00:00,43.30143380340274,14.76426219940197,0.12001345186041514
2050-10-05 09:00:00,43.30143356585283,15.85623645782482,0.10741695317945617
2050-10-05 10:00:00,43.30143337296688,16.786434173584098,0.0996258420861211
2050-10-05 11:00:00,43.30143237492702,17.491210937500114,0.08096570145899891
2050-10-05 12:00:00,43.30143252379921,17.564218521118278,0.0826661375184172
2050-10-05 13:00:00,43.3014340702409,17.7570095062257,0.11178909965123729
2050-10-05 14:00:00,43.30143186944855,18.41243171691906,0.06883234390684598
2050-10-05 15:00:00,43.301428277381895,18.91608047485363,0.04128214383918127
2050-10-05 16:00:00,43.301433725310176,18.269662857055778,0.09065459438792635
2050-10-05 17:00:00,43.3014355760821,17.318407058715934,0.13749119466740753
2050-10-05 18:00:00,43.3014364547301,16.26661872863781,0.1712205855042977
2050-10-05 19:00:00,43.30143661969535,15.585638046264762,0.17809965580808543
2050-10-05 20:00:00,43.30143692630027,14.814225196838493,0.1961609205121676
2050-10-05 21:00:00,43.30143688245605,14.024420738220329,0.1916814226898068
2050-10-05 22:00:00,43.30143735870578,13.25633811950695,0.22877716924015654
2050-10-05 23:00:00,43.3014374274891,13.373972892761344,0.22874570886350673
2050-10-06 00:00:00,43.30143765924174,13.56977748870861,0.2428434505978165
2050-10-06 01:00:00,43.30143781161545,13.234196662902946,0.2501506885758379
2050-10-06 02:00:00,43.30143802163146,12.92540550231945,0.2621001480134794
2050-10-06 03:00:00,43.30143818409782,12.712576866150016,0.26428583963211844
2050-10-06 04:00:00,43.30143850297111,12.355834007263297,0.28111013280605796
2050-10-06 05:00:00,43.30143885013098,12.214248657226676,0.2983282734445949
2050-10-06 06:00:00,43.3014389649661,12.308519363403434,0.29960663925474096
2050-10-06 07:00:00,43.30143852482154,12.645012855529899,0.2450369538016253
2050-10-06 08:00:00,43.3014372879801,13.888337135315055,0.14603660049600323
2050-10-06 09:00:00,43.30143520805202,15.452155113220329,0.0831461959407801
2050-10-06 10:00:00,43.30143266322069,16.94147109985363,0.054175885472020555
2050-10-06 11:00:00,43.3014306912025,19.639661788940543,0.042549661717415116
2050-10-06 12:00:00,43.30142986928703,21.15814018249523,0.038730601490908775
2050-10-06 13:00:00,43.30143128682149,21.915187835693473,0.04448899877375524
2050-10-06 14:00:00,43.30143369106882,22.065546035766715,0.05961301612192505
2050-10-06 15:00:00,43.30143624045471,21.982503890991325,0.09421675062196044
2050-10-06 16:00:00,43.301438238454445,21.387418746948356,0.16410096897002618
2050-10-06 17:00:00,43.3014392929799,20.148532867431754,0.27691550149165617
2050-10-06 18:00:00,43.301439466502615,18.49122810363781,0.2982659106203773
2050-10-06 19:00:00,43.30143948898078,17.888544082641715,0.2974500535318165
2050-10-06 20:00:00,43.30143951081206,17.68148994445812,0.29670648212514006
2050-10-06 21:00:00,43.30143953587184,17.09451293945324,0.29621914590796905
2050-10-06 22:00:00,43.301439563715306,16.962646484375114,0.2958375654671823
2050-10-06 23:00:00,43.3014395713335,17.05379676818859,0.2951974906028341
2050-10-07 00:00:00,43.30143962099829,17.23603439331066,0.2954559917224118
2050-10-07 01:00:00,43.30143966629826,17.022272109985465,0.29571283738031934
2050-10-07 02:00:00,43.30143971457305,16.504922866821403,0.29611485389023556
2050-10-07 03:00:00,43.30143979273252,16.06275558471691,0.2972574864166345
2050-10-07 04:00:00,43.30143987744304,15.74300575256359,0.2987518163649008
2050-10-07 05:00:00,43.30143996196304,15.774651527404899,0.30051987150733067
2050-10-07 06:00:00,43.30143999515917,15.827398300171012,0.30154301961632696
2050-10-07 07:00:00,43.30143960803574,15.950478553772086,0.2720750963283362
2050-10-07 08:00:00,43.30143893332584,16.78941345214855,0.190439312620834
2050-10-07 09:00:00,43.301437895467416,18.211032867431754,0.12881734370597048
2050-10-07 10:00:00,43.30143752046935,19.518007278442496,0.1139442292200609
2050-10-07 11:00:00,43.301438127414414,20.193767547607536,0.13767239363276323
2050-10-07 12:00:00,43.30143814287108,20.744651794433707,0.13805530011974732
2050-10-07 13:00:00,43.30143531652198,21.939506530761832,0.06883582264607974
2050-10-07 14:00:00,43.30143771404787,22.218778610229606,0.11800027822659491
2050-10-07 15:00:00,43.3014394170635,21.52494049072277,0.2300349254173234
2050-10-07 16:00:00,43.30143971630598,21.040256500244254,0.26700920031331177
2050-10-07 17:00:00,43.30144000076245,20.282100677490348,0.30128400876487904
2050-10-07 18:00:00,43.30143996314437,18.33870887756359,0.30002250322479346
2050-10-07 19:00:00,43.30143994980201,17.710023880004996,0.29943421577892726
2050-10-07 20:00:00,43.301439936435465,17.506803512573356,0.29901121291261834
2050-10-07 21:00:00,43.30143991631847,17.540561676025504,0.2986472250011706
2050-10-07 22:00:00,43.30143988796412,17.829595565796012,0.29820855638601956
2050-10-07 23:00:00,43.30143986950285,18.053930282592887,0.2981040746074702
2050-10-08 00:00:00,43.301439845009405,18.16707038879406,0.2979948023765228
2050-10-08 01:00:00,43.30143983558152,18.522914886474723,0.2983233124533572
2050-10-08 02:00:00,43.30143982677847,18.86622238159191,0.2988276080533739
2050-10-08 03:00:00,43.301439813618856,18.91293334960949,0.2994427925176598
2050-10-08 04:00:00,43.30143983252079,18.754970550537223,0.3009568425072048
2050-10-08 05:00:00,43.3014398276221,18.61060714721691,0.30229251255253015
2050-10-08 06:00:00,43.30143976902742,18.43481826782238,0.3029739484041872
2050-10-08 07:00:00,43.301439043088514,18.458152770996207,0.25988585314430823
2050-10-08 08:00:00,43.30143764308847,19.000638961792106,0.15190229768783697
2050-10-08 09:00:00,43.30143462818759,19.749086380004996,0.07760463414119967
2050-10-08 10:00:00,43.301431262352814,21.89016914367687,0.047949177952646437
2050-10-08 11:00:00,43.30142943733231,24.641799926757926,0.039151092087719074
2050-10-08 12:00:00,43.30142892254209,25.878973007202262,0.03732235699099533
2050-10-08 13:00:00,43.301429975658905,26.386537551879996,0.04176475676271393
2050-10-08 14:00:00,43.30143378652054,25.48951911926281,0.06909155953546912
2050-10-08 15:00:00,43.30143689298704,23.788982391357536,0.13885532115350444
2050-10-08 16:00:00,43.30143815535993,21.895547866821403,0.2203920043466542
2050-10-08 17:00:00,43.30143870557139,20.747934341430778,0.29733855306249674
2050-10-08 18:00:00,43.30143860793012,20.0573024749757,0.2966751656777622
2050-10-08 19:00:00,43.3014384721094,19.144525527954215,0.2956222055602371
2050-10-08 20:00:00,43.30143831227997,18.302036285400504,0.2944594796430284
2050-10-08 21:00:00,43.30143795586727,17.515125274658317,0.2743976707205987
2050-10-08 22:00:00,43.30143736714183,16.785718917846793,0.22670502700067388
2050-10-08 23:00:00,43.30143676861096,16.165231704712028,0.1926373744524816
2050-10-09 00:00:00,43.30143640101392,15.67651176452648,0.17569609014466178
2050-10-09 01:00:00,43.30143642354746,15.1327419281007,0.18184865238150355
2050-10-09 02:00:00,43.30143658731258,14.622200012207145,0.19784157822719262
2050-10-09 03:00:00,43.30143653723723,14.221762657165641,0.19401219660183552
2050-10-09 04:00:00,43.30143651741609,13.85371303558361,0.18746862997396957
2050-10-09 05:00:00,43.30143619146086,13.601708412170524,0.16253707770792233
2050-10-09 06:00:00,43.30143544715405,13.535245895385856,0.12926434582290228
2050-10-09 07:00:00,20.90498500081696,14.251056671142692,1.1865773398581685e-08
2050-10-09 08:00:00,20.90488322559068,15.170499801635856,9.209172421120345e-09
2050-10-09 09:00:00,20.904881188958186,16.140247344970817,8.66779832709468e-09
2050-10-09 10:00:00,20.9048778027438,17.303808212280387,7.97427303760783e-09
2050-10-09 11:00:00,0.0251052718850403,19.52449226379406,4.542217019608123e-09
2050-10-09 12:00:00,19.99030044302762,20.6047878265382,7.393264140528425e-09
2050-10-09 13:00:00,20.90486338232473,21.243993759155387,7.4037746217852645e-09
2050-10-09 14:00:00,20.90487942660708,21.624132156372184,7.907176590460823e-09
2050-10-09 15:00:00,20.904884552907475,21.510377883911246,8.702421293444239e-09
2050-10-09 16:00:00,20.90491355956115,20.97843742370617,1.1491790665484507e-08
2050-10-09 17:00:00,25.8343755518988,20.030092239379996,3.439509881300541e-08
2050-10-09 18:00:00,25.834369977471077,19.37014961242687,2.0345170432712776e-08
2050-10-09 19:00:00,20.904889106212146,18.755210876464957,9.818808153542556e-09
2050-10-09 20:00:00,19.990501212362517,18.53177642822277,7.136712779786547e-09
2050-10-09 21:00:00,20.90487528206048,18.59037017822277,7.479494900963944e-09
2050-10-09 22:00:00,20.90487882175113,18.275074005127067,7.611199836647154e-09
2050-10-09 23:00:00,19.990269690005263,18.010723114013786,7.603916544407007e-09
2050-10-10 00:00:00,20.90488187551212,17.46604156494152,7.737104871946122e-09
2050-10-10 01:00:00,20.90488958392693,17.406774520874137,9.146318542874963e-09
2050-10-10 02:00:00,20.904893717897277,16.855455398559684,1.0042626999783182e-08
2050-10-10 03:00:00,20.904901734392457,16.38487243652355,1.1436765328697238e-08
2050-10-10 04:00:00,20.90490748032885,16.25885391235363,1.0028961434085358e-08
2050-10-10 05:00:00,20.90493702628526,15.795346260070914,9.030140288982122e-09
2050-10-10 06:00:00,20.91883440287916,15.35006141662609,8.27839359260722e-09
2050-10-10 07:00:00,20.91949554359205,15.247998237609977,8.488332314622475e-09
2050-10-10 08:00:00,20.91950382363296,15.621078491211051,8.508875887064884e-09
2050-10-10 09:00:00,20.91951147359223,15.722726821899528,9.131976987666252e-09
2050-10-10 10:00:00,20.919501898943462,16.71901893615734,7.513167683472197e-09
2050-10-10 11:00:00,20.91950651803617,17.049100875854606,7.634353069243849e-09
2050-10-10 12:00:00,19.990250477331266,17.565103530883903,7.728375808315839e-09
2050-10-10 13:00:00,0.0251232845800381,17.67708778381359,4.330885510174373e-09
2050-10-10 14:00:00,20.91950850901459,17.5089626312257,7.2609456192882865e-09
2050-10-10 15:00:00,21.48977854625734,17.754146575927848,7.926546068399722e-09
2050-10-10 16:00:00,43.30138951374622,17.561395645141715,0.010048563543656089
2050-10-10 17:00:00,43.30141474994281,16.89393234252941,0.027638237161334574
2050-10-10 18:00:00,43.30143127870057,15.996452331543082,0.10599162156284113
2050-10-10 19:00:00,43.301430359943424,15.288496971130485,0.09441762936348513
2050-10-10 20:00:00,43.30142971821015,14.855342864990348,0.08871952679820905
2050-10-10 21:00:00,43.30143406459078,14.789189338684196,0.18504621526167203
2050-10-10 22:00:00,43.30143491939775,14.577718734741325,0.2407245605092704
2050-10-10 23:00:00,43.301435349253104,14.260408401489371,0.2781075326944396
2050-10-11 00:00:00,43.301435382028544,14.045633316040153,0.2781042256356809
2050-10-11 01:00:00,43.30143532627782,13.951848983764762,0.26625574963884735
2050-10-11 02:00:00,43.301430207203424,13.676067352295036,0.09984398743687622
2050-10-11 03:00:00,43.3014266750331,13.56107330322277,0.06186089341858828
2050-10-11 04:00:00,43.30142661411429,13.4949245452882,0.05670993455295616
2050-10-11 05:00:00,43.30143133858452,13.308574676513786,0.10017126501705675
2050-10-11 06:00:00,43.30143142692098,12.719829559326286,0.0943398283397613
2050-10-11 07:00:00,43.3014336175766,12.2612819671632,0.13492406263122653
2050-10-11 08:00:00,43.30143471714731,12.125399589538688,0.1683032323952242
2050-10-11 09:00:00,43.301433268417966,12.25296497344982,0.11464627248648643
2050-10-11 10:00:00,43.30143606042736,12.377633094787711,0.21834462680952405
2050-10-11 11:00:00,43.30143608219036,12.472446441650504,0.22135959275903355
2050-10-11 12:00:00,43.3014360609375,13.043378829956168,0.22029168931150117
2050-10-11 13:00:00,43.30143601343562,13.029096603393668,0.21590873041461844
2050-10-11 14:00:00,43.301436208791685,12.714264869690055,0.23395038187395756
2050-10-11 15:00:00,43.30143653334723,12.924689292907829,0.2668020289201455
2050-10-11 16:00:00,43.30143593030316,13.157874107360954,0.21058490825909115
2050-10-11 17:00:00,43.30143581604399,13.131682395935172,0.19648055452265442
2050-10-11 18:00:00,43.301435849928666,13.080024719238395,0.20108165343092804
2050-10-11 19:00:00,43.30143605938202,12.921296119690055,0.22211162196560397
2050-10-11 20:00:00,43.3014361236158,12.782594680786246,0.2311426663066637
2050-10-11 21:00:00,43.30143603359869,12.713834762573356,0.22790698231126663
2050-10-11 22:00:00,43.30143553131729,12.783146858215446,0.19718637503853034
2050-10-11 23:00:00,43.30143501086955,12.763939857483024,0.1740095869039357
2050-10-12 00:00:00,43.30143490014966,12.69103813171398,0.16818055475988097
2050-10-12 01:00:00,43.301433637518,12.684124946594352,0.12123139434753247
2050-10-12 02:00:00,43.30143160316943,12.564021110534782,0.0751153665398433
2050-10-12 03:00:00,43.30143042208617,12.436151504516715,0.059048978242463364
2050-10-12 04:00:00,43.3014320476294,12.385606765747184,0.07893056099946626
2050-10-12 05:00:00,43.3014333426688,12.353671073913688,0.10367662764434493
2050-10-12 06:00:00,43.30143415922311,12.343026161193961,0.12524427343903444
2050-10-12 07:00:00,43.301432381189024,12.469328880310172,0.10919639960326545
2050-10-12 08:00:00,43.30143535484419,12.721053123474235,0.204086065057343
2050-10-12 09:00:00,43.30143617257532,13.051820755004996,0.2443986706304873
2050-10-12 10:00:00,43.30143661157153,13.301580429077262,0.2781494281037989
2050-10-12 11:00:00,43.30143651024864,13.530596733093375,0.27142648784457074
2050-10-12 12:00:00,43.30143652883164,13.66412162780773,0.2741818138917243
2050-10-12 13:00:00,43.30143631217377,13.744244575500602,0.2727328174766409
2050-10-12 14:00:00,43.30143579717535,13.775507926941032,0.2512546750297748
2050-10-12 15:00:00,43.301436091144296,13.838948249817008,0.2763730773407877
2050-10-12 16:00:00,43.301436031502135,13.886880874633903,0.2716007253147739
2050-10-12 17:00:00,43.30143618905476,13.897794723510856,0.2909082648004484
2050-10-12 18:00:00,43.30143607255713,13.757524490356559,0.2908688382422405
2050-10-12 19:00:00,43.30143581292755,13.790744781494254,0.28907691763713617
2050-10-12 20:00:00,43.30143560198674,14.057817459106559,0.28839292520761156
2050-10-12 21:00:00,43.30143534471029,14.504743576049918,0.28738568334530973
2050-10-12 22:00:00,43.30143366151355,15.168798446655387,0.18308545596075929
2050-10-12 23:00:00,43.301433389397616,15.527691841125602,0.18512785954081015
2050-10-13 00:00:00,43.301431438039685,15.228488922119254,0.11742228443492023
2050-10-13 01:00:00,43.301427581845005,14.834616661071891,0.05712950510618477
2050-10-13 02:00:00,43.30142612639839,14.66277885437023,0.04802399111542368
2050-10-13 03:00:00,43.30141758645215,14.580205917358512,0.024578265421132266
2050-10-13 04:00:00,0.0251124055302359,14.543367385864371,4.692754400196493e-09
2050-10-13 05:00:00,0.0251054212808875,14.54008769989025,4.412359963939559e-09
2050-10-13 06:00:00,0.0251044606091748,14.464211463928336,4.263535809588665e-09
2050-10-13 07:00:00,0.0251042520525489,14.21464061737072,4.520831697094493e-09
2050-10-13 08:00:00,0.0251035302403019,13.411471366882438,4.560001945815114e-09
2050-10-13 09:00:00,0.0251034208451555,12.837653160095329,4.562769370687447e-09
2050-10-13 10:00:00,0.024459501889379,13.59783744812023,4.5460032260441174e-09
2050-10-13 11:00:00,0.0250973011509088,13.616395950317496,4.5545048352066815e-09
2050-10-13 12:00:00,0.0251008896255462,13.33114337921154,4.5587669214793764e-09
2050-10-13 13:00:00,0.0244547575945351,14.201766014099235,4.5699808162415245e-09
2050-10-13 14:00:00,0.0244558869301113,14.182377815246696,4.559562544037195e-09
2050-10-13 15:00:00,0.0251015324921353,12.85280799865734,4.567751784756851e-09
2050-10-13 16:00:00,0.0250997456811993,12.993132591247672,4.580234282289427e-09
2050-10-13 17:00:00,0.0251035595689657,12.372720718383903,4.560013858544105e-09
2050-10-13 18:00:00,0.0251035721610327,11.711715698242301,4.571803759830776e-09
2050-10-13 19:00:00,0.0251035837459337,11.499508857727164,4.579236546196509e-09
2050-10-13 20:00:00,0.0251036556752622,11.413177490234489,4.584343146094691e-09
2050-10-13 21:00:00,0.0251037645101389,11.326925277710075,4.5889722565240264e-09
2050-10-13 22:00:00,0.0251045862141212,10.57905483245861,4.5973161013896895e-09
2050-10-13 23:00:00,0.0251046469999993,10.060853958129996,4.601569035627281e-09
2050-10-14 00:00:00,0.0251050724166756,9.742747306823844,4.606515312291818e-09
2050-10-14 01:00:00,0.0251055222352026,9.584005355835075,4.611067827644216e-09
2050-10-14 02:00:00,0.0251054654317043,9.460906982421989,4.614141502694094e-09
2050-10-14 03:00:00,0.025105589055066,9.39398574829113,4.6178305504042425e-09
2050-10-14 04:00:00,0.0251055933305678,9.520165443420524,4.621523042100024e-09
2050-10-14 05:00:00,0.0251059532914871,9.663757324218864,4.626861631857874e-09
2050-10-14 06:00:00,0.0251063066352424,9.893403053283805,4.633084310806965e-09
2050-10-14 07:00:00,0.0251068894895147,10.341501235962028,4.663661304971085e-09
2050-10-14 08:00:00,0.0251060250980984,10.852388381958121,4.665554555475519e-09
2050-10-14 09:00:00,0.0251038612822425,11.241369247436637,4.659508862685219e-09
2050-10-14 10:00:00,0.0251087448186733,11.657613754272575,4.672893882530856e-09
2050-10-14 11:00:00,0.0251033476697821,12.417262077331657,4.663782084450731e-09
2050-10-14 12:00:00,0.0251021671775443,13.076327323913688,4.65180792634922e-09
2050-10-14 13:00:00,0.0251073092784397,13.26630783081066,4.695602786441282e-09
2050-10-14 14:00:00,19.990307398877388,13.555548667907829,7.91424366171335e-09
2050-10-14 15:00:00,20.9975942340325,13.965401649475211,8.292803849904283e-09
2050-10-14 16:00:00,21.000711673078985,14.227169990539664,1.0650815823423407e-08
2050-10-14 17:00:00,25.948863458928784,14.426150321960563,2.2424623905224173e-08
2050-10-14 18:00:00,21.004130384212942,14.054073333740348,1.4219835751307282e-08
2050-10-14 19:00:00,21.00565817926324,13.970410346984977,1.1793184383873582e-08
2050-10-14 20:00:00,20.99765041017981,13.838104248046989,1.0700404548566407e-08
2050-10-14 21:00:00,20.997668285881616,13.719219207763786,1.2353451274588173e-08
2050-10-14 22:00:00,21.010357061870756,13.359920501709098,1.682266123818803e-08
2050-10-14 23:00:00,20.997687617266443,13.012426376342887,1.3930894928101139e-08
2050-10-15 00:00:00,20.997650046238743,12.838514328003043,1.2380491747865018e-08
2050-10-15 01:00:00,20.99764447869961,12.739498138427848,1.0174414226251499e-08
2050-10-15 02:00:00,0.0251374596099725,12.72116851806652,4.687445756697264e-09
2050-10-15 03:00:00,0.0251062709267258,12.607922554016227,4.754697623744319e-09
2050-10-15 04:00:00,0.0251060448704581,12.643144607544059,4.744749247137923e-09
2050-10-15 05:00:00,0.0251048191166286,12.57161903381359,4.704828161929789e-09
2050-10-15 06:00:00,0.0251050487512383,12.478656768798942,4.715022935471704e-09
2050-10-15 07:00:00,0.0251062845581281,12.479480743408317,4.763055989915059e-09
2050-10-15 08:00:00,0.0251080061783993,12.63769912719738,4.7475569966702795e-09
2050-10-15 09:00:00,0.0251117171836289,13.206345558166618,4.72412896518162e-09
2050-10-15 10:00:00,21.010306216490687,13.509972572326774,9.139535252129852e-09
2050-10-15 11:00:00,21.01032969400956,13.699849128723258,1.055184128487451e-08
2050-10-15 12:00:00,21.01031356138609,13.966801643371696,8.83389193998712e-09
2050-10-15 13:00:00,0.0250946232939813,14.746679306030387,4.745585384329696e-09
2050-10-15 14:00:00,19.991378423067147,14.16445636749279,7.852543417802661e-09
2050-10-15 15:00:00,0.025113490244596,14.526783943176383,4.6931252716213535e-09
2050-10-15 16:00:00,19.990318057411585,14.46087741851818,7.825942234983054e-09
2050-10-15 17:00:00,21.01034643251639,13.770233154296989,1.0618160654021986e-08
2050-10-15 18:00:00,21.01034817213121,13.315200805664176,1.0900716821828764e-08
2050-10-15 19:00:00,21.010341333829583,12.468402862548942,9.676006004381766e-09
2050-10-15 20:00:00,21.010340246486127,12.33209323883068,9.287286062100398e-09
2050-10-15 21:00:00,21.01034360869168,12.13851642608654,9.633849537493707e-09
2050-10-15 22:00:00,21.01035056328604,12.111615180969352,1.1096534870425945e-08
2050-10-15 23:00:00,21.010354648139018,12.454982757568473,1.0971310019300368e-08
2050-10-16 00:00:00,21.01038976853228,12.852252960205192,1.401803336228999e-08
2050-10-16 01:00:00,35.05327811912382,12.896154403686637,4.6058402577768e-08
2050-10-16 02:00:00,43.30138876245884,12.711992263794059,0.035979709102863064
2050-10-16 03:00:00,43.301404772843554,12.656064033508414,0.08136750040376377
2050-10-16 04:00:00,43.301411630716906,12.811225891113395,0.16016655061770654
2050-10-16 05:00:00,43.30141368472454,12.96343803405773,0.19010340826324418
2050-10-16 06:00:00,43.30141436966885,12.859087944030875,0.1936966583849242
2050-10-16 07:00:00,25.811473655496528,13.022879600525016,9.687938826266054e-08
2050-10-16 08:00:00,25.8114690248346,13.809744834900016,4.540415443742297e-08
2050-10-16 09:00:00,25.81146743858164,14.303341865539664,3.3789334603121406e-08
2050-10-16 10:00:00,25.811465816631507,14.57642745971691,2.7748631375528776e-08
2050-10-16 11:00:00,20.88634741671236,15.552869796753043,1.1138980502179158e-08
2050-10-16 12:00:00,20.88632759649037,16.243427276611442,9.246987077129261e-09
2050-10-16 13:00:00,0.0251085631638801,16.84555816650402,4.645085378944104e-09
2050-10-16 14:00:00,0.0251049513921526,16.888912200927848,4.615992812838483e-09
2050-10-16 15:00:00,20.886267733640267,16.718803405761832,8.278780692437601e-09
2050-10-16 16:00:00,0.0251122165263081,16.342569351196403,4.598756944729694e-09
2050-10-16 17:00:00,0.0251117592459508,15.618232727050895,4.5488517748106255e-09
2050-10-16 18:00:00,0.0251064298413433,15.048617362976188,4.535007233441689e-09
2050-10-16 19:00:00,0.0251053120850043,14.739643096923942,4.519814546423915e-09
2050-10-16 20:00:00,0.0251098982468237,14.567233085632438,4.529571267693507e-09
2050-10-16 21:00:00,19.990400486092877,14.357896804809684,7.721255314628297e-09
2050-10-16 22:00:00,0.0251218311242572,14.155447959900016,4.521005322503007e-09
2050-10-16 23:00:00,0.0251154886859069,14.014870643615836,4.5153962920029345e-09
2050-10-17 00:00:00,0.0251063468188199,13.834959983825797,4.503169894559523e-09
2050-10-17 01:00:00,0.0251081490296723,13.547415733337516,4.499504180309655e-09
2050-10-17 02:00:00,0.0251069405689031,13.70333290100109,4.491221984828749e-09
2050-10-17 03:00:00,0.0251054979712507,13.956645965576286,4.480320738445498e-09
2050-10-17 04:00:00,0.0251047060481373,14.047922134399528,4.469783633052577e-09
2050-10-17 05:00:00,0.0251046321302236,14.080252647400016,4.4662591802346425e-09
2050-10-17 06:00:00,0.0251045964279499,14.06932640075695,4.464383387200289e-09
2050-10-17 07:00:00,0.0251044078360226,14.126820564270133,4.447539327022228e-09
2050-10-17 08:00:00,0.0251037051332374,14.226284027099723,4.48516557499657e-09
2050-10-17 09:00:00,0.0251044712751306,14.641747474670524,4.492150611129005e-09
2050-10-17 10:00:00,0.0251029006584287,14.952421188354606,4.47328411681143e-09
2050-10-17 11:00:00,0.025102846828909,15.281648635864371,4.460708460224407e-09
2050-10-17 12:00:00,0.0251032679886252,15.568172454834098,4.445773263277053e-09
2050-10-17 13:00:00,0.0250846924647785,16.038419723510856,4.413717483442151e-09
2050-10-17 14:00:00,0.0251018623097235,16.23191070556652,4.40802003595376e-09
2050-10-17 15:00:00,0.0251044654238219,16.011997222900504,4.438560766046828e-09
2050-10-17 16:00:00,0.0251040328487477,16.104722976684684,4.523346288081048e-09
2050-10-17 17:00:00,35.05381054243814,15.714262962341422,2.5777358922084624e-08
2050-10-17 18:00:00,43.30141251498732,15.592609405517692,0.051745155682842145
2050-10-17 19:00:00,43.30140556572319,15.29695034027111,0.03606294003021942
2050-10-17 20:00:00,43.301404902987,15.371340751648063,0.03616006567751199
2050-10-17 21:00:00,43.30141023734562,15.250129699707145,0.04761656396685357
2050-10-17 22:00:00,43.3014051734599,15.189880371093864,0.03849778129932566
2050-10-17 23:00:00,43.3014164560518,15.324197769165153,0.08043202850690245
2050-10-18 00:00:00,43.30142207708252,15.310874938964957,0.15933005699110825
2050-10-18 01:00:00,43.30142285769185,15.409879684448356,0.1828860462013947
2050-10-18 02:00:00,43.301423389192486,15.470066070556754,0.19807363900494
2050-10-18 03:00:00,43.301424128043614,15.452617645263786,0.22896530141128393
2050-10-18 04:00:00,43.30142474749228,15.55867958068859,0.2613160718579584
2050-10-18 05:00:00,43.30142506446892,15.512086868286246,0.2717858646711095
2050-10-18 06:00:00,43.3014253631476,15.598337173462028,0.2818189510226541
2050-10-18 07:00:00,43.30142378445949,15.784399986267204,0.25691579091691646
2050-10-18 08:00:00,43.301422030177385,15.836374282837028,0.16152369866338875
2050-10-18 09:00:00,43.30140921482871,15.945083618164176,0.044010617077927416
2050-10-18 10:00:00,43.30142107877453,15.962804794311637,0.13266629923136222
2050-10-18 11:00:00,43.30142226598443,15.855878829956168,0.1813466437113952
2050-10-18 12:00:00,43.30142041684161,15.875653266906852,0.13146835587342068
2050-10-18 13:00:00,43.301417372477225,15.953912734985465,0.09176020083540072
2050-10-18 14:00:00,43.30141649776798,15.962103843689079,0.08477554605903931
2050-10-18 15:00:00,43.30141926982112,15.812211990356559,0.11345964572134894
2050-10-18 16:00:00,43.30141915793167,15.732241630554313,0.11228487920195608
2050-10-18 17:00:00,43.30140560116389,15.666646003723258,0.040348445635766506
2050-10-18 18:00:00,35.05327848758976,15.408090591430778,3.416948943910085e-08
2050-10-18 19:00:00,35.05320016220787,15.2606716156007,2.6042119070819267e-08
2050-10-18 20:00:00,35.053198578385015,15.131286621093864,2.497490973648124e-08
2050-10-18 21:00:00,35.053191034990306,15.065449714660758,1.9174397979414672e-08
2050-10-18 22:00:00,0.025141602458048,14.589861869812125,4.7119298000795154e-09
2050-10-18 23:00:00,0.0251080039502035,14.163421630859489,4.648705123892823e-09
2050-10-19 00:00:00,0.0251062779893944,13.336144447326774,4.60107231868506e-09
2050-10-19 01:00:00,0.0251064018157906,12.65738391876232,4.588099172366372e-09
2050-10-19 02:00:00,0.0251076970807803,12.357110023498649,4.590008252459556e-09
2050-10-19 03:00:00,0.0251078942087503,12.418045997619743,4.589710728656263e-09
2050-10-19 04:00:00,0.0251075560185112,12.403272628784293,4.590985308564733e-09
2050-10-19 05:00:00,0.0251074410776749,12.321376800537223,4.595114878638891e-09
2050-10-19 06:00:00,0.0251077176110963,12.226758003234977,4.601732630920496e-09
2050-10-19 07:00:00,0.0251094322777276,12.25254058837902,4.594634513572265e-09
2050-10-19 08:00:00,0.0251057251411514,12.528097152710075,4.630651955253699e-09
2050-10-19 09:00:00,19.99028492282859,12.898345947265739,7.812171248112943e-09
2050-10-19 10:00:00,19.978283123518032,13.134048461914176,8.674701249351063e-09
2050-10-19 11:00:00,19.990336788627893,13.270130157470817,7.816499354234984e-09
2050-10-19 12:00:00,19.990098065299986,13.422988891601676,6.8277319463075424e-09
2050-10-19 13:00:00,0.0251027574486703,13.762148857116813,4.601403817066332e-09
2050-10-19 14:00:00,0.0251175568580623,14.096767425537223,4.608640592198724e-09
2050-10-19 15:00:00,0.0251072358203034,13.989759445190543,4.6120789465759435e-09
2050-10-19 16:00:00,0.0251023589279182,13.57009601593029,4.596661894061598e-09
2050-10-19 17:00:00,0.0251046962996338,12.898081779480094,4.585039278142739e-09
2050-10-19 18:00:00,0.0251065976248227,12.53452014923107,4.6284011174159526e-09
2050-10-19 19:00:00,0.0251170957317782,12.405173301696891,4.629744179529115e-09
2050-10-19 20:00:00,19.990880488094923,12.313404083252067,7.78084590466446e-09
2050-10-19 21:00:00,20.84704658040146,11.867177009582633,8.786418457011122e-09
2050-10-19 22:00:00,20.84704956548113,11.187822341919059,9.021600907084104e-09
2050-10-19 23:00:00,20.847033728558447,10.706356048584098,8.282975794265115e-09
2050-10-20 00:00:00,20.847057939317388,10.346199035644645,1.0241986233664124e-08
2050-10-20 01:00:00,20.85850502007398,10.213538169860954,1.4345469979922288e-08
2050-10-20 02:00:00,20.860152926414,10.130902290344352,1.4369459501321512e-08
2050-10-20 03:00:00,20.90412578411034,10.333174705505485,1.4503172473081615e-08
2050-10-20 04:00:00,20.90575523981481,10.778938293457145,1.218505085632875e-08
2050-10-20 05:00:00,20.84707287956849,10.659291267395133,9.748742315158382e-09
2050-10-20 06:00:00,20.84709771656122,10.450310707092399,9.738165809227892e-09
2050-10-20 07:00:00,20.84707941475651,10.582037925720329,9.44614625628731e-09
2050-10-20 08:00:00,0.0251114682985078,11.029992103576774,4.6870978274407695e-09
2050-10-20 09:00:00,0.0251050188220744,11.566801071167106,4.685983264678688e-09
2050-10-20 10:00:00,0.0248147424017738,12.477913856506461,4.653691593742619e-09
2050-10-20 11:00:00,0.0251063126838188,12.756320953369254,4.660326215897667e-09
2050-10-20 12:00:00,20.845808381796093,12.907209396362418,8.230054832771785e-09
2050-10-20 13:00:00,20.84703558762052,12.953208923339957,8.550877714704759e-09
2050-10-20 14:00:00,20.92186124497928,12.87655353546154,1.0707541168831449e-08
2050-10-20 15:00:00,20.846986741327857,12.928922653198356,8.265342962384534e-09
2050-10-20 16:00:00,0.0251139561782384,13.448136329650993,4.680900268404502e-09
2050-10-20 17:00:00,0.0251049728698158,13.547331809997672,4.632345717741897e-09
2050-10-20 18:00:00,0.0251038897609042,13.899786949157829,4.604051567848072e-09
2050-10-20 19:00:00,0.0251037942972513,13.772200584411735,4.599591071563788e-09
2050-10-20 20:00:00,0.025103864175829,13.185376167297477,4.601287618281688e-09
2050-10-20 21:00:00,0.0251041088147529,13.005615234375114,4.60820855765993e-09
2050-10-20 22:00:00,0.0251074207041937,12.680476188659782,4.6324995733077115e-09
2050-10-20 23:00:00,0.0251226842814921,12.51224231719982,4.633846172602019e-09
2050-10-21 00:00:00,0.0251096170335665,12.66003513336193,4.635706491516172e-09
2050-10-21 01:00:00,0.0251111559382641,12.550611495971793,4.63645173972108e-09
2050-10-21 02:00:00,0.0251164064870867,12.329762458801383,4.635771878215082e-09
2050-10-21 03:00:00,0.0251523419417518,11.668818473816032,4.6325645575937895e-09
2050-10-21 04:00:00,20.847022702768754,11.811509132385368,8.268973978056456e-09
2050-10-21 05:00:00,20.847049488221888,11.779770851135368,8.83488091675023e-09
2050-10-21 06:00:00,20.847040594136903,11.614788055420036,8.526953268474293e-09
2050-10-21 07:00:00,19.99041265007241,11.467059135437125,7.825140632182463e-09
2050-10-21 08:00:00,0.0251170427203803,11.354892730713004,4.6494597372154126e-09
2050-10-21 09:00:00,0.0251046068286673,11.927290916442985,4.632173553722304e-09
2050-10-21 10:00:00,0.024456643261904,13.206406593322868,4.573684540633268e-09
2050-10-21 11:00:00,0.02510301059865,13.592927932739371,4.606411933803885e-09
2050-10-21 12:00:00,0.0251346373820112,14.141427040100211,4.608904311444996e-09
2050-10-21 13:00:00,0.0251791522888607,14.432824134826774,4.61101032054694e-09
2050-10-21 14:00:00,19.990356547629283,14.259261131286735,7.79097317006636e-09
2050-10-21 15:00:00,0.0251180453011476,13.604353904724235,4.633862954649635e-09
2050-10-21 16:00:00,0.0251050924157401,13.215325355529899,4.643882714727941e-09
2050-10-21 17:00:00,0.0251102990512964,12.487842559814567,4.624058168782965e-09
2050-10-21 18:00:00,0.025109397195374,11.951041221618766,4.628457500028848e-09
2050-10-21 19:00:00,0.0251066537007056,11.616533279419059,4.628958270270356e-09
2050-10-21 20:00:00,0.0251060613379029,11.29111480712902,4.629948025395445e-09
2050-10-21 21:00:00,0.0251058839502179,11.092164993286246,4.631350882516752e-09
2050-10-21 22:00:00,0.0258282137555613,11.041811943054313,4.640671381019456e-09
2050-10-21 23:00:00,0.0251108058625993,10.981319427490348,4.638574949661091e-09
2050-10-22 00:00:00,0.025166533877576,10.8649196624757,4.639795605520006e-09
2050-10-22 01:00:00,0.0251133045922429,10.6638698577882,4.63694851936251e-09
2050-10-22 02:00:00,0.0251059129148464,10.505009651184196,4.628888858404507e-09
2050-10-22 03:00:00,0.0251046397239935,10.473279953003043,4.6206622340453084e-09
2050-10-22 04:00:00,0.0251049706307597,10.472222328186149,4.623015213535741e-09
2050-10-22 05:00:00,0.0251048916249716,10.307076454162711,4.624001542611357e-09
2050-10-22 06:00:00,0.0251046813883363,10.258951187133903,4.6255995696619484e-09
2050-10-22 07:00:00,0.0251044761673013,10.354876518249625,4.619471291580434e-09
2050-10-22 08:00:00,0.0251037602324384,10.417089462280387,4.6508108890699645e-09
2050-10-22 09:00:00,0.025102981693399,10.667416572570914,4.657524296922201e-09
2050-10-22 10:00:00,0.0251043180674506,10.666996955871696,4.672652564511835e-09
2050-10-22 11:00:00,0.0251043786973617,10.439093589782829,4.676984029692836e-09
2050-10-22 12:00:00,0.0251069100692357,9.979864120483512,4.681912239480688e-09
2050-10-22 13:00:00,0.0251074060979332,10.310689926147575,4.683548101418272e-09
2050-10-22 14:00:00,20.846965391665748,10.442555427551383,8.279835176209654e-09
2050-10-22 15:00:00,20.84708255060332,10.040717124939079,8.867588038533287e-09
2050-10-22 16:00:00,21.00379794910711,9.946702957153434,1.0420723917060938e-08
2050-10-22 17:00:00,25.76298123720483,9.364789962768668,1.870290179582058e-08
2050-10-22 18:00:00,21.00700690992662,8.670471191406364,9.591588168797214e-09
2050-10-22 19:00:00,0.025159036116854,8.345858573913688,4.617184779981896e-09
2050-10-22 20:00:00,0.0251997004641982,8.081717491150016,4.611945808589933e-09
2050-10-22 21:00:00,0.0251066970948592,7.7599530220032875,4.602159836098984e-09
2050-10-22 22:00:00,0.0251043178799561,7.505399703979606,4.581508396874473e-09
2050-10-22 23:00:00,0.0251045471187255,7.16467905044567,4.574928532970749e-09
2050-10-23 00:00:00,0.02510416480197,6.8680977821351235,4.564433673996801e-09
2050-10-23 01:00:00,0.025104226512039,6.829238414764518,4.5579829826567396e-09
2050-10-23 02:00:00,0.0251045599414797,6.660092830658073,4.553603440412977e-09
2050-10-23 03:00:00,0.025104254904383,6.533170223236198,4.545008158292044e-09
2050-10-23 04:00:00,0.0251037442786461,6.632851123809928,4.534363520037333e-09
2050-10-23 05:00:00,0.0251037808790043,6.632305145263786,4.528316994196373e-09
2050-10-23 06:00:00,0.0251037038404964,6.407006740570182,4.52164887017025e-09
2050-10-23 07:00:00,0.0251036093282865,6.376879215240592,4.496813667683142e-09
2050-10-23 08:00:00,0.0251000841579346,7.2513775825501625,4.512040387924839e-09
2050-10-23 09:00:00,0.025100827129511,8.384398460388297,4.500330413228566e-09
2050-10-23 10:00:00,0.0244587355093783,9.53973484039318,4.4468351115166334e-09
2050-10-23 11:00:00,0.0250983342514788,10.15650844573986,4.472963238423719e-09
2050-10-23 12:00:00,0.0251020919153667,10.43272972106945,4.480274880080721e-09
2050-10-23 13:00:00,0.0251023682342488,10.295110702514762,4.478809157769758e-09
2050-10-23 14:00:00,0.0251037659031312,10.150534629821891,4.488385697685078e-09
2050-10-23 15:00:00,0.0251037142578656,10.378528594970817,4.498591764198008e-09
2050-10-23 16:00:00,0.0251062687886738,10.570256233215446,4.603584013013144e-09
2050-10-23 17:00:00,21.921924531077693,10.68996906280529,8.562312424388134e-09
2050-10-23 18:00:00,22.872911637007387,11.07113361358654,1.0041101523975497e-08
2050-10-23 19:00:00,22.87300471569403,11.627006530761832,1.068556027359064e-08
2050-10-23 20:00:00,23.3637942599541,12.0536403656007,1.1666787829521391e-08
2050-10-23 21:00:00,35.05317039649987,12.433904647827262,2.99506327460115e-08
2050-10-23 22:00:00,35.05321450793467,12.985859870910758,3.621938299736526e-08
2050-10-23 23:00:00,35.053277842411646,13.167493820190543,3.9199556168003695e-08
2050-10-24 00:00:00,43.30139661259078,13.274278640747184,0.03173427110086568
2050-10-24 01:00:00,43.30141486982607,13.238092422485465,0.06863595852198917
2050-10-24 02:00:00,43.30141856441487,13.184504508972282,0.08568194577014512
2050-10-24 03:00:00,43.30142259461373,13.225397109985465,0.11771296420617149
2050-10-24 04:00:00,43.3014258516526,13.117199897766227,0.16323834197745832
2050-10-24 05:00:00,43.30142753360505,13.00479602813732,0.20285001578792675
2050-10-24 06:00:00,43.30142835831578,13.078738212585563,0.23294906315313701
2050-10-24 07:00:00,43.30142882255762,13.214951515197868,0.2542797363374826
2050-10-24 08:00:00,43.3014290526796,13.567891120910758,0.26746436843442817
2050-10-24 09:00:00,43.30142926889722,14.009855270385856,0.2762269727404056
2050-10-24 10:00:00,43.30142912447936,14.076858520507926,0.26903231763550783
2050-10-24 11:00:00,43.30142879032743,14.638772964477653,0.25209963565252685
2050-10-24 12:00:00,43.3014284919678,15.347299575805778,0.2411323101842186
2050-10-24 13:00:00,43.301428453056246,15.741704940796012,0.24690803433714628
2050-10-24 14:00:00,43.30142849463878,15.880828857421989,0.25694445407973676
2050-10-24 15:00:00,43.30142853924687,15.926348686218375,0.2720003477627512
2050-10-24 16:00:00,43.30142837173798,15.957940101623649,0.2642111400104604
2050-10-24 17:00:00,43.301427336400906,15.96189403533947,0.2042334709527858
2050-10-24 18:00:00,43.30142387032778,15.96424770355236,0.12098949309010046
2050-10-24 19:00:00,43.30135339056815,15.983051300048942,0.010601951408208021
2050-10-24 20:00:00,35.05321880740483,15.99271678924572,2.896753610742684e-08
2050-10-24 21:00:00,35.05321090304479,16.006036758422965,2.2882922834504932e-08
2050-10-24 22:00:00,35.053205313814075,16.03221702575695,1.9391417425424437e-08
2050-10-24 23:00:00,35.05320589405849,16.015895843505973,1.9607622513107477e-08
2050-10-25 00:00:00,35.053188639948615,16.02047729492199,1.9356678075828394e-08
2050-10-25 01:00:00,19.99029551533599,16.002857208252067,7.905503170278425e-09
2050-10-25 02:00:00,0.0251197759086537,15.981469154358024,4.586059207206648e-09
2050-10-25 03:00:00,0.0251064197458265,15.94151878356945,4.483810080929391e-09
2050-10-25 04:00:00,0.0251047012859746,15.220527648925895,4.420753946276607e-09
2050-10-25 05:00:00,0.0251045291715755,14.515389442443961,4.406857087907025e-09
2050-10-25 06:00:00,0.0251044645482306,13.675281524658317,4.408760427210369e-09
2050-10-25 07:00:00,0.0251045591205287,12.874212265014762,4.414250931383754e-09
2050-10-25 08:00:00,0.0251035542052984,12.206419944763297,4.460218826650098e-09
2050-10-25 09:00:00,0.0244636853413162,11.966691970825309,4.3630415877178e-09
2050-10-25 10:00:00,0.0244567737099306,12.302081108093375,4.381408543815824e-09
2050-10-25 11:00:00,0.0250951748418197,12.540129661560172,4.473104652758367e-09
2050-10-25 12:00:00,0.0251003738858337,12.630240440368766,4.494658660732166e-09
2050-10-25 13:00:00,0.0244620303483376,13.246795654296989,4.499758485491306e-09
2050-10-25 14:00:00,20.95825348678068,13.603353500366325,8.93080090409599e-09
2050-10-25 15:00:00,20.958248492685318,13.72092151641857,8.474573753450852e-09
2050-10-25 16:00:00,20.95824643057222,13.469455718994254,8.352342739398805e-09
2050-10-25 17:00:00,20.958306017717074,12.844476699829215,1.1513339882427826e-08
2050-10-25 18:00:00,20.958263782451525,12.466851234436149,1.044914752068142e-08
2050-10-25 19:00:00,20.958270452256095,12.050470352172965,1.1429868880525265e-08
2050-10-25 20:00:00,20.958451237683725,11.978002548217887,1.3287061626610961e-08
2050-10-25 21:00:00,20.95834708764952,11.702517509460563,1.3971672873981117e-08
2050-10-25 22:00:00,20.95826918969555,11.585703849792594,1.294794931248419e-08
2050-10-25 23:00:00,20.958273484548386,11.652583122253532,1.386145327754315e-08
2050-10-26 00:00:00,20.95826092710644,11.329053878784293,1.0022518812480721e-08
2050-10-26 01:00:00,20.95826334847025,10.91679668426525,1.0310922927113168e-08
2050-10-26 02:00:00,20.958260587531623,10.70893478393566,9.741457689486339e-09
2050-10-26 03:00:00,20.95825943175177,10.711929321289176,9.469142111770367e-09
2050-10-26 04:00:00,20.958258540349263,10.513361930847282,9.287737121760544e-09
2050-10-26 05:00:00,20.95825742444312,10.67057323455822,9.157077861083715e-09
2050-10-26 06:00:00,20.958222165973908,10.596871376037711,8.256910375717212e-09
2050-10-26 07:00:00,0.0251389557270825,10.548721313476676,4.691858355007307e-09
2050-10-26 08:00:00,0.0251199724352003,10.853690147400016,4.738569199693754e-09
2050-10-26 09:00:00,0.0251007525476893,11.371577262878532,4.690387035032276e-09
2050-10-26 10:00:00,0.0252909162875184,11.695641517639274,5.671859565548836e-09
2050-10-26 11:00:00,0.0252799100976397,11.63030815124523,5.531587247344925e-09
2050-10-26 12:00:00,0.0251111327851485,11.267536163330192,4.741315418749731e-09
2050-10-26 13:00:00,0.0251084286425825,11.819677352905387,4.726064432327653e-09
2050-10-26 14:00:00,0.0251017959753194,12.50581264495861,4.6944548622772685e-09
2050-10-26 15:00:00,0.0250971051956229,12.490447044372672,4.663178615706257e-09
2050-10-26 16:00:00,0.0251062307434706,11.711702346801871,4.697599690031179e-09
2050-10-26 17:00:00,0.0251063242737558,11.42501544952404,4.669052419681066e-09
2050-10-26 18:00:00,0.0251066108800985,11.283673286438102,4.670620395317061e-09
2050-10-26 19:00:00,0.0251061796217102,11.210536956787223,4.6684936734614745e-09
2050-10-26 20:00:00,0.0251055893131591,11.190301895141715,4.665133247174777e-09
2050-10-26 21:00:00,0.0251048751881891,11.09582328796398,4.660147763058653e-09
2050-10-26 22:00:00,0.0251040673136532,10.974378585815543,4.653402868854644e-09
2050-10-26 23:00:00,0.0251041791921716,10.869306564331168,4.6537580927650065e-09
2050-10-27 00:00:00,0.0251039925446722,10.793398857116813,4.6518826278176066e-09
2050-10-27 01:00:00,0.0251036772406312,10.770822525024528,4.648958740011148e-09
2050-10-27 02:00:00,0.0251035868525065,10.763122558593864,4.648322104805638e-09
2050-10-27 03:00:00,0.0251035915446144,10.786456108093375,4.649306592896141e-09
2050-10-27 04:00:00,0.0251035940957932,10.572864532470817,4.651248742015035e-09
2050-10-27 05:00:00,0.0251036008948617,10.662194252014274,4.654229129282247e-09
2050-10-27 06:00:00,0.0251036055695261,10.803106307983512,4.658255198028473e-09
2050-10-27 07:00:00,0.0251036083176798,11.012996673584098,4.6576141884789644e-09
2050-10-27 08:00:00,0.0251031521570837,11.011497497558707,4.695739736972357e-09
2050-10-27 09:00:00,0.0251026161730192,11.271938323974723,4.6998007856805905e-09
2050-10-27 10:00:00,0.0251025351725702,11.566385269165153,4.702358074406607e-09
2050-10-27 11:00:00,0.0251030044728374,11.721602439880485,4.704747765143029e-09
2050-10-27 12:00:00,0.0251027860991283,11.883010864257926,4.7050137096277165e-09
2050-10-27 13:00:00,0.0251030770275305,11.867861747741813,4.703250017022355e-09
2050-10-27 14:00:00,0.0251031250450374,11.961627006530875,4.700486311925531e-09
2050-10-27 15:00:00,0.0251032016058379,12.163858413696403,4.697187030915112e-09
2050-10-27 16:00:00,0.0251030367333586,12.143758773803825,4.692893466955413e-09
2050-10-27 17:00:00,0.0251036514888545,11.89169025421154,4.656419743053641e-09
2050-10-27 18:00:00,0.0251036586346401,11.629196166992301,4.6531642055061465e-09
2050-10-27 19:00:00,0.0251036647365691,11.367424964904899,4.650826142457397e-09
2050-10-27 20:00:00,0.0251036699153055,11.247478485107536,4.6493455058316664e-09
2050-10-27 21:00:00,0.025103677183494,11.117321968078727,4.648360938030486e-09
2050-10-27 22:00:00,0.0251036786625225,11.088862419128532,4.648085317752929e-09
2050-10-27 23:00:00,0.0251036812870189,11.083482742309684,4.648129741954529e-09
2050-10-28 00:00:00,0.0251036834230841,11.025812149047965,4.648111913437382e-09
2050-10-28 01:00:00,0.0251036851164741,10.984990119934196,4.647850127322997e-09
2050-10-28 02:00:00,0.0251036862946586,11.024926185608024,4.6469711157566765e-09
2050-10-28 03:00:00,0.0251036870921522,11.158027648925895,4.645305458524005e-09
2050-10-28 04:00:00,0.0251036871893947,11.185864448547477,4.642899557723817e-09
2050-10-28 05:00:00,0.0251036868616247,11.062765121460075,4.639355233284616e-09
2050-10-28 06:00:00,0.0251036870423759,10.926659584045524,4.63384323229052e-09
2050-10-28 07:00:00,0.0251036846049376,10.729812622070426,4.61880477761608e-09
2050-10-28 08:00:00,0.0251026999005451,10.672714233398551,4.64717499876308e-09
2050-10-28 09:00:00,0.0250687483940472,10.857809066772575,4.6286882512315035e-09
2050-10-28 10:00:00,0.0250992367770628,10.733733177185172,4.630971957481472e-09
2050-10-28 11:00:00,0.0251010737532332,10.422652244567985,4.625132664680117e-09
2050-10-28 12:00:00,0.0244552573332966,11.086049079895133,4.573212978426222e-09
2050-10-28 13:00:00,0.0244552328529145,11.196269989013786,4.5652411709342e-09
2050-10-28 14:00:00,0.0244559738919325,11.247351646423454,4.563481152895005e-09
2050-10-28 15:00:00,0.0244586059482582,10.98810958862316,4.571292668212173e-09
2050-10-28 16:00:00,0.0251003824342344,10.179096221923942,4.620591377644456e-09
2050-10-28 17:00:00,0.0251036792401307,9.61628627777111,4.601212978306255e-09
2050-10-28 18:00:00,0.0251037186307825,8.954510688781852,4.616100278013595e-09
2050-10-28 19:00:00,0.0251037605346582,8.899213790893668,4.627278392344588e-09
2050-10-28 20:00:00,0.0251038084455703,8.426656723022575,4.634871268535251e-09
2050-10-28 21:00:00,0.0251040065611092,8.090463638305778,4.6416827302647114e-09
2050-10-28 22:00:00,0.0251041655196208,8.060955047607536,4.647395464158807e-09
2050-10-28 23:00:00,0.0251044047387261,8.13216590881359,4.6510892572495086e-09
2050-10-29 00:00:00,0.025104399711123,8.708901405334586,4.650693177333549e-09
2050-10-29 01:00:00,0.0251039031542925,9.440564155578727,4.644956814150358e-09
2050-10-29 02:00:00,0.0251037976808573,9.747543334961051,4.640716226764206e-09
2050-10-29 03:00:00,0.0251037194763065,10.523687362671012,4.637728089528116e-09
2050-10-29 04:00:00,0.0251036368533608,10.82499217987072,4.635254517922286e-09
2050-10-29 05:00:00,0.025103627863272,11.239398956298942,4.634009999436337e-09
2050-10-29 06:00:00,0.0251036742127132,11.493514060974235,4.6342040339496554e-09
2050-10-29 07:00:00,0.0251037191778335,11.592263221740836,4.626947030275534e-09
2050-10-29 08:00:00,0.0251036951270538,11.672594070434684,4.655500212631114e-09
2050-10-29 09:00:00,0.0251040523221848,11.705844879150504,4.651944760837696e-09
2050-10-29 10:00:00,0.0251034553524814,12.010694503784293,4.643455408213392e-09
2050-10-29 11:00:00,0.0251028507009814,12.551960945129508,4.633436990663119e-09
2050-10-29 12:00:00,0.0251029943774457,13.228653907775993,4.626402518949195e-09
2050-10-29 13:00:00,0.0251035927817954,13.57576942443859,4.61384456471945e-09
2050-10-29 14:00:00,0.024474930276849,13.606623649597282,4.569316958458677e-09
2050-10-29 15:00:00,0.024525779579853,13.563387870788688,4.555309894378e-09
2050-10-29 16:00:00,0.02510127355803,12.888542175293082,4.60316402581244e-09
2050-10-29 17:00:00,0.0251185965313148,12.301452636718864,4.6388860755347515e-09
2050-10-29 18:00:00,0.0251212019951762,12.17602348327648,4.684165606781826e-09
2050-10-29 19:00:00,19.99031919765884,12.057599067688102,7.961937743969004e-09
2050-10-29 20:00:00,20.984392752889665,11.7618284225465,9.887906809278744e-09
2050-10-29 21:00:00,20.98440324174593,11.592308044433707,1.1331953184241025e-08
2050-10-29 22:00:00,20.98435517494516,11.619108200073356,8.336764193248983e-09
2050-10-29 23:00:00,20.984396156967684,11.507605552673454,1.1044439762098837e-08
2050-10-30 00:00:00,20.98440049627467,11.236805915832633,1.0956187395152593e-08
2050-10-30 01:00:00,20.984409790912736,11.06476974487316,1.1052764424633353e-08
2050-10-30 02:00:00,21.0086635267561,10.890940666198844,1.3050961764213963e-08
2050-10-30 03:00:00,21.01034083094625,10.690184593200797,1.4304610433595282e-08
2050-10-30 04:00:00,21.01035570623464,10.269209861755485,1.484300374655926e-08
2050-10-30 05:00:00,21.01036600503067,9.74560928344738,1.5675800476376723e-08
2050-10-30 06:00:00,21.01038316796264,9.482541084289664,1.531377284980753e-08
2050-10-30 07:00:00,24.62808854047692,9.385118484497184,1.736616798207968e-08
2050-10-30 08:00:00,21.010373014058327,9.397398948669547,1.2534908037092138e-08
2050-10-30 09:00:00,25.964566436895097,9.81381988525402,2.24788760967622e-08
2050-10-30 10:00:00,22.39934063013532,10.351992607116813,1.3998582369776444e-08
2050-10-30 11:00:00,21.01033889764858,11.423209190368766,8.86319330513848e-09
2050-10-30 12:00:00,21.01032183688485,12.344649314880485,8.449484277452486e-09
2050-10-30 13:00:00,21.010344607666287,13.206155776977653,9.2584390239539e-09
2050-10-30 14:00:00,21.010354582124112,13.259826660156364,1.1014844594817478e-08
2050-10-30 15:00:00,25.96457278605674,12.222759246826286,2.4273057736731543e-08
2050-10-30 16:00:00,25.964578631154478,11.200093269348258,3.4799439420977926e-08
2050-10-30 17:00:00,25.96458025305747,10.689351081848258,3.739977641377754e-08
2050-10-30 18:00:00,25.964577778982672,10.605211257934684,2.8541693830950696e-08
2050-10-30 19:00:00,25.96454471393651,10.564487457275504,2.0606741672130977e-08
2050-10-30 20:00:00,21.010362038599204,10.657310485839957,1.299430858758707e-08
2050-10-30 21:00:00,21.01035280336896,11.02543163299572,1.0807412279559483e-08
2050-10-30 22:00:00,21.010242962082742,11.088374137878532,8.244455522147639e-09
2050-10-30 23:00:00,21.01034068936152,11.169206619262809,8.873279974583135e-09
2050-10-31 00:00:00,21.010343485890232,11.481658935546989,9.09064869884866e-09
2050-10-31 01:00:00,21.01034458962764,11.581993103027457,9.19712133154917e-09
2050-10-31 02:00:00,21.010349133267358,11.631276130676383,1.0090813544783132e-08
2050-10-31 03:00:00,21.01035320591246,12.1119260787965,1.1717568763753942e-08
2050-10-31 04:00:00,21.0103566400558,12.92421913146984,1.2993981319322358e-08
2050-10-31 05:00:00,21.0103521143833,13.749127388000602,1.044117774273703e-08
2050-10-31 06:00:00,21.01017715000413,14.121994972229118,8.258315609813391e-09
2050-10-31 07:00:00,0.0251098051780094,14.098545074463004,4.746918091808724e-09
2050-10-31 08:00:00,0.0251074791770939,13.470440864563102,4.770406149061976e-09
2050-10-31 09:00:00,0.0257367945608545,12.609156608581657,4.9387263234906796e-09
2050-10-31 10:00:00,0.0257579476076296,12.212432861328239,5.238318409165056e-09
2050-10-31 11:00:00,0.0251145639267195,12.195851325988883,4.7472249830226415e-09
2050-10-31 12:00:00,0.0251052946788966,12.249805450439567,4.735365037048752e-09
2050-10-31 13:00:00,0.0251041425419789,12.346505165100211,4.713169072301754e-09
2050-10-31 14:00:00,0.0250985070598004,12.366300582885856,4.6548431665948766e-09
2050-10-31 15:00:00,0.0251057182715077,12.219590187072868,4.71592882846222e-09
2050-10-31 16:00:00,0.0251038908554309,12.040051460266227,4.701217727819475e-09
2050-10-31 17:00:00,0.0251056792394932,11.82365703582775,4.6915089333231775e-09
2050-10-31 18:00:00,0.0251055823282897,11.489233970642204,4.693563123550923e-09
2050-10-31 19:00:00,0.0251062006279259,11.363629341125602,4.702140725651925e-09
2050-10-31 20:00:00,0.0251068864717091,11.101092338562125,4.71092661306665e-09
2050-10-31 21:00:00,0.0251097357979922,10.999039649963493,4.718639692362489e-09
2050-10-31 22:00:00,0.0251282458509872,10.935825347900504,4.7051398147707885e-09
2050-10-31 23:00:00,0.0257534193840409,10.879842758178825,5.045506220070936e-09
2050-11-01 00:00:00,0.02576308659029,10.768217086792106,5.537377764972211e-09
2050-11-01 01:00:00,0.0257626993138508,10.726737976074332,5.509614297144273e-09
2050-11-01 02:00:00,0.0257653440704674,10.799316406250114,5.78356414835436e-09
2050-11-01 03:00:00,0.025765961118181,10.827082633972282,5.815566799980215e-09
2050-11-01 04:00:00,0.0257643041185816,10.758184432983512,5.637089899962898e-09
2050-11-01 05:00:00,0.0257630834327444,10.723593711853141,5.474656541887163e-09
2050-11-01 06:00:00,0.0257672159803127,10.700012207031364,5.8060073102856425e-09
2050-11-01 07:00:00,0.0257497831299514,10.67200851440441,5.106669365564196e-09
2050-11-01 08:00:00,0.0252282479629816,10.68819904327404,4.7050674468217154e-09
2050-11-01 09:00:00,0.0257325869728222,10.73254203796398,4.871869699298485e-09
2050-11-01 10:00:00,0.0257570979193051,10.783931732177848,5.348504546791349e-09
2050-11-01 11:00:00,0.0257565140681553,10.8126735687257,5.29881403616211e-09
2050-11-01 12:00:00,0.0251063753810129,11.432894706726188,4.764592174615161e-09
2050-11-01 13:00:00,0.0251226048156568,11.495530128479118,4.718536578424312e-09
2050-11-01 14:00:00,0.0259522431953107,10.835340499878043,6.2396631102757505e-09
2050-11-01 15:00:00,0.025791580428911,10.925042152404899,6.16447987391324e-09
2050-11-01 16:00:00,0.0257645936759583,10.511641502380485,5.704385731870782e-09
2050-11-01 17:00:00,0.0257664307951582,10.054992675781364,5.666736016985487e-09
2050-11-01 18:00:00,0.0257225986529095,9.655303001403922,4.838369702568708e-09
2050-11-01 19:00:00,0.0251174454267227,9.380824089050407,4.747476682470342e-09
2050-11-01 20:00:00,0.0251084553456864,9.25333404541027,4.753499636149727e-09
2050-11-01 21:00:00,0.0251069877663535,9.305964469909782,4.749963149062805e-09
2050-11-01 22:00:00,0.0251064135400933,9.273001670837516,4.745759961268106e-09
2050-11-01 23:00:00,0.0251047598863738,9.120720863342399,4.73284018528377e-09
2050-11-02 00:00:00,0.025104101243027,8.784320831298942,4.7187513192232565e-09
2050-11-02 01:00:00,0.0251041441978238,8.461288452148551,4.719753539606288e-09
2050-11-02 02:00:00,0.0251045449079809,8.602289199829215,4.727788930208595e-09
2050-11-02 03:00:00,0.025105163174433,8.587158203125114,4.735132620434289e-09
2050-11-02 04:00:00,0.0251130850176929,8.536106109619254,4.740967603625771e-09
2050-11-02 05:00:00,0.0257625828409266,8.482638359069938,5.672695868664343e-09
2050-11-02 06:00:00,0.0257674813221033,8.42040824890148,5.704381460611147e-09
2050-11-02 07:00:00,0.0257638527358364,8.314265251159782,5.495670415665164e-09
2050-11-02 08:00:00,0.0258695869565427,8.348445892334098,5.965224122703087e-09
2050-11-02 09:00:00,0.0257605124558404,8.920925140380973,5.2442947409562914e-09
2050-11-02 10:00:00,0.0251029889273357,9.70282363891613,4.7414300999202e-09
2050-11-02 11:00:00,0.0251028405331611,10.04980278015148,4.723603757521793e-09
2050-11-02 12:00:00,0.0244672366774209,10.659099578857536,4.684122926788679e-09
2050-11-02 13:00:00,0.0250998145458797,10.58801078796398,4.699025014987321e-09
2050-11-02 14:00:00,0.0251027438908085,10.371210098266715,4.719476528433122e-09
2050-11-02 15:00:00,0.0251050918114913,10.234420776367301,4.731304875148074e-09
2050-11-02 16:00:00,0.0251058052333355,10.029444694519157,4.732371773526565e-09
2050-11-02 17:00:00,0.0251044173439188,9.574160575866813,4.690389326410857e-09
2050-11-02 18:00:00,0.0251037248850868,9.013532638549918,4.6888893723940235e-09
2050-11-02 19:00:00,0.0251036024192918,8.941577911377067,4.690574818410191e-09
2050-11-02 20:00:00,0.0251035790683889,9.191137313842887,4.691414561929101e-09
2050-11-02 21:00:00,0.0251036303667331,9.552821159362907,4.692974971993186e-09
2050-11-02 22:00:00,0.0251039467522292,9.773134231567496,4.69663404349859e-09
2050-11-02 23:00:00,0.0251053517074208,9.798297882080192,4.704362873714632e-09
2050-11-03 00:00:00,0.0251044171590451,9.872621536254996,4.700204541117015e-09
2050-11-03 01:00:00,0.0251037392047435,9.989182472229118,4.695242351051122e-09
2050-11-03 02:00:00,0.0251037232148665,10.186518669128532,4.6947458300150865e-09
2050-11-03 03:00:00,0.0251036531550754,10.374444961547965,4.693906764295286e-09
2050-11-03 04:00:00,0.0251037376430545,10.569868087768668,4.694652360057694e-09
2050-11-03 05:00:00,0.0251037546022045,10.715386390686149,4.695696617194184e-09
2050-11-03 06:00:00,0.025103807097088,10.757926940918082,4.697966835195358e-09
2050-11-03 07:00:00,0.0251037935574771,10.839018821716422,4.695382225475489e-09
2050-11-03 08:00:00,0.0251035817897148,10.926437377929801,4.730736705450635e-09
2050-11-03 09:00:00,0.0251030390326545,11.180735588073844,4.729630902574517e-09
2050-11-03 10:00:00,0.0251027709648118,11.513115882873649,4.726814999806829e-09
2050-11-03 11:00:00,0.0251027289754514,11.83013725280773,4.721006214148047e-09
2050-11-03 12:00:00,0.0250948826418965,12.439386367797965,4.709448337578281e-09
2050-11-03 13:00:00,0.02509768297623,12.64594936370861,4.707162793394648e-09
2050-11-03 14:00:00,0.0251028509606931,12.354258537292594,4.715053011787126e-09
2050-11-03 15:00:00,0.025103311103368,12.187324523925895,4.721789032324432e-09
2050-11-03 16:00:00,0.0251031886093181,12.174335479736442,4.7243312570430495e-09
2050-11-03 17:00:00,0.0251037466542985,12.076608657837028,4.691795755525793e-09
2050-11-03 18:00:00,0.0251037957661381,12.017607688903922,4.691540018623234e-09
2050-11-03 19:00:00,0.0251039585332341,11.890864372253532,4.692776040487338e-09
2050-11-03 20:00:00,0.0251039378110217,11.841554641723746,4.693018183259736e-09
2050-11-03 21:00:00,0.0251038337597289,11.828607559204215,4.692528526325857e-09
2050-11-03 22:00:00,0.0251036956407344,11.79080963134777,4.691498898474563e-09
2050-11-03 23:00:00,0.0251036771971147,11.916000366211051,4.690965563233667e-09
2050-11-04 00:00:00,0.0251036687259234,11.896514892578239,4.690493164033071e-09
2050-11-04 01:00:00,0.0251036648495912,11.971438407898063,4.689876559082732e-09
2050-11-04 02:00:00,0.0251036634260041,12.202461242675895,4.689097058663552e-09
2050-11-04 03:00:00,0.0251036609640308,12.366173744201774,4.688078890988343e-09
2050-11-04 04:00:00,0.0251036572614416,12.33235073089611,4.68664185586598e-09
2050-11-04 05:00:00,0.0251036518785978,12.252959251403922,4.684154528250879e-09
2050-11-04 06:00:00,0.0251036565292025,12.292697906494254,4.6742989277829755e-09
2050-11-04 07:00:00,0.0251036473147866,12.29846572875988,4.66263497781905e-09
2050-11-04 08:00:00,0.0251033357398472,12.414995193481559,4.706545353233419e-09
2050-11-04 09:00:00,0.0251018694865869,12.790656089782829,4.684810805309269e-09
2050-11-04 10:00:00,0.0251008574695494,13.231322288513297,4.6701950639222446e-09
2050-11-04 11:00:00,0.0244555624178388,14.192401885986442,4.642415946749004e-09
2050-11-04 12:00:00,0.02445505637645,14.840992927551383,4.630602022118852e-09
2050-11-04 13:00:00,0.0244551536072036,15.24930858612072,4.624356543260365e-09
2050-11-04 14:00:00,0.0244560225301559,15.347674369812125,4.627481325318709e-09
2050-11-04 15:00:00,0.0251014082631009,15.085303306579704,4.71425134995066e-09
2050-11-04 16:00:00,20.84040160387437,14.314951896667594,8.302785597293799e-09
2050-11-04 17:00:00,20.86081644678893,13.466916084289664,1.1572492977300094e-08
2050-11-04 18:00:00,20.845427498359253,13.075115203857536,1.1142791565616334e-08
2050-11-04 19:00:00,20.847193489901127,12.798810005188102,1.1730597693421583e-08
2050-11-04 20:00:00,20.84058889012266,12.559332847595329,1.0665539644936831e-08
2050-11-04 21:00:00,20.84052944607638,12.408917427063102,1.0211495922873937e-08
2050-11-04 22:00:00,20.84052129417776,12.474694252014274,9.719438180157815e-09
2050-11-04 23:00:00,20.840522740324413,12.766546249389762,1.0443444047727572e-08
2050-11-05 00:00:00,20.84052627150797,12.951449394226188,1.1407552860295648e-08
2050-11-05 01:00:00,20.840525517255266,12.94778156280529,1.1308056154333108e-08
2050-11-05 02:00:00,20.840580280145588,12.818681716919059,1.3474734510043565e-08
2050-11-05 03:00:00,20.84054158411938,12.64141941070568,1.2688157824823665e-08
2050-11-05 04:00:00,20.8405711362864,12.436029434204215,1.2901516602017924e-08
2050-11-05 05:00:00,20.840526143694277,12.23270702362072,1.0617630530917969e-08
2050-11-05 06:00:00,20.84047967019162,12.038397789001579,8.442453319773395e-09
2050-11-05 07:00:00,0.0251044326078049,11.894851684570426,5.425531454461831e-09
2050-11-05 08:00:00,0.0251004607846308,12.079080581665153,5.2939738878872345e-09
2050-11-05 09:00:00,0.0244858646951449,12.667056083679313,4.661948910506953e-09
2050-11-05 10:00:00,0.0244567337527219,13.384572029113883,4.63934305684708e-09
2050-11-05 11:00:00,0.0244552342757367,14.227807044983024,4.630685851174896e-09
2050-11-05 12:00:00,0.024454827750093,15.182329177856559,4.62845233996831e-09
2050-11-05 13:00:00,0.0244550667067992,15.765711784362907,4.6249457089830145e-09
2050-11-05 14:00:00,0.0244562355624496,16.02132606506359,4.624166471194293e-09
2050-11-05 15:00:00,0.0244596159996778,15.942271232605094,4.634912009971592e-09
2050-11-05 16:00:00,0.0251008718989043,15.222842216491813,5.1669518197221675e-09
2050-11-05 17:00:00,0.0251028312654554,14.201359748840446,5.199641350226446e-09
2050-11-05 18:00:00,0.0251025269099239,13.662337303161735,5.212825711279057e-09
2050-11-05 19:00:00,0.0251025087733533,13.530028343200797,5.235149409777986e-09
2050-11-05 20:00:00,0.0251025545967044,13.425322532653922,5.238618961979244e-09
2050-11-05 21:00:00,0.0251026982199403,13.373308181762809,5.2016600243540385e-09
2050-11-05 22:00:00,0.0251028238447219,13.312940597534293,5.243082513876436e-09
2050-11-05 23:00:00,0.0251031453045918,13.14387416839611,5.281559515551457e-09
2050-11-06 00:00:00,0.0251032930700394,13.31064605712902,5.288770546841653e-09
2050-11-06 01:00:00,0.0251032430459192,13.359866142273063,5.269012403197267e-09
2050-11-06 02:00:00,0.0251037589038433,12.724701881408805,5.277973471859923e-09
2050-11-06 03:00:00,0.0251044380125612,12.153451919555778,5.273957354446082e-09
2050-11-06 04:00:00,0.0251052965586536,11.817968368530387,5.252976812158511e-09
2050-11-06 05:00:00,0.0251096123543992,11.509737968444938,5.350148903096112e-09
2050-11-06 06:00:00,0.0251205870724972,11.229616165161246,5.803207177682399e-09
2050-11-06 07:00:00,0.0251243194012773,11.0996608734132,5.766125637380166e-09
2050-11-06 08:00:00,0.0251498293125135,11.412873268127555,5.925898636894244e-09
2050-11-06 09:00:00,0.0568452424330728,11.667081832885856,6.480874086933829e-09
2050-11-06 10:00:00,0.0251117511275797,12.95473670959484,5.034962707646031e-09
2050-11-06 11:00:00,0.0251044439818332,14.136686325073356,4.934613578901699e-09
2050-11-06 12:00:00,0.0256508032209459,14.369647979736442,6.086797134022784e-09
2050-11-06 13:00:00,0.0251121036799833,14.256651878357047,5.040080966920402e-09
2050-11-06 14:00:00,0.024455737242943,14.718730926513786,4.612048279321541e-09
2050-11-06 15:00:00,0.0244904639226469,14.386333465576286,4.624284410455831e-09
2050-11-06 16:00:00,0.0251027891702716,13.554855346679801,4.871572581721551e-09
2050-11-06 17:00:00,0.0251031173946208,12.380322456359977,4.839752359752126e-09
2050-11-06 18:00:00,0.0251031292455057,11.783857345581168,4.84569815215339e-09
2050-11-06 19:00:00,0.0251031346548509,11.50455188751232,4.850768283161018e-09
2050-11-06 20:00:00,0.0251031452802091,11.206231117248649,4.851477185840043e-09
2050-11-06 21:00:00,0.0251031669326508,10.951338768005485,4.841299035842807e-09
2050-11-06 22:00:00,0.0251032103977098,10.772514343261832,4.838596466961503e-09
2050-11-06 23:00:00,0.0251031962372557,10.56219291687023,4.831547323610916e-09
2050-11-07 00:00:00,0.025103209292067,10.277670860290641,4.821673351729726e-09
2050-11-07 01:00:00,0.0251032229644827,9.966874122619743,4.8079811065817766e-09
2050-11-07 02:00:00,0.0251032456345333,9.831611633300895,4.789981527068654e-09
2050-11-07 03:00:00,0.0251032715544604,9.710588455200309,4.764832981417869e-09
2050-11-07 04:00:00,0.0251033346794631,9.405747413635368,4.7145504418449944e-09
2050-11-07 05:00:00,0.025103574622378,9.252260208129996,4.578650024670109e-09
2050-11-07 06:00:00,0.0251035767624845,9.170792579650993,4.556981017624966e-09
2050-11-07 07:00:00,0.0251035935068913,9.126581192016715,4.527824003038114e-09
2050-11-07 08:00:00,0.0251032710699741,9.1929807662965,4.549224089331574e-09
2050-11-07 09:00:00,0.0251026912970756,9.409710884094352,4.506456977992293e-09
2050-11-07 10:00:00,0.0251025575655659,9.694830894470329,4.454024132693588e-09
2050-11-07 11:00:00,0.0251006425650981,10.022609710693473,4.381130210278703e-09
2050-11-07 12:00:00,0.0251047171838423,10.246835708618278,4.555029356976807e-09
2050-11-07 13:00:00,21.904813129082847,10.166827201843375,8.73985327513933e-09
2050-11-07 14:00:00,43.301417117555005,10.01980018615734,0.03803624743237662
2050-11-07 15:00:00,43.301430444669386,9.751940727234,0.15246333154633843
2050-11-07 16:00:00,43.30143262616494,9.556640625000114,0.2655018904809331
2050-11-07 17:00:00,43.30143306739052,9.327951431274528,0.2851116205638715
2050-11-07 18:00:00,43.30143339983511,9.145030021667594,0.2956581225616113
2050-11-07 19:00:00,43.30143354263407,8.808633804321403,0.2956141781134996
2050-11-07 20:00:00,43.30143352338609,8.734481811523551,0.29298003753122176
2050-11-07 21:00:00,43.30143340902352,8.782262802124137,0.2799620475819896
2050-11-07 22:00:00,43.30143353375963,8.725181579589957,0.28933830303332564
2050-11-07 23:00:00,43.30143327839351,8.638763427734489,0.25964868609232283
2050-11-08 00:00:00,43.30143241912638,8.45340728759777,0.19846847300120565
2050-11-08 01:00:00,43.30143281272787,7.801841735839957,0.22542300935246598
2050-11-08 02:00:00,43.30143278127908,7.947771549224967,0.21828204898211329
2050-11-08 03:00:00,43.30143157821873,8.21401691436779,0.16158896986158802
2050-11-08 04:00:00,43.30143276654688,8.201744079589957,0.21892615546361213
2050-11-08 05:00:00,43.30143332195248,8.367768287658805,0.2496603312023673
2050-11-08 06:00:00,43.30143325034732,8.64877796173107,0.2254467011045822
2050-11-08 07:00:00,25.964584490093497,8.741062164306754,5.749858206322695e-08
2050-11-08 08:00:00,25.9645830724624,8.813559532165641,4.3315170312631386e-08
2050-11-08 09:00:00,25.96455660369621,9.239212989807243,1.9768880718340186e-08
2050-11-08 10:00:00,21.01038106910397,9.868551254272575,1.3664725429962815e-08
2050-11-08 11:00:00,21.010351251742065,10.655269622802848,9.562026000703957e-09
2050-11-08 12:00:00,21.01035583596189,10.657793998718375,1.0473814393979423e-08
2050-11-08 13:00:00,21.01035423328161,10.686250686645621,1.0312435632310472e-08
2050-11-08 14:00:00,21.01049333975375,10.686190605163688,1.4593519356933214e-08
2050-11-08 15:00:00,25.96456141622459,10.742542266845817,2.2868414039602737e-08
2050-11-08 16:00:00,25.964568701608822,10.53679180145275,2.209182371294158e-08
2050-11-08 17:00:00,21.010363837518877,10.496431350708121,1.0993769048408078e-08
2050-11-08 18:00:00,0.0251074110172617,10.604045867920036,4.6322316261802084e-09
2050-11-08 19:00:00,0.0251052018350807,10.880508422851676,4.5606506750268165e-09
2050-11-08 20:00:00,0.0251042849797648,11.218502044677848,4.512911199919661e-09
2050-11-08 21:00:00,0.0251040605922893,11.53383827209484,4.493909415184687e-09
2050-11-08 22:00:00,0.0251039618251765,11.583490371704215,4.485840564891287e-09
2050-11-08 23:00:00,0.0251037522117798,11.603460311889762,4.48000721466628e-09
2050-11-09 00:00:00,0.0251037020584411,11.651911735534782,4.479007170288361e-09
2050-11-09 01:00:00,0.025103745862902,11.620016098022575,4.480488511726164e-09
2050-11-09 02:00:00,0.0251041496226486,11.59103870391857,4.486315583181513e-09
2050-11-09 03:00:00,0.0251045670633844,11.718397140503043,4.492007878692214e-09
2050-11-09 04:00:00,0.0251054265835496,11.812281608581657,4.499518072188458e-09
2050-11-09 05:00:00,0.0251061000414593,11.774914741516227,4.505638661238034e-09
2050-11-09 06:00:00,0.0251050982297665,11.519053459167594,4.507439737572892e-09
2050-11-09 07:00:00,0.025105350963304,11.339057922363395,4.5117167438510206e-09
2050-11-09 08:00:00,0.0251056550971586,11.303366661071891,4.560130754017386e-09
2050-11-09 09:00:00,0.0251041655052621,11.383683204650993,4.559364488752228e-09
2050-11-09 10:00:00,0.0251046292527813,11.49555873870861,4.565386436104419e-09
2050-11-09 11:00:00,0.0251040413527111,11.582763671875114,4.5633301062555685e-09
2050-11-09 12:00:00,0.0251040987877588,11.749260902404899,4.562972594353415e-09
2050-11-09 13:00:00,0.0251041858927165,12.079077720642204,4.5625677185763e-09
2050-11-09 14:00:00,0.0251064657063076,12.276108741760368,4.559593659684773e-09
2050-11-09 15:00:00,0.0251038426577756,12.319102287292594,4.545304520911212e-09
2050-11-09 16:00:00,0.0251041638472634,12.276288032531852,4.4938326187887235e-09
2050-11-09 17:00:00,0.0251036319187453,12.245822906494254,4.479305460208949e-09
2050-11-09 18:00:00,0.0251036337517587,12.275850296020621,4.468609360924375e-09
2050-11-09 19:00:00,0.0251036483702661,12.325449943542594,4.455996447274174e-09
2050-11-09 20:00:00,0.025103710493082,12.392424583435172,4.440992623567438e-09
2050-11-09 21:00:00,0.0251037193769097,12.467515945434684,4.421098897119603e-09
2050-11-09 22:00:00,0.025104634145176,12.600395202636832,4.417786148815867e-09
2050-11-09 23:00:00,0.025105046292967,12.723444938659782,4.451671609114603e-09
2050-11-10 00:00:00,21.010342706584737,12.714765548706168,9.679115382604708e-09
2050-11-10 01:00:00,43.30135069451573,12.571848869323844,0.012908340306478878
2050-11-10 02:00:00,43.30142743178973,12.475276947021598,0.13626632284934764
2050-11-10 03:00:00,43.30143061552721,12.653156280517692,0.1945224098842702
2050-11-10 04:00:00,43.30143264636673,12.795727729797477,0.24971998945975316
2050-11-10 05:00:00,43.30143327303809,12.791049003601188,0.25858729605165
2050-11-10 06:00:00,43.301430962448045,12.781028747558707,0.14357368191696274
2050-11-10 07:00:00,35.05322270220871,12.991539955139274,2.504258702929184e-08
2050-11-10 08:00:00,35.0532060594476,13.008064270019645,1.8724476076924315e-08
2050-11-10 09:00:00,0.0251146551763706,13.359924316406364,4.974124601151734e-09
2050-11-10 10:00:00,35.053222820765505,13.654394149780387,2.3538709087221255e-08
2050-11-10 11:00:00,35.053206190151286,13.916806221008414,1.8999366912868386e-08
2050-11-10 12:00:00,0.0251212149340186,14.322024345398063,4.737740809227941e-09
2050-11-10 13:00:00,0.0251094194740414,14.532422065734977,4.991458755902752e-09
2050-11-10 14:00:00,0.0251063372141634,14.609786987304801,5.097469237781935e-09
2050-11-10 15:00:00,0.0251075028872955,14.516348838806266,4.920341096773827e-09
2050-11-10 16:00:00,35.69924439901807,14.391726493835563,1.9707869628177598e-08
2050-11-10 17:00:00,42.50543333995411,14.285481452942008,1.6382308218610283e-07
2050-11-10 18:00:00,42.50545905780283,14.181006431579704,2.2779492076463087e-07
2050-11-10 19:00:00,43.30142357836034,14.070146560669059,0.05498543344634558
2050-11-10 20:00:00,43.30142795726125,13.827014923095817,0.07885430627300895
2050-11-10 21:00:00,43.301429250420696,13.489192008972282,0.09087400210193794
2050-11-10 22:00:00,43.30143121618541,13.248186111450309,0.1174028164432703
2050-11-10 23:00:00,43.301428436595664,13.026757240295524,0.08791196381607409
2050-11-11 00:00:00,43.301422929655686,12.736237525940055,0.05880221057673341
2050-11-11 01:00:00,43.30142879136,12.28536415100109,0.0958217516947977
2050-11-11 02:00:00,43.3014324585827,11.880244255066032,0.14720327852940585
2050-11-11 03:00:00,43.30143420649185,11.619621276855582,0.19158210975797776
2050-11-11 04:00:00,43.30143392417934,11.40331077575695,0.1862168473927003
2050-11-11 05:00:00,43.301435120529696,11.129091262817496,0.23488315126899667
2050-11-11 06:00:00,43.301436103982695,10.926853179931754,0.2781156961789056
2050-11-11 07:00:00,43.30143399690547,10.946797370910758,0.20619276592983446
2050-11-11 08:00:00,43.30143178075876,11.216281890869254,0.12328194514993361
2050-11-11 09:00:00,43.301430985388045,11.469936370849723,0.10829972767447486
2050-11-11 10:00:00,43.301432737398784,11.495249748230094,0.1479770748130084
2050-11-11 11:00:00,43.30143230025301,11.831315040588493,0.1351641175145675
2050-11-11 12:00:00,43.30142817702037,12.001679420471305,0.08253431296209932
2050-11-11 13:00:00,43.30128604547493,11.830834388733024,0.004925228087306496
2050-11-11 14:00:00,35.05324201032468,11.527147293090934,3.0063063368386626e-08
2050-11-11 15:00:00,35.05321053996529,10.951938629150504,2.0381785210665377e-08
2050-11-11 16:00:00,35.053202136048085,10.61145401000988,1.7205280245838006e-08
2050-11-11 17:00:00,0.0251112313303431,10.19995212554943,4.846120265793977e-09
2050-11-11 18:00:00,0.0251080052150131,9.938134193420524,4.776516588089138e-09
2050-11-11 19:00:00,0.0251071659459203,9.64467811584484,4.738165742080022e-09
2050-11-11 20:00:00,0.0251068087526744,9.443267822265739,4.714233903252791e-09
2050-11-11 21:00:00,0.0251081255953158,9.28821945190441,4.7204511911077085e-09
2050-11-11 22:00:00,0.0251070882467572,9.075648307800407,4.6998969284947534e-09
2050-11-11 23:00:00,0.0251064057215412,8.896200180053825,4.677026607150972e-09
2050-11-12 00:00:00,0.0251064019002229,8.92338085174572,4.673360734158969e-09
2050-11-12 01:00:00,0.0251059106224125,9.133600234985465,4.649592534416406e-09
2050-11-12 02:00:00,0.0251070675618693,9.288960456848258,4.6904514278915816e-09
2050-11-12 03:00:00,0.0251090584069628,9.226354598999137,4.713805659307191e-09
2050-11-12 04:00:00,0.0251096835870609,9.09216117858898,4.725384184809147e-09
2050-11-12 05:00:00,0.0251091912454992,8.458588600158805,4.739869253535207e-09
2050-11-12 06:00:00,0.0251239394596743,7.707932949066276,4.767540134925551e-09
2050-11-12 07:00:00,0.02515639292193,6.94713401794445,4.78703232799117e-09
2050-11-12 08:00:00,19.99027330720404,6.329465389251823,8.135537896960714e-09
2050-11-12 09:00:00,35.79688960081889,6.053637981414909,2.5451346438003075e-08
2050-11-12 10:00:00,43.30143500693376,5.989400386810416,0.08315735100727915
2050-11-12 11:00:00,43.30142684883046,6.024177074432487,0.03283172943073991
2050-11-12 12:00:00,43.30143599301541,6.024379253387565,0.09740743028100037
2050-11-12 13:00:00,43.3014371199319,6.042912483215446,0.12384125368393947
2050-11-12 14:00:00,43.30143762968296,6.029692649841422,0.13934429619485528
2050-11-12 15:00:00,43.30143834994933,5.978760242462272,0.17159629029779255
2050-11-12 16:00:00,43.301439319379725,5.878134727478141,0.24099063439012905
2050-11-12 17:00:00,43.30143954195829,5.804894447326774,0.2623365111830689
2050-11-12 18:00:00,43.301439453494574,5.725970745086784,0.24844894510016438
2050-11-12 19:00:00,43.30143824646946,5.665833950042838,0.1499190406222293
2050-11-12 20:00:00,43.30143372909317,5.633393287658805,0.0635897423660314
2050-11-12 21:00:00,43.30143353966139,5.666112422943229,0.06481485788586291
2050-11-12 22:00:00,43.301435041790526,5.700408935546989,0.08590775265589774
2050-11-12 23:00:00,43.30143379818625,5.740847110748405,0.07219676936220919
2050-11-13 00:00:00,43.30143318094627,5.74353647232067,0.06398301725174127
2050-11-13 01:00:00,43.30143405024352,5.704313278198356,0.07222860643582203
2050-11-13 02:00:00,43.30143484529601,5.580635070800895,0.08028543686057588
2050-11-13 03:00:00,43.30143699100592,5.828525543213004,0.11345225884902015
2050-11-13 04:00:00,43.30143935848776,5.956523895263786,0.20183203969913294
2050-11-13 05:00:00,43.30144002656093,5.936411857605094,0.2546440085814052
2050-11-13 06:00:00,43.301440308250655,5.848930835723991,0.28280895031439784
2050-11-13 07:00:00,43.30144042258214,5.905082225799674,0.2981215696558071
2050-11-13 08:00:00,43.3014404999699,5.899947643280143,0.30317666629508216
2050-11-13 09:00:00,43.30144021303085,6.001658439636344,0.2554214667800453
2050-11-13 10:00:00,43.30144041339816,5.986804962158317,0.2798590746939639
2050-11-13 11:00:00,43.30143967961003,6.515656471252555,0.18940992705637832
2050-11-13 12:00:00,43.30143969996213,6.781783103942985,0.19097221199583422
2050-11-13 13:00:00,43.30144015303569,6.745129585266227,0.23983656582968957
2050-11-13 14:00:00,43.30143968091773,6.852506637573356,0.1866554083487281
2050-11-13 15:00:00,43.301440069988566,6.668698787689323,0.22204719917783125
2050-11-13 16:00:00,43.30144063582226,6.182033061981315,0.3032586228441381
2050-11-13 17:00:00,43.301440658416205,5.816124916076774,0.3037195586179676
2050-11-13 18:00:00,43.30144067064485,5.319012641906852,0.30419299882363954
2050-11-13 19:00:00,43.30144062485397,4.975753307342643,0.30376562932046025
2050-11-13 20:00:00,43.30144052380037,4.708206176757926,0.30275759528380924
2050-11-13 21:00:00,43.30144024487485,4.478469371795768,0.27881103828391224
2050-11-13 22:00:00,43.30144001756961,4.127113819122428,0.26471377457442463
2050-11-13 23:00:00,43.3014397202085,3.6647756099702065,0.2319616339196723
2050-11-14 00:00:00,43.30143935618387,3.4453284740449135,0.1969663396518631
2050-11-14 01:00:00,43.3014389187335,3.402884721756095,0.1646364653964338
2050-11-14 02:00:00,43.30143887280767,3.4223399162293617,0.16031127095849376
2050-11-14 03:00:00,43.3014390300101,3.6484658718110268,0.1652513802279331
2050-11-14 04:00:00,43.30143859635048,3.8633210659028236,0.1359101598118848
2050-11-14 05:00:00,43.30143736490596,3.7196209430695717,0.09870923228520408
2050-11-14 06:00:00,43.30142943697901,3.2767167091370766,0.03591518759143645
2050-11-14 07:00:00,0.0251890456046514,3.971670866012687,4.474811864485869e-09
2050-11-14 08:00:00,0.0251088596708972,4.5595979690552895,4.871547657222878e-09
2050-11-14 09:00:00,0.0251010985126473,5.358714580536002,4.73850466404114e-09
2050-11-14 10:00:00,0.0244574271542282,6.342656612396354,4.523449886548223e-09
2050-11-14 11:00:00,0.0244543573656018,7.450328826904411,4.7676541309385855e-09
2050-11-14 12:00:00,0.0251264655621926,7.599434375763053,4.450261327661162e-09
2050-11-14 13:00:00,43.30139875189702,8.132005691528434,0.009947342284984891
2050-11-14 14:00:00,43.301435432157184,8.078524589538688,0.08408501073663356
2050-11-14 15:00:00,43.301412440039314,8.437701225280875,0.014728978903107854
2050-11-14 16:00:00,43.30143205086049,7.931984424591178,0.04922205628087893
2050-11-14 17:00:00,43.301434778240505,7.2030634880067055,0.0697600167772373
2050-11-14 18:00:00,43.30143448936187,6.594415187835807,0.0678238722861438
2050-11-14 19:00:00,43.3014333390167,6.023421287536735,0.058373701416162604
2050-11-14 20:00:00,43.30143359182806,5.729300022125358,0.06292646367318713
2050-11-14 21:00:00,43.30142809787755,5.517899513244743,0.03544954081394675
2050-11-14 22:00:00,43.30142095535474,4.97503757476818,0.021737970929097072
2050-11-14 23:00:00,0.0251140845206981,4.52443885803234,5.1521843126886284e-09
2050-11-15 00:00:00,19.990322325159383,4.093879222869987,7.736147683531122e-09
2050-11-15 01:00:00,43.301424297786646,3.720992326736564,0.02689256482287756
2050-11-15 02:00:00,43.30142952076608,3.451090097427482,0.04202863252884705
2050-11-15 03:00:00,43.30143334119053,3.4199759960175697,0.0677903296258038
2050-11-15 04:00:00,43.30143653418105,3.529391050338859,0.1128144969984897
2050-11-15 05:00:00,43.30143662312286,3.846438646316642,0.10998610820350604
2050-11-15 06:00:00,43.30143682951354,4.327104568481559,0.1147040429563908
2050-11-15 07:00:00,43.30143588598874,4.845224857330436,0.09581532066720322
2050-11-15 08:00:00,43.301428831333325,5.46975135803234,0.0383522516540849
2050-11-15 09:00:00,43.30139824585493,6.369644641876334,0.009569512162666235
2050-11-15 10:00:00,43.30141662689379,6.854267120361442,0.017833880827056493
2050-11-15 11:00:00,19.990258032613923,7.041655063629264,7.86270096459628e-09
2050-11-15 12:00:00,0.0251064570434489,7.787284374237174,5.149141803364679e-09
2050-11-15 13:00:00,0.0244557311523691,9.108671188354606,5.042306612308574e-09
2050-11-15 14:00:00,0.0251065243065795,9.180507659912223,5.182481093579617e-09
2050-11-15 15:00:00,43.30090988258943,8.846345901489371,0.0006790344344333242
2050-11-15 16:00:00,43.30142525838886,8.637293815612907,0.027879227883507773
2050-11-15 17:00:00,43.30143148630492,8.587706565857047,0.04631310053179059
2050-11-15 18:00:00,43.30143394395391,8.608099937439079,0.06243225912361501
2050-11-15 19:00:00,43.301435889612726,8.434699058532829,0.0866724122581809
2050-11-15 20:00:00,43.3014367423353,8.257600784301871,0.1081029933746354
2050-11-15 21:00:00,43.30143719555366,8.37914848327648,0.12758736151454042
2050-11-15 22:00:00,43.301437178836665,8.460844039917106,0.13617662883082188
2050-11-15 23:00:00,43.30143720809362,8.394378662109489,0.14183015891542927
2050-11-16 00:00:00,43.30143745444372,8.357203483581657,0.15388935476061463
2050-11-16 01:00:00,43.301437854295806,8.348881721496696,0.17440216001186803
2050-11-16 02:00:00,43.30143793764152,8.362710952758903,0.17590424482944492
2050-11-16 03:00:00,43.301438546980485,8.276287078857536,0.20602619850294476
2050-11-16 04:00:00,43.30143897984617,8.075347900390739,0.2427115247253559
2050-11-16 05:00:00,43.30143918698787,8.103713989257926,0.2614966327115282
2050-11-16 06:00:00,43.30143927368389,8.371839523315543,0.2639679583624241
2050-11-16 07:00:00,43.30143926751192,8.77129936218273,0.27454907098044407
2050-11-16 08:00:00,43.30143901482767,9.393731117248649,0.2357401797904309
2050-11-16 09:00:00,43.30143770978619,10.275128364563102,0.13721467478820887
2050-11-16 10:00:00,43.30143628921702,11.319951057434196,0.09164025005444112
2050-11-16 11:00:00,43.301435641395095,12.510224342346305,0.07889516598458932
2050-11-16 12:00:00,43.30143640784156,13.45399093627941,0.09155747393117582
2050-11-16 13:00:00,43.30143733801332,13.942526817321891,0.1134705266866244
2050-11-16 14:00:00,43.301438355056014,14.056941986084098,0.15284566321786408
2050-11-16 15:00:00,43.30143899848228,13.795913696289176,0.1940219257111067
2050-11-16 16:00:00,43.30143969541695,13.356146812439079,0.2561585074176504
2050-11-16 17:00:00,43.30143969038109,13.119435310363883,0.24764265070000957
2050-11-16 18:00:00,43.3014398157827,13.093111038208121,0.26096518775599203
2050-11-16 19:00:00,43.30143994700055,12.922986030578727,0.27841623708626695
2050-11-16 20:00:00,43.30143995672933,12.782688140869254,0.28030909947920657
2050-11-16 21:00:00,43.30144002780249,12.150363922119254,0.2841824713542048
2050-11-16 22:00:00,43.30143989665044,10.70119953155529,0.2729706799841822
2050-11-16 23:00:00,43.30143993929826,10.492471694946403,0.2692477366391186
2050-11-17 00:00:00,43.30144000363376,10.46222019195568,0.28190027833116726
2050-11-17 01:00:00,43.301440133058335,10.434573173523063,0.29077737772189977
2050-11-17 02:00:00,43.30144025397387,10.358815193176383,0.29807363493431444
2050-11-17 03:00:00,43.3014402422146,10.212873458862418,0.29139388391342136
2050-11-17 04:00:00,43.3014402044184,9.89678764343273,0.28210163645575825
2050-11-17 05:00:00,43.301440288010994,9.361542701721305,0.27676889072875555
2050-11-17 06:00:00,43.30144039022456,8.857722282409782,0.279608941139233
2050-11-17 07:00:00,43.30144021930835,8.30822849273693,0.26382368306758075
2050-11-17 08:00:00,43.30143982434966,8.27545261383068,0.21084895422946717
2050-11-17 09:00:00,43.30143922714902,8.575162887573356,0.16397960104745113
2050-11-17 10:00:00,43.30143959432279,8.609597206115836,0.18877717595386795
2050-11-17 11:00:00,43.30143914389137,8.695418357849235,0.156917431070182
2050-11-17 12:00:00,43.30143391258157,9.31863117218029,0.053568077139696336
2050-11-17 13:00:00,43.30143486897379,9.663515090942496,0.060714670889655376
2050-11-17 14:00:00,43.301437027170245,9.569051742553825,0.08635267080757691
2050-11-17 15:00:00,43.301438321497486,9.375592231750602,0.11467288576114269
2050-11-17 16:00:00,43.30144043085085,8.90112400054943,0.26782346364084364
2050-11-17 17:00:00,43.301440419485246,8.839171409607047,0.25681126915906005
2050-11-17 18:00:00,43.3014404736649,8.869465827942008,0.2637201213330851
2050-11-17 19:00:00,43.30144054507962,8.888031005859489,0.2746790750393838
2050-11-17 20:00:00,43.30144059713904,8.809103012085075,0.28470288727372417
2050-11-17 21:00:00,43.301440670393006,8.63462352752697,0.29429203271611465
2050-11-17 22:00:00,43.30144077065419,8.536548614502067,0.30230543765389345
2050-11-17 23:00:00,43.3014407861299,8.397258758545036,0.3020195224951596
2050-11-18 00:00:00,43.30144081154703,8.115710258484,0.30200777822259967
2050-11-18 01:00:00,43.30144083984533,7.96586894989025,0.3021146197719093
2050-11-18 02:00:00,43.30144086865165,8.22012805938732,0.3022973132626006
2050-11-18 03:00:00,43.301440822225885,8.41856956481945,0.2966991504651763
2050-11-18 04:00:00,43.30144092768783,8.665008544921989,0.30282272202286775
2050-11-18 05:00:00,43.301440973578735,9.047348022461051,0.3036644778367476
2050-11-18 06:00:00,43.30144102362035,9.199312210083121,0.30499760404586795
2050-11-18 07:00:00,43.301440886026455,9.184968948364371,0.3032555876013259
2050-11-18 08:00:00,43.30144081001177,9.222370147705192,0.29660505510149887
2050-11-18 09:00:00,43.301440577854194,9.40348339080822,0.2635090756823752
2050-11-18 10:00:00,43.30144023775309,9.676120758056754,0.2231306669561557
2050-11-18 11:00:00,43.30143994931806,10.109770774841422,0.19461077567308172
2050-11-18 12:00:00,43.30143987392024,10.31085586547863,0.18940697317081528
2050-11-18 13:00:00,43.30143995467631,10.476650238037223,0.1987867904627023
2050-11-18 14:00:00,43.301440132807485,10.51623344421398,0.21804297289954142
2050-11-18 15:00:00,43.30144013185667,10.571311950683707,0.21442047447506238
2050-11-18 16:00:00,43.301440642152,10.393286705017204,0.28137217049148894
2050-11-18 17:00:00,43.301440671582576,9.96203994750988,0.2847261024264732
2050-11-18 18:00:00,43.30144065625759,9.829568862915153,0.2818187597345181
2050-11-18 19:00:00,43.30144062041336,9.592826843261832,0.2764187956652133
2050-11-18 20:00:00,43.30144056270227,9.372918128967399,0.2720768838979951
2050-11-18 21:00:00,43.3014404836713,9.196480751037711,0.26180969842491575
2050-11-18 22:00:00,43.30144050218426,9.078052520752067,0.2654716822587532
2050-11-18 23:00:00,43.30144049718064,8.878462791442985,0.2689936063130311
2050-11-19 00:00:00,43.30144039534301,8.733835220337028,0.2563986979514402
2050-11-19 01:00:00,43.301440194936646,8.65993690490734,0.22886030710580876
2050-11-19 02:00:00,43.30144013123731,8.557534217834586,0.22238540950114466
2050-11-19 03:00:00,43.30144014206029,8.220185279846305,0.22260265156324505
2050-11-19 04:00:00,43.30144013085776,7.81217193603527,0.2146690684631353
2050-11-19 05:00:00,43.30144006179725,7.743217468261832,0.20442797146549974
2050-11-19 06:00:00,43.301440126598486,7.62910890579235,0.21170381508856262
2050-11-19 07:00:00,43.301439995179,7.482785701751823,0.22443877583335367
2050-11-19 08:00:00,43.30144009525159,7.472353458404655,0.24247313100184625
2050-11-19 09:00:00,43.30143912658514,7.566035270691032,0.16059016596693657
2050-11-19 10:00:00,43.30143845772427,7.628558158874625,0.12883496620630056
2050-11-19 11:00:00,43.30142422287043,7.744865894317741,0.024228875362262498
2050-11-19 12:00:00,43.301426747525895,7.662370681762809,0.02874186643377241
2050-11-19 13:00:00,43.30141193814514,7.661927700042838,0.0138126630489418
2050-11-19 14:00:00,0.0251453255686365,7.542873859405631,4.955469679480702e-09
2050-11-19 15:00:00,43.3013737086464,7.393332004547233,0.005763037330894411
2050-11-19 16:00:00,43.30142805938984,7.136342525482291,0.031321066086611574
2050-11-19 17:00:00,43.30143025200802,6.8610625267029945,0.03729224881719451
2050-11-19 18:00:00,43.30142717901797,6.782458305359,0.02914522571198511
2050-11-19 19:00:00,43.30142966196604,6.686986446380729,0.03547792892711575
2050-11-19 20:00:00,43.30143172902126,6.457789897918815,0.04324943515505954
2050-11-19 21:00:00,43.30143186024374,6.251115798950309,0.04394172549078878
2050-11-19 22:00:00,43.30143413208353,6.179024696350211,0.05790542555364106
2050-11-19 23:00:00,43.30143569208713,5.971788406372184,0.07560447989384601
2050-11-20 00:00:00,43.30143579157445,6.012649059295768,0.07664813375019604
2050-11-20 01:00:00,43.30143616384617,5.9539461135865395,0.08237755226639848
2050-11-20 02:00:00,43.30143653951592,5.791188240051383,0.08751164663276305
2050-11-20 03:00:00,43.30143779581584,5.684145927429313,0.11489725048403814
2050-11-20 04:00:00,43.301439358992354,5.739264965057487,0.18099635748369403
2050-11-20 05:00:00,43.30143996289746,5.746018886566276,0.22771411444384063
2050-11-20 06:00:00,43.30143996971053,5.728988647461051,0.2210797979690147
2050-11-20 07:00:00,43.30143975932302,5.730032444000358,0.2024059274533139
2050-11-20 08:00:00,43.30143947105708,5.834105491638297,0.17946167312260813
2050-11-20 09:00:00,43.30143942180279,5.9682307243348305,0.1819036275627303
2050-11-20 10:00:00,43.30143944718459,6.217337608337516,0.18716727908125327
2050-11-20 11:00:00,43.301438801982215,6.385402679443473,0.15176717716597088
2050-11-20 12:00:00,43.30143640079066,6.406168460846061,0.08231032401075314
2050-11-20 13:00:00,19.9901381422288,6.56021356582653,7.282190595418628e-09
2050-11-20 14:00:00,0.0251088689666275,6.590512752533073,4.73854832999408e-09
2050-11-20 15:00:00,0.0251035762697414,6.592369556427116,4.236377086674914e-09
2050-11-20 16:00:00,0.0251048046502356,6.556821823120231,4.389462773069871e-09
2050-11-20 17:00:00,0.025104759839995,6.587596416473502,4.339559631024844e-09
2050-11-20 18:00:00,0.0251047672910148,6.618077278137321,4.32366754206105e-09
2050-11-20 19:00:00,0.0251047869495226,6.587966918945426,4.320976386082638e-09
2050-11-20 20:00:00,0.0251049290763159,6.618611812591666,4.393677563692788e-09
2050-11-20 21:00:00,0.0251060177066498,6.495317935943717,4.5969546700032705e-09
2050-11-20 22:00:00,0.0251238545327732,6.34009408950817,4.7193307471850096e-09
2050-11-20 23:00:00,43.30143863406181,6.381357669830436,0.1551612131453155
2050-11-21 00:00:00,43.30143950668261,6.528688907623405,0.21368735744418782
2050-11-21 01:00:00,43.30143969760294,6.764188289642448,0.2281682731393033
2050-11-21 02:00:00,43.30143996947136,7.014400482177848,0.25153176445324466
2050-11-21 03:00:00,43.30144029212268,7.142416954040641,0.28071518808440965
2050-11-21 04:00:00,43.30144060354142,7.1040716171265785,0.30349941020596233
2050-11-21 05:00:00,43.30144069601703,7.14677190780651,0.3049513357758694
2050-11-21 06:00:00,43.30144072067681,7.139476299286002,0.30535347745881425
2050-11-21 07:00:00,43.30144067336436,7.078444004058952,0.3048622905788161
2050-11-21 08:00:00,43.301440458038414,7.026995658874625,0.27121304925029677
2050-11-21 09:00:00,43.30144027003231,7.1897673606873695,0.2457513596569837
2050-11-21 10:00:00,43.30144006223027,7.273097991943473,0.2209647041056358
2050-11-21 11:00:00,43.301439802674025,7.225879192352409,0.1984071404598556
2050-11-21 12:00:00,43.30143984844196,7.224971771240348,0.20793159699596941
2050-11-21 13:00:00,43.30143914020657,7.371831417083854,0.15624158089083445
2050-11-21 14:00:00,43.30143890534074,7.484098911285514,0.14630535156084057
2050-11-21 15:00:00,43.30143744314164,7.420463562011832,0.09593239229263277
2050-11-21 16:00:00,43.301421521934685,7.298001766204948,0.020104589410158694
2050-11-21 17:00:00,43.30135462524374,7.143425464630241,0.004379858837849941
2050-11-21 18:00:00,43.30142089836225,6.935925960540885,0.019511273444494878
2050-11-21 19:00:00,43.30143044149261,6.715079307556266,0.036764217123261014
2050-11-21 20:00:00,43.3014344441532,6.5345244407654945,0.056869695625361386
2050-11-21 21:00:00,43.30143638007797,6.406836032867545,0.07939231101750033
2050-11-21 22:00:00,43.30143590373527,6.290276527404899,0.07331136254800286
2050-11-21 23:00:00,43.30143425476859,6.039878845214957,0.05660826746976209
2050-11-22 00:00:00,43.301431193280926,5.764940738678092,0.04009499607272303
2050-11-22 01:00:00,43.30142901967712,5.502614498138541,0.03337260723678173
2050-11-22 02:00:00,43.30142384741367,5.306459903717155,0.023383993899077457
2050-11-22 03:00:00,43.30142755631867,5.081967830658073,0.029966210585580477
2050-11-22 04:00:00,43.30140874331669,4.82115745544445,0.012165401789333563
2050-11-22 05:00:00,43.3014278343156,4.560636997223014,0.030423523757285593
2050-11-22 06:00:00,43.30143289946914,4.2857861518861,0.04793319964121316
2050-11-22 07:00:00,43.30143198894607,4.0188617706299965,0.04433438979312542
2050-11-22 08:00:00,43.30143393515043,3.7451758384705727,0.05677050316462945
2050-11-22 09:00:00,43.30143209011933,3.4789013862611,0.04703196118476687
2050-11-22 10:00:00,19.99034875930322,3.3956477642060463,8.177783404449123e-09
2050-11-22 11:00:00,0.0251085977729256,3.228137969970817,4.954998025942807e-09
2050-11-22 12:00:00,0.0251066908129603,3.052354335785026,5.003325783132308e-09
2050-11-22 13:00:00,0.0251053409421579,2.9032022953034584,5.0524354335784666e-09
2050-11-22 14:00:00,0.0251047605851964,2.8239364624024574,4.804976589852539e-09
2050-11-22 15:00:00,0.0251116886425026,2.728377342224235,5.003769043773443e-09
2050-11-22 16:00:00,0.0251546205227958,2.6212382316590492,4.9189341744679626e-09
2050-11-22 17:00:00,0.0251197809162327,2.5019359588624184,4.9604412569222075e-09
2050-11-22 18:00:00,0.0251280122177558,2.3286437988282387,4.9164617464824235e-09
2050-11-22 19:00:00,19.99034328294608,2.149509191513175,8.232805899042564e-09
2050-11-22 20:00:00,43.30141334854351,2.105157613754386,0.015389366121380036
2050-11-22 21:00:00,43.301430597253855,2.344635248184318,0.03877132059181923
2050-11-22 22:00:00,43.301437379033054,2.29792690277111,0.09586123212498912
2050-11-22 23:00:00,43.301436161341336,2.2326822280884926,0.07247480356260977
2050-11-23 00:00:00,43.30143621619617,2.1602523326874916,0.07213865719336199
2050-11-23 01:00:00,43.30143822621045,2.467818498611564,0.11189973030706132
2050-11-23 02:00:00,43.3014386241193,2.5750956535340492,0.12461803162148374
2050-11-23 03:00:00,43.301438593826106,2.5436861515046303,0.12173963386493213
2050-11-23 04:00:00,43.30143842698238,2.4172637462617104,0.11406650106638089
2050-11-23 05:00:00,43.30143843288712,2.358251094818229,0.11376733458661534
2050-11-23 06:00:00,43.30143840087748,2.2892363071442787,0.11282149537444881
2050-11-23 07:00:00,43.30143796214939,2.0440194606782143,0.10111879751235144
2050-11-23 08:00:00,43.30143801761485,2.1292889118195717,0.1027484870197661
2050-11-23 09:00:00,43.30143799907344,2.123960971832389,0.1029286366884331
2050-11-23 10:00:00,43.30143583541083,2.02658581733715,0.06637521929833233
2050-11-23 11:00:00,43.30143441979968,2.224532365799064,0.053828498992496164
2050-11-23 12:00:00,43.30143582783966,2.3540339469910805,0.06610972055246211
2050-11-23 13:00:00,43.301432554619645,2.4494688510895912,0.04289793751900504
2050-11-23 14:00:00,43.3014307923542,2.313278198242301,0.03588926572443
2050-11-23 15:00:00,43.30143784123879,2.4609787464142983,0.0975023915301495
2050-11-23 16:00:00,43.30143766856792,2.764693498611564,0.0925046240978553
2050-11-23 17:00:00,43.301437259700606,3.0005540847779457,0.08374252136554558
2050-11-23 18:00:00,43.30143718267141,3.245653152465934,0.0819234477206932
2050-11-23 19:00:00,43.3014374547763,3.429016828537101,0.08665753469557723
2050-11-23 20:00:00,43.30143766439964,3.569445133209342,0.09003962146379817
2050-11-23 21:00:00,43.30143836993673,3.696811199188346,0.10600068838182758
2050-11-23 22:00:00,43.3014393595047,3.827625751495475,0.1439412555368089
2050-11-23 23:00:00,43.30143942145618,3.9610617160798256,0.1459165460119142
2050-11-24 00:00:00,43.30143964393167,4.09212160110485,0.15804517802538082
2050-11-24 01:00:00,43.301439944199686,4.208484649658317,0.17907970117363065
2050-11-24 02:00:00,43.30144006432244,4.3088445663453285,0.18788907763893903
2050-11-24 03:00:00,43.301440219626414,4.3902935981751625,0.2015895148580795
2050-11-24 04:00:00,43.30144044613981,4.463208675384635,0.22756007997319794
2050-11-24 05:00:00,43.30144058798072,4.507778644561881,0.2474338379807157
2050-11-24 06:00:00,43.30144062895933,4.500907421112174,0.2535329480030666
2050-11-24 07:00:00,43.30144058076039,4.465508460998649,0.25192461410643857
2050-11-24 08:00:00,43.301440529723216,4.464210987091178,0.24439500916477766
2050-11-24 09:00:00,43.30144023613803,4.546549797058219,0.20816354516539218
2050-11-24 10:00:00,43.30144034933869,4.736839294433707,0.22435039980085403
2050-11-24 11:00:00,43.30144030712832,4.810050964355582,0.22126813836986922
2050-11-24 12:00:00,43.30143974129982,4.9947528839112465,0.16780645593703764
2050-11-24 13:00:00,43.30143732886744,4.975814342498893,0.08386618486275307
2050-11-24 14:00:00,43.30143665057855,4.933977603912467,0.07373432978738306
2050-11-24 15:00:00,43.30141329696834,4.9096441268922035,0.013581054819282502
2050-11-24 16:00:00,19.990309176603084,4.825139045715446,7.896483243113206e-09
2050-11-24 17:00:00,19.99046984841557,4.707301616668815,7.376094513093389e-09
2050-11-24 18:00:00,43.30143397541318,4.639097213745231,0.04901415177583856
2050-11-24 19:00:00,43.301438219116,4.636882305145377,0.10017498775436441
2050-11-24 20:00:00,43.3014388301402,4.6750130653382485,0.11756990497032443
2050-11-24 21:00:00,43.301439059782666,4.732150554657096,0.12554761925506314
2050-11-24 22:00:00,43.301438861083824,4.788045883178825,0.11722491815267513
2050-11-24 23:00:00,43.30143898242369,4.854350566864127,0.1207842792723959
2050-11-25 00:00:00,43.301439608767645,4.912946701049918,0.14942532117847307
2050-11-25 01:00:00,43.30144014612253,5.074200630188102,0.18857555699280776
2050-11-25 02:00:00,43.301440296565694,4.85567665100109,0.20148039238544274
2050-11-25 03:00:00,43.30144054800218,4.852387905120963,0.2302353449742068
2050-11-25 04:00:00,43.30144059951228,5.035788059234733,0.2334518263881198
2050-11-25 05:00:00,43.301440656213,4.997532844543571,0.23893466968296181
2050-11-25 06:00:00,43.30144069842316,5.14007663726818,0.24391900161045474
2050-11-25 07:00:00,43.30144067140904,5.109207630157584,0.24478730114133943
2050-11-25 08:00:00,43.301440684412725,5.063189029693717,0.24966782813925442
2050-11-25 09:00:00,43.30144073847252,5.193984985351676,0.26070420935376376
2050-11-25 10:00:00,43.301440787765664,5.431953430175895,0.2707851120258565
2050-11-25 11:00:00,43.30144068405352,5.543343544006461,0.25260955717179845
2050-11-25 12:00:00,43.30144025811046,5.609217643737907,0.1955541016556776
2050-11-25 13:00:00,43.30143952639568,5.7266840934754555,0.14160093877046076
2050-11-25 14:00:00,43.30143984632132,5.793755054473991,0.1609733725572092
2050-11-25 15:00:00,43.30143982018419,5.771719932556266,0.1586195409905208
2050-11-25 16:00:00,43.30143937653008,5.6214618682862465,0.1313831577933921
2050-11-25 17:00:00,43.30143886290891,5.632718563079948,0.11092629106287254
2050-11-25 18:00:00,43.301438813132194,5.697403430938834,0.10888917818685698
2050-11-25 19:00:00,43.30143837648969,5.635885715484733,0.09645520445553112
2050-11-25 20:00:00,43.30143875769973,5.676771640777702,0.10635432310585652
2050-11-25 21:00:00,43.30143930314692,5.582590103149528,0.12528046156959716
2050-11-25 22:00:00,43.30143954942959,5.4584722518922035,0.13571652405687146
2050-11-25 23:00:00,43.301440200029646,5.300497531890983,0.17741986742161803
2050-11-26 00:00:00,43.30144053244897,5.167835235595817,0.20877420782686232
2050-11-26 01:00:00,43.30144081199212,5.098577022552604,0.2444488572940541
2050-11-26 02:00:00,43.30144098485246,5.094132900238151,0.270336604274441
2050-11-26 03:00:00,43.30144110092834,5.034902095794791,0.28775740739650335
2050-11-26 04:00:00,43.30144121610897,4.726799011230582,0.30109415980784054
2050-11-26 05:00:00,43.30144130017089,4.4220647811890785,0.30717517801874117
2050-11-26 06:00:00,43.30144132392907,4.402454853057975,0.3073009355335269
2050-11-26 07:00:00,43.30144130560948,4.461995601654166,0.307139985975565
2050-11-26 08:00:00,43.3014412611261,4.553655147552604,0.3006193071590223
2050-11-26 09:00:00,43.30144111099105,4.913333415985221,0.2659560853505213
2050-11-26 10:00:00,43.30144101674117,5.3463740348817055,0.24910371941046208
2050-11-26 11:00:00,43.30144108076789,5.529682159423942,0.2637458889439493
2050-11-26 12:00:00,43.30144090904251,5.48508453369152,0.24297865860817788
2050-11-26 13:00:00,43.30144069344723,5.505386352539176,0.21280887058410283
2050-11-26 14:00:00,43.30144054361381,5.547063827514762,0.19527986699120878
2050-11-26 15:00:00,43.30144055275797,5.591372013092155,0.19530401770334105
2050-11-26 16:00:00,43.30144111415552,4.920428276062125,0.27444783391173205
2050-11-26 17:00:00,43.30144112689036,4.447557449340934,0.2735027178571901
2050-11-26 18:00:00,43.30144112553013,4.522261142730827,0.26979582325907525
2050-11-26 19:00:00,43.30144118010754,4.616977691650504,0.2784236543082568
2050-11-26 20:00:00,43.301441180519234,3.8502972126008217,0.27537050936349733
2050-11-26 21:00:00,43.301441218642445,3.8732085227967445,0.2805459080986757
2050-11-26 22:00:00,43.301441286597296,3.8154077529908363,0.29285249289930976
2050-11-26 23:00:00,43.30144131969168,3.78381180763256,0.2962411154727873
2050-11-27 00:00:00,43.30144138406797,3.830538988113517,0.3019295658372075
2050-11-27 01:00:00,43.30144145474075,3.788412570953483,0.3075581014816823
2050-11-27 02:00:00,43.30144147736026,3.7096719741822426,0.3077203029844481
2050-11-27 03:00:00,43.30144151083364,3.233056783676261,0.3083446709410764
2050-11-27 04:00:00,43.301441545582726,2.691597461700553,0.3088934060310073
2050-11-27 05:00:00,43.30144153963709,2.3820252418519203,0.3088934060355386
2050-11-27 06:00:00,43.30144152424981,2.1004638671876137,0.30889340617749744
2050-11-27 07:00:00,43.30144147009098,1.943127632141227,0.30889340618050276
2050-11-27 08:00:00,43.30144137375376,1.8741577863694374,0.293551369207288
2050-11-27 09:00:00,43.30144101748101,2.20076680183422,0.2263187042380806
2050-11-27 10:00:00,43.30144061213723,2.7893724441529457,0.17944935250234292
2050-11-27 11:00:00,43.30144003883982,3.363514661789054,0.13860581586845677
2050-11-27 12:00:00,43.301439121128006,3.926988363266105,0.103085454851318
2050-11-27 13:00:00,43.30144098740042,3.670129537582511,0.22353246229666013
2050-11-27 14:00:00,43.30144117008616,3.0725896358491127,0.2507576208292385
2050-11-27 15:00:00,43.301441241403936,2.921133518219108,0.2610430078995406
2050-11-27 16:00:00,43.301441476679074,2.801528692245597,0.30889340620254474
2050-11-27 17:00:00,43.301441490851815,2.76067686080944,0.3088934062568006
2050-11-27 18:00:00,43.3014414984158,2.6895890235902016,0.30889340629571976
2050-11-27 19:00:00,43.30144149767399,2.6027996540070717,0.3088934063190295
2050-11-27 20:00:00,43.30144148832263,2.3740632534028236,0.3088934063304039
2050-11-27 21:00:00,43.30144143371993,2.0254583358765785,0.3049303289589504
2050-11-27 22:00:00,43.301441350796736,1.7916613817216103,0.2939620428380479
2050-11-27 23:00:00,43.30144127132775,1.6022747755051796,0.27874064262510817
2050-11-28 00:00:00,43.30144120375353,1.497902154922599,0.2671384150127001
2050-11-28 01:00:00,43.30144113900652,1.4565851688386147,0.2565810958096965
2050-11-28 02:00:00,43.30144114704627,0.8639156222344582,0.25954526744719375
2050-11-28 03:00:00,43.301441119060485,0.3469290733338539,0.25549139474545063
2050-11-28 04:00:00,43.30144109595029,0.016177952289694986,0.25268666688378644
2050-11-28 05:00:00,43.30144109291837,-0.17074823379505233,0.252593080644003
2050-11-28 06:00:00,43.3014410841885,-0.271835416555291,0.25398230328593063
2050-11-28 07:00:00,43.30144105052075,-0.286370933055764,0.25621120326786345
2050-11-28 08:00:00,43.30144099654432,-0.21367134153831557,0.2538620078301617
2050-11-28 09:00:00,43.30144083846673,0.06424949318181916,0.23197186132866018
2050-11-28 10:00:00,43.30144060766619,0.5668255090714638,0.20461242325279935
2050-11-28 11:00:00,43.30144087580787,0.7147888541222756,0.24076219562245943
2050-11-28 12:00:00,43.30144089331008,0.9721776247025673,0.24444572554822624
2050-11-28 13:00:00,43.30144096562378,1.3317900896073525,0.2541732136340805
2050-11-28 14:00:00,43.30144097649959,1.6887633800507729,0.2568358528549418
2050-11-28 15:00:00,43.30144096345078,1.8446520566941444,0.2536672800382689
2050-11-28 16:00:00,43.30144114829183,1.82350325584423,0.2866034847843106
2050-11-28 17:00:00,43.30144114383823,1.8008491992951576,0.2846089088923007
2050-11-28 18:00:00,43.301441127826806,1.8370829820634071,0.2804844207386316
2050-11-28 19:00:00,43.3014411146052,1.8081396818162148,0.2772610037925362
2050-11-28 20:00:00,43.30144110850131,1.7711384296418373,0.27575048264362934
2050-11-28 21:00:00,43.30144113300562,1.730972886085624,0.2806646471613195
2050-11-28 22:00:00,43.30144119501785,1.699517488479728,0.2943833583239816
2050-11-28 23:00:00,43.30144120027802,1.666190147400016,0.2961358108037003
2050-11-29 00:00:00,43.301441238205626,1.5869796276093666,0.3039849257226694
2050-11-29 01:00:00,43.30144126237949,1.4256802797318642,0.30889340842899476
2050-11-29 02:00:00,43.30144124899024,1.3384234905244057,0.30889340834746665
2050-11-29 03:00:00,43.30144122837838,1.1991730928422157,0.3088934082644124
2050-11-29 04:00:00,43.30144118931271,1.06838953495037,0.3088934078995112
2050-11-29 05:00:00,43.30144114120638,0.9344530105591957,0.308893407517393
2050-11-29 06:00:00,43.30144105235093,0.8030042648316567,0.3032236330634836
2050-11-29 07:00:00,43.30144087447975,0.6794602870942299,0.2779810901068754
2050-11-29 08:00:00,43.30144055127775,0.562193691730613,0.2333959043482913
2050-11-29 09:00:00,43.30143987426375,0.5817940235139076,0.1691630829325616
2050-11-29 10:00:00,43.30143699884842,0.718131601810569,0.07705291482332668
2050-11-29 11:00:00,0.0244659123996595,1.2671849727631752,4.846802737137957e-09
2050-11-29 12:00:00,0.0244557370774521,1.960098862648124,3.8429003336323305e-09
2050-11-29 13:00:00,0.0244562588092927,2.309476852417106,3.27668215804154e-09
2050-11-29 14:00:00,0.0244582207116057,2.2742471694947426,3.0885982084849107e-09
2050-11-29 15:00:00,0.0244632655428137,1.8395197391511147,4.231487536252324e-09
2050-11-29 16:00:00,0.0251038672630745,1.0032528638840859,4.8133347075933234e-09
2050-11-29 17:00:00,0.0251044286295528,0.78742748498928,4.909756079839351e-09
2050-11-29 18:00:00,0.0251051187236715,0.5065532922745888,4.9995327635464904e-09
2050-11-29 19:00:00,0.0251066604503455,0.1677894741297905,5.127433922641463e-09
2050-11-29 20:00:00,19.990261538007204,-0.9197871685026939,8.794139921173396e-09
2050-11-29 21:00:00,43.30143272085261,-0.4060333073138054,0.04393963239650972
2050-11-29 22:00:00,43.30143258788552,0.012575599365050039,0.04291787366558502
2050-11-29 23:00:00,43.30143799242799,0.05319831520330354,0.09667869346567291
2050-11-30 00:00:00,43.30143894639908,0.34966853261005326,0.12635657335025596
2050-11-30 01:00:00,43.301438461490775,0.5794101953507607,0.10721369471366544
2050-11-30 02:00:00,43.30143904143248,0.8775025010110085,0.1273095857494112
2050-11-30 03:00:00,43.30143925293496,0.9015719294549172,0.13615853579077555
2050-11-30 04:00:00,43.30143856657696,0.8208212256432716,0.10884342746474546
2050-11-30 05:00:00,43.30143894558116,1.024211764335746,0.12111824119343426
2050-11-30 06:00:00,43.30143974006735,1.197021126747245,0.16077482168407312
2050-11-30 07:00:00,43.301440146011856,1.0345746278763954,0.193095216011207
2050-11-30 08:00:00,43.30144031824699,1.0769258737565224,0.2095086918172831
2050-11-30 09:00:00,43.30144005934993,1.596012711525077,0.18198214626537398
2050-11-30 10:00:00,43.30144044961293,2.0894658565522377,0.22157766526742187
2050-11-30 11:00:00,43.30143970391403,3.1620852947236244,0.1529324289362371
2050-11-30 12:00:00,43.301440109125416,3.9449136257172768,0.18026915215388795
2050-11-30 13:00:00,43.30143924855143,4.576181888580436,0.1270746526876352
2050-11-30 14:00:00,43.30144034713956,4.693595409393424,0.19713665721308793
2050-11-30 15:00:00,43.30144074460601,4.5604901313782875,0.24446268237596516
2050-11-30 16:00:00,43.30144082744427,4.447619915008659,0.2517933666344252
2050-11-30 17:00:00,43.30144084506059,4.138119220733756,0.24990486298759415
2050-11-30 18:00:00,43.30144091576435,4.051366329193229,0.257622448335776
2050-11-30 19:00:00,43.30144097481576,3.959982633590812,0.26428181521181926
2050-11-30 20:00:00,43.30144097188712,3.857868909835929,0.25977761378381564
2050-11-30 21:00:00,43.30144103716872,3.725417852401847,0.2682415635099965
2050-11-30 22:00:00,43.30144113141407,3.644578933715934,0.28201252949621863
2050-11-30 23:00:00,43.30144122177352,3.652997016906852,0.29673044447020025
2050-12-01 00:00:00,43.30144129356563,3.6340417861939613,0.30363281480298826
2050-12-01 01:00:00,43.30144126185364,3.6059987545014565,0.2956438414516325
2050-12-01 02:00:00,43.30144122631907,3.557598829269523,0.2826017353410365
2050-12-01 03:00:00,43.30144129779478,3.490502357483024,0.2944829819640165
2050-12-01 04:00:00,43.30144141761613,3.45640063285839,0.30889340601417453
2050-12-01 05:00:00,43.301441431899065,3.273988008499259,0.30889340602961773
2050-12-01 06:00:00,43.3014413964904,3.437390089035148,0.30451381591538224
2050-12-01 07:00:00,43.301441371843616,3.5708239078522865,0.3034225826212988
2050-12-01 08:00:00,43.30144137426421,3.621913671493644,0.3054632104897938
2050-12-01 09:00:00,43.30144134780196,3.6663370132447426,0.30004119021952325
2050-12-01 10:00:00,43.30144131160485,3.7168452739716713,0.2928290427246828
2050-12-01 11:00:00,43.30144127138215,3.6928260326386635,0.28566188977786894
2050-12-01 12:00:00,43.30144123897546,3.872271060943717,0.28143010777299443
2050-12-01 13:00:00,43.30144121851929,4.015655994415397,0.28079619418034585
2050-12-01 14:00:00,43.30144109564824,4.0759248733521645,0.2708193989615501
2050-12-01 15:00:00,43.301441004474896,4.0500483512879555,0.2570816041047092
2050-12-01 16:00:00,43.30144104323612,3.831637382507438,0.2620904278858219
2050-12-01 17:00:00,43.301441057947486,3.736138343811149,0.2677468550054855
2050-12-01 18:00:00,43.301441059143166,3.576191186905021,0.2711570852009754
2050-12-01 19:00:00,43.30144101726692,3.489035606384391,0.2663916770392641
2050-12-01 20:00:00,43.3014410075396,3.3860890865327065,0.26857883023248164
2050-12-01 21:00:00,43.30144099196112,3.2139327526093666,0.27031726303985504
2050-12-01 22:00:00,43.301440905219856,3.3762366771699135,0.25840031728077795
2050-12-01 23:00:00,43.30144069745392,3.337414741516227,0.2291119458072951
2050-12-02 00:00:00,43.301440304971855,3.1692874431611244,0.18701578678635603
2050-12-02 01:00:00,43.30143999408886,2.97928619384777,0.16404702548481
2050-12-02 02:00:00,43.30143980816717,2.9252450466157143,0.15333337288489418
2050-12-02 03:00:00,43.30143961366348,3.194890975952262,0.14284364243356518
2050-12-02 04:00:00,43.301439358651066,3.412220001220817,0.13064570906355252
2050-12-02 05:00:00,43.30143965774184,3.6264197826386635,0.14737040005798452
2050-12-02 06:00:00,43.3014398941634,3.6639308929444496,0.16409824832222278
2050-12-02 07:00:00,43.301439742922014,3.645421981811637,0.16457411330400343
2050-12-02 08:00:00,43.30143977018844,3.567341804504508,0.16608112627095953
2050-12-02 09:00:00,43.30143996234808,3.688897848129386,0.18370002159889376
2050-12-02 10:00:00,43.30143848077815,4.0647039413453285,0.10909603266341253
2050-12-02 11:00:00,43.3014394824811,4.187782764434928,0.1506832092758025
2050-12-02 12:00:00,0.0253545822701457,4.863757133484,5.09973274868724e-09
2050-12-02 13:00:00,43.301438542934015,4.736736297607536,0.11177888102505018
2050-12-02 14:00:00,43.30143820745666,4.888693332672233,0.10182637298957684
2050-12-02 15:00:00,43.30143949143998,4.708827972412223,0.149553594537289
2050-12-02 16:00:00,43.301440033334906,4.7776484489442055,0.18448993737627942
2050-12-02 17:00:00,43.30144028028229,5.045842170715446,0.20476833277982764
2050-12-02 18:00:00,43.30144050708982,5.2024555206299965,0.22910938486694843
2050-12-02 19:00:00,43.30144069679498,5.2392268180848305,0.25469452660030056
2050-12-02 20:00:00,43.3014408717351,5.297645092010612,0.2849453704358041
2050-12-02 21:00:00,43.30144098070068,5.282394886016959,0.30097199066105934
2050-12-02 22:00:00,43.301440947772896,5.26217079162609,0.29609622316409034
2050-12-02 23:00:00,43.30144098189922,5.221879005432243,0.29242336137182356
2050-12-03 00:00:00,43.30144096709265,5.0833220481873695,0.28931742049429265
2050-12-03 01:00:00,43.30144091509535,4.906591892242545,0.2764693383348607
2050-12-03 02:00:00,43.301440946634,4.797354698181266,0.2808421864985016
2050-12-03 03:00:00,43.30144107920672,4.787393569946403,0.3034321278277459
2050-12-03 04:00:00,43.30144113034054,4.849600791931266,0.3069039738629469
2050-12-03 05:00:00,43.30144113740807,4.940403938293571,0.30703878507835747
2050-12-03 06:00:00,43.30144108799164,5.12683725357067,0.3026697940120541
2050-12-03 07:00:00,43.30144086886367,5.933563709259147,0.30296534529452845
2050-12-03 08:00:00,43.30144073380915,6.3150959014893715,0.28863631707588006
2050-12-03 09:00:00,43.301440439775455,6.795032978057975,0.24945562609728425
2050-12-03 10:00:00,43.30144061562032,7.173807144165153,0.2721493095756335
2050-12-03 11:00:00,43.3014401791385,7.98032903671276,0.20933967399467876
2050-12-03 12:00:00,43.30144035101515,8.298628807067985,0.23611766172900572
2050-12-03 13:00:00,43.30144033493043,8.418058395385856,0.23651112290061557
2050-12-03 14:00:00,43.30143995199949,8.38299369812023,0.1984475567646208
2050-12-03 15:00:00,43.30144033052155,8.197173118591422,0.24542597771029173
2050-12-03 16:00:00,43.30144063007861,8.019721031189079,0.2956861107405198
2050-12-03 17:00:00,43.301440428375805,8.004890441894645,0.26657516770465894
2050-12-03 18:00:00,43.30144019500072,7.99335336685192,0.23742587467716744
2050-12-03 19:00:00,43.30143995581035,7.930398941040153,0.21739746356553288
2050-12-03 20:00:00,43.30143975887167,7.8409700393677895,0.20668195091284738
2050-12-03 21:00:00,43.30143965693851,7.756999492645377,0.20625450419380756
2050-12-03 22:00:00,43.30143903361404,7.691570281982536,0.1657374017960459
2050-12-03 23:00:00,43.30143937103358,7.5960102081299965,0.19402051294087985
2050-12-04 00:00:00,43.301439578566175,7.509129524231071,0.21932183107040348
2050-12-04 01:00:00,43.3014396152584,7.456639766693229,0.2260029582278139
2050-12-04 02:00:00,43.30143961683813,7.405817985534782,0.22797602978278447
2050-12-04 03:00:00,43.3014396074451,7.1703228950501625,0.22001726016982412
2050-12-04 04:00:00,43.301439620929074,6.860798835754508,0.2103033180050806
2050-12-04 05:00:00,43.30143946219116,6.89975738525402,0.1876000929958299
2050-12-04 06:00:00,43.30143915456888,6.82705926895153,0.16489473177189007
2050-12-04 07:00:00,43.30143851263285,7.201996326446647,0.1481081838694644
2050-12-04 08:00:00,43.30143904536787,7.382582187652702,0.17906123670227198
2050-12-04 09:00:00,43.30143851962738,7.579426765442008,0.15413372520206275
2050-12-04 10:00:00,43.301439108447,7.810397624969596,0.18973894603214486
2050-12-04 11:00:00,43.30143856457138,8.054306983947868,0.16203732526824632
2050-12-04 12:00:00,43.30143793763408,8.24063873291027,0.13522529738043443
2050-12-04 13:00:00,43.30143771112476,8.34388637542736,0.1267669634331152
2050-12-04 14:00:00,43.30143705972375,8.519409179687614,0.10651418567136993
2050-12-04 15:00:00,43.30143697947924,8.704091072082633,0.10358544067353004
2050-12-04 16:00:00,43.301438462679045,8.811652183532829,0.15566921623136198
2050-12-04 17:00:00,43.30143881212634,8.890099525451774,0.1779344839055166
2050-12-04 18:00:00,43.3014388338676,9.114451408386344,0.18589380717425416
2050-12-04 19:00:00,43.30143862712147,9.290201187133903,0.1792206614349239
2050-12-04 20:00:00,43.30143857008563,9.35946369171154,0.184017996404857
2050-12-04 21:00:00,43.30143869120296,9.417902946472282,0.20428075404851354
2050-12-04 22:00:00,43.30143886836596,9.562845230102653,0.23316179074419116
2050-12-04 23:00:00,43.301438950238925,9.932868957519645,0.2538431233849413
2050-12-05 00:00:00,43.301438871707326,9.920646667480582,0.2547192327046896
2050-12-05 01:00:00,43.30143871888812,9.976555824279899,0.24078762372714907
2050-12-05 02:00:00,43.301438637216826,9.810132026672477,0.23840599315436284
2050-12-05 03:00:00,43.3014385249347,9.648543357849235,0.23212875401563624
2050-12-05 04:00:00,43.301438310998655,9.484173774719352,0.215395774394711
2050-12-05 05:00:00,43.30143814063849,9.32995700836193,0.20323017515390945
2050-12-05 06:00:00,43.30143737533146,9.344655036926383,0.15297852301954695
2050-12-05 07:00:00,21.01038017112821,9.550184249878043,1.0844728021499875e-08
2050-12-05 08:00:00,21.0103408253696,9.876835823059196,7.516253024371145e-09
2050-12-05 09:00:00,0.0251075379179579,10.173295021057243,4.298342727928245e-09
2050-12-05 10:00:00,0.02510642136798,10.564208030700797,4.3675155106407935e-09
2050-12-05 11:00:00,0.0251040414195358,10.856329917907829,4.396828396441918e-09
2050-12-05 12:00:00,0.0251029695352185,11.191183090210075,4.415421412206408e-09
2050-12-05 13:00:00,0.0251029178992798,11.507787704467887,4.4326773723275615e-09
2050-12-05 14:00:00,0.0251030754526677,11.92619609832775,4.442734366156098e-09
2050-12-05 15:00:00,0.025103011494988,12.295319557190055,4.449488645950391e-09
2050-12-05 16:00:00,0.0251035368311589,12.611417770385856,4.42116248913e-09
2050-12-05 17:00:00,0.0251035428375231,12.844985961914176,4.424013944207085e-09
2050-12-05 18:00:00,0.0251035489064728,13.012383460998649,4.427643455172875e-09
2050-12-05 19:00:00,0.025103554854642,13.2476100921632,4.43483080501649e-09
2050-12-05 20:00:00,0.0251035560536965,13.33845138549816,4.4567619090299445e-09
2050-12-05 21:00:00,0.0251036111520319,13.472729682922477,4.463655692691275e-09
2050-12-05 22:00:00,0.0251047921562392,13.298227310180778,4.469359051462749e-09
2050-12-05 23:00:00,0.0251047558684931,12.889922142028922,4.471904477079265e-09
2050-12-06 00:00:00,0.0251045206614377,12.740559577942008,4.4732107862969044e-09
2050-12-06 01:00:00,0.0251043254211813,12.674468994140739,4.473741560265265e-09
2050-12-06 02:00:00,0.0251039615252553,12.34952545166027,4.473837317572618e-09
2050-12-06 03:00:00,0.0251036520731987,12.189580917358512,4.473791309704038e-09
2050-12-06 04:00:00,0.0251036094677002,11.966912269592399,4.47456421162859e-09
2050-12-06 05:00:00,0.0251036599280355,11.683976173400993,4.475683825700171e-09
2050-12-06 06:00:00,0.0251036964986407,11.421616554260368,4.476649670529868e-09
2050-12-06 07:00:00,0.025103811705822,11.210030555725211,4.458565132303646e-09
2050-12-06 08:00:00,0.0251039411946524,11.161305427551383,4.503458865339077e-09
2050-12-06 09:00:00,0.0251012793709489,11.151382446289176,4.521054363714125e-09
2050-12-06 10:00:00,21.010365070671803,11.10532665252697,8.81170602821094e-09
2050-12-06 11:00:00,0.0251005696776015,11.252764701843375,4.47746702766033e-09
2050-12-06 12:00:00,0.0251007220964778,11.19996547698986,4.453564024744577e-09
2050-12-06 13:00:00,0.0251014304334764,11.26171684265148,4.447175116484056e-09
2050-12-06 14:00:00,0.0251023210861933,11.4197292327882,4.452076888914721e-09
2050-12-06 15:00:00,0.025103483787191,11.471655845642204,4.521239052448446e-09
2050-12-06 16:00:00,0.0251131061497057,11.15040206909191,4.648064560509731e-09
2050-12-06 17:00:00,42.22567653482693,10.99358940124523,1.257035653122774e-07
2050-12-06 18:00:00,43.30134813902621,11.156754493713493,0.005820351096276264
2050-12-06 19:00:00,43.30135961085687,10.773238182067985,0.007182357846491642
2050-12-06 20:00:00,43.30136549500087,10.608777046203727,0.008161578756212321
2050-12-06 21:00:00,43.30137260680248,10.577108383178825,0.00972967343895651
2050-12-06 22:00:00,43.30136795019887,10.661807060241813,0.007623503514916203
2050-12-06 23:00:00,43.30138365900334,10.461192131042594,0.012201345206626184
2050-12-07 00:00:00,43.30141818724432,10.209282875061149,0.0366589707995034
2050-12-07 01:00:00,43.30143017401552,10.028360366821403,0.08879899447816195
2050-12-07 02:00:00,43.3014331763334,9.872489929199332,0.13238905311914978
2050-12-07 03:00:00,43.30143374941867,9.681499481201286,0.14543238017295693
2050-12-07 04:00:00,43.30143267076364,9.479237556457633,0.12275148969679779
2050-12-07 05:00:00,43.30143125445392,9.24207973480236,0.09832461995380713
2050-12-07 06:00:00,43.30143140605829,8.981922149658317,0.08516870341779327
2050-12-07 07:00:00,43.30142287329275,8.776800155639762,0.03780001765727302
2050-12-07 08:00:00,43.30141785231641,8.792145729065055,0.025751877834998625
2050-12-07 09:00:00,43.30141050185407,8.85880279541027,0.015949231118867167
2050-12-07 10:00:00,43.30141239258073,8.977450370788688,0.017300537122315544
2050-12-07 11:00:00,43.3014104876207,9.296355247497672,0.015600512705709424
2050-12-07 12:00:00,43.30141388242794,9.805802345275993,0.018196405425146753
2050-12-07 13:00:00,43.30138436786884,10.15252494812023,0.007442109905341711
2050-12-07 14:00:00,43.3014134875844,10.376904487609977,0.017408852251204403
2050-12-07 15:00:00,43.30142975153811,10.531440734863395,0.056881669407754035
2050-12-07 16:00:00,43.30143320249014,10.625698089599723,0.08278107859012425
2050-12-07 17:00:00,43.30143194322304,10.61828708648693,0.06831940609577135
2050-12-07 18:00:00,43.30142946060344,10.35978221893322,0.051080368678317535
2050-12-07 19:00:00,43.30142762616225,9.891978263855094,0.04337818103474193
2050-12-07 20:00:00,43.30142649778429,9.444131851196403,0.04008004519981524
2050-12-07 21:00:00,43.30142610084729,9.05084323883068,0.03917780036098822
2050-12-07 22:00:00,43.3014279375472,8.494127273559684,0.046935671365058086
2050-12-07 23:00:00,43.301427763003936,8.090910911560172,0.047011069586850356
2050-12-08 00:00:00,43.30142801722743,7.9207196235657875,0.04958481365614307
2050-12-08 01:00:00,43.30142860670254,7.8587031364442055,0.05388805122290086
2050-12-08 02:00:00,43.30142901476841,7.959828376770133,0.05732359147024401
2050-12-08 03:00:00,43.301426940401534,8.022384643554801,0.04443313869340263
2050-12-08 04:00:00,43.30142828524565,8.170905113220329,0.04632249956318499
2050-12-08 05:00:00,43.30143298401713,8.009691238403434,0.07159401616732894
2050-12-08 06:00:00,43.30143413127622,7.7580280303956215,0.0809236851990596
2050-12-08 07:00:00,25.96464724195999,7.290447235107536,1.8588656428652565e-08
2050-12-08 08:00:00,25.964622044963104,7.270270824432487,1.1358268926100969e-08
2050-12-08 09:00:00,21.010412310891446,7.566728591919059,7.669224761082637e-09
2050-12-08 10:00:00,21.01028387161156,7.737444400787467,8.581397091076935e-09
2050-12-08 11:00:00,21.010200087910626,7.817014217376823,8.656914668907623e-09
2050-12-08 12:00:00,0.0251307123069439,7.715345859527702,5.044575947558529e-09
2050-12-08 13:00:00,0.0260367779426845,7.74196815490734,5.0658000265358445e-09
2050-12-08 14:00:00,0.025117676297251,8.007114410400504,5.044956375531843e-09
2050-12-08 15:00:00,0.0251902135019941,8.121284484863395,5.033789994520619e-09
2050-12-08 16:00:00,0.0251348492564562,8.244130134582633,4.991572379775087e-09
2050-12-08 17:00:00,0.0251313870233651,8.274041175842399,4.982919601794952e-09
2050-12-08 18:00:00,0.0251733042784051,8.253672599792594,4.975873369472653e-09
2050-12-08 19:00:00,0.0251148134169084,8.394568443298454,4.966329779092866e-09
2050-12-08 20:00:00,0.0251103385857325,8.503741264343375,4.955952406757515e-09
2050-12-08 21:00:00,0.0251092350536044,8.436091423034782,4.952731175609396e-09
2050-12-08 22:00:00,0.0251084068425908,8.35989856719982,4.955770139106638e-09
2050-12-08 23:00:00,0.0251094608704426,8.303859710693473,4.948969735895972e-09
2050-12-09 00:00:00,0.0251105531883738,8.372214317321891,4.949325872254003e-09
2050-12-09 01:00:00,0.0251097900518552,8.360707283020133,4.951267122258675e-09
2050-12-09 02:00:00,0.0251128885289658,8.272640228271598,4.959462139752126e-09
2050-12-09 03:00:00,0.0251215959963551,8.209013938903922,4.956882938613425e-09
2050-12-09 04:00:00,19.989715234433643,8.0767116546632,7.542534553179177e-09
2050-12-09 05:00:00,21.460714985335645,7.958549499511832,8.849415493753068e-09
2050-12-09 06:00:00,41.50136697073784,8.018285751342887,7.460570783249949e-08
2050-12-09 07:00:00,43.30051383937763,7.99675273895275,0.0004894052713615339
2050-12-09 08:00:00,43.30140097249056,7.92154169082653,0.010836168073664361
2050-12-09 09:00:00,43.30141950815802,7.964549541473502,0.020996770038203293
2050-12-09 10:00:00,43.301435522799785,8.124382972717399,0.0851643118656543
2050-12-09 11:00:00,43.301437906619725,8.42310714721691,0.1509752421944391
2050-12-09 12:00:00,43.301438190068986,8.662299156189079,0.1620235097022491
2050-12-09 13:00:00,43.30143848016196,8.774603843689079,0.17524634818676046
2050-12-09 14:00:00,43.30143875131901,8.831362724304313,0.18948825283125617
2050-12-09 15:00:00,43.30143905454729,8.94303131103527,0.20913698497479538
2050-12-09 16:00:00,43.30143946034959,9.064886093139762,0.23801059024359075
2050-12-09 17:00:00,43.30143958697516,9.158511161804313,0.24607793617732365
2050-12-09 18:00:00,43.30143971100698,9.140855789184684,0.26350550175584003
2050-12-09 19:00:00,43.30143971185488,9.06054782867443,0.2683483562214922
2050-12-09 20:00:00,43.301439657715065,8.92342567443859,0.26834924653444214
2050-12-09 21:00:00,43.30143954464406,8.787614822387809,0.2605629613544632
2050-12-09 22:00:00,43.30143952543673,8.634286880493278,0.2634373273432051
2050-12-09 23:00:00,43.30143927995682,8.51497840881359,0.23709603419623984
2050-12-10 00:00:00,43.30143888974194,8.338340759277457,0.20175623103228238
2050-12-10 01:00:00,43.30143825829223,8.02264499664318,0.15816802089382623
2050-12-10 02:00:00,43.30143780475407,7.680944919586295,0.13546024821029898
2050-12-10 03:00:00,43.30143750020322,7.370872974395866,0.11860523395880823
2050-12-10 04:00:00,43.30143735770176,7.180233001709098,0.10912920999626613
2050-12-10 05:00:00,43.30143762097408,6.9075617790223305,0.11246770042436657
2050-12-10 06:00:00,43.30143761915683,6.627839565277213,0.11080240017970165
2050-12-10 07:00:00,43.301436934266505,6.661762237548942,0.098783753603832
2050-12-10 08:00:00,43.30143762379464,6.547339916229362,0.11617022080432635
2050-12-10 09:00:00,43.3014373506189,6.245055198669547,0.11030078270368306
2050-12-10 10:00:00,43.30143813534966,6.763209819793815,0.13521989855028785
2050-12-10 11:00:00,43.301430719390304,7.187392711639518,0.04134198591844403
2050-12-10 12:00:00,43.30143363181199,7.204579353332633,0.0572159221438379
2050-12-10 13:00:00,43.30143773949836,7.147815227508659,0.12459378201735306
2050-12-10 14:00:00,43.3014388084639,7.039463996887321,0.1752377174181174
2050-12-10 15:00:00,43.30143898638688,6.915370941162223,0.18579464992025171
2050-12-10 16:00:00,43.30143942649582,6.890002727508659,0.21896503310997617
2050-12-10 17:00:00,43.30143920228694,7.080718994140739,0.1969772350512402
2050-12-10 18:00:00,43.301438702589074,7.442263603210563,0.1634661323631451
2050-12-10 19:00:00,43.30143741616452,7.707960128784293,0.11423092958340915
2050-12-10 20:00:00,43.30143561409076,7.924441337585563,0.07996095009085823
2050-12-10 21:00:00,43.30143418942842,8.23275184631359,0.06391247551926434
2050-12-10 22:00:00,43.30143489047777,8.70380783081066,0.07353056389476807
2050-12-10 23:00:00,43.301435621736594,9.286106109619254,0.08621901736493769
2050-12-11 00:00:00,43.30143579111813,9.780537605285758,0.08962934209689885
2050-12-11 01:00:00,43.30143523995528,10.097933769226188,0.08050018846907224
2050-12-11 02:00:00,43.30143484003693,10.278319358825797,0.07482815379050622
2050-12-11 03:00:00,43.301435280262034,10.38336563110363,0.08103839623132944
2050-12-11 04:00:00,43.30143642184076,10.72374534606945,0.09902642467170869
2050-12-11 05:00:00,43.30143735178952,10.587086677551383,0.11960704732788854
2050-12-11 06:00:00,43.30143769788423,10.269931793213004,0.1284172675861302
2050-12-11 07:00:00,43.30143543279696,9.965682029724235,0.08591049739257227
2050-12-11 08:00:00,43.30143429655885,9.530276298523063,0.07156430094710994
2050-12-11 09:00:00,43.301433125656,9.26188945770275,0.06283911044033265
2050-12-11 10:00:00,43.30143703078453,9.015550613403434,0.12590662853106285
2050-12-11 11:00:00,43.30143269785356,8.990244865417594,0.06011812819631509
2050-12-11 12:00:00,43.30143800608291,8.628037452697868,0.1736805803722085
2050-12-11 13:00:00,43.3014332706494,8.518858909607047,0.06606643320058954
2050-12-11 14:00:00,43.30143710206834,8.115329742431754,0.13444203568240495
2050-12-11 15:00:00,43.301436487512376,7.720253467559928,0.11303847577058658
2050-12-11 16:00:00,43.30143516447737,7.288644790649528,0.08388634471567577
2050-12-11 17:00:00,43.301432586290666,7.199411869049186,0.05713092427155042
2050-12-11 18:00:00,43.30142590908754,7.137244701385612,0.03114308326666982
2050-12-11 19:00:00,43.3014209830444,6.855925083160514,0.022953298088585615
2050-12-11 20:00:00,43.30142001404277,6.967399597168082,0.02203310402046219
2050-12-11 21:00:00,43.30142029147966,6.96302700042736,0.022693488976207668
2050-12-11 22:00:00,43.30142161511388,6.917254924774284,0.024942125772678934
2050-12-11 23:00:00,43.30141397952568,6.862525463104362,0.016975282853299693
2050-12-12 00:00:00,43.30140844640603,6.794075965881461,0.013852316817401638
2050-12-12 01:00:00,43.30139743449941,6.690293788910026,0.010100396596501417
2050-12-12 02:00:00,19.9903344669856,6.650932788848991,7.71978313475687e-09
2050-12-12 03:00:00,0.0251572706261206,6.53988885879528,4.699086966182912e-09
2050-12-12 04:00:00,0.0251352186087573,6.513519287109489,4.778664239833323e-09
2050-12-12 05:00:00,0.0251290009427844,6.325727462768668,4.475302713812819e-09
2050-12-12 06:00:00,0.0251470755315138,5.966147422790641,4.777223865436312e-09
2050-12-12 07:00:00,0.0251339875615916,5.734631061554069,4.745744091449264e-09
2050-12-12 08:00:00,19.99035975084696,6.0231294631959145,7.826661340133745e-09
2050-12-12 09:00:00,43.30135425441496,6.441716194152946,0.0047736666487033326
2050-12-12 10:00:00,43.30143738387949,6.613892078399772,0.13579022419621423
2050-12-12 11:00:00,43.30143635728781,6.923717021942252,0.10343069664000268
2050-12-12 12:00:00,43.30143722409653,6.9618597030640785,0.13220666646097942
2050-12-12 13:00:00,43.30143720607015,6.988426685333366,0.13268632164594188
2050-12-12 14:00:00,43.30143727845773,6.808662891388053,0.1354157096790989
2050-12-12 15:00:00,43.30143563386407,6.446990966796989,0.0881634150845906
2050-12-12 16:00:00,43.30143354012919,6.1557025909424965,0.06080220769053691
2050-12-12 17:00:00,43.30143239190198,6.000946044921989,0.052225101944383026
2050-12-12 18:00:00,43.30143177704024,5.98079347610485,0.04909305402992924
2050-12-12 19:00:00,43.30143131405595,6.0184273719788735,0.047399276536585815
2050-12-12 20:00:00,43.301429487019966,6.051794052124137,0.04016237975623818
2050-12-12 21:00:00,43.30142758808751,6.031804084777946,0.034267769397487914
2050-12-12 22:00:00,43.3014278449301,6.056542396545524,0.03538559864139309
2050-12-12 23:00:00,43.30142683835388,5.992361545562858,0.03263443721290756
2050-12-13 00:00:00,43.30142584054855,5.948994636535758,0.030225310624606764
2050-12-13 01:00:00,43.30142818608656,6.01715707778942,0.036751900138534924
2050-12-13 02:00:00,43.301431422818176,6.243218898773307,0.05279394938737818
2050-12-13 03:00:00,43.30143231139322,6.479401588440055,0.05908304908493747
2050-12-13 04:00:00,43.301434208293145,6.67427492141735,0.07742670197748998
2050-12-13 05:00:00,43.30143503984783,6.827527046203727,0.08805391519553135
2050-12-13 06:00:00,43.301435724480136,6.9279241561890785,0.10321994800652758
2050-12-13 07:00:00,43.3014281824724,6.913658142089957,0.05150947926221012
2050-12-13 08:00:00,43.30142791495346,6.869829654693717,0.05050227418199947
2050-12-13 09:00:00,43.30142475831595,6.9899687767029945,0.04057998232803973
2050-12-13 10:00:00,43.30137077074983,7.2163949012757485,0.008489993602129793
2050-12-13 11:00:00,43.30143027655913,7.60286378860485,0.06313186243152794
2050-12-13 12:00:00,43.30143204639785,7.925638675689811,0.07831779443834921
2050-12-13 13:00:00,43.30143342321089,8.142228126525993,0.09892842993486585
2050-12-13 14:00:00,43.30142986451096,8.350659370422477,0.06709311078489195
2050-12-13 15:00:00,35.0532914009862,8.648899078369254,2.5175844165572988e-08
2050-12-13 16:00:00,35.05324206340691,8.990365982055778,2.0765323883487003e-08
2050-12-13 17:00:00,35.05323142163446,9.415011405944938,1.977410141865813e-08
2050-12-13 18:00:00,35.05305379988537,9.670460700988883,1.8692142375731135e-08
2050-12-13 19:00:00,19.990296605808823,9.81116104125988,7.864079579148697e-09
2050-12-13 20:00:00,19.99031905664788,9.918202400207633,7.839761783856686e-09
2050-12-13 21:00:00,0.0251129121582359,10.008340835571403,4.920438141437813e-09
2050-12-13 22:00:00,0.0251089716228446,10.08732891082775,4.876687134773373e-09
2050-12-13 23:00:00,0.0251160479137601,10.137040138244743,4.8136521132301e-09
2050-12-14 00:00:00,0.0251191333177132,10.150116920471305,4.777968619509158e-09
2050-12-14 01:00:00,35.05303640372819,10.123818397522086,1.2759538337866232e-08
2050-12-14 02:00:00,35.05321401334452,10.067165374755973,1.8764566343986443e-08
2050-12-14 03:00:00,35.05323736201541,9.992836952209586,2.0432252572819247e-08
2050-12-14 04:00:00,35.05324570091181,9.92572116851818,2.8942710123813628e-08
2050-12-14 05:00:00,35.05324613392134,9.885370254516715,2.8003499020208134e-08
2050-12-14 06:00:00,35.05325313860366,9.89191818237316,2.6828667914583578e-08
2050-12-14 07:00:00,21.0104115423698,9.925888061523551,1.1104097754924868e-08
2050-12-14 08:00:00,21.01040951339841,9.959769248962516,1.0370225436872468e-08
2050-12-14 09:00:00,21.01041274050115,10.044319152832145,1.0736226191127517e-08
2050-12-14 10:00:00,25.964641697099022,10.150173187255973,2.355113271634872e-08
2050-12-14 11:00:00,25.964643689855187,10.237457275390739,1.3339931272610712e-08
2050-12-14 12:00:00,21.01041572448376,10.283885002136344,1.1107507742714162e-08
2050-12-14 13:00:00,21.010593614891263,10.28869724273693,1.1256976401789167e-08
2050-12-14 14:00:00,25.964632304107397,10.133908271789664,1.6811044028080705e-08
2050-12-14 15:00:00,25.964621941262653,9.787328720092887,1.6037285242054115e-08
2050-12-14 16:00:00,22.39252421603492,9.456833839416618,1.2273320257501261e-08
2050-12-14 17:00:00,21.010404315759924,9.222320556640739,8.380742577038497e-09
2050-12-14 18:00:00,0.0251241882269769,9.017880439758414,4.691448197743361e-09
2050-12-14 19:00:00,0.0251053114197042,8.85170936584484,4.549905202967611e-09
2050-12-14 20:00:00,0.0251037609815013,8.72401332855236,4.468563477291307e-09
2050-12-14 21:00:00,0.0251034797352968,8.615769386291618,4.456963100695261e-09
2050-12-14 22:00:00,0.0251034454516233,8.510983467102164,4.462395512693222e-09
2050-12-14 23:00:00,0.0251034367993219,8.413144111633414,4.470594556798806e-09
2050-12-15 00:00:00,0.0251034352492829,8.317049026489371,4.479461529844225e-09
2050-12-15 01:00:00,0.0251034430724517,8.215846061706657,4.48870290309916e-09
2050-12-15 02:00:00,0.0251034371255131,8.117663383484,4.497574440861085e-09
2050-12-15 03:00:00,0.0251034450779087,8.028291702270621,4.50577254233998e-09
2050-12-15 04:00:00,0.0251034539016408,7.949413776397819,4.514680616889247e-09
2050-12-15 05:00:00,0.0251035078941439,7.874547004699821,4.525026770855049e-09
2050-12-15 06:00:00,0.025103603972519,7.797803401947135,4.536502824560919e-09
2050-12-15 07:00:00,0.025104249905253,7.723659992218131,4.551445448965188e-09
2050-12-15 08:00:00,0.0251054532825359,7.65066766738903,4.570153318938701e-09
2050-12-15 09:00:00,0.0251053448488764,7.6900677680970375,4.611227482930265e-09
2050-12-15 10:00:00,0.0251091537908537,7.755728244781608,4.626282336328064e-09
2050-12-15 11:00:00,19.9894933439472,7.755796432495231,8.845491896791279e-09
2050-12-15 12:00:00,21.010392919680758,7.692180633545036,9.109787367248384e-09
2050-12-15 13:00:00,21.01005834005487,7.584193706512565,8.696624213382339e-09
2050-12-15 14:00:00,0.0251047182465194,7.377132892608756,4.631082066826352e-09
2050-12-15 15:00:00,0.0251034201573654,7.075028419494743,4.618833079701105e-09
2050-12-15 16:00:00,0.0251040763996155,6.806586742401237,4.584861486335006e-09
2050-12-15 17:00:00,0.0251036761069795,6.643542289734,4.576519194799781e-09
2050-12-15 18:00:00,0.0251035443570531,6.5308928489686195,4.571345004377773e-09
2050-12-15 19:00:00,0.0251035227824446,6.433447360992545,4.568294431785998e-09
2050-12-15 20:00:00,0.0251035255949037,6.3260164260865395,4.566340007322576e-09
2050-12-15 21:00:00,0.0251035172951325,6.1452631950379555,4.5653558616596095e-09
2050-12-15 22:00:00,0.0251034898963448,5.899803638458366,4.5647068071617635e-09
2050-12-15 23:00:00,0.0251034485895213,5.677151203155631,4.56417054345133e-09
2050-12-16 00:00:00,0.0251034561633793,5.5028657913209145,4.564378246952279e-09
2050-12-16 01:00:00,0.02510345212946,5.344416618347282,4.565030173735602e-09
2050-12-16 02:00:00,0.0251034333698062,5.19584417343151,4.566086304799914e-09
2050-12-16 03:00:00,0.0251034346638621,5.123046875000114,4.567824439190838e-09
2050-12-16 04:00:00,0.0251034419341542,5.059379577636832,4.570475470618377e-09
2050-12-16 05:00:00,0.0251034551998664,4.806023120880241,4.574393058718728e-09
2050-12-16 06:00:00,0.02510343896696,4.538553237915153,4.579413946259625e-09
2050-12-16 07:00:00,0.0251033947996503,4.392693996429557,4.574710776163121e-09
2050-12-16 08:00:00,0.025103255648564,4.361246109008903,4.610417975075752e-09
2050-12-16 09:00:00,0.0251023019180423,4.50364446640026,4.616218567872971e-09
2050-12-16 10:00:00,0.0251016186430153,4.712479591369743,4.621205964238459e-09
2050-12-16 11:00:00,0.0251006427493452,4.930033683776969,4.620633380023662e-09
2050-12-16 12:00:00,0.0251003628107553,5.109709262848014,4.619586699845186e-09
2050-12-16 13:00:00,0.0251010984108192,5.2425732612611,4.618757257135345e-09
2050-12-16 14:00:00,0.0251022345697149,5.260216236114616,4.6177755534248826e-09
2050-12-16 15:00:00,0.0251028416482864,5.1567578315736,4.612513789048162e-09
2050-12-16 16:00:00,0.0251036301377283,5.081999778747672,4.5770957702280634e-09
2050-12-16 17:00:00,0.0251036368892894,5.102463722229118,4.5726069424472846e-09
2050-12-16 18:00:00,0.025103849320734,5.0875945091248695,4.570554021963269e-09
2050-12-16 19:00:00,0.0251042401618429,5.055278301239127,4.5706063969304315e-09
2050-12-16 20:00:00,0.0251044634005028,5.030751228332633,4.5705642920510194e-09
2050-12-16 21:00:00,0.0251043194195917,4.9533429145814125,4.569430533736747e-09
2050-12-16 22:00:00,0.025105138126195,4.813279151916618,4.573464697470278e-09
2050-12-16 23:00:00,0.0251051997843966,4.655469894409293,4.574458565060171e-09
2050-12-17 00:00:00,0.0251045169743343,4.530634880066032,4.572185236235113e-09
2050-12-17 01:00:00,0.0251042324701231,4.4546093940736,4.571501797459115e-09
2050-12-17 02:00:00,0.0251043866967597,4.421437740326041,4.575568637214626e-09
2050-12-17 03:00:00,0.0251044479554497,4.431923389434928,4.580932057960707e-09
2050-12-17 04:00:00,0.0251043093098804,4.505765914917106,4.587213527601258e-09
2050-12-17 05:00:00,0.0251043525932123,4.6283330917359535,4.601139648137045e-09
2050-12-17 06:00:00,0.0251047497612036,4.746042251587028,4.631537660349602e-09
2050-12-17 07:00:00,0.0251064197721323,4.868714809417838,4.685364249303583e-09
2050-12-17 08:00:00,0.0251242088557674,4.953142166137809,4.779049781577187e-09
2050-12-17 09:00:00,19.99047199256272,5.177444934845084,8.032476323454495e-09
2050-12-17 10:00:00,42.39188112844861,5.537797927856559,1.5383125300840793e-07
2050-12-17 11:00:00,43.30143223753453,5.794507026672477,0.06931731682804503
2050-12-17 12:00:00,43.3014360794728,5.955083847046012,0.13849936764835905
2050-12-17 13:00:00,43.30143701486831,6.165643692016715,0.17681116333281588
2050-12-17 14:00:00,43.30143733287919,6.342113971710319,0.19281496847820345
2050-12-17 15:00:00,43.301437427226304,6.334474086761588,0.19357061001787504
2050-12-17 16:00:00,43.30143760638349,6.181214809417838,0.1965705529918999
2050-12-17 17:00:00,43.30143616826322,6.1995143890382,0.12688163542780795
2050-12-17 18:00:00,43.30143102366095,6.328439712524528,0.0540987471476883
2050-12-17 19:00:00,43.301283402936335,6.365006446838493,0.0027419215540917677
2050-12-17 20:00:00,35.05320849508524,6.4332270622254555,1.8702897023996687e-08
2050-12-17 21:00:00,0.0251221313869561,6.3763375282288735,4.892760112297979e-09
2050-12-17 22:00:00,0.0251072387971181,6.260764598846549,4.8358564911591945e-09
2050-12-17 23:00:00,0.0251072769204101,6.2813692092896645,4.813257002913986e-09
2050-12-18 00:00:00,0.0251060638538808,6.227753639221305,4.788174915669117e-09
2050-12-18 01:00:00,0.0251054735095005,6.133500576019401,4.768641823823961e-09
2050-12-18 02:00:00,0.0251057765051634,6.0733613967896645,4.7709898636677305e-09
2050-12-18 03:00:00,0.025106678136915,6.0393438339234535,4.780083290726335e-09
2050-12-18 04:00:00,0.0251076393869912,5.950824260711784,4.785671605501935e-09
2050-12-18 05:00:00,0.0251084897137307,5.9708952903748695,4.790015855113615e-09
2050-12-18 06:00:00,0.0251182915826337,5.826731204986686,4.790756886008351e-09
2050-12-18 07:00:00,35.05309732944032,5.584899902343864,1.3286632768130015e-08
2050-12-18 08:00:00,35.80539244515925,5.595615386963004,1.3746715151747533e-08
2050-12-18 09:00:00,36.57368336195372,5.624326229095573,2.4532543028684442e-08
2050-12-18 10:00:00,43.30142368171106,5.628816127777213,0.030706489138214284
2050-12-18 11:00:00,43.30141285105884,5.550139427185172,0.018476317365809812
2050-12-18 12:00:00,0.0251072667415775,5.4992766380311195,4.77195846173112e-09
2050-12-18 13:00:00,0.0251026849186996,5.403774738311881,4.718102356802095e-09
2050-12-18 14:00:00,0.0251119850733137,4.977600097656364,4.730770705309745e-09
2050-12-18 15:00:00,35.05321928031854,4.597634315490836,2.1879205600186962e-08
2050-12-18 16:00:00,0.0251085666360918,4.381616115570182,4.6958992636169435e-09
2050-12-18 17:00:00,0.0251046421581042,4.269575119018668,4.697937098152744e-09
2050-12-18 18:00:00,0.0251040237139066,4.164019107818717,4.665566978246218e-09
2050-12-18 19:00:00,0.0251039565480767,4.064219951629752,4.6476078224893885e-09
2050-12-18 20:00:00,0.0251039381496134,3.990355014801139,4.6347984971506996e-09
2050-12-18 21:00:00,0.0251039487506577,3.882334232330436,4.625331122840595e-09
2050-12-18 22:00:00,0.0251039618668545,3.71641302108776,4.617722370616824e-09
2050-12-18 23:00:00,0.0251039696431654,3.622315645218009,4.6112559463921405e-09
2050-12-19 00:00:00,0.0251039718313688,3.583278656005973,4.605454519990003e-09
2050-12-19 01:00:00,0.0251039682889278,3.2991278171540444,4.599986130269742e-09
2050-12-19 02:00:00,0.0251039589138254,2.9961726665497963,4.594659184142957e-09
2050-12-19 03:00:00,0.0251039437960767,2.8397865295411293,4.589586548520315e-09
2050-12-19 04:00:00,0.0251039226727961,3.1319320201874916,4.584372683799654e-09
2050-12-19 05:00:00,0.0251039009066749,3.252942562103385,4.578937982903862e-09
2050-12-19 06:00:00,0.0251039627701108,2.9191770553590004,4.576803135970507e-09
2050-12-19 07:00:00,0.0251040822253355,2.834641933441276,4.56584393367582e-09
2050-12-19 08:00:00,0.0251045821838065,2.8809618949891274,4.579842150017136e-09
2050-12-19 09:00:00,0.0251034419034819,3.032480478286857,4.623115512712238e-09
2050-12-19 10:00:00,0.0251031324342613,3.368207216262931,4.690039992393652e-09
2050-12-19 11:00:00,0.0251077972004573,3.764292001724357,4.844638435167396e-09
2050-12-19 12:00:00,43.30142341885585,4.0475530624390785,0.025909056243303783
2050-12-19 13:00:00,43.3014352466758,4.15307712554943,0.07750462249344676
2050-12-19 14:00:00,43.30143795731689,4.120364189148063,0.1465341679683532
2050-12-19 15:00:00,43.30143885310462,4.024954795837516,0.20029070872479693
2050-12-19 16:00:00,43.30143916789872,3.895914554596061,0.2224705216160553
2050-12-19 17:00:00,43.30143919854967,3.814376831054801,0.22301742051172482
2050-12-19 18:00:00,43.30143905227841,3.77943325042736,0.2104362408671774
2050-12-19 19:00:00,43.30143869437039,3.696714401245231,0.18512259514912946
2050-12-19 20:00:00,43.30143827671589,3.5071082115174477,0.16787058643016112
2050-12-19 21:00:00,43.30143819080381,3.4165594577790444,0.1764785630625209
2050-12-19 22:00:00,43.30143522373611,3.306531429290885,0.08802038685163116
2050-12-19 23:00:00,43.30142865331338,3.0818388462067787,0.0365207923281454
2050-12-20 00:00:00,43.30142542121181,2.9000456333161537,0.028621297105935348
2050-12-20 01:00:00,43.30142834486278,2.774801731109733,0.03593891046056869
2050-12-20 02:00:00,43.30142758672658,2.44234132766735,0.03390934185450944
2050-12-20 03:00:00,43.30142777948377,1.927323222160453,0.03446578788067183
2050-12-20 04:00:00,43.30143067352538,1.6028628349305336,0.044422832249443905
2050-12-20 05:00:00,43.30142854512591,1.4249305725098793,0.037020861695256896
2050-12-20 06:00:00,43.301422940891854,1.4271004199982826,0.025421080743257184
2050-12-20 07:00:00,21.146602544465328,1.5169761180878822,1.0168732973267689e-08
2050-12-20 08:00:00,21.60043334823455,1.908112049102897,1.1082626929720911e-08
2050-12-20 09:00:00,21.149838713915965,2.5967683792115395,1.0120322374895536e-08
2050-12-20 10:00:00,19.990372740141865,3.0965130329133217,8.218712867339995e-09
2050-12-20 11:00:00,0.0251100225654279,3.7945954799653236,4.932981492963698e-09
2050-12-20 12:00:00,0.0251079583288918,4.473249912262077,4.899023393294335e-09
2050-12-20 13:00:00,0.0251127067571564,5.038422107696647,4.865989292245866e-09
2050-12-20 14:00:00,0.0251047346657973,5.151161670684928,4.840272521556834e-09
2050-12-20 15:00:00,0.0251426979837992,4.649177074432487,4.823709529144176e-09
2050-12-20 16:00:00,21.052184433031275,4.033693790435905,9.477672209733658e-09
2050-12-20 17:00:00,0.0251167911196374,3.6822195053101723,4.7676674463081084e-09
2050-12-20 18:00:00,0.0251060824916081,3.4291234016419594,4.743644184253398e-09
2050-12-20 19:00:00,0.0251050926904028,3.2364268302918617,4.728138467328725e-09
2050-12-20 20:00:00,0.0251043336181347,3.306817770004386,4.717431242600966e-09
2050-12-20 21:00:00,0.0251037192130229,3.5243597030640785,4.71029173342826e-09
2050-12-20 22:00:00,0.0251034553140632,3.8491325378419106,4.709937029087462e-09
2050-12-20 23:00:00,0.0251034145511801,4.162395000457877,4.713821329690737e-09
2050-12-21 00:00:00,0.0251034090787704,4.257883071899528,4.718185059021948e-09
2050-12-21 01:00:00,0.0251034165559745,4.4544873237611,4.722137688010196e-09
2050-12-21 02:00:00,0.0251034102186259,4.5069622993470375,4.7253648374570375e-09
2050-12-21 03:00:00,0.0251034222146544,4.702157974243278,4.728863785974174e-09
2050-12-21 04:00:00,0.0251034332556718,4.9922070503236,4.7330145775635e-09
2050-12-21 05:00:00,0.0251034408338491,5.327290534973258,4.7382400777504285e-09
2050-12-21 06:00:00,0.0251034426921836,5.771336555481071,4.744518357589549e-09
2050-12-21 07:00:00,0.0251034346706832,5.987686634063834,4.7549560770226285e-09
2050-12-21 08:00:00,0.0251034342646422,6.45056772232067,4.7633101704090726e-09
2050-12-21 09:00:00,0.0251029223732932,6.7074251174927895,4.802780081691844e-09
2050-12-21 10:00:00,0.0251026156229272,6.842208385467643,4.8102430083856024e-09
2050-12-21 11:00:00,0.0251025052788325,7.027459621429557,4.816018190809279e-09
2050-12-21 12:00:00,0.0251025073344848,7.250200748443717,4.819585495852005e-09
2050-12-21 13:00:00,0.0251026685522096,7.403880596161002,4.821467883754966e-09
2050-12-21 14:00:00,0.025102863362177,7.549791336059684,4.820687446715574e-09
2050-12-21 15:00:00,0.0251031494107518,7.677011966705436,4.8190378108414754e-09
2050-12-21 16:00:00,0.0251034989300521,7.807462692260856,4.785626233018438e-09
2050-12-21 17:00:00,0.0251034986935901,7.887275695800895,4.782583378316064e-09
2050-12-21 18:00:00,0.0251035060144427,7.966025829315299,4.7805929373926616e-09
2050-12-21 19:00:00,0.0251035126306942,8.008563995361442,4.779472119009149e-09
2050-12-21 20:00:00,0.0251035186419436,7.957514762878532,4.7791129464038684e-09
2050-12-21 21:00:00,0.0251035240983693,7.890150547027702,4.779310784562821e-09
2050-12-21 22:00:00,0.0251035285662496,7.811223030090446,4.779832712511787e-09
2050-12-21 23:00:00,0.0251035321006323,7.714249134063834,4.780633546626167e-09
2050-12-22 00:00:00,0.025103534960631,7.691611289978141,4.7817242638794835e-09
2050-12-22 01:00:00,0.0251035380123921,7.808403968811149,4.782993493799986e-09
2050-12-22 02:00:00,0.0251035460351099,7.962615013122672,4.784560869908777e-09
2050-12-22 03:00:00,0.025103550476755,8.244319915771598,4.7863934864236644e-09
2050-12-22 04:00:00,0.0251035522702506,8.334764480590934,4.788786241004653e-09
2050-12-22 05:00:00,0.0251035703439995,8.28518390655529,4.7920446446157624e-09
2050-12-22 06:00:00,0.0251036098624991,8.204804420471305,4.796496079585054e-09
2050-12-22 07:00:00,0.0251035996816667,8.139523506164664,4.797094775969119e-09
2050-12-22 08:00:00,0.0251035569181695,8.069681167602653,4.802418519532938e-09
2050-12-22 09:00:00,0.0251025838332785,8.00868129730236,4.837984509332674e-09
2050-12-22 10:00:00,0.0251023394078835,8.007425308227653,4.843612999056819e-09
2050-12-22 11:00:00,0.025101857043947,8.133085250854606,4.843476743300259e-09
2050-12-22 12:00:00,0.0251015480532086,8.321901321411246,4.840589113225261e-09
2050-12-22 13:00:00,0.0251003705509464,8.518563270568961,4.8366598010519004e-09
2050-12-22 14:00:00,0.0251010239459498,8.550831794738883,4.8356384852484745e-09
2050-12-22 15:00:00,0.0251021491234772,8.42999076843273,4.83602419542221e-09
2050-12-22 16:00:00,0.0251035073793936,8.403484344482536,4.806723435892193e-09
2050-12-22 17:00:00,0.025103656250718,8.372133255004996,4.8063044666580994e-09
2050-12-22 18:00:00,0.025103886263792,8.436018943786735,4.8077073709046426e-09
2050-12-22 19:00:00,0.0251037280261234,8.410065650940055,4.807339226201534e-09
2050-12-22 20:00:00,0.025103832174039,8.27151203155529,4.809810790875288e-09
2050-12-22 21:00:00,0.0251040191545536,7.953574657440299,4.8133750380459856e-09
2050-12-22 22:00:00,0.0251157320375299,7.468429565429801,4.8313477939927336e-09
2050-12-22 23:00:00,0.025106250775996,6.9130806922913735,4.826461604737307e-09
2050-12-23 00:00:00,0.0251048620791817,6.652306079864616,4.822691240242139e-09
2050-12-23 01:00:00,0.0251047703859901,6.605612754821891,4.822066392509501e-09
2050-12-23 02:00:00,0.0251065515386408,6.523492813110465,4.8265454396774475e-09
2050-12-23 03:00:00,0.0251075711740228,5.797574996948356,4.826171661121137e-09
2050-12-23 04:00:00,0.0251089746511259,5.922729492187614,4.824818036695892e-09
2050-12-23 05:00:00,0.02510961381001,6.37548923492443,4.822140149004961e-09
2050-12-23 06:00:00,0.0251070876676987,6.251566410064811,4.816921981330717e-09
2050-12-23 07:00:00,0.0251062088071291,5.978020668029899,4.808250914237352e-09
2050-12-23 08:00:00,0.0251049198730355,6.114120006561393,4.830004085903189e-09
2050-12-23 09:00:00,0.0251029728475234,6.315440654754752,4.8175735336088465e-09
2050-12-23 10:00:00,0.0251020026533155,6.659250736236686,4.805342401306653e-09
2050-12-23 11:00:00,0.0244584679397142,7.006071090698356,4.785812810223038e-09
2050-12-23 12:00:00,0.0244568309194533,7.058019161224479,4.781408303238236e-09
2050-12-23 13:00:00,0.0251013555357037,6.825862884521598,4.790047040613775e-09
2050-12-23 14:00:00,0.0251028219161276,6.655436038971061,4.799668811483393e-09
2050-12-23 15:00:00,0.0251033051758242,6.5334444046021645,4.8067098700513095e-09
2050-12-23 16:00:00,0.025103511898332,6.541485309600944,4.7797481979441555e-09
2050-12-23 17:00:00,0.025103518237652,6.6571135520936195,4.779573691811264e-09
2050-12-23 18:00:00,0.0251035238111124,6.703470706939811,4.780497175609271e-09
2050-12-23 19:00:00,0.0251035282061015,6.699137210846061,4.78162040076739e-09
2050-12-23 20:00:00,0.025103531458417,6.761826992035026,4.7821357402000344e-09
2050-12-23 21:00:00,0.0251035338356576,6.934522628784293,4.781536563200357e-09
2050-12-23 22:00:00,0.0251035353625807,7.245866775512809,4.780049272853924e-09
2050-12-23 23:00:00,0.0251035358323935,7.417132854461784,4.77785035130842e-09
2050-12-24 00:00:00,0.025103535262455,7.827085494995231,4.775237327525664e-09
2050-12-24 01:00:00,0.0251035335696602,8.544406890869254,4.772634302329086e-09
2050-12-24 02:00:00,0.0251035310341033,9.04659748077404,4.7704157690311214e-09
2050-12-24 03:00:00,0.025103527628348,9.105686187744254,4.768997656403117e-09
2050-12-24 04:00:00,0.0251035228487682,8.745024681091422,4.768828199008039e-09
2050-12-24 05:00:00,0.025103516872058,8.383122444152946,4.77031673541799e-09
2050-12-24 06:00:00,0.0251035093897909,8.122207641601676,4.773954302620074e-09
2050-12-24 07:00:00,0.0251034957469927,7.973888874054069,4.772485330641464e-09
2050-12-24 08:00:00,0.0251030541035014,7.612783908844108,4.807310617923673e-09
2050-12-24 09:00:00,0.0251030812722539,7.594662189483756,4.811464456395475e-09
2050-12-24 10:00:00,0.025102648772911,7.780910015106315,4.812691550387322e-09
2050-12-24 11:00:00,0.0251022641071375,7.937052249908561,4.81189844991048e-09
2050-12-24 12:00:00,0.0251022399845458,7.944471836090202,4.809629460412856e-09
2050-12-24 13:00:00,0.0251022701938622,7.872509956359977,4.805642180925839e-09
2050-12-24 14:00:00,0.0251027110288294,7.8587408065797035,4.800563430724428e-09
2050-12-24 15:00:00,0.0251029769201608,7.737512111663932,4.793890769607851e-09
2050-12-24 16:00:00,0.0251034257221971,7.07210731506359,4.758505083251263e-09
2050-12-24 17:00:00,0.0251034167813107,7.051054477691764,4.751515137135213e-09
2050-12-24 18:00:00,0.0251035374952382,7.129283905029411,4.747225144048587e-09
2050-12-24 19:00:00,0.0251613286483817,7.0144038200379555,4.764290650495961e-09
2050-12-24 20:00:00,21.010307806814083,7.069057941436881,8.619518331683998e-09
2050-12-24 21:00:00,0.0251042715329924,7.1616606712342445,4.740253197199558e-09
2050-12-24 22:00:00,0.0251064847258344,7.209844112396354,4.743711713325618e-09
2050-12-24 23:00:00,0.0251054009792378,7.275468349456901,4.736315822726475e-09
2050-12-25 00:00:00,0.0251035500840973,7.4341216087342445,4.719064509186071e-09
2050-12-25 01:00:00,0.0251033923869709,7.509112834930534,4.712334871962509e-09
2050-12-25 02:00:00,0.0251035142855287,7.586053848266715,4.7099169050790234e-09
2050-12-25 03:00:00,0.0251034225620727,7.5715374946595375,4.7056416586097805e-09
2050-12-25 04:00:00,0.0251036417457227,7.392556190490836,4.710667583946653e-09
2050-12-25 05:00:00,0.0251062337274933,7.397959709167594,4.754908025002886e-09
2050-12-25 06:00:00,0.0251087445849645,7.444499492645377,4.801547101843373e-09
2050-12-25 07:00:00,0.0251346939823623,7.461338996887321,4.860469767204132e-09
2050-12-25 08:00:00,19.9901026643829,7.168662548065299,8.428652675357619e-09
2050-12-25 09:00:00,21.01050313861876,7.095152378082389,9.991032541215323e-09
2050-12-25 10:00:00,43.301410039436526,7.209280490875358,0.019447704812857545
2050-12-25 11:00:00,43.30142167391002,7.708391666412467,0.03198785594417376
2050-12-25 12:00:00,43.30141917474823,8.365988731384391,0.02712330804001224
2050-12-25 13:00:00,43.30142118606284,8.576593399047965,0.03055526406268065
2050-12-25 14:00:00,43.30142696202255,8.805578231811637,0.046373357310686335
2050-12-25 15:00:00,43.3014333300045,8.914690971374625,0.09176806205944985
2050-12-25 16:00:00,43.30141808084117,8.651857376098746,0.022671671759697903
2050-12-25 17:00:00,43.30141850328981,8.395326614379996,0.02295193272715358
2050-12-25 18:00:00,43.30141476574016,8.165316581726188,0.018409173084060787
2050-12-25 19:00:00,43.30141081978332,7.8870282173157875,0.0152886475654866
2050-12-25 20:00:00,43.30141865835093,7.23982143402111,0.023116959166089017
2050-12-25 21:00:00,43.30141880566139,6.69290399551403,0.023352886264314112
2050-12-25 22:00:00,43.301422483184496,6.647888660431022,0.03160746285178997
2050-12-25 23:00:00,43.30142580057275,6.729656219482536,0.042615224288972464
2050-12-26 00:00:00,43.30142940075898,6.72721624374401,0.06059224688188995
2050-12-26 01:00:00,43.301432230438834,6.667654514312858,0.08537674883325498
2050-12-26 02:00:00,43.30143523107955,6.688781738281364,0.13837488829353387
2050-12-26 03:00:00,43.30143512953788,6.775392055511588,0.1295918172522158
2050-12-26 04:00:00,43.30143712576515,6.796458244323844,0.1715238344026799
2050-12-26 05:00:00,43.30143810166317,6.815804481506461,0.21621499362398217
2050-12-26 06:00:00,43.3014384275692,6.882559299469108,0.2383254133144645
2050-12-26 07:00:00,43.30143850653048,7.021962642669791,0.23974216220842012
2050-12-26 08:00:00,43.30143828061927,7.2266912460328285,0.20922879908146405
2050-12-26 09:00:00,43.30143767805731,7.287381649017448,0.1645157892423371
2050-12-26 10:00:00,43.3014380306888,7.525663852691764,0.18277915704449355
2050-12-26 11:00:00,43.301437627351625,7.854473590850944,0.160755254048788
2050-12-26 12:00:00,43.30143753086959,8.02110862731945,0.15931697155989216
2050-12-26 13:00:00,43.30143757970859,8.333299636840934,0.16595201991117126
2050-12-26 14:00:00,43.30143691948391,8.694189071655387,0.13845398714272542
2050-12-26 15:00:00,43.30143706466917,9.049632072448844,0.14394000933507506
2050-12-26 16:00:00,43.30143771307742,9.61324787139904,0.16975679681263914
2050-12-26 17:00:00,43.30143753733027,10.073882102966422,0.16112247792959247
2050-12-26 18:00:00,43.30143710617384,9.738758087158317,0.14567512653354378
2050-12-26 19:00:00,43.301436837825165,9.192866325378532,0.1431197970810218
2050-12-26 20:00:00,43.30142823259972,8.969555854797477,0.044135851458625
2050-12-26 21:00:00,43.30141871804012,8.90532207489025,0.022237144064902778
2050-12-26 22:00:00,19.989725206683875,8.366809844970817,7.590147946699335e-09
2050-12-26 23:00:00,0.0251075866591263,7.67780971527111,4.620582456809642e-09
2050-12-27 00:00:00,0.0251044276324383,6.796618938446159,4.449199504945074e-09
2050-12-27 01:00:00,0.0251038197072353,5.994770050048942,4.394107120468785e-09
2050-12-27 02:00:00,0.02510336796089,5.749028205871696,4.387393294230958e-09
2050-12-27 03:00:00,0.0251033049251601,5.754933357238883,4.397547609069879e-09
2050-12-27 04:00:00,0.0251032772686976,5.656809329986686,4.40742196288547e-09
2050-12-27 05:00:00,0.0251032577013308,5.680214881897086,4.415339192769133e-09
2050-12-27 06:00:00,0.0251032384564977,5.508558750152702,4.421644857265893e-09
2050-12-27 07:00:00,0.0251032137575796,5.079703807830924,4.446181013847904e-09
2050-12-27 08:00:00,0.0251027105263799,4.7528424263001625,4.490095957450236e-09
2050-12-27 09:00:00,0.0244681582100618,4.905854701995963,4.5105111644737346e-09
2050-12-27 10:00:00,0.0244558975030855,5.55691766738903,4.530942071802452e-09
2050-12-27 11:00:00,0.0244550106381469,6.389980792999381,4.548093596378711e-09
2050-12-27 12:00:00,0.0244549608192936,7.028275966644401,4.550964402333665e-09
2050-12-27 13:00:00,0.0244555321927942,7.2515888214112465,4.543317223926891e-09
2050-12-27 14:00:00,0.0244589784403115,7.051054000854606,4.5338047918558734e-09
2050-12-27 15:00:00,0.0251001440100118,6.391077995300407,4.528673022626802e-09
2050-12-27 16:00:00,0.0251032175735881,5.667690753936881,4.5017070220848675e-09
2050-12-27 17:00:00,0.0251032291084456,5.276340007782096,4.506127894081335e-09
2050-12-27 18:00:00,0.0251032411969061,5.062436580658073,4.514976562969737e-09
2050-12-27 19:00:00,0.025103275450114,4.880033016204948,4.521494706519197e-09
2050-12-27 20:00:00,0.0251037963220962,4.663414955139274,4.527993246318363e-09
2050-12-27 21:00:00,0.0251052085537669,4.494676589965934,4.533016866731137e-09
2050-12-27 22:00:00,0.0251033450607975,4.457352638244743,4.52485204840147e-09
2050-12-27 23:00:00,0.0251033551116284,4.600829124450797,4.517656539249653e-09
2050-12-28 00:00:00,0.0251033169428684,5.197052001953239,4.504096868487352e-09
2050-12-28 01:00:00,0.0251033896473517,5.811110973358268,4.482982063151841e-09
2050-12-28 02:00:00,0.0251034505897404,6.097788333892936,4.453818090453079e-09
2050-12-28 03:00:00,0.0251037156364025,6.322020530700797,4.432448532977893e-09
2050-12-28 04:00:00,0.0251067068939151,6.536649227142448,4.583947732190676e-09
2050-12-28 05:00:00,21.461311112307435,6.8313183784486,9.868788727761618e-09
2050-12-28 06:00:00,43.30139828768061,7.148487091064567,0.016830369336291444
2050-12-28 07:00:00,43.30143329351829,7.78770208358776,0.09609881862732766
2050-12-28 08:00:00,43.30143641351879,8.299718856811637,0.153160060878919
2050-12-28 09:00:00,43.30143717676506,9.254878997802848,0.18038278725024676
2050-12-28 10:00:00,43.30143576326709,10.360329627990836,0.1203636897116531
2050-12-28 11:00:00,43.30143685489952,10.69278717041027,0.15227263726288592
2050-12-28 12:00:00,43.30143758627202,10.34534072875988,0.19055987741005373
2050-12-28 13:00:00,43.30143757663156,9.618156433105582,0.19346209298458067
2050-12-28 14:00:00,43.3014379237423,8.84183502197277,0.2242866084425357
2050-12-28 15:00:00,43.30143794801005,8.168547630310172,0.22450483152215808
2050-12-28 16:00:00,43.30143796806726,7.8176875114442055,0.21168405975206167
2050-12-28 17:00:00,43.30143752605103,7.631715297699088,0.17998324979934965
2050-12-28 18:00:00,43.30143691571704,7.596353530883903,0.15187965125474187
2050-12-28 19:00:00,43.30143293011456,7.642529964447135,0.07713907388259601
2050-12-28 20:00:00,43.30141369456076,8.416641235351676,0.022121933589730854
2050-12-28 21:00:00,43.30140226352573,8.534563064575309,0.013344535157933338
2050-12-28 22:00:00,0.0251388010379855,8.41070938110363,4.8617113281390315e-09
2050-12-28 23:00:00,0.0251103183303016,8.302828788757438,5.1560260161611785e-09
2050-12-29 00:00:00,0.025110361379456,8.201034545898551,5.142741461267854e-09
2050-12-29 01:00:00,0.0251073099560371,8.050654411316032,5.007236160882464e-09
2050-12-29 02:00:00,0.0251038439994868,7.8318171501160805,4.9797964225613655e-09
2050-12-29 03:00:00,0.0251084146313873,7.65120363235485,5.041488680416613e-09
2050-12-29 04:00:00,43.3013603827635,7.368347644806022,0.005401799581525306
2050-12-29 05:00:00,43.30139350739661,7.135672569275016,0.009745741480272088
2050-12-29 06:00:00,43.30140545769018,7.053394317627067,0.013706389160760285
2050-12-29 07:00:00,43.30143537522918,7.124265670776481,0.09970070585850646
2050-12-29 08:00:00,43.3014375692751,7.106659889221305,0.163954633361664
2050-12-29 09:00:00,43.301437406832704,7.09121131896984,0.15470015206505025
2050-12-29 10:00:00,43.30143836455977,6.958305358886832,0.21868407375780752
2050-12-29 11:00:00,43.30143823872559,6.808927059173698,0.20883784079767032
2050-12-29 12:00:00,43.30143802570844,6.755374431610221,0.19394296822206383
2050-12-29 13:00:00,43.30143804010876,6.67485332489025,0.19943461542647092
2050-12-29 14:00:00,43.3014379844944,6.608554363250846,0.19867580140079086
2050-12-29 15:00:00,43.30143724587648,6.687937736511344,0.1541929940354248
2050-12-29 16:00:00,43.30143610531536,6.77624607086193,0.11173598246090033
2050-12-29 17:00:00,43.30143246785554,7.093340396881217,0.062087333287153844
2050-12-29 18:00:00,43.30142049187257,7.124828815460319,0.02498182664071884
2050-12-29 19:00:00,43.30142008593511,7.089274406433219,0.025492262686577054
2050-12-29 20:00:00,43.30141330256123,7.172746181488151,0.018891563062682838
2050-12-29 21:00:00,43.30141187743825,7.177909851074332,0.018094759643364402
2050-12-29 22:00:00,43.30140036798533,7.070846557617301,0.011551810125657126
2050-12-29 23:00:00,43.30140252217258,6.887225627899284,0.012812297362865873
2050-12-30 00:00:00,43.30137696909927,6.683785438537711,0.007043747865701963
2050-12-30 01:00:00,0.0251484664706942,6.371905326843375,4.8561172195081464e-09
2050-12-30 02:00:00,0.0251086325820568,5.997324466705436,4.7789176653869684e-09
2050-12-30 03:00:00,0.0251064946159966,5.565107822418327,4.7150360555240894e-09
2050-12-30 04:00:00,0.0251048816839225,5.232571125030631,4.666388479487555e-09
2050-12-30 05:00:00,0.0251042346577784,5.1446857452393715,4.6381314399529605e-09
2050-12-30 06:00:00,0.025103781649718,5.113018512725944,4.626171884467175e-09
2050-12-30 07:00:00,0.0251036192152243,5.090247631073112,4.6364585967922845e-09
2050-12-30 08:00:00,0.0251033981956766,5.182639122009391,4.6777585431819445e-09
2050-12-30 09:00:00,0.0251029346484206,5.344005107879752,4.686243877144239e-09
2050-12-30 10:00:00,0.0251023873650199,5.573638916015739,4.693358704188025e-09
2050-12-30 11:00:00,0.0251021308668219,5.736802101135368,4.698698446631078e-09
2050-12-30 12:00:00,0.0251019583960178,5.854982852935905,4.703021297231391e-09
2050-12-30 13:00:00,0.0251023768127879,5.82491493225109,4.708080406191309e-09
2050-12-30 14:00:00,0.0251032248024048,5.7263765335084145,4.714513011890786e-09
2050-12-30 15:00:00,0.0251033380462308,5.690452575683707,4.71705202683764e-09
2050-12-30 16:00:00,0.0251035653954492,5.625432491302604,4.691050881797291e-09
2050-12-30 17:00:00,0.0251035674905764,5.5577740669251625,4.692529831891101e-09
2050-12-30 18:00:00,0.025103569637108,5.669583797454948,4.695293543240029e-09
2050-12-30 19:00:00,0.0251036663869134,5.826893329620475,4.699971615080121e-09
2050-12-30 20:00:00,0.0251040431337986,6.105638027191276,4.706227598898993e-09
2050-12-30 21:00:00,0.0251052647164219,6.252416610717887,4.712062878206003e-09
2050-12-30 22:00:00,0.0251105716466471,6.199587821960563,4.721801971465577e-09
2050-12-30 23:00:00,19.9815465889484,6.0687508583069985,9.367828364994634e-09
2050-12-31 00:00:00,19.990879420731016,6.0659880638123695,8.210902252460536e-09
2050-12-31 01:00:00,0.0251034913681923,6.0659880638123695,8.210902252460536e-09
2050-12-31 02:00:00,0.0251034921427828,6.0659880638123695,8.210902252460536e-09
2050-12-31 03:00:00,0.0251035565074748,6.0659880638123695,8.210902252460536e-09
2050-12-31 04:00:00,0.0251037882400576,6.0659880638123695,8.210902252460536e-09
2050-12-31 05:00:00,0.0251041512661613,6.0659880638123695,8.210902252460536e-09
2050-12-31 06:00:00,0.0251048863348528,6.0659880638123695,8.210902252460536e-09
2050-12-31 07:00:00,0.0251074830398062,6.0659880638123695,8.210902252460536e-09
2050-12-31 08:00:00,0.0251300548959561,6.0659880638123695,8.210902252460536e-09
2050-12-31 09:00:00,19.99040264404904,6.0659880638123695,8.210902252460536e-09
2050-12-31 10:00:00,0.0251446673503054,6.0659880638123695,8.210902252460536e-09
2050-12-31 11:00:00,0.0251356538158021,6.0659880638123695,8.210902252460536e-09
2050-12-31 12:00:00,0.0251045109041394,6.0659880638123695,8.210902252460536e-09
2050-12-31 13:00:00,0.0251077483021429,6.0659880638123695,8.210902252460536e-09
2050-12-31 14:00:00,34.316772629389995,6.0659880638123695,8.210902252460536e-09
2050-12-31 15:00:00,35.05314758294139,6.0659880638123695,8.210902252460536e-09
2050-12-31 16:00:00,35.80529041555121,6.0659880638123695,8.210902252460536e-09
2050-12-31 17:00:00,42.39180476211872,6.0659880638123695,8.210902252460536e-09
2050-12-31 18:00:00,43.30135641338145,6.0659880638123695,8.210902252460536e-09
2050-12-31 19:00:00,43.30135248479221,6.0659880638123695,8.210902252460536e-09
2050-12-31 20:00:00,43.301361681045634,6.0659880638123695,8.210902252460536e-09
2050-12-31 21:00:00,35.05319177802603,6.0659880638123695,8.210902252460536e-09
2050-12-31 22:00:00,35.05316480616182,6.0659880638123695,8.210902252460536e-09
2050-12-31 23:00:00,35.053155999126865,6.0659880638123695,8.210902252460536e-09
