time,AC (EUR/MWh),T2m (C),grid CO2 intensity (tCO2/MWh)
2040-01-01 00:00:00,20.06408962698189,4.748226165771598,8.315454976932917e-08
2040-01-01 01:00:00,20.064090168049944,4.60528135299694,8.319557543603002e-08
2040-01-01 02:00:00,20.064091646879834,4.452449798584098,8.373050616829793e-08
2040-01-01 03:00:00,20.064095248062493,4.2967243194581215,8.543267769961434e-08
2040-01-01 04:00:00,20.06410202354129,4.107560634613151,8.778246976029812e-08
2040-01-01 05:00:00,20.064111456452693,3.9322228431702797,9.165583056270396e-08
2040-01-01 06:00:00,20.06412393150133,3.788765430450553,9.922525886537162e-08
2040-01-01 07:00:00,20.06414666410639,3.6871449947358315,1.0964721409733357e-07
2040-01-01 08:00:00,20.064190138432625,3.73898816108715,1.1510499252263168e-07
2040-01-01 09:00:00,20.06421937981403,3.9718699455262367,1.0467614109206475e-07
2040-01-01 10:00:00,20.13794868908944,4.243753433227653,1.0131500340182387e-07
2040-01-01 11:00:00,20.57013512783989,4.476799964904899,8.36515562369047e-08
2040-01-01 12:00:00,21.011638940582724,4.701711177826041,9.450603643269043e-08
2040-01-01 13:00:00,40.63062440487145,4.85944223403942,6.378434206940931e-07
2040-01-01 14:00:00,43.3017002659057,5.052432537078971,0.0018046036654186565
2040-01-01 15:00:00,43.30178370658091,5.259548664093131,0.0021434749348632686
2040-01-01 16:00:00,43.30261520932911,5.494013786316032,0.06651827204503803
2040-01-01 17:00:00,43.30262730502893,5.696328163147086,0.10483647532160816
2040-01-01 18:00:00,43.30262322062927,5.821258544921989,0.08282234989894562
2040-01-01 19:00:00,43.30262419297745,5.9421052932740395,0.08801995329634751
2040-01-01 20:00:00,43.30259783974159,6.100271701812858,0.033440550434367396
2040-01-01 21:00:00,43.30181347786184,6.351007461547965,0.002261323200390243
2040-01-01 22:00:00,43.30180478694512,6.561112403869743,0.0018474030205730472
2040-01-01 23:00:00,43.30180541725624,6.726241111755485,0.0018664848238566026
2040-01-02 00:00:00,43.301808128917855,6.871871471405143,0.002052742092394813
2040-01-02 01:00:00,43.30181098701402,6.837268352508659,0.0021728460666821598
2040-01-02 02:00:00,43.30181409263288,6.699139595031852,0.002208913472823765
2040-01-02 03:00:00,43.301824523707,6.447437286377067,0.002568134491298135
2040-01-02 04:00:00,43.3018405931432,6.19176816940319,0.0028286496631431423
2040-01-02 05:00:00,43.301868140459,5.978259086609,0.0029028932574995986
2040-01-02 06:00:00,43.30262444050624,5.5090374946595375,0.08161620866467269
2040-01-02 07:00:00,43.30262884913747,4.9142217636109535,0.12585079596897378
2040-01-02 08:00:00,43.30262993213943,4.872141838073844,0.14743312250009694
2040-01-02 09:00:00,43.30262946022544,5.010024547577018,0.13751307687687517
2040-01-02 10:00:00,43.30262901132607,5.227378845214957,0.1268047071937978
2040-01-02 11:00:00,43.30262817002178,5.518498897552604,0.11858396282012726
2040-01-02 12:00:00,43.30262265810931,5.933157444000358,0.07677900473936615
2040-01-02 13:00:00,43.30261561688072,6.2524714469910805,0.054237490128053595
2040-01-02 14:00:00,43.302627760288125,6.452962398529166,0.11910406461658733
2040-01-02 15:00:00,43.30262911983006,6.709311485290641,0.13805878442723307
2040-01-02 16:00:00,43.30263039362792,6.859336376190299,0.1523941241508092
2040-01-02 17:00:00,43.30263014341071,7.006665229797477,0.14453413384403432
2040-01-02 18:00:00,43.30262681172461,7.090775966644401,0.09962063871844042
2040-01-02 19:00:00,43.30250990439355,7.111805915832633,0.011295380351257954
2040-01-02 20:00:00,43.30185432821138,7.124898910522575,0.0019039169897054624
2040-01-02 21:00:00,43.301850902380615,7.265485763549918,0.0016457244569493704
2040-01-02 22:00:00,43.30184703811586,7.423626899719352,0.001359332600929806
2040-01-02 23:00:00,43.301846336807,7.464087963104362,0.0013328313089756927
2040-01-03 00:00:00,43.30184727641456,7.4298067092896645,0.0013663255225805741
2040-01-03 01:00:00,43.30184920820604,7.4046697616578285,0.0014656468199099465
2040-01-03 02:00:00,43.30185049538788,7.263954639434928,0.0015341279703471884
2040-01-03 03:00:00,43.30185157547498,6.980345249176139,0.0015307057239510075
2040-01-03 04:00:00,43.30185671440931,6.44938945770275,0.0016336969489601336
2040-01-03 05:00:00,43.30262249138289,5.988349914550895,0.054046689327659124
2040-01-03 06:00:00,43.302628119917145,5.410239696502799,0.07873028687198035
2040-01-03 07:00:00,43.302630832813016,4.757232666015739,0.11271549276227681
2040-01-03 08:00:00,43.30263045310637,3.926425695419425,0.1073807509553108
2040-01-03 09:00:00,43.30262952419935,3.6303374767304604,0.09453515837905763
2040-01-03 10:00:00,43.30261578978794,3.7995653152466957,0.0316034693955553
2040-01-03 11:00:00,43.30261152493777,4.047546863556022,0.025486164030634938
2040-01-03 12:00:00,43.302620084983786,3.795518636703605,0.04184924946019972
2040-01-03 13:00:00,43.30261946624303,3.8369600772858803,0.039502638626377894
2040-01-03 14:00:00,43.30263090017024,3.6825082302094643,0.11771106561019928
2040-01-03 15:00:00,43.30263105141016,3.5256414413453285,0.114588578968829
2040-01-03 16:00:00,43.302632790336766,3.4341351985932533,0.14857857938193347
2040-01-03 17:00:00,43.302633091960224,3.4147050380707924,0.1542583917855357
2040-01-03 18:00:00,43.3026331648412,3.2282261848450844,0.15758962744554675
2040-01-03 19:00:00,43.30263285888199,3.065296649932975,0.15269142678370817
2040-01-03 20:00:00,43.30263196669394,2.4385395050049965,0.13991059914221207
2040-01-03 21:00:00,43.3026307672332,1.557046055793876,0.12676515582075007
2040-01-03 22:00:00,43.30263066555919,1.6487767696381752,0.12980711943866868
2040-01-03 23:00:00,43.302630829950914,1.8528864383698647,0.13434238711885768
2040-01-04 00:00:00,43.30263030199298,1.8070822954178993,0.12620615663161885
2040-01-04 01:00:00,43.3026304698824,1.5415467023850624,0.13094849599031555
2040-01-04 02:00:00,43.30263095970193,1.3826272487641518,0.14104931242961496
2040-01-04 03:00:00,43.30263118909859,1.3699697256089394,0.14236896616278316
2040-01-04 04:00:00,43.30263476591727,1.2847784757615273,0.21431519147617023
2040-01-04 05:00:00,43.302635123526926,1.2277032136918251,0.2253988556742487
2040-01-04 06:00:00,43.302635185249365,1.3595740795136635,0.22917586755012834
2040-01-04 07:00:00,43.302635246614734,1.249460697174186,0.24069026988886338
2040-01-04 08:00:00,43.30263481148376,1.2811892032624428,0.20724343396545916
2040-01-04 09:00:00,43.30263395323838,1.9300789833069985,0.1581533242899489
2040-01-04 10:00:00,43.3026335492927,2.6608111858369057,0.1410470327479048
2040-01-04 11:00:00,43.30263117705427,3.4192683696747963,0.09019288507695072
2040-01-04 12:00:00,43.30263167366575,3.886787652969474,0.09910320608708996
2040-01-04 13:00:00,43.30263334216579,3.8984041213990395,0.13812000365151628
2040-01-04 14:00:00,43.302633743702685,4.004025936126823,0.1507197036265428
2040-01-04 15:00:00,43.30263498245292,3.9107096195222084,0.21718254101964055
2040-01-04 16:00:00,43.302635419486656,3.4980037212372963,0.24705427769411906
2040-01-04 17:00:00,43.302635502784405,3.5056598186494057,0.24964321420062693
2040-01-04 18:00:00,43.30263547387542,3.6509811878205483,0.24671758520616335
2040-01-04 19:00:00,43.30263534481788,3.539173841476554,0.24142163445483814
2040-01-04 20:00:00,43.30263501698707,3.1564373970032875,0.2303537905264427
2040-01-04 21:00:00,43.302634638524495,2.953848600387687,0.22132775177622102
2040-01-04 22:00:00,43.30263441905002,2.8133802413941567,0.23239428583342103
2040-01-04 23:00:00,43.30263433111651,2.653067588806266,0.2295678152993682
2040-01-05 00:00:00,43.302634125123,2.863326311111564,0.21628523560876192
2040-01-05 01:00:00,43.302634202400135,2.964517831802482,0.22103470618300655
2040-01-05 02:00:00,43.30263446051136,2.2363302707673256,0.2367377535593315
2040-01-05 03:00:00,43.30263516715001,1.750637054443473,0.2508383610588145
2040-01-05 04:00:00,43.30263565291835,1.3813344240189736,0.25641343549412515
2040-01-05 05:00:00,43.30263575500868,1.121735572815055,0.25480766353918083
2040-01-05 06:00:00,43.30263570895805,0.7938900589944069,0.2492805491810684
2040-01-05 07:00:00,43.30263557439618,0.6502871513367836,0.24644650027464438
2040-01-05 08:00:00,43.302635031153066,-0.08408560603845672,0.20354965816675136
2040-01-05 09:00:00,43.30263489915803,0.5601866245270912,0.1970611010678533
2040-01-05 10:00:00,43.30263420928411,2.0578446388245766,0.15596043165158927
2040-01-05 11:00:00,43.302632370466185,3.4804475307465736,0.10487440474137304
2040-01-05 12:00:00,43.30263356660219,4.199959754943961,0.13789435649386797
2040-01-05 13:00:00,43.30263439498317,4.282713890075797,0.17443310744480978
2040-01-05 14:00:00,43.30263422044624,4.213621139526481,0.16300400488643638
2040-01-05 15:00:00,43.30263530256526,3.5611710548402016,0.23192038007580962
2040-01-05 16:00:00,43.30263579642356,2.4589672088624184,0.2776210913540172
2040-01-05 17:00:00,43.30263588933934,1.7144821882249062,0.2823233778033361
2040-01-05 18:00:00,43.30263590265573,1.1607695817948525,0.2842679695556697
2040-01-05 19:00:00,43.3026358126932,0.8090853691102211,0.2810075828523159
2040-01-05 20:00:00,43.3026354769643,0.7660255432130043,0.2613501343900522
2040-01-05 21:00:00,43.30263484937998,1.118398308754081,0.22615266257552102
2040-01-05 22:00:00,43.30263438808422,1.4250425100327675,0.2207412626117808
2040-01-05 23:00:00,43.30263422433763,1.6311177015305702,0.21898607718441795
2040-01-06 00:00:00,43.302633884907,1.2815494537354652,0.19630268631169204
2040-01-06 01:00:00,43.30263389446747,1.3188183307648842,0.19506887833229297
2040-01-06 02:00:00,43.30263422704644,1.3508062362672035,0.214571975100639
2040-01-06 03:00:00,43.30263494403612,1.7515872716904823,0.23785197691687895
2040-01-06 04:00:00,43.30263564534932,1.7134373188019936,0.2606229046906927
2040-01-06 05:00:00,43.3026357483687,1.5390800237656777,0.25420533364829323
2040-01-06 06:00:00,43.30263573473814,1.6568133831025307,0.248846297312357
2040-01-06 07:00:00,43.30263566792918,1.5665228366852944,0.24730290123369544
2040-01-06 08:00:00,43.30263526317266,1.5386364459992592,0.21474017803285256
2040-01-06 09:00:00,43.30263407630604,2.0613493919373695,0.14660566105205822
2040-01-06 10:00:00,43.30263331834408,2.9359326362611,0.1214652565337273
2040-01-06 11:00:00,43.30263228404841,3.5510575771332924,0.10009525012692944
2040-01-06 12:00:00,43.302631828476514,4.026675224304313,0.09310106409027895
2040-01-06 13:00:00,43.30263264573549,4.218636512756461,0.10812181977627155
2040-01-06 14:00:00,43.30263438576075,3.8634805679322426,0.1630909096336521
2040-01-06 15:00:00,43.302635491087365,3.3039424419404213,0.2428169089344296
2040-01-06 16:00:00,43.30263585501047,2.946031093597526,0.2750415506790482
2040-01-06 17:00:00,43.302635932026455,2.634435415268058,0.27936403449177816
2040-01-06 18:00:00,43.30263595748321,2.363192319870109,0.28150460775453723
2040-01-06 19:00:00,43.30263590997232,2.210133552551383,0.28205669284865653
2040-01-06 20:00:00,43.30263578117584,2.1800456047059242,0.2828669934410065
2040-01-06 21:00:00,43.30263554860993,2.2206883430482094,0.27889860284436846
2040-01-06 22:00:00,43.30263512832429,2.278283119201774,0.2630551745671753
2040-01-06 23:00:00,43.302635142021245,2.3003232479096596,0.26898420026420605
2040-01-07 00:00:00,43.30263521421589,2.398461818695182,0.2741297018633492
2040-01-07 01:00:00,43.30263520859659,2.4150080680848305,0.27363978501917213
2040-01-07 02:00:00,43.302635228853454,2.4015293121339027,0.27341022368722595
2040-01-07 03:00:00,43.302635554777055,2.219293355941886,0.27968082130905286
2040-01-07 04:00:00,43.302636019505975,1.9848519563676064,0.2896691315796095
2040-01-07 05:00:00,43.30263615349757,1.8811855316163246,0.2921980026174317
2040-01-07 06:00:00,43.30263617287606,1.8774390220643227,0.2924948388523966
2040-01-07 07:00:00,43.3026360659599,2.145618677139396,0.28999465412255526
2040-01-07 08:00:00,43.30263592838195,2.5964841842652504,0.2815634365506347
2040-01-07 09:00:00,43.30263564219102,3.2614393234254067,0.26594827617668426
2040-01-07 10:00:00,43.30263535024738,3.7939512729645912,0.23465899876417914
2040-01-07 11:00:00,43.30263278108053,4.374939441681022,0.11938293760804587
2040-01-07 12:00:00,43.30263221878345,4.663239955902213,0.10835531186889054
2040-01-07 13:00:00,43.30263298251744,4.462922573089713,0.12540134227256702
2040-01-07 14:00:00,43.30263526910484,3.915299892425651,0.24124598297661276
2040-01-07 15:00:00,43.30263539808645,3.4974808692933266,0.2432865910553329
2040-01-07 16:00:00,43.30263579728279,3.291476249694938,0.2789297678769039
2040-01-07 17:00:00,43.30263580376055,3.2005941867829506,0.2741373506047426
2040-01-07 18:00:00,43.30263575715025,3.21822023391735,0.27027741996528754
2040-01-07 19:00:00,43.302635606268005,3.215743303299064,0.2621975307657262
2040-01-07 20:00:00,43.30263521862194,3.1654264926911537,0.24247330914245643
2040-01-07 21:00:00,43.30263482570851,3.1192553043366615,0.2352586191976278
2040-01-07 22:00:00,43.30263448110513,3.0557599067689125,0.24282908741037562
2040-01-07 23:00:00,43.30263432729297,2.8842251300812904,0.23570984926197566
2040-01-08 00:00:00,43.30263423654624,2.5259580612183754,0.2322697387430536
2040-01-08 01:00:00,43.30263417366942,2.4743669033051674,0.2298919939098618
2040-01-08 02:00:00,43.30263396149299,2.7854826450349037,0.21460041891905635
2040-01-08 03:00:00,43.302634415160384,2.2071406841279213,0.23147680109865626
2040-01-08 04:00:00,43.30263556404858,2.1185488700867836,0.26156153044136454
2040-01-08 05:00:00,43.30263571982049,2.4740314483643715,0.2580737277800178
2040-01-08 06:00:00,43.3026357506688,2.509918451309318,0.2588457598281782
2040-01-08 07:00:00,43.30263561699434,2.7429645061494057,0.25145573249375514
2040-01-08 08:00:00,43.30263544410166,3.2211160659791176,0.23943680471687637
2040-01-08 09:00:00,43.30263514707169,3.5758967399598305,0.2190948908936898
2040-01-08 10:00:00,43.302635263178935,3.903689384460563,0.23346704013281563
2040-01-08 11:00:00,43.30263505564415,4.32329893112194,0.21944130279282345
2040-01-08 12:00:00,43.3026349139418,4.534013748169059,0.20897417401790935
2040-01-08 13:00:00,43.30263506450273,4.495825290680045,0.2253731816438556
2040-01-08 14:00:00,43.30263511910273,4.5893950462342445,0.22756531325356405
2040-01-08 15:00:00,43.30263533184016,4.5652766227723305,0.23984706595376112
2040-01-08 16:00:00,43.3026354132726,4.449412822723502,0.23414723781026817
2040-01-08 17:00:00,43.30263534994521,4.2380461692811195,0.22470220160148585
2040-01-08 18:00:00,43.302635331403486,4.06619501113903,0.22380769952029048
2040-01-08 19:00:00,43.302635204494855,3.893424272537345,0.22041446837911965
2040-01-08 20:00:00,43.30263489033198,3.4019327163697426,0.2135494538878148
2040-01-08 21:00:00,43.30263442800178,2.627815485000724,0.20239884327695504
2040-01-08 22:00:00,43.30263381734059,2.182694911956901,0.18611512336303826
2040-01-08 23:00:00,43.30263360226174,2.1960508823395912,0.18168272498223123
2040-01-09 00:00:00,43.30263365499077,2.0890214443207924,0.18864020590313926
2040-01-09 01:00:00,43.30263359324546,1.9624329805375282,0.18512532901871723
2040-01-09 02:00:00,43.302633231268125,1.7959091663361733,0.1611633552618552
2040-01-09 03:00:00,43.30263446921818,1.587012171745414,0.18779421641560382
2040-01-09 04:00:00,43.302635279831065,1.4639691114426796,0.2115924963638949
2040-01-09 05:00:00,43.30263561756856,1.2678338289262001,0.2324811029326749
2040-01-09 06:00:00,43.30263566359783,0.9655321240426247,0.23466628357217956
2040-01-09 07:00:00,43.302635612562746,0.7222718000413124,0.23032412138776895
2040-01-09 08:00:00,43.302635127264246,0.8357375264168923,0.1908104741158223
2040-01-09 09:00:00,43.30263426753877,1.2455470561982338,0.14483832194059096
2040-01-09 10:00:00,43.30263315520181,1.8289347887040321,0.11125677976384815
2040-01-09 11:00:00,43.30263287333042,2.320968389511222,0.10637214015200136
2040-01-09 12:00:00,43.30263142337721,2.6985685825349037,0.08343442075063931
2040-01-09 13:00:00,43.30263172569509,2.746185541153068,0.08753016623496779
2040-01-09 14:00:00,43.302634684493874,2.5941884517670815,0.17011643656400513
2040-01-09 15:00:00,43.30263525635484,2.3381154537202065,0.20848768470808213
2040-01-09 16:00:00,43.30263559872692,1.8493269681931679,0.2321901951236645
2040-01-09 17:00:00,43.30263572645513,1.6709951162339394,0.2404026306882212
2040-01-09 18:00:00,43.30263580763239,1.2042236328126137,0.24902245095482978
2040-01-09 19:00:00,43.3026357944777,0.7719764709473793,0.2517701660737985
2040-01-09 20:00:00,43.302635682760446,1.2307435274125282,0.2533803268153102
2040-01-09 21:00:00,43.30263555636852,1.4839550256730263,0.25791727410221515
2040-01-09 22:00:00,43.30263533357018,1.7679133415223305,0.25418717995822304
2040-01-09 23:00:00,43.302635214841146,1.997669458389396,0.24953531884110125
2040-01-10 00:00:00,43.30263525807214,2.1616632938386147,0.25539412429747677
2040-01-10 01:00:00,43.302635290866654,2.268533945083732,0.2572622157057352
2040-01-10 02:00:00,43.30263538947171,2.222948312759513,0.25719949847877865
2040-01-10 03:00:00,43.30263577225401,2.257585048675651,0.27243365814624193
2040-01-10 04:00:00,43.30263609890844,2.219718217849845,0.280804712294258
2040-01-10 05:00:00,43.30263621499944,2.1659750938416664,0.281897739707542
2040-01-10 06:00:00,43.30263623682097,1.6526299715043251,0.2803348794295181
2040-01-10 07:00:00,43.302636251761726,1.8083789348603432,0.28407838965866666
2040-01-10 08:00:00,43.30263615965643,2.1587474346162026,0.27521625769382263
2040-01-10 09:00:00,43.302636114994975,2.1795105934144203,0.26535930481918135
2040-01-10 10:00:00,43.30263612404629,1.7988053560258095,0.27453552614599475
2040-01-10 11:00:00,43.3026360494892,1.5922385454178993,0.27311385888278344
2040-01-10 12:00:00,43.30263572155719,2.6579158306122963,0.23262139569167029
2040-01-10 13:00:00,43.30263569649029,3.0308578014374916,0.2326661324040836
2040-01-10 14:00:00,43.30263576802361,2.871622562408561,0.24216848645283748
2040-01-10 15:00:00,43.3026359568741,2.6238749027253334,0.2632215928808079
2040-01-10 16:00:00,43.30263613524709,2.4200577735902016,0.27732502100054984
2040-01-10 17:00:00,43.3026362038305,2.2827711105347817,0.28336092201381397
2040-01-10 18:00:00,43.30263625502133,2.197407484054679,0.2887546882638808
2040-01-10 19:00:00,43.30263626074088,2.0414898395539467,0.2919334743945576
2040-01-10 20:00:00,43.30263617014783,1.4300287961960976,0.2900343086177288
2040-01-10 21:00:00,43.30263606400037,0.9205697178841774,0.2879947508693867
2040-01-10 22:00:00,43.3026358690092,0.057634342461938104,0.27796959790260417
2040-01-10 23:00:00,43.30263581498146,-0.579320847988015,0.27385700697434046
2040-01-11 00:00:00,43.302635752059615,-0.08202186226833419,0.2628948159758984
2040-01-11 01:00:00,43.3026357800707,0.3676365613938515,0.26064221973264134
2040-01-11 02:00:00,43.30263591284666,0.4092665612698738,0.2674069726743437
2040-01-11 03:00:00,43.302636073280674,-0.16405348479736404,0.2706539306647408
2040-01-11 04:00:00,43.302636221732335,-0.687391817569619,0.2717665558680461
2040-01-11 05:00:00,43.30263632129217,-0.8531169891356285,0.27850219916059
2040-01-11 06:00:00,43.302636369759234,-0.8101443052290733,0.2878632881378327
2040-01-11 07:00:00,43.3026364293215,-0.6363989114760216,0.29462181475196036
2040-01-11 08:00:00,43.30263626092734,-0.40491661429393844,0.2703312461747842
2040-01-11 09:00:00,43.30263612406498,-0.07989682257164077,0.25298503004929174
2040-01-11 10:00:00,43.30263588043769,0.5175045132638161,0.22257880936308239
2040-01-11 11:00:00,43.302635361908415,1.4497438669205849,0.17555238357314668
2040-01-11 12:00:00,43.30263481892375,2.1888496875764076,0.14378082784395282
2040-01-11 13:00:00,43.30263508054311,2.4050338268281166,0.15744142585956997
2040-01-11 14:00:00,43.30263563154142,2.1693749427796547,0.19709394298156435
2040-01-11 15:00:00,43.302636165593206,1.5548725128174965,0.2600940095337986
2040-01-11 16:00:00,43.30263640058561,0.8248891830445473,0.29423511843208255
2040-01-11 17:00:00,43.30263635218196,0.27335819602024003,0.2862440516591907
2040-01-11 18:00:00,43.302636346130505,-0.10490356385696487,0.28470349491423563
2040-01-11 19:00:00,43.30263634161548,-0.4836403727530296,0.28648985136931265
2040-01-11 20:00:00,43.30263630508576,-0.6532788872717674,0.28371287536980283
2040-01-11 21:00:00,43.30263626649079,-0.8077009320257957,0.28022888596090284
2040-01-11 22:00:00,43.30263615710911,-0.9898705482481773,0.2633991153135159
2040-01-11 23:00:00,43.30263618761058,-1.1777335405348595,0.26902508309384504
2040-01-12 00:00:00,43.30263622040919,-1.3289592266081627,0.273758181871625
2040-01-12 01:00:00,43.30263620333832,-1.4917844533919151,0.26967199604493597
2040-01-12 02:00:00,43.30263618897332,-1.903347492217904,0.26460454600941685
2040-01-12 03:00:00,43.302636201510616,-2.1418881416319664,0.2581838958512917
2040-01-12 04:00:00,43.302636123063145,-2.2248263359068687,0.2471657589790135
2040-01-12 05:00:00,43.30263606957728,-2.4680674076079185,0.2398194678823294
2040-01-12 06:00:00,43.30263605809777,-2.7213041782378014,0.24040767975706773
2040-01-12 07:00:00,43.30263597415101,-2.8958115577696617,0.23239033909668264
2040-01-12 08:00:00,43.30263569454367,-3.0742046833037193,0.20508519496686164
2040-01-12 09:00:00,43.30263584346788,-3.2073552608488853,0.22253359144953838
2040-01-12 10:00:00,43.30263585032997,-3.07595324516285,0.22509386658835415
2040-01-12 11:00:00,43.30263572568138,-2.645326614379769,0.21248377107212782
2040-01-12 12:00:00,43.30263557424652,-2.2724988460539635,0.19854280701808968
2040-01-12 13:00:00,43.30263552528407,-1.833334803581124,0.1945245122620162
2040-01-12 14:00:00,43.30263566738752,-1.4128004312514122,0.20759848105349776
2040-01-12 15:00:00,43.30263578941101,-1.2349221706389244,0.2200873792330831
2040-01-12 16:00:00,43.30263566875409,-1.0019320249556358,0.2042845768589676
2040-01-12 17:00:00,43.302635629094354,-0.8683874011038597,0.19987734030028442
2040-01-12 18:00:00,43.30263574636533,-0.7898473143576439,0.21122927815844134
2040-01-12 19:00:00,43.30263580673324,-0.7643505930899437,0.21818332572028193
2040-01-12 20:00:00,43.30263583610243,-0.7515619397162254,0.22101382899265873
2040-01-12 21:00:00,43.30263588339215,-0.7235155701636131,0.22604002390535471
2040-01-12 22:00:00,43.30263612125594,-0.7125443816183861,0.2579965134933965
2040-01-12 23:00:00,43.30263614297981,-0.8308558464049156,0.26017652810274283
2040-01-13 00:00:00,43.30263609449117,-0.9020125269888695,0.25123147821779224
2040-01-13 01:00:00,43.30263605647961,-0.9687181115149315,0.2437024429241648
2040-01-13 02:00:00,43.3026361326784,-1.107004523277169,0.2519179760597376
2040-01-13 03:00:00,43.302636199490905,-1.296027779579049,0.2576803900179805
2040-01-13 04:00:00,43.30263626389284,-1.3971788883208092,0.26477421350166425
2040-01-13 05:00:00,43.30263631351255,-1.503845572471505,0.2714235143314862
2040-01-13 06:00:00,43.30263631898277,-1.5816427469252403,0.2717475962915245
2040-01-13 07:00:00,43.30263628662408,-1.6247684955595787,0.2679996436247426
2040-01-13 08:00:00,43.30263621213099,-1.6971213817595299,0.2598034125910094
2040-01-13 09:00:00,43.30263618262719,-1.737434267997628,0.25630988042663577
2040-01-13 10:00:00,43.30263633726095,-1.6676962375639732,0.2816871475559973
2040-01-13 11:00:00,43.30263619944194,-1.5120871067045982,0.26281247187597484
2040-01-13 12:00:00,43.30263593009372,-1.352797627448922,0.22723885190294635
2040-01-13 13:00:00,43.30263594857942,-1.1985300779341514,0.23112124768667663
2040-01-13 14:00:00,43.3026359894464,-1.1947149038313682,0.23748575532218452
2040-01-13 15:00:00,43.30263605693388,-1.2673199176787193,0.2475614330667087
2040-01-13 16:00:00,43.3026359569666,-1.302278280258065,0.23179282079903615
2040-01-13 17:00:00,43.30263576686569,-1.2362047433852013,0.2100524444806288
2040-01-13 18:00:00,43.30263574613142,-1.187591075897103,0.20833879245707762
2040-01-13 19:00:00,43.30263584791559,-1.1811225414274986,0.21988831997265249
2040-01-13 20:00:00,43.302635884870185,-1.1247684955595787,0.22453431215144398
2040-01-13 21:00:00,43.30263592821586,-0.9765431284903343,0.2300874257161389
2040-01-13 22:00:00,43.30263599271616,-0.9070466756819542,0.23812852086266828
2040-01-13 23:00:00,43.302636070900974,-0.809851169586068,0.24776030012384767
2040-01-14 00:00:00,43.30263614042415,-0.7250777482985313,0.25564317928879615
2040-01-14 01:00:00,43.30263620974667,-0.6962077021597679,0.2628578188455847
2040-01-14 02:00:00,43.30263629803409,-0.7052492499350365,0.2727248988900459
2040-01-14 03:00:00,43.30263637211148,-0.6968082785605247,0.28016890385760335
2040-01-14 04:00:00,43.30263643046013,-0.6819824576376732,0.28651710412074266
2040-01-14 05:00:00,43.30263649227953,-0.6929659843443687,0.29260072684746036
2040-01-14 06:00:00,43.302636524907264,-0.7128459811209495,0.2958145272953473
2040-01-14 07:00:00,43.302636513048576,-0.726041913032418,0.29581454026770043
2040-01-14 08:00:00,43.302636335679736,-0.6857625246046837,0.2670697717481686
2040-01-14 09:00:00,43.30263634567412,-0.5953472852705772,0.2731736808053501
2040-01-14 10:00:00,43.302636278012365,-0.5851829051970299,0.26804282036547167
2040-01-14 11:00:00,43.30263612935863,-0.6009771227835472,0.25732595770924627
2040-01-14 12:00:00,43.3026360085605,-0.5665975809096153,0.24644424261799866
2040-01-14 13:00:00,43.302635932688375,-0.5828260779379661,0.24222541130324385
2040-01-14 14:00:00,43.30263590571664,-0.575517833232766,0.24503547519160154
2040-01-14 15:00:00,43.30263590028061,-0.653857767581826,0.25223960731103234
2040-01-14 16:00:00,43.30263578045257,-0.8734610676764305,0.24275617974666944
2040-01-14 17:00:00,43.30263503689731,-1.12988185882557,0.17876212412495895
2040-01-14 18:00:00,43.30263275367522,-1.2578413486479576,0.10102821170350472
2040-01-14 19:00:00,43.3026273864302,-1.2993113994597252,0.053349104358379085
2040-01-14 20:00:00,43.30262197055886,-1.4111491441725548,0.03679735497265353
2040-01-14 21:00:00,43.302613450279566,-1.4039208889006431,0.02514147995331673
2040-01-14 22:00:00,43.30261079761037,-1.3498957157133873,0.022951941251789346
2040-01-14 23:00:00,43.30260880522787,-1.4175149202345665,0.021529387083254824
2040-01-15 00:00:00,43.30260899564135,-1.507623910903817,0.021591113314995608
2040-01-15 01:00:00,43.30261116016041,-1.6496707201002891,0.023031428344257858
2040-01-15 02:00:00,43.30262073934095,-1.80678558349598,0.03400574183355432
2040-01-15 03:00:00,43.30262846244134,-1.9684671163557823,0.05779344189692446
2040-01-15 04:00:00,43.30263430194201,-2.1542789936064537,0.1399068351157646
2040-01-15 05:00:00,43.302635582620205,-2.2835862636565025,0.2197095919749991
2040-01-15 06:00:00,43.3026359884353,-2.46112227439869,0.2618106677172337
2040-01-15 07:00:00,43.302636129409485,-2.573947668075448,0.27493826792081727
2040-01-15 08:00:00,43.302636011477645,-2.424552679061776,0.2520181053371285
2040-01-15 09:00:00,43.30263610398944,-2.233798980712777,0.2605601687974251
2040-01-15 10:00:00,43.30263618365144,-2.1550741195677574,0.2647806855769014
2040-01-15 11:00:00,43.30263615731453,-1.9325240850447472,0.25858703092521296
2040-01-15 12:00:00,43.30263615932622,-1.5409042835234459,0.2592548067760893
2040-01-15 13:00:00,43.302636053263086,-1.1654407978056724,0.2505274291390242
2040-01-15 14:00:00,43.30263590907516,-1.1647861003874596,0.23338303038792277
2040-01-15 15:00:00,43.30263542853567,-1.3777563571928795,0.18658230853052063
2040-01-15 16:00:00,43.30263553376194,-1.62318122386921,0.1924009614715052
2040-01-15 17:00:00,43.30263575132423,-1.7510046958922203,0.21266312541236243
2040-01-15 18:00:00,43.30263589943141,-1.7570308446883018,0.2287578847573363
2040-01-15 19:00:00,43.302635987325736,-1.7032337188719566,0.23941398604425687
2040-01-15 20:00:00,43.302636056323,-1.6407698392866905,0.24913774227723987
2040-01-15 21:00:00,43.302636043520295,-1.5872979164122398,0.24827115834149316
2040-01-15 22:00:00,43.3026359667464,-1.548590183257943,0.23865247098738038
2040-01-15 23:00:00,43.30263590785735,-1.519468188285714,0.23160023035238347
2040-01-16 00:00:00,43.302635962631385,-1.4942960739134605,0.2384359170532577
2040-01-16 01:00:00,43.3026360326552,-1.4522870779036339,0.24671670931997206
2040-01-16 02:00:00,43.30263610899424,-1.4370384216307457,0.25565947492190766
2040-01-16 03:00:00,43.30263616064427,-1.5819035768507774,0.26068511836444164
2040-01-16 04:00:00,43.30263619653097,-1.6680494546889122,0.2636536997496629
2040-01-16 05:00:00,43.30263622655691,-1.6098558902739342,0.2671809393892329
2040-01-16 06:00:00,43.30263622762534,-1.47498524188984,0.26748624678667127
2040-01-16 07:00:00,43.30263621232726,-1.479381322860604,0.2668408010232992
2040-01-16 08:00:00,43.30263597927294,-1.5008488893507774,0.2404252768466979
2040-01-16 09:00:00,43.30263583638328,-1.2251790761946495,0.2276325446278026
2040-01-16 10:00:00,43.30263532218547,-0.9450616240500267,0.1812465356153116
2040-01-16 11:00:00,43.30263535517811,-0.4967770874499138,0.17764949041631722
2040-01-16 12:00:00,43.30263583746438,0.03510273993026658,0.22412157154874507
2040-01-16 13:00:00,43.30263602972092,0.7051405906678383,0.2495860720800811
2040-01-16 14:00:00,43.302636082227416,1.0603331327439491,0.25922794311190295
2040-01-16 15:00:00,43.30263609778077,1.212465167045707,0.2695015231333896
2040-01-16 16:00:00,43.30263611783338,1.2834612131119911,0.2645147980540153
2040-01-16 17:00:00,43.302636083331166,1.6358771324158852,0.25947667606820213
2040-01-16 18:00:00,43.30263604880543,1.9726120233536903,0.2584897745756179
2040-01-16 19:00:00,43.30263597005074,2.1521301269532387,0.25550137801963985
2040-01-16 20:00:00,43.30263584561355,2.186403989791984,0.2543354930295235
2040-01-16 21:00:00,43.30263572357837,2.2179608345032875,0.2593577409977456
2040-01-16 22:00:00,43.30263556399838,2.267381429672355,0.2606014158821915
2040-01-16 23:00:00,43.30263543132237,2.312796831131095,0.2566895807804402
2040-01-17 00:00:00,43.30263537527054,2.4722123146058266,0.2567790732353654
2040-01-17 01:00:00,43.30263532137894,2.7111341953278725,0.2546719966643188
2040-01-17 02:00:00,43.302635314050896,3.429286718368644,0.25675071001987293
2040-01-17 03:00:00,43.30263526742748,3.832835197448844,0.25201590436066196
2040-01-17 04:00:00,43.30263528607601,4.046996116638297,0.2538121647629722
2040-01-17 05:00:00,43.302635356537074,4.645640373230094,0.2602281579873646
2040-01-17 06:00:00,43.302635410645706,5.229758739471549,0.2657802854175132
2040-01-17 07:00:00,43.30263497476812,5.577732086181754,0.2606939615420591
2040-01-17 08:00:00,43.302634663883175,5.848013401031608,0.24183327814981317
2040-01-17 09:00:00,43.30263445100347,6.590404033661002,0.23242123586238755
2040-01-17 10:00:00,43.302634351830974,7.047770023346061,0.22685827827432675
2040-01-17 11:00:00,43.30263448374448,7.857282638549918,0.22943394274451304
2040-01-17 12:00:00,43.30263458474335,8.535844802856559,0.23874974795725207
2040-01-17 13:00:00,43.30263471039283,8.946745872497672,0.2504262544414792
2040-01-17 14:00:00,43.30263478401326,9.157296180725211,0.25793389853439835
2040-01-17 15:00:00,43.30263490680049,9.30682182312023,0.27000230651689944
2040-01-17 16:00:00,43.30263506520161,9.46435642242443,0.2772378785351481
2040-01-17 17:00:00,43.30263504674152,9.52663612365734,0.27725756034045557
2040-01-17 18:00:00,43.30263487007319,9.604952812194938,0.27150889201916156
2040-01-17 19:00:00,43.30263464386327,9.682863235473746,0.2635740615070525
2040-01-17 20:00:00,43.30263454656423,9.653656005859489,0.26359395045233164
2040-01-17 21:00:00,43.30263441939753,9.534440994262809,0.2546346301460288
2040-01-17 22:00:00,43.30263445068035,9.35387229919445,0.26282475092166563
2040-01-17 23:00:00,43.30263454561205,9.090059280395621,0.2726542685404222
2040-01-18 00:00:00,43.30263445306227,8.820604324340934,0.2716512439407349
2040-01-18 01:00:00,43.30263412670956,8.567774772644157,0.2566187897102234
2040-01-18 02:00:00,43.30263375408555,8.371482849121207,0.2294302934467961
2040-01-18 03:00:00,43.30263345153429,8.206732749939079,0.21219640524146818
2040-01-18 04:00:00,43.30263353174555,8.062201499939079,0.21790712701615703
2040-01-18 05:00:00,43.30263381191008,7.91678619384777,0.23504293777610888
2040-01-18 06:00:00,43.302633912071066,7.779055595398063,0.2338266666976495
2040-01-18 07:00:00,43.30263278568006,7.6759333610535805,0.2134641984739498
2040-01-18 08:00:00,43.30263212566481,7.648736953735465,0.17937714788134246
2040-01-18 09:00:00,43.30263053668689,7.7495064735413735,0.13225720010383413
2040-01-18 10:00:00,43.302631377877134,7.932703971862907,0.1510395288106801
2040-01-18 11:00:00,43.302631660483634,8.125435829162711,0.1604597325876984
2040-01-18 12:00:00,43.30262468383636,8.250156402588004,0.06655519222402678
2040-01-18 13:00:00,43.30262657039757,8.285448074340934,0.08131336231589832
2040-01-18 14:00:00,43.30263025529948,8.261934280395621,0.13152773342289414
2040-01-18 15:00:00,43.30263091928786,8.199939727783317,0.1476034134913336
2040-01-18 16:00:00,43.30262988916219,8.125134468078727,0.11890090094399296
2040-01-18 17:00:00,43.3026254497014,8.083179473877067,0.06887421891407856
2040-01-18 18:00:00,43.30262337799663,8.065633773803825,0.05691356124030897
2040-01-18 19:00:00,43.30262371875066,8.045763015747184,0.05993733799425784
2040-01-18 20:00:00,43.302623214162416,8.001453399658317,0.05731632860622371
2040-01-18 21:00:00,43.30262362759476,7.92423772811901,0.05976833223558706
2040-01-18 22:00:00,43.30262709365175,7.853171348571891,0.08821513224196616
2040-01-18 23:00:00,43.30262809671926,7.764088153839225,0.10546103802369751
2040-01-19 00:00:00,43.30262950757973,7.6419038772584145,0.13410385546613995
2040-01-19 01:00:00,43.30262941441899,7.502471923828239,0.13410074743311373
2040-01-19 02:00:00,43.30262871331927,7.3526091575623695,0.12182825282474678
2040-01-19 03:00:00,43.30262773891934,7.185313224792594,0.10714917849754386
2040-01-19 04:00:00,43.30262769547623,7.004059314727897,0.10620702334181308
2040-01-19 05:00:00,43.30262849175833,6.812285423278922,0.1160992526820956
2040-01-19 06:00:00,43.30263040506986,6.646136760711784,0.1289011497593929
2040-01-19 07:00:00,43.30262693718056,6.539654731750602,0.09670735223608105
2040-01-19 08:00:00,43.30262486798973,6.54529428482067,0.08061103131305486
2040-01-19 09:00:00,43.302627361284365,6.668898105621452,0.10288601840292325
2040-01-19 10:00:00,43.30262735566959,6.819570064544791,0.10290582243617352
2040-01-19 11:00:00,43.30262646426477,6.8934955596924965,0.09552940458004879
2040-01-19 12:00:00,43.302619553334296,6.916388988494987,0.05600376532564012
2040-01-19 13:00:00,43.30261725391015,6.908941268921012,0.047879857368910206
2040-01-19 14:00:00,43.30261802954536,6.810057640075797,0.05023999927134584
2040-01-19 15:00:00,43.30262109413047,6.567368030548209,0.06166800406762723
2040-01-19 16:00:00,43.302619224935135,6.303777694702262,0.04978609304520121
2040-01-19 17:00:00,43.30261749120392,6.095937252044791,0.04247768063888821
2040-01-19 18:00:00,43.30261848851968,5.926149845123405,0.04426753769995616
2040-01-19 19:00:00,43.30261886179379,5.7822051048279945,0.04705022657654295
2040-01-19 20:00:00,43.30261668146067,5.6386971473694985,0.04198246817267486
2040-01-19 21:00:00,43.30261617521176,5.510293960571403,0.039738853867263536
2040-01-19 22:00:00,43.3026201293838,5.424831390380973,0.05634451552660034
2040-01-19 23:00:00,43.30262129081044,5.340714931488151,0.06181968715818234
2040-01-20 00:00:00,43.30261810357796,5.257857799530143,0.04715256533803797
2040-01-20 01:00:00,43.3026172694129,5.1897015571595375,0.04343238880481445
2040-01-20 02:00:00,43.30261898851595,5.1679778099061195,0.05132497234525134
2040-01-20 03:00:00,43.3026185002732,5.188481807708854,0.04750102922990948
2040-01-20 04:00:00,43.30261894136273,5.220810413360709,0.04708975651505457
2040-01-20 05:00:00,43.30262054728019,5.236726284027213,0.047381560791085
2040-01-20 06:00:00,43.30262509983617,5.248174190521354,0.057176466235848086
2040-01-20 07:00:00,43.30262533944893,5.319295406341666,0.05913491416858648
2040-01-20 08:00:00,43.30262512178162,5.456987857818717,0.05852221801760649
2040-01-20 09:00:00,43.30262530669798,5.707121372223014,0.06020407062853785
2040-01-20 10:00:00,43.30263240733566,6.21213006973278,0.15100080554429204
2040-01-20 11:00:00,43.30263312096006,6.439446449279899,0.18150566829705742
2040-01-20 12:00:00,43.30263212878323,6.819913864135856,0.14326306121041746
2040-01-20 13:00:00,43.30263239027393,7.0906929969788735,0.1519060363403164
2040-01-20 14:00:00,43.3026334833852,7.080063343048209,0.195580516197727
2040-01-20 15:00:00,43.30263428917584,6.927454948425407,0.24514416776571718
2040-01-20 16:00:00,43.30263479887365,6.744642734527702,0.2768363584834047
2040-01-20 17:00:00,43.30263466043005,6.67376804351818,0.2598138578994416
2040-01-20 18:00:00,43.30263387795789,6.702674388885612,0.19895523402182083
2040-01-20 19:00:00,43.30263190806539,6.7532744407654945,0.12860819544154956
2040-01-20 20:00:00,43.30263031979297,6.787446022033805,0.10698451088291022
2040-01-20 21:00:00,43.302629292405335,6.825393676757926,0.09707230512093531
2040-01-20 22:00:00,43.30263028969713,6.784969329834098,0.11579936246490934
2040-01-20 23:00:00,43.302630150581926,6.718461513519401,0.11598654496862416
2040-01-21 00:00:00,43.3026292963002,6.622865200042838,0.10256389124373705
2040-01-21 01:00:00,43.30262860398177,6.599689006805534,0.09292316272058136
2040-01-21 02:00:00,43.30262903950067,6.581088066101188,0.09982406259695102
2040-01-21 03:00:00,43.30262967812112,6.545171737671012,0.11060894131292168
2040-01-21 04:00:00,43.30263030642776,6.50662469863903,0.11849129078590262
2040-01-21 05:00:00,43.30263098304618,6.4458332061768715,0.12233219981296926
2040-01-21 06:00:00,43.302633015053175,6.393295288086051,0.15506073361623013
2040-01-21 07:00:00,43.30263240264604,6.301345825195426,0.14495279063065358
2040-01-21 08:00:00,43.302630864862174,6.32061862945568,0.11119251140488161
2040-01-21 09:00:00,43.30262998124951,6.574241161346549,0.09946892451881287
2040-01-21 10:00:00,43.30263052120532,6.894687652588004,0.10848991430885878
2040-01-21 11:00:00,43.30263026800853,7.091819286346549,0.10695200952490636
2040-01-21 12:00:00,43.302630898449856,7.220032215118522,0.11786325036905289
2040-01-21 13:00:00,43.3026314568942,7.223023891449088,0.12850926210892816
2040-01-21 14:00:00,43.30263245512078,7.055412769317741,0.15532792424103947
2040-01-21 15:00:00,43.30263295272326,6.7695636749268715,0.1689814946393387
2040-01-21 16:00:00,43.30263375769088,6.30849647521984,0.19138662620397653
2040-01-21 17:00:00,43.30263381173496,6.025402069091911,0.18556897402546635
2040-01-21 18:00:00,43.302634023650654,5.838757514953727,0.19757910895679853
2040-01-21 19:00:00,43.30263425573856,5.7716765403748695,0.21990887598864398
2040-01-21 20:00:00,43.30263425363839,5.794295310974235,0.23724434907468211
2040-01-21 21:00:00,43.30263435848264,5.854199886322135,0.25072018995083
2040-01-21 22:00:00,43.30263467061826,5.8744597434998695,0.2719941270452251
2040-01-21 23:00:00,43.30263461970053,5.8473272323609535,0.2704812963514044
2040-01-22 00:00:00,43.302634546717535,5.6611652374268715,0.2685719045153528
2040-01-22 01:00:00,43.30263449558786,5.355611801147575,0.2670592418385947
2040-01-22 02:00:00,43.30263446588071,5.105246067047233,0.2658170408497799
2040-01-22 03:00:00,43.30263448390256,4.943529129028434,0.26491359915565543
2040-01-22 04:00:00,43.30263478089432,4.823223590850944,0.2680757736355021
2040-01-22 05:00:00,43.3026357625233,4.551687717437858,0.28844888915389827
2040-01-22 06:00:00,43.3026358288375,4.4495844841004555,0.2891224619722854
2040-01-22 07:00:00,43.30263575141355,4.644344806671256,0.2866106120572485
2040-01-22 08:00:00,43.302635480294,4.879042148590202,0.2565429394903367
2040-01-22 09:00:00,43.3026353154186,4.9137334823609535,0.24638000826642814
2040-01-22 10:00:00,43.3026352120563,4.861474514007682,0.236631508462299
2040-01-22 11:00:00,43.30263504939573,4.875105857849235,0.22942286107022591
2040-01-22 12:00:00,43.30263511073633,4.904816627502555,0.23872885718753364
2040-01-22 13:00:00,43.30263517194562,5.078930854797477,0.24793660456058597
2040-01-22 14:00:00,43.30263508098866,5.242016792297477,0.2474360242315471
2040-01-22 15:00:00,43.302635238189325,5.087322711944694,0.25784405232907703
2040-01-22 16:00:00,43.3026354157933,4.7587347030640785,0.262875935690698
2040-01-22 17:00:00,43.30263531261959,4.463609218597526,0.24630290896533177
2040-01-22 18:00:00,43.30263520720163,4.248448848724479,0.23742453076544898
2040-01-22 19:00:00,43.30263504801815,4.144690036773795,0.23334185482783476
2040-01-22 20:00:00,43.30263456380396,4.188286304473991,0.2150616355719205
2040-01-22 21:00:00,43.30263368988346,4.151475429535026,0.18266023370359602
2040-01-22 22:00:00,43.30263369193322,4.05850458145153,0.1894196701589475
2040-01-22 23:00:00,43.30263376127415,3.9626600742341225,0.19849152118922803
2040-01-23 00:00:00,43.30263353721035,3.8044433593751137,0.18971500268687697
2040-01-23 01:00:00,43.30263333728458,3.5134012699128334,0.17994858176414202
2040-01-23 02:00:00,43.30263359127408,3.0763711929322426,0.19276172161641583
2040-01-23 03:00:00,43.30263391535273,2.892879486084098,0.2070678266656403
2040-01-23 04:00:00,43.3026349925637,2.860295534134025,0.23544591380010102
2040-01-23 05:00:00,43.30263565146123,2.8337893486024086,0.2544387987574146
2040-01-23 06:00:00,43.30263570066116,2.895231485366935,0.25417349536901235
2040-01-23 07:00:00,43.30263565502251,2.9384193420411293,0.2523165134718578
2040-01-23 08:00:00,43.3026354494572,2.8024005889893715,0.2325561070202487
2040-01-23 09:00:00,43.30263544309725,2.8329977989197914,0.2354222594268232
2040-01-23 10:00:00,43.30263529249916,3.0064835548402016,0.2233470812818865
2040-01-23 11:00:00,43.30263528060955,3.2215569019318764,0.22602814872216462
2040-01-23 12:00:00,43.302635244955134,3.6001679897309486,0.22496572619745422
2040-01-23 13:00:00,43.30263536224964,3.979757785797233,0.23804018830572315
2040-01-23 14:00:00,43.30263543702218,4.116023063659782,0.2505115857187355
2040-01-23 15:00:00,43.302635512206216,3.965172767639274,0.25627308898276807
2040-01-23 16:00:00,43.30263565836918,3.899788379669303,0.26312727816680015
2040-01-23 17:00:00,43.30263556671664,3.8862957954407875,0.24581277098079557
2040-01-23 18:00:00,43.30263539706065,3.8727505207062904,0.230252626125291
2040-01-23 19:00:00,43.30263518147813,3.94895172119152,0.22028186835788835
2040-01-23 20:00:00,43.30263498033764,4.009748458862418,0.2261531296396401
2040-01-23 21:00:00,43.30263465368853,4.031301975250358,0.22605504460251025
2040-01-23 22:00:00,43.30263428938654,3.9077491760255043,0.21604804682009027
2040-01-23 23:00:00,43.30263426045725,3.9541604518891518,0.22154979580126424
2040-01-24 00:00:00,43.30263415774228,4.0650300979615395,0.21910708368313822
2040-01-24 01:00:00,43.30263397903931,4.188335895538444,0.20575188653856782
2040-01-24 02:00:00,43.30263391692467,4.33170318603527,0.20004843580701903
2040-01-24 03:00:00,43.30263409541505,4.512523651123161,0.2115758195227684
2040-01-24 04:00:00,43.30263435503357,4.566505908966178,0.2214296535504993
2040-01-24 05:00:00,43.30263533058874,4.437963008880729,0.24651529766053049
2040-01-24 06:00:00,43.30263533690549,4.396797657013053,0.24285360196366687
2040-01-24 07:00:00,43.30263489657391,4.399402141571159,0.21523580130476253
2040-01-24 08:00:00,43.30263395485471,4.546041011810416,0.1618024077851471
2040-01-24 09:00:00,43.30263381259103,4.814621925354118,0.16276330615981782
2040-01-24 10:00:00,43.30263385551332,5.134049892425651,0.16464843766317594
2040-01-24 11:00:00,43.30263330465517,5.462138652801627,0.14892440998600798
2040-01-24 12:00:00,43.302632932493886,5.665680408477897,0.1359502030095768
2040-01-24 13:00:00,43.30263372179096,5.628435134887809,0.16629198120148647
2040-01-24 14:00:00,43.302634072807656,5.551878929138297,0.18418516285286146
2040-01-24 15:00:00,43.30263437618181,5.437547206878776,0.19774092761725456
2040-01-24 16:00:00,43.30263479065253,5.1338825225831215,0.21478898724380252
2040-01-24 17:00:00,43.3026349494718,5.006040096283073,0.22419477078315836
2040-01-24 18:00:00,43.30263500798643,4.927007675171012,0.2337786057177425
2040-01-24 19:00:00,43.30263492608635,4.592390060424918,0.23832074115187105
2040-01-24 20:00:00,43.30263452853522,4.350298881530875,0.22745036231738439
2040-01-24 21:00:00,43.30263416279653,4.397407054901237,0.22611485713034388
2040-01-24 22:00:00,43.30263443156291,4.380522727966422,0.25317387138820563
2040-01-24 23:00:00,43.30263433064989,4.128506183624381,0.2534950043460009
2040-01-25 00:00:00,43.3026342435919,3.9062736034394447,0.25358730408436686
2040-01-25 01:00:00,43.30263412584681,3.7851302623749916,0.2516713320420323
2040-01-25 02:00:00,43.30263407011265,3.599608182907218,0.2526235965939138
2040-01-25 03:00:00,43.30263400974381,3.594652414322013,0.2522179578264492
2040-01-25 04:00:00,43.302633978342456,3.649602413177604,0.24726772945424014
2040-01-25 05:00:00,43.30263444536888,3.695669651031608,0.25627485673092604
2040-01-25 06:00:00,43.30263482652297,3.8518035411835854,0.27147651195411027
2040-01-25 07:00:00,43.302633411205626,4.250366210937614,0.25484766747148363
2040-01-25 08:00:00,43.30263168502944,4.664823055267448,0.17784355180422437
2040-01-25 09:00:00,43.30263073006618,5.196806430816764,0.16009585487180453
2040-01-25 10:00:00,43.30262881260648,5.725259780883903,0.12659213109944958
2040-01-25 11:00:00,43.30262584430528,6.156969547271842,0.0995664030557487
2040-01-25 12:00:00,43.302622756484254,6.777611732483024,0.08091388105422577
2040-01-25 13:00:00,43.30260545131652,7.617231845855827,0.039253337922675005
2040-01-25 14:00:00,43.30257787598051,8.045471191406364,0.022881928546664314
2040-01-25 15:00:00,43.30262636367927,7.829774379730338,0.11198280793864487
2040-01-25 16:00:00,43.30263147080692,7.171575069427604,0.2227721329443751
2040-01-25 17:00:00,43.30262990558784,6.72000885009777,0.16522579267277213
2040-01-25 18:00:00,43.3026230840334,6.557995319366569,0.08272232119363504
2040-01-25 19:00:00,35.05433126970574,6.642327785492057,2.943025661444049e-07
2040-01-25 20:00:00,35.05427421380308,6.921807765960807,2.296820931709916e-07
2040-01-25 21:00:00,35.05427370916894,7.328495979309196,2.440189525403829e-07
2040-01-25 22:00:00,35.05427831585362,7.6643319129944985,2.967869509187051e-07
2040-01-25 23:00:00,35.054269271512574,7.930066108703727,2.0913720297230326e-07
2040-01-26 00:00:00,35.054267386398685,7.851661205291862,1.9807625917622954e-07
2040-01-26 01:00:00,35.05426710336033,7.709372520446891,1.9855051929243383e-07
2040-01-26 02:00:00,35.0542672637305,7.6094450950623695,2.0142208942181875e-07
2040-01-26 03:00:00,35.05426781717446,7.551545143127555,2.0791917841962826e-07
2040-01-26 04:00:00,35.05426674126199,7.5414013862611,1.9933096335447214e-07
2040-01-26 05:00:00,35.05426399380755,7.43894720077526,1.8633932585915311e-07
2040-01-26 06:00:00,35.05426375790254,7.317230701446647,1.8521878669733854e-07
2040-01-26 07:00:00,20.064102068739704,7.186607360839957,8.86851379701274e-08
2040-01-26 08:00:00,20.06410022021027,7.054037094116325,8.514165830358949e-08
2040-01-26 09:00:00,20.064101860697765,6.920512676239127,8.624516362107097e-08
2040-01-26 10:00:00,20.06410643563101,6.914868354797477,9.353070218655661e-08
2040-01-26 11:00:00,20.06412163513074,7.165596008300895,1.1375063374382304e-07
2040-01-26 12:00:00,20.06413376864144,7.603590011596793,1.2044058215255588e-07
2040-01-26 13:00:00,20.064147591734688,8.172298431396598,1.249657468018873e-07
2040-01-26 14:00:00,21.011645929979142,8.586852073669547,1.5125011402010777e-07
2040-01-26 15:00:00,20.06489303509561,8.811839103698844,1.4238167766936917e-07
2040-01-26 16:00:00,24.79625101977047,9.068772315979118,2.3067096073484036e-07
2040-01-26 17:00:00,24.796256309322025,9.351312637329215,2.5502810970200227e-07
2040-01-26 18:00:00,24.796252149794043,9.52576828002941,2.380103217043983e-07
2040-01-26 19:00:00,24.79622930117156,9.49881458282482,2.148962194319442e-07
2040-01-26 20:00:00,21.01153182585833,9.49977016448986,1.51774393992474e-07
2040-01-26 21:00:00,20.06411677383605,9.6500759124757,1.149371918649856e-07
2040-01-26 22:00:00,20.064105125696926,9.754585266113395,9.074141461762406e-08
2040-01-26 23:00:00,20.0641031034124,9.762015342712516,8.720489436228981e-08
2040-01-27 00:00:00,20.06410138269392,9.750796318054313,8.45619609757195e-08
2040-01-27 01:00:00,20.064100493414134,9.497650146484489,8.353108192432325e-08
2040-01-27 02:00:00,20.0641004619056,9.192489624023551,8.336319850079176e-08
2040-01-27 03:00:00,20.06410061255334,8.795439720153922,8.311692604163414e-08
2040-01-27 04:00:00,20.064101723433627,8.419003486633414,8.307818212794034e-08
2040-01-27 05:00:00,20.06410320326146,8.10602951049816,8.300214841679875e-08
2040-01-27 06:00:00,20.064104490508157,7.7386565208436195,8.301887556000137e-08
2040-01-27 07:00:00,20.06410003689929,7.453816890716666,8.306221534666511e-08
2040-01-27 08:00:00,20.06406846150799,7.195370197296256,7.664018252370127e-08
2040-01-27 09:00:00,19.99030169395666,6.927475929260368,7.439068698450141e-08
2040-01-27 10:00:00,19.990289197413368,6.79304933547985,7.437060802802769e-08
2040-01-27 11:00:00,0.0253483868254934,6.97337102890026,4.563855779891555e-08
2040-01-27 12:00:00,0.0251105591081821,7.209583282470817,4.576006442048107e-08
2040-01-27 13:00:00,19.99067908018052,6.931235313415641,7.431073766932449e-08
2040-01-27 14:00:00,20.06409921593105,6.835010528564567,8.008811716702262e-08
2040-01-27 15:00:00,20.064110754312843,6.657787322998161,8.973108969215839e-08
2040-01-27 16:00:00,20.064268870824986,6.505844116211051,1.2029987589660304e-07
2040-01-27 17:00:00,21.01169761633381,6.132886886596793,1.3640146829158147e-07
2040-01-27 18:00:00,20.06413683981851,6.146963596344108,1.0917099525092025e-07
2040-01-27 19:00:00,20.06412110546933,6.182092189788932,1.0174034211118035e-07
2040-01-27 20:00:00,20.06412494935268,6.439653396606559,1.0981391934704608e-07
2040-01-27 21:00:00,20.06411987413127,5.978075027465934,1.043529084233223e-07
2040-01-27 22:00:00,20.06411642919244,5.668037891388053,9.695288493344637e-08
2040-01-27 23:00:00,20.064123334721224,5.778300285339469,1.1601829331289945e-07
2040-01-28 00:00:00,20.06412112200495,5.608746528625602,1.1289256191512516e-07
2040-01-28 01:00:00,20.0641245520019,5.176603317260856,1.223794464918389e-07
2040-01-28 02:00:00,20.0641217599339,4.378359317779655,1.1548194329848926e-07
2040-01-28 03:00:00,20.064127943634965,3.9433751106263344,1.2361102284754083e-07
2040-01-28 04:00:00,20.138204518169243,3.7936441898347084,1.1262874242255755e-07
2040-01-28 05:00:00,20.570413974336237,3.62858080863964,1.1406139962807065e-07
2040-01-28 06:00:00,21.01173106477725,3.5014414787293617,1.1627882992968959e-07
2040-01-28 07:00:00,21.01190763570519,3.627564668655509,1.217364018687314e-07
2040-01-28 08:00:00,21.011739052463373,4.093856811523551,1.1894363426630457e-07
2040-01-28 09:00:00,21.010635099147606,4.848868370056266,1.1378924880380082e-07
2040-01-28 10:00:00,20.06411325992736,5.57476902008068,1.0011303583850634e-07
2040-01-28 11:00:00,20.06428554530781,6.023875236511344,1.1599416143845259e-07
2040-01-28 12:00:00,20.064090690550124,6.713031291961784,8.61243131649302e-08
2040-01-28 13:00:00,20.06410824460668,6.894987583160514,9.904825508107519e-08
2040-01-28 14:00:00,20.494740758934,7.091482639312858,1.283996785585362e-07
2040-01-28 15:00:00,20.93444706724671,7.244606494903678,1.2369613128175603e-07
2040-01-28 16:00:00,20.06410483998349,6.957008838653678,9.308132822509773e-08
2040-01-28 17:00:00,20.064094313774824,6.898724079132194,8.406854087034351e-08
2040-01-28 18:00:00,20.064091013360983,6.754901409149284,8.291471968420026e-08
2040-01-28 19:00:00,20.06408757555878,6.795869350433463,8.287421452220725e-08
2040-01-28 20:00:00,20.064070005997458,7.114951133728141,8.286382817376414e-08
2040-01-28 21:00:00,20.064056338354128,7.335064888000602,8.284519209261514e-08
2040-01-28 22:00:00,20.064052984891514,6.869037151336784,8.282412135380261e-08
2040-01-28 23:00:00,20.064051935196545,7.002066135406608,8.280609573824853e-08
2040-01-29 00:00:00,20.06405106975054,7.430430889129752,8.27877266164178e-08
2040-01-29 01:00:00,20.06405106113601,7.4632048606873695,8.276914492391855e-08
2040-01-29 02:00:00,20.064051294488088,7.718678951263541,8.274792360922566e-08
2040-01-29 03:00:00,20.064052209657238,7.859523296356315,8.27247123895288e-08
2040-01-29 04:00:00,20.064054776811776,7.883265972137565,8.27238552974002e-08
2040-01-29 05:00:00,20.06405956809905,7.973131656646842,8.275545956064179e-08
2040-01-29 06:00:00,20.06406247469452,8.05210399627697,8.281583449972614e-08
2040-01-29 07:00:00,19.990336863368825,7.9776487350465,8.407869070036499e-08
2040-01-29 08:00:00,0.0309630967043473,7.9773955345154945,4.519608667982102e-08
2040-01-29 09:00:00,0.0251128077435011,8.143608093261832,4.536409607806574e-08
2040-01-29 10:00:00,0.0251026648142184,8.654068946838493,4.5364229776355134e-08
2040-01-29 11:00:00,0.0251012433715812,9.067881584167594,4.534840280699677e-08
2040-01-29 12:00:00,0.025101666125036,9.42211723327648,4.53439466204978e-08
2040-01-29 13:00:00,0.0251165028923661,9.438622474670524,4.5309765069034305e-08
2040-01-29 14:00:00,0.0251246592971663,9.48023891448986,4.5297784338099425e-08
2040-01-29 15:00:00,19.99032184760492,9.20704555511486,8.010990458634342e-08
2040-01-29 16:00:00,19.99033708636462,8.877657890319938,8.3874817942184e-08
2040-01-29 17:00:00,19.990345733869614,8.7041530609132,8.371237454897371e-08
2040-01-29 18:00:00,19.990343475508265,8.684359550476188,8.374670879841449e-08
2040-01-29 19:00:00,19.99033616524799,8.723204612732047,8.389935989077613e-08
2040-01-29 20:00:00,19.990331219498533,8.800708770752067,8.399920467298242e-08
2040-01-29 21:00:00,19.99032952480562,8.910788536071891,8.405791679529354e-08
2040-01-29 22:00:00,19.99032909182012,8.925635337829704,8.41253099155086e-08
2040-01-29 23:00:00,19.990329374185254,8.57067680358898,8.407547263098958e-08
2040-01-30 00:00:00,19.990333151356605,7.946503162384147,8.396170361027416e-08
2040-01-30 01:00:00,19.99033538543631,6.953155994415397,8.389173865756712e-08
2040-01-30 02:00:00,19.990341874015563,6.042287349701041,8.37308403060065e-08
2040-01-30 03:00:00,19.990390617880223,5.171638011932487,8.312424751273766e-08
2040-01-30 04:00:00,20.064092535057718,4.289631843567008,8.281721108935166e-08
2040-01-30 05:00:00,20.06411661857632,3.909384250640983,8.281770181750045e-08
2040-01-30 06:00:00,20.064129894550337,3.7022838592530434,8.282589246011449e-08
2040-01-30 07:00:00,20.064128869733544,3.3954443931580727,8.287495430751164e-08
2040-01-30 08:00:00,19.99037171119323,3.280882596969718,7.426660797004299e-08
2040-01-30 09:00:00,19.99027138982512,3.5032935142518227,7.408838957094803e-08
2040-01-30 10:00:00,0.0251112958844928,4.109972000122184,4.55892301314895e-08
2040-01-30 11:00:00,0.0251006714939574,4.910271644592399,4.5541494189256214e-08
2040-01-30 12:00:00,0.0251032290502649,5.086792469024772,4.56018271565989e-08
2040-01-30 13:00:00,0.025106381556456,5.331519603729362,4.561405186154523e-08
2040-01-30 14:00:00,19.9903071402385,4.981651306152457,7.415185500896799e-08
2040-01-30 15:00:00,20.06406822670872,4.634420871734733,7.615936242404018e-08
2040-01-30 16:00:00,20.064114150626832,4.055356502533073,8.294555175829515e-08
2040-01-30 17:00:00,20.06412342680313,3.2206506729127113,8.29460120119035e-08
2040-01-30 18:00:00,20.06412152680825,2.534521102905387,8.294003364507376e-08
2040-01-30 19:00:00,20.064114262182013,2.0909888744355385,8.294768426554527e-08
2040-01-30 20:00:00,20.06410882534157,1.8541297912598793,8.295947977260939e-08
2040-01-30 21:00:00,20.064107243247104,1.6479885578156654,8.296793055733768e-08
2040-01-30 22:00:00,20.06410716201199,1.2971887588502113,8.301791055186756e-08
2040-01-30 23:00:00,20.06410819859768,0.8147228360177223,8.370581315284161e-08
2040-01-31 00:00:00,20.06411062461318,0.35801100730907365,8.554881443769969e-08
2040-01-31 01:00:00,20.06411485890606,-0.02997996658075408,9.021505368742257e-08
2040-01-31 02:00:00,20.06412598671805,-0.28593489527690963,8.964328202868893e-08
2040-01-31 03:00:00,20.49475921584202,-0.44571879506099776,9.203729872413587e-08
2040-01-31 04:00:00,20.934662987784247,-0.5215373039244469,9.417788531982821e-08
2040-01-31 05:00:00,21.38397562934461,-0.7032204866408165,1.0079460388948685e-07
2040-01-31 06:00:00,21.84291579536416,-0.9321451187132652,9.499738553923554e-08
2040-01-31 07:00:00,21.012401315344007,-1.0740013122557457,8.653505898844113e-08
2040-01-31 08:00:00,0.0251067181818857,-0.17844082415092544,4.5486730853823904e-08
2040-01-31 09:00:00,0.0251034522141368,1.5274428129197304,4.5508005571916975e-08
2040-01-31 10:00:00,0.0251010961558889,3.4233255386353676,4.540106395048612e-08
2040-01-31 11:00:00,0.0250996147085922,5.09095668792736,4.5352621518609273e-08
2040-01-31 12:00:00,0.0251001531866202,6.069667816162223,4.5350471396096085e-08
2040-01-31 13:00:00,0.0251022656805773,6.426626682281608,4.540338860725203e-08
2040-01-31 14:00:00,0.025113540976726,6.1503572463990395,4.5388521965778867e-08
2040-01-31 15:00:00,19.988559709375178,5.696041107177848,7.519877321308561e-08
2040-01-31 16:00:00,21.011628478609733,5.111252784729118,8.526632535981718e-08
2040-01-31 17:00:00,21.011640934163424,4.5672802925111,8.52848754786973e-08
2040-01-31 18:00:00,21.01163191048441,3.8713963031769936,8.536488540252284e-08
2040-01-31 19:00:00,21.01162066845013,3.054655551910514,8.59631127824715e-08
2040-01-31 20:00:00,21.011613446084255,2.519602060318107,8.651520770587235e-08
2040-01-31 21:00:00,21.011612216108144,1.1334874629975502,8.831731680651771e-08
2040-01-31 22:00:00,21.01161196568865,1.0958265066147987,9.016948424520323e-08
2040-01-31 23:00:00,21.01161321106569,0.9493227601052467,9.237399208612409e-08
2040-02-01 00:00:00,21.01161512839996,0.7338373064995949,9.960695986419484e-08
2040-02-01 01:00:00,21.011617425583605,-0.071778088807946,9.795951401088138e-08
2040-02-01 02:00:00,21.01164055507539,-0.9062075614928062,9.59612185439474e-08
2040-02-01 03:00:00,21.462600090490422,-1.3359786272047813,9.929485738342363e-08
2040-02-01 04:00:00,42.39301446461277,-1.5900400876997764,1.2996741755032717e-06
2040-02-01 05:00:00,43.30261999635725,-1.609656095504647,0.039099632650565624
2040-02-01 06:00:00,43.3026326588264,-1.6190837621687706,0.12387070595554166
2040-02-01 07:00:00,43.30263299667187,-1.729407906532174,0.13588888493087506
2040-02-01 08:00:00,43.30262559162595,-0.8595442771910484,0.05154313088519038
2040-02-01 09:00:00,43.3026189417342,1.2334270477296059,0.03390914772377939
2040-02-01 10:00:00,43.302614874808526,2.787579536438102,0.02832666972326316
2040-02-01 11:00:00,43.30261043927285,3.6310660839081947,0.023923245434237527
2040-02-01 12:00:00,0.025111559898896,4.102927207946891,4.6434081267949734e-08
2040-02-01 13:00:00,0.0251063021729087,4.066720008850211,4.590349691863151e-08
2040-02-01 14:00:00,19.99030660165279,3.6644911766053383,7.425063872544517e-08
2040-02-01 15:00:00,43.30256765379276,3.0806860923768227,0.00950807170964132
2040-02-01 16:00:00,43.30262798476959,2.594459295272941,0.06409190595372981
2040-02-01 17:00:00,43.30263328088724,1.9880868196488564,0.14155987200941697
2040-02-01 18:00:00,43.30261747356474,1.561322450637931,0.030393971538219475
2040-02-01 19:00:00,43.30260495347824,1.118875980377311,0.01921715015040028
2040-02-01 20:00:00,43.30260963688007,0.7502898573876564,0.022286502919603275
2040-02-01 21:00:00,43.30261860759614,0.36569100618373795,0.03375375752354506
2040-02-01 22:00:00,43.30262137670261,-0.04754062369454459,0.044070956557396325
2040-02-01 23:00:00,43.30262871384606,-0.4110839068888481,0.09740973601374553
2040-02-02 00:00:00,43.302632711383886,-0.7086994051932152,0.17337325483444602
2040-02-02 01:00:00,43.30263247281872,-0.9925668239592369,0.16046398014815833
2040-02-02 02:00:00,43.30263227269709,-1.1660376787184532,0.13623094610833644
2040-02-02 03:00:00,43.30263413764297,-1.4982692003248985,0.1722946138453878
2040-02-02 04:00:00,43.30263440211864,-1.4231727123259361,0.1674646780194309
2040-02-02 05:00:00,43.302634290541214,-1.2251865863798912,0.15980237897779292
2040-02-02 06:00:00,43.302634063833146,-1.2760165929793175,0.14852180740540077
2040-02-02 07:00:00,43.30263284436784,-1.3497369289397056,0.11157404540867315
2040-02-02 08:00:00,43.30259184333089,-1.4017592668532188,0.013983332167553209
2040-02-02 09:00:00,27.3323750549204,-1.4048058986662681,9.949365674650515e-08
2040-02-02 10:00:00,43.302586512611015,-1.304581165313607,0.012676714776106811
2040-02-02 11:00:00,43.30198227532463,-1.1253739595412071,0.001394039037112959
2040-02-02 12:00:00,27.33234094208717,-0.9151175022124107,9.956139627222719e-08
2040-02-02 13:00:00,27.33239478819837,-0.7255191206930931,9.953763918581186e-08
2040-02-02 14:00:00,43.3025398851629,-0.5272076725958641,0.007331005780849594
2040-02-02 15:00:00,43.30261886310687,-0.520701348781472,0.032395743597632504
2040-02-02 16:00:00,43.30262661809809,-0.5665957331656273,0.05176947780580727
2040-02-02 17:00:00,43.30263110637922,-0.565523982047921,0.08300878823761192
2040-02-02 18:00:00,43.3026329813115,-0.48542296886432723,0.11433390991870984
2040-02-02 19:00:00,43.30263372455774,-0.35068976879108504,0.13816676129144956
2040-02-02 20:00:00,43.30263354624572,-0.12416040152299956,0.13670710822580442
2040-02-02 21:00:00,43.302633122272425,-0.35431092977512435,0.13230810301214585
2040-02-02 22:00:00,43.30263190562586,-0.7741802334784325,0.10977233655179461
2040-02-02 23:00:00,43.30263105267212,-0.8783997893332298,0.09536893665242391
2040-02-03 00:00:00,43.30263030778936,-0.546294450759774,0.08485549650192228
2040-02-03 01:00:00,43.30263032000214,-0.6479554772375877,0.08476363449119319
2040-02-03 02:00:00,43.30263132027675,-0.41733288764942245,0.1005854790007054
2040-02-03 03:00:00,43.30263383926776,-0.20309737324703292,0.1766223933528607
2040-02-03 04:00:00,43.30263437491158,-0.05969209223974303,0.18406522975062156
2040-02-03 05:00:00,43.30263469182032,0.03718837723147317,0.20426704075073335
2040-02-03 06:00:00,43.302634866427375,-0.29014316201198653,0.2316552818054078
2040-02-03 07:00:00,43.30262558819024,-0.4810002148150261,0.0979914813173552
2040-02-03 08:00:00,43.3026177682704,0.11758282035600587,0.03796705878983921
2040-02-03 09:00:00,43.30261272756665,1.1350206136704628,0.029672610170711093
2040-02-03 10:00:00,43.30259369826627,1.7143852710725014,0.01812650017457436
2040-02-03 11:00:00,35.05377127068573,2.2868559360505287,1.6454074897788726e-07
2040-02-03 12:00:00,0.0251031896392124,3.3745281696320717,4.629110750132979e-08
2040-02-03 13:00:00,0.025105685383233,4.510031223297233,4.59773318284723e-08
2040-02-03 14:00:00,0.0251114669462526,4.592178821563834,4.6030990915668524e-08
2040-02-03 15:00:00,19.991453679670048,4.115855693817252,7.393829704449013e-08
2040-02-03 16:00:00,35.05425549275292,3.9189238548279945,1.7668173251978902e-07
2040-02-03 17:00:00,35.05425966254761,3.8975021839142983,1.7698712990694074e-07
2040-02-03 18:00:00,35.05425870903719,3.7580320835114662,1.7700700568661243e-07
2040-02-03 19:00:00,35.054257327298714,3.6168463230134194,1.7837584982090337e-07
2040-02-03 20:00:00,35.05425891128283,3.5414919853211586,1.8693460098868256e-07
2040-02-03 21:00:00,35.054258632976314,3.604725122451896,1.9539300311133792e-07
2040-02-03 22:00:00,35.05425911038826,3.72434759140026,2.124758552306363e-07
2040-02-03 23:00:00,35.054260344012526,3.879604339599723,2.3534729784120673e-07
2040-02-04 00:00:00,35.05426178914117,3.9741189479829018,2.5470739274349534e-07
2040-02-04 01:00:00,35.054260295171034,4.043792724609489,2.378440264915575e-07
2040-02-04 02:00:00,35.054260485789904,4.134178161621207,2.422462405158453e-07
2040-02-04 03:00:00,35.0542595490363,4.219108581543082,2.263672670770915e-07
2040-02-04 04:00:00,35.054259949973314,4.285286903381461,2.2799927680137387e-07
2040-02-04 05:00:00,35.05426042215623,4.340477943420524,2.2084244544620993e-07
2040-02-04 06:00:00,35.05425862420268,4.719693660736198,1.8805007020214855e-07
2040-02-04 07:00:00,20.06411028177356,4.959650993347282,8.978569331701094e-08
2040-02-04 08:00:00,20.064104108854508,5.100149631500358,8.72064096476237e-08
2040-02-04 09:00:00,20.064100981734654,5.2229609489442055,8.615693133017926e-08
2040-02-04 10:00:00,20.06411106811961,5.804522037506217,9.503537449374315e-08
2040-02-04 11:00:00,20.06408455945528,6.721367359161491,7.952423595179463e-08
2040-02-04 12:00:00,20.06407777723998,7.588068962097282,7.82954691947801e-08
2040-02-04 13:00:00,19.990361656198395,8.159303665161246,7.439266972722278e-08
2040-02-04 14:00:00,20.064086149613196,8.465639114379996,8.055318191469143e-08
2040-02-04 15:00:00,20.06414869451989,8.384767532348746,9.519039564939708e-08
2040-02-04 16:00:00,20.494798894992066,8.24005222320568,1.1828036416615432e-07
2040-02-04 17:00:00,21.011339465794244,7.930601596832389,1.269079479309522e-07
2040-02-04 18:00:00,20.064117731506148,7.692390441894645,9.568815585682454e-08
2040-02-04 19:00:00,20.06410351089453,7.498222351074332,9.032760016287802e-08
2040-02-04 20:00:00,20.06409865698085,6.909196853637809,8.960747268449253e-08
2040-02-04 21:00:00,20.064093986031452,6.669804573059196,9.011354995105169e-08
2040-02-04 22:00:00,20.06409164372197,6.753195762634391,9.375428366288437e-08
2040-02-04 23:00:00,20.06408835565863,6.999284267425651,9.106765321583361e-08
2040-02-05 00:00:00,20.064085164256863,7.072467327118034,8.621709665472726e-08
2040-02-05 01:00:00,20.064084676527465,7.14050912857067,8.535699128162361e-08
2040-02-05 02:00:00,20.064084338637414,7.337752342224235,8.446937960911452e-08
2040-02-05 03:00:00,20.064084718329354,7.416774272918815,8.365757801976559e-08
2040-02-05 04:00:00,20.064086788071684,7.291356563568229,8.302536122895863e-08
2040-02-05 05:00:00,20.06409003160517,7.265913009643668,8.29621772033244e-08
2040-02-05 06:00:00,20.064092455256738,7.325903415680045,8.298501056477026e-08
2040-02-05 07:00:00,20.064090054498944,7.420097351074332,8.307338494185217e-08
2040-02-05 08:00:00,19.990224214247245,7.7028779983521645,7.441445194216224e-08
2040-02-05 09:00:00,20.063969912486048,8.000505447387809,7.516555228431236e-08
2040-02-05 10:00:00,20.064089860278752,8.28186130523693,8.298567419518638e-08
2040-02-05 11:00:00,20.064082996917534,8.654313087463493,7.972024465058785e-08
2040-02-05 12:00:00,20.06409311903072,8.913279533386344,8.501621925248072e-08
2040-02-05 13:00:00,20.06409701742455,9.138873100280875,8.8038166018516e-08
2040-02-05 14:00:00,20.06410154216904,8.849463462829704,9.233944642593902e-08
2040-02-05 15:00:00,20.06412466450012,8.385145187378043,1.0874035595469658e-07
2040-02-05 16:00:00,20.06415829393532,8.887383460998649,1.1389800128788132e-07
2040-02-05 17:00:00,24.795623878100063,8.802499771118278,1.6443034854084074e-07
2040-02-05 18:00:00,21.011713859106536,8.811047554016227,1.350069932463905e-07
2040-02-05 19:00:00,20.06411742239635,8.839291572570914,1.0670423309825677e-07
2040-02-05 20:00:00,20.06410237840588,8.757125854492301,9.388533815374862e-08
2040-02-05 21:00:00,20.06409831773933,8.430117607116813,8.885807713286658e-08
2040-02-05 22:00:00,20.064096677911937,8.343990325927848,8.715450606581788e-08
2040-02-05 23:00:00,20.064095855893285,8.027872085571403,8.58770596666283e-08
2040-02-06 00:00:00,20.06409583588279,7.787205696106071,8.529891012587632e-08
2040-02-06 01:00:00,20.06409591871248,7.78504848480236,8.433495011493955e-08
2040-02-06 02:00:00,20.064098665277573,7.973553180694694,8.568721001886955e-08
2040-02-06 03:00:00,20.064107958443447,8.060584068298454,9.439882654389547e-08
2040-02-06 04:00:00,20.99867398854888,7.801371574401969,1.4460484611759804e-07
2040-02-06 05:00:00,25.950182975461104,7.821655273437614,2.5710264131504315e-07
2040-02-06 06:00:00,25.950193528602565,7.954784870147819,2.664862641129146e-07
2040-02-06 07:00:00,25.950187221413845,8.001043319702262,2.195784299069928e-07
2040-02-06 08:00:00,20.998794336166057,8.1488552093507,9.200138779970493e-08
2040-02-06 09:00:00,20.99876082573876,8.263924598693961,7.936053304586798e-08
2040-02-06 10:00:00,20.998764743123555,8.340535163879508,7.953430795972695e-08
2040-02-06 11:00:00,20.99876308631283,8.477545738220329,7.93830082833384e-08
2040-02-06 12:00:00,20.998686839164712,8.753766059875602,7.801182458887468e-08
2040-02-06 13:00:00,20.998773290814054,8.880390167236442,7.951626010932748e-08
2040-02-06 14:00:00,20.998839056509716,9.022677421569938,9.111944726251079e-08
2040-02-06 15:00:00,43.30242664514525,9.094702720642204,0.005439879177840596
2040-02-06 16:00:00,43.3026234913102,8.799318313598746,0.10758030316957996
2040-02-06 17:00:00,43.30262674068737,8.962347984314079,0.15200131974811115
2040-02-06 18:00:00,43.30262688178804,9.184935569763297,0.15473236034315135
2040-02-06 19:00:00,43.30262633553232,9.26110649108898,0.14825313977027565
2040-02-06 20:00:00,43.302623416539205,9.412644386291618,0.10959046667580775
2040-02-06 21:00:00,43.302597845554224,9.652986526489371,0.03371827796835903
2040-02-06 22:00:00,43.302573345433,9.902580261230582,0.02139523366339957
2040-02-06 23:00:00,43.30259814498309,10.248107910156364,0.036654116508082576
2040-02-07 00:00:00,43.302551410258005,10.58934593200695,0.01620485553472122
2040-02-07 01:00:00,43.30254540589621,10.900115966796989,0.014268893230140876
2040-02-07 02:00:00,43.30255141580498,11.16589736938488,0.016331900057965833
2040-02-07 03:00:00,43.30254606997722,11.464781761169547,0.014156994896377865
2040-02-07 04:00:00,43.3025463275266,11.84427356719982,0.013520834354713736
2040-02-07 05:00:00,43.302550101501645,12.038669586181754,0.013703204300395934
2040-02-07 06:00:00,43.30255683499402,12.064184188842887,0.014420367749240952
2040-02-07 07:00:00,43.302559601425166,12.070563316345329,0.014821262383878467
2040-02-07 08:00:00,43.30255577962642,12.099899291992301,0.013560767448271303
2040-02-07 09:00:00,43.30254725376799,12.182741165161246,0.01030861370118197
2040-02-07 10:00:00,43.30255537734493,12.316885948181266,0.01294062680922545
2040-02-07 11:00:00,43.30254940532092,12.404986381530875,0.010566653887492807
2040-02-07 12:00:00,43.30254906844213,12.432342529296989,0.01009338476183072
2040-02-07 13:00:00,43.30254831941086,12.445495605468864,0.009540519717991282
2040-02-07 14:00:00,43.3025317532796,12.484186172485465,0.00718508117153204
2040-02-07 15:00:00,43.302544759298726,12.478114128112907,0.008407665869145963
2040-02-07 16:00:00,43.302564222181154,12.442160606384391,0.01151211989286464
2040-02-07 17:00:00,43.30259617241946,12.556682586670036,0.0248176377836602
2040-02-07 18:00:00,43.30261291414467,12.905224800109977,0.04508482328103847
2040-02-07 19:00:00,43.30262423379807,13.028116226196403,0.10039863811720826
2040-02-07 20:00:00,43.30262464903647,12.755856513977164,0.10687811175240759
2040-02-07 21:00:00,43.302625501834285,12.776145935058707,0.11571057485012198
2040-02-07 22:00:00,43.30262402459364,12.751419067382926,0.09692631603430352
2040-02-07 23:00:00,43.30262678127043,12.674766540527457,0.13681974366605548
2040-02-08 00:00:00,43.30262585700291,12.576837539672965,0.12461791466858993
2040-02-08 01:00:00,43.30262520275623,12.444671630859489,0.11755024210518725
2040-02-08 02:00:00,43.30262413648404,12.294815063476676,0.10615253538509434
2040-02-08 03:00:00,43.30262327288797,12.099669456482047,0.09655299824646195
2040-02-08 04:00:00,43.30262282202444,11.783027648925895,0.09037051036554279
2040-02-08 05:00:00,43.30262239957912,11.536613464355582,0.08135107685629386
2040-02-08 06:00:00,43.30262520431856,11.499054908752555,0.09898839549768017
2040-02-08 07:00:00,43.30262669711361,11.45910739898693,0.11330645640354374
2040-02-08 08:00:00,43.30262827437586,11.39340972900402,0.13219689381877808
2040-02-08 09:00:00,43.30263055090454,11.34081077575695,0.1884154498902045
2040-02-08 10:00:00,43.302631142652494,11.461922645568961,0.19889238329176126
2040-02-08 11:00:00,43.30263097127365,11.617689132690543,0.18419535845699095
2040-02-08 12:00:00,43.30263069893112,11.72241306304943,0.1745346184066527
2040-02-08 13:00:00,43.3026311336919,11.986057281494254,0.18543274084225145
2040-02-08 14:00:00,43.30263129362164,12.533225059509391,0.1932583861414062
2040-02-08 15:00:00,43.30263080315225,12.508821487426871,0.17083083299438664
2040-02-08 16:00:00,43.302631754140464,12.29064750671398,0.19800928352201094
2040-02-08 17:00:00,43.302632037523416,12.073204040527457,0.20002679942903412
2040-02-08 18:00:00,43.30263197474808,11.843523025512809,0.196230881914003
2040-02-08 19:00:00,43.30263177720211,11.754056930542106,0.1887130629033614
2040-02-08 20:00:00,43.30263183496952,11.708379745483512,0.19267624739469447
2040-02-08 21:00:00,43.30263219758409,11.032149314880485,0.20644119205324052
2040-02-08 22:00:00,43.30263240302791,10.66626358032238,0.21631574643635573
2040-02-08 23:00:00,43.30263244186328,10.581206321716422,0.22003809587233406
2040-02-09 00:00:00,43.30263246232055,10.323752403259391,0.2271380074919162
2040-02-09 01:00:00,43.30263259316556,10.02960300445568,0.2365186817255536
2040-02-09 02:00:00,43.30263273429404,9.914707183838004,0.24328182403715187
2040-02-09 03:00:00,43.30263295091939,9.797121047973746,0.25280596107890935
2040-02-09 04:00:00,43.30263305573663,9.638677597046012,0.2548401759738145
2040-02-09 05:00:00,43.30263333868538,9.288438796997184,0.26281589228714897
2040-02-09 06:00:00,43.3026334930205,8.967266082763786,0.26515036694565164
2040-02-09 07:00:00,43.30263283181097,8.884263038635368,0.25436435463042373
2040-02-09 08:00:00,43.30263281104963,8.725259780883903,0.24091763691082535
2040-02-09 09:00:00,43.30263130990188,8.726771354675407,0.16525976755885066
2040-02-09 10:00:00,43.30263255387264,8.558399200439567,0.21545234665707327
2040-02-09 11:00:00,43.30261869334288,9.624956130981559,0.043374986699426174
2040-02-09 12:00:00,43.30261987067379,10.011644363403434,0.0483495142777328
2040-02-09 13:00:00,43.30263044057415,9.347628593444938,0.1483198761443929
2040-02-09 14:00:00,43.30262436462426,9.595742225647086,0.07256731782643064
2040-02-09 15:00:00,43.302630490326266,9.37029838562023,0.15260705142336534
2040-02-09 16:00:00,43.30263287699332,8.492136955261344,0.25579666659677314
2040-02-09 17:00:00,43.3026331320206,8.17547988891613,0.267397724410955
2040-02-09 18:00:00,43.30263273586044,7.469710826873893,0.25559090003305723
2040-02-09 19:00:00,43.3026322193317,6.96222543716442,0.23120318741728593
2040-02-09 20:00:00,43.30263139907942,6.8073420524598305,0.20115466401928334
2040-02-09 21:00:00,43.30263012155712,6.7584810256959145,0.1620156068649013
2040-02-09 22:00:00,43.30262874446147,6.608020305633659,0.1331454852167062
2040-02-09 23:00:00,43.3026264336126,6.510359287262077,0.10359852931144345
2040-02-10 00:00:00,43.30262473719554,6.352594375610465,0.08982702643639066
2040-02-10 01:00:00,43.30262299685461,6.326210498809928,0.07767856213322757
2040-02-10 02:00:00,43.302621149712174,6.880352497100944,0.06442454103762038
2040-02-10 03:00:00,43.30261928164589,7.346944808960075,0.05206326336410339
2040-02-10 04:00:00,43.30261794038266,7.791513442993278,0.043912688099067725
2040-02-10 05:00:00,43.302616668122255,8.173823356628532,0.038853623229671466
2040-02-10 06:00:00,43.30261564617649,8.429175376892204,0.036699047636615724
2040-02-10 07:00:00,20.06410360229394,8.517022132873649,9.965641850128324e-08
2040-02-10 08:00:00,20.064058482801027,8.758567810058707,8.537368649496506e-08
2040-02-10 09:00:00,0.0254561062881111,9.249040603637809,4.551105332330891e-08
2040-02-10 10:00:00,20.064021228499413,9.519827842712516,7.688847035873527e-08
2040-02-10 11:00:00,0.0252192927996374,10.36500167846691,4.5496886509878534e-08
2040-02-10 12:00:00,19.99017024180722,11.160556793213004,7.406441271165552e-08
2040-02-10 13:00:00,19.99033073887857,11.296927452087516,7.418751959709244e-08
2040-02-10 14:00:00,20.06394199926854,11.197702407837028,7.508119487668189e-08
2040-02-10 15:00:00,20.06404095594404,10.996744155883903,8.093125231339748e-08
2040-02-10 16:00:00,20.06404901396269,10.627943038940543,8.326759699258447e-08
2040-02-10 17:00:00,20.064051534443323,9.835309982299918,8.308622585333163e-08
2040-02-10 18:00:00,20.064048793284485,9.374404907226676,8.307613873347846e-08
2040-02-10 19:00:00,20.06404560311609,9.132117271423454,8.303308943142762e-08
2040-02-10 20:00:00,20.064043144754017,8.821922302246207,8.301863515985927e-08
2040-02-10 21:00:00,20.06404209068701,8.475899696350211,8.305780775065978e-08
2040-02-10 22:00:00,20.06404262967019,8.649326324463004,8.424906807350257e-08
2040-02-10 23:00:00,20.06404169054714,8.655886650085563,8.32287678200279e-08
2040-02-11 00:00:00,20.064042171951517,7.873672485351676,8.31422732131712e-08
2040-02-11 01:00:00,20.06404300824065,7.181450366973991,8.31810411484332e-08
2040-02-11 02:00:00,20.0640446020775,7.2549152374268715,8.336307965716794e-08
2040-02-11 03:00:00,20.064048880109887,8.222640037536735,8.43109150822476e-08
2040-02-11 04:00:00,20.064064076925465,9.31067276000988,8.736857212504482e-08
2040-02-11 05:00:00,20.06409252090771,9.721368789672965,8.948421862936415e-08
2040-02-11 06:00:00,20.06410378915911,9.425666809082145,9.070076791952992e-08
2040-02-11 07:00:00,20.064152138932503,9.000228881836051,9.869881948469187e-08
2040-02-11 08:00:00,21.011725907430847,9.05365371704113,1.0803861808277765e-07
2040-02-11 09:00:00,43.30255436360413,9.055144309997672,0.01280005784758754
2040-02-11 10:00:00,43.30259410264903,9.551143646240348,0.022676290039143194
2040-02-11 11:00:00,43.30262208596484,9.864837646484489,0.06940863638765382
2040-02-11 12:00:00,43.30262977080042,9.574637413025016,0.15214487249247788
2040-02-11 13:00:00,43.3026290161419,10.24286270141613,0.12904826426271016
2040-02-11 14:00:00,43.3026165205451,10.882562637329215,0.044500923747011985
2040-02-11 15:00:00,43.3026298568043,10.474638938903922,0.13828768002823996
2040-02-11 16:00:00,43.30263158144791,9.127176284790153,0.18073165010963427
2040-02-11 17:00:00,43.30263199815089,7.844880104065055,0.18419038884810782
2040-02-11 18:00:00,43.30263203290994,7.346511840820426,0.1869270564326022
2040-02-11 19:00:00,43.302632097861824,7.171951770782584,0.19421263276806103
2040-02-11 20:00:00,43.302631870572895,7.085960865020866,0.18726596139712048
2040-02-11 21:00:00,43.30263196376861,6.87700176239025,0.18864975941733952
2040-02-11 22:00:00,43.30263261996579,6.602840900421256,0.2195723134513322
2040-02-11 23:00:00,43.3026326280432,6.3241162300111,0.22867073756830342
2040-02-12 00:00:00,43.30263240411388,6.114506721496696,0.2232610529400129
2040-02-12 01:00:00,43.30263190129353,5.996208667755241,0.2021773587710703
2040-02-12 02:00:00,43.30263095150648,5.810771465301627,0.1716719249245218
2040-02-12 03:00:00,43.30263000839957,5.46537017822277,0.14768763156758194
2040-02-12 04:00:00,43.302629293668765,5.824922084808463,0.12837410058909313
2040-02-12 05:00:00,43.302630579571854,6.1588411331177895,0.13822253502178927
2040-02-12 06:00:00,43.30263181748432,5.597690582275504,0.15344426465463806
2040-02-12 07:00:00,43.30263295730525,5.585958003997916,0.18012440099232915
2040-02-12 08:00:00,43.30262766337905,6.53802061080944,0.07780563765724459
2040-02-12 09:00:00,43.30263216156944,7.338195800781364,0.1504821438109311
2040-02-12 10:00:00,43.302633562128726,7.4409432411194985,0.21249366574253953
2040-02-12 11:00:00,43.30263158970676,7.99757289886486,0.1355909048990701
2040-02-12 12:00:00,43.302633197107305,7.94080209732067,0.1877689254755873
2040-02-12 13:00:00,43.30263326491068,8.030722618103141,0.19140149477085588
2040-02-12 14:00:00,43.30263356482284,7.918910980224723,0.20964970288365029
2040-02-12 15:00:00,43.30263373869279,7.771329879760856,0.22171316089990134
2040-02-12 16:00:00,43.3026341542206,7.684025764465446,0.24050530153720684
2040-02-12 17:00:00,43.30263434314835,7.782943725586051,0.24812481361016325
2040-02-12 18:00:00,43.30263427259652,7.702531814575309,0.24441450521944938
2040-02-12 19:00:00,43.30263424170794,7.54916620254528,0.2453773802498617
2040-02-12 20:00:00,43.302633918234335,7.645946025848502,0.23633876632573
2040-02-12 21:00:00,43.30263391756128,7.720530033111686,0.23489499619223428
2040-02-12 22:00:00,43.302634360750645,7.547971248626823,0.26982579427802766
2040-02-12 23:00:00,43.30263422351053,7.369424819946403,0.2677201699553507
2040-02-13 00:00:00,43.30263379239838,7.2520089149476235,0.24598887831785465
2040-02-13 01:00:00,43.302633774465406,7.250037670135612,0.2505008784736933
2040-02-13 02:00:00,43.30263389683281,7.165285587310905,0.2578788373315117
2040-02-13 03:00:00,43.30263389640113,7.032414436340446,0.25780540755930076
2040-02-13 04:00:00,43.30263398668017,6.830019474029655,0.2585158979075812
2040-02-13 05:00:00,43.30263438656477,6.911764144897575,0.2704607856772575
2040-02-13 06:00:00,43.30263461975596,7.098417282104606,0.2752206711830776
2040-02-13 07:00:00,43.30263406467361,7.175948143005485,0.2660503401975094
2040-02-13 08:00:00,43.3026336590603,7.451304435730094,0.23336834754260324
2040-02-13 09:00:00,43.30262633279952,8.006197929382438,0.0797190530076037
2040-02-13 10:00:00,43.30263208228301,8.097616195678825,0.17029247786292423
2040-02-13 11:00:00,43.302613415586045,8.704417228698844,0.040339029942309666
2040-02-13 12:00:00,43.30261567494087,8.92150974273693,0.044133997698456155
2040-02-13 13:00:00,43.30263326779992,8.348337173462028,0.2324641218855898
2040-02-13 14:00:00,43.30263367725766,8.093892097473258,0.25787956645001925
2040-02-13 15:00:00,43.30263377815124,8.062510490417594,0.267788631860559
2040-02-13 16:00:00,43.30263338501193,8.275227546692008,0.2506205679671494
2040-02-13 17:00:00,43.3026332715429,8.25583648681652,0.23803083660951344
2040-02-13 18:00:00,43.30263216457546,8.247966766357536,0.19084209148882952
2040-02-13 19:00:00,43.302631350666495,8.267340660095329,0.17425416281215478
2040-02-13 20:00:00,43.3026301493056,8.321110725402946,0.15153466137104385
2040-02-13 21:00:00,43.30262811503157,8.429710388183707,0.11914588730717826
2040-02-13 22:00:00,43.30261953895964,8.674014091491813,0.06212024127115271
2040-02-13 23:00:00,43.30260488388496,8.635540008545036,0.03646170329631108
2040-02-14 00:00:00,43.30260104133761,8.603444099426383,0.03184552927160521
2040-02-14 01:00:00,43.3025972631594,8.588571548462028,0.02547653818671728
2040-02-14 02:00:00,43.30259627699752,8.498965263366813,0.02372397240609339
2040-02-14 03:00:00,43.302593849079074,8.509788513183707,0.01945609755861623
2040-02-14 04:00:00,43.30259139758478,8.2856960296632,0.016853528594011468
2040-02-14 05:00:00,43.30258966477783,7.799538135528678,0.015890753973484446
2040-02-14 06:00:00,43.30258440840942,7.3040485382081215,0.013984025876253902
2040-02-14 07:00:00,20.06410386798425,7.0200800895692055,8.410168925703494e-08
2040-02-14 08:00:00,0.0253006522444576,7.052267551422233,4.548219750782241e-08
2040-02-14 09:00:00,0.0251045800716212,7.320007801056022,4.592505415975728e-08
2040-02-14 10:00:00,0.0251469475490497,7.359432697296256,4.5463709934437105e-08
2040-02-14 11:00:00,0.0251110350144724,8.23966503143322,4.5629419020993224e-08
2040-02-14 12:00:00,0.0250999964570653,9.809769630432243,4.567903248672244e-08
2040-02-14 13:00:00,0.0252016280431158,9.75010204315197,4.545020953539531e-08
2040-02-14 14:00:00,0.0251088285510721,9.797908782959098,4.567114034709569e-08
2040-02-14 15:00:00,20.0639704258154,9.123930931091422,7.485881350762767e-08
2040-02-14 16:00:00,20.06474693040417,7.974134445190543,9.278725858020914e-08
2040-02-14 17:00:00,43.302522781018126,7.390154361724967,0.009476962382991578
2040-02-14 18:00:00,43.302596261626825,7.524674415588493,0.029332837233093774
2040-02-14 19:00:00,43.30262389597702,7.446498394012565,0.09031915231015551
2040-02-14 20:00:00,43.30262873167742,7.296062946319694,0.14221424952995965
2040-02-14 21:00:00,43.30263040665277,7.050605773925895,0.1709345345606163
2040-02-14 22:00:00,43.30263089906524,6.753079891204948,0.17933981050961695
2040-02-14 23:00:00,43.302631856957404,6.187875747680778,0.2014647395755704
2040-02-15 00:00:00,43.302631718540034,6.216834545135612,0.2030207253207542
2040-02-15 01:00:00,43.30263185641282,6.282102108001823,0.207344177168982
2040-02-15 02:00:00,43.30263200993096,6.094091415405387,0.21220394737841436
2040-02-15 03:00:00,43.30263210287114,5.799576282501334,0.21722248641071326
2040-02-15 04:00:00,43.3026323348559,5.574451923370475,0.22634548152932105
2040-02-15 05:00:00,43.302633627342935,5.429721832275504,0.2366583011758699
2040-02-15 06:00:00,43.30263428876056,5.353379249572868,0.24220215865616918
2040-02-15 07:00:00,43.3026343412316,5.25139141082775,0.24548000908176437
2040-02-15 08:00:00,43.30263393769401,5.397746086120719,0.2140589244147817
2040-02-15 09:00:00,43.30263359528124,5.820965766906852,0.19765460759784803
2040-02-15 10:00:00,43.30262879472301,6.842123508453483,0.08310674115814773
2040-02-15 11:00:00,43.30262992328581,7.262235641479606,0.09839797663166912
2040-02-15 12:00:00,43.302631896041405,7.357328891754264,0.1382510469366903
2040-02-15 13:00:00,43.30263285919993,7.146167278289909,0.1696928248466589
2040-02-15 14:00:00,43.30263338001272,6.4799189567567055,0.18922280861808402
2040-02-15 15:00:00,43.302634144363786,5.276928901672477,0.22415169182222022
2040-02-15 16:00:00,43.30263469244267,5.178687572479362,0.2513731687232412
2040-02-15 17:00:00,43.30263487270184,5.352638721466178,0.25510395688239756
2040-02-15 18:00:00,43.30263484446972,5.3297982215882485,0.25448966413311
2040-02-15 19:00:00,43.3026347144506,5.21691465377819,0.2537562898716319
2040-02-15 20:00:00,43.30263438282087,5.0183124542237465,0.245518040625904
2040-02-15 21:00:00,43.30263405866961,4.809180736541862,0.23288480921992838
2040-02-15 22:00:00,43.3026340696121,4.703952312469596,0.23284159023164167
2040-02-15 23:00:00,43.3026339583887,4.606988906860465,0.2291562167176384
2040-02-16 00:00:00,43.30263397698702,4.5409822463990395,0.23605585931125922
2040-02-16 01:00:00,43.30263407864671,4.534597873687858,0.24660835197849856
2040-02-16 02:00:00,43.302634118282086,4.475385665893668,0.2509804247181546
2040-02-16 03:00:00,43.30263411908291,4.159787654876823,0.24855421380035225
2040-02-16 04:00:00,43.302634142498505,4.136233806610221,0.24298508152733198
2040-02-16 05:00:00,43.302634941916544,4.173831462860221,0.25834116443217936
2040-02-16 06:00:00,43.30263517021124,4.307000637054557,0.2616828563435786
2040-02-16 07:00:00,43.302634933920906,4.566458225250358,0.2603176695701299
2040-02-16 08:00:00,43.30263455960176,4.809440612793082,0.22809770309437427
2040-02-16 09:00:00,43.30263485592926,5.079987525940055,0.24349036954601677
2040-02-16 10:00:00,43.302635130938256,5.231564998626823,0.26494944705449297
2040-02-16 11:00:00,43.30263484655429,5.833617210388297,0.236792225027053
2040-02-16 12:00:00,43.302634861713926,5.947507858276481,0.24557980159268736
2040-02-16 13:00:00,43.30263501583512,5.737490653991813,0.26769074079990757
2040-02-16 14:00:00,43.30263503373915,5.778862953186149,0.2702246188598659
2040-02-16 15:00:00,43.30263517958203,5.959315776825065,0.27645291926975496
2040-02-16 16:00:00,43.30263530144759,6.061002254486198,0.2787320257215951
2040-02-16 17:00:00,43.302635440301664,6.137965679168815,0.2816076477975179
2040-02-16 18:00:00,43.302635462125146,6.187147617340202,0.2823406655660078
2040-02-16 19:00:00,43.3026353583776,6.236625194549674,0.2807903216664899
2040-02-16 20:00:00,43.30263511796058,6.3079195022584145,0.2764193709163986
2040-02-16 21:00:00,43.30263487054848,6.350514411926383,0.27186707742658905
2040-02-16 22:00:00,43.30263482012278,6.357145309448356,0.27159320840566453
2040-02-16 23:00:00,43.30263477086646,6.3391180038453285,0.2711520556958393
2040-02-17 00:00:00,43.30263465103008,6.289089202880973,0.26574361795676205
2040-02-17 01:00:00,43.30263449820711,6.140128612518424,0.2570508753730504
2040-02-17 02:00:00,43.302634361676624,5.9303069114686195,0.24366275556500344
2040-02-17 03:00:00,43.30263432843446,5.855429649353141,0.23662096476812455
2040-02-17 04:00:00,43.302634495752514,5.767148971557731,0.23968755195579883
2040-02-17 05:00:00,43.30263508276767,5.737826824188346,0.25532429694459025
2040-02-17 06:00:00,43.302635496305726,5.745509147644157,0.26854894280561903
2040-02-17 07:00:00,43.30263525352423,5.754099845886344,0.2585358242023912
2040-02-17 08:00:00,43.30263507667024,5.8569097518922035,0.23773591090893303
2040-02-17 09:00:00,43.3026349887168,6.092215061187858,0.23485535976945904
2040-02-17 10:00:00,43.30263504847461,6.290779590606803,0.23804234598708132
2040-02-17 11:00:00,43.30263480144146,6.450333595275993,0.22587446049190396
2040-02-17 12:00:00,43.30263466882824,6.525065898895377,0.21860673532679903
2040-02-17 13:00:00,43.3026345716164,6.495581150055045,0.2152704291734699
2040-02-17 14:00:00,43.3026345893815,6.379860877990836,0.21923007431986388
2040-02-17 15:00:00,43.302634707292455,6.180734634399528,0.2293740179672775
2040-02-17 16:00:00,43.30263489455856,5.939531803131217,0.24005770032599721
2040-02-17 17:00:00,43.30263504894123,5.706729888916129,0.2396527629997851
2040-02-17 18:00:00,43.30263495556199,5.546249866485709,0.23186243360946204
2040-02-17 19:00:00,43.30263480052492,5.460305213928336,0.227304038330458
2040-02-17 20:00:00,43.30263451140216,5.358045578003043,0.21967494115191677
2040-02-17 21:00:00,43.30263438671117,5.243561744690055,0.21862920399028463
2040-02-17 22:00:00,43.30263435829738,5.142718791961784,0.21950625579268082
2040-02-17 23:00:00,43.30263433818473,5.014607906341666,0.22472343647078138
2040-02-18 00:00:00,43.302634171304256,4.934898853302116,0.21607852135288713
2040-02-18 01:00:00,43.30263398620666,4.840405941009635,0.20360468357865757
2040-02-18 02:00:00,43.302634004680336,4.753115653991813,0.20448755337837435
2040-02-18 03:00:00,43.30263406378047,4.663015842437858,0.20535512741073
2040-02-18 04:00:00,43.30263468416808,4.585735321045036,0.22579925229586048
2040-02-18 05:00:00,43.302635529810985,4.518436431884879,0.2511510593549941
2040-02-18 06:00:00,43.302635576754014,4.459360122680778,0.2502495415560095
2040-02-18 07:00:00,43.30263535409903,4.465647220611686,0.23928562593698446
2040-02-18 08:00:00,43.30263525790324,4.635709762573356,0.23012524968500883
2040-02-18 09:00:00,43.30263533847268,4.825826644897575,0.24630020297351166
2040-02-18 10:00:00,43.30263544604012,5.01055479049694,0.2515030157578938
2040-02-18 11:00:00,43.30263519267954,5.262875080108756,0.22970712126555937
2040-02-18 12:00:00,43.30263499653743,5.427196502685661,0.2148410722827453
2040-02-18 13:00:00,43.30263509666803,5.442876338958854,0.22695468677734593
2040-02-18 14:00:00,43.302635177921736,5.3090791702271645,0.23705929452430194
2040-02-18 15:00:00,43.30263537071039,5.107309341430778,0.253696154139494
2040-02-18 16:00:00,43.30263560316212,4.798568248748893,0.2728091182617315
2040-02-18 17:00:00,43.30263564092292,4.484370231628532,0.27224909708581446
2040-02-18 18:00:00,43.30263559255808,4.191867351532096,0.2652599577510793
2040-02-18 19:00:00,43.302635517100285,4.033473014831657,0.26622352965991253
2040-02-18 20:00:00,43.30263535923484,3.299674034118766,0.27145786754625806
2040-02-18 21:00:00,43.30263516079734,2.7783100605012123,0.2732788593373761
2040-02-18 22:00:00,43.30263505119312,1.990523815155143,0.2734925944119443
2040-02-18 23:00:00,43.30263498305381,0.929831504821891,0.2722244578620574
2040-02-19 00:00:00,43.30263493631037,1.2905651330949013,0.27106801919510914
2040-02-19 01:00:00,43.30263489974413,1.8380306959153359,0.26983224105606735
2040-02-19 02:00:00,43.30263488152348,2.29913425445568,0.26857383710956406
2040-02-19 03:00:00,43.302634950152566,2.4037191867829506,0.2682586997628628
2040-02-19 04:00:00,43.30263594580053,2.405532598495597,0.28934158866678816
2040-02-19 05:00:00,43.302636123563374,2.4007959365845863,0.29275191713887594
2040-02-19 06:00:00,43.302636139187534,2.3742952346802895,0.2929552955608569
2040-02-19 07:00:00,43.30263588221625,2.46130204200756,0.2696628115150616
2040-02-19 08:00:00,43.302635626003486,2.7599596977235024,0.2470717702152753
2040-02-19 09:00:00,43.30263546691685,3.2155148983002846,0.23269351396016116
2040-02-19 10:00:00,43.3026352727615,3.6837346553803627,0.21207177902014404
2040-02-19 11:00:00,43.30263489530786,4.182539463043327,0.18831625751606124
2040-02-19 12:00:00,43.30263244738285,5.058388710022086,0.10046061933782165
2040-02-19 13:00:00,43.302635110751886,4.675601482391471,0.21497869561638547
2040-02-19 14:00:00,43.302635383131104,4.453507423400993,0.24278888263388007
2040-02-19 15:00:00,43.30263553801262,4.266468524932975,0.2528930550833305
2040-02-19 16:00:00,43.30263568068766,3.819656133651847,0.27242925727595013
2040-02-19 17:00:00,43.30263583157175,3.414238929748649,0.2800246104815664
2040-02-19 18:00:00,43.30263579168715,3.1848428249360268,0.27592020629876846
2040-02-19 19:00:00,43.30263569842172,3.0439124107361977,0.275683417775907
2040-02-19 20:00:00,43.30263541769347,2.892426252365226,0.2667351465237818
2040-02-19 21:00:00,43.30263498687553,2.8323614597321694,0.25436677130016266
2040-02-19 22:00:00,43.30263436928636,2.7767536640168373,0.23639705921449244
2040-02-19 23:00:00,43.30263408213205,2.686592340469474,0.22591134726965786
2040-02-20 00:00:00,43.30263369855515,2.403860569000358,0.20601823253110946
2040-02-20 01:00:00,43.30263345814468,1.8642718791962807,0.1950717172016476
2040-02-20 02:00:00,43.30263299559304,1.8597024679185097,0.17258409560732488
2040-02-20 03:00:00,43.30263266940307,1.9952578544617836,0.15581384784137345
2040-02-20 04:00:00,43.30263384194461,1.8285026550294106,0.1670920652392054
2040-02-20 05:00:00,43.30263445779371,1.2362544536591713,0.18382017551938243
2040-02-20 06:00:00,43.30263440825471,0.5510581731797402,0.18242229151822867
2040-02-20 07:00:00,43.302629192476296,0.6215146183968727,0.07326664915834413
2040-02-20 08:00:00,43.30262000972447,1.7175394296647255,0.037210421771912576
2040-02-20 09:00:00,43.302617965965055,3.060669183731193,0.03454479029930144
2040-02-20 10:00:00,43.30262054982258,4.481492519378776,0.0403558353295127
2040-02-20 11:00:00,43.30262931374905,4.890880107879752,0.0871900746611442
2040-02-20 12:00:00,43.3026185837481,5.529532909393424,0.03870321852513428
2040-02-20 13:00:00,43.30260768747004,6.6301312446595375,0.02225622243776163
2040-02-20 14:00:00,43.30261231949495,7.112779617309684,0.02717769265768678
2040-02-20 15:00:00,43.30262628701565,6.991815567016715,0.06653626971707655
2040-02-20 16:00:00,43.30262962918252,6.4890108108521645,0.09283049356595145
2040-02-20 17:00:00,43.3026313697517,5.279489994049186,0.11581615050833506
2040-02-20 18:00:00,43.30262956376566,4.346909999847526,0.08796257596826376
2040-02-20 19:00:00,43.30262668943486,3.602781772613639,0.06691235945415686
2040-02-20 20:00:00,43.30262426540047,3.400806903839225,0.06100691523386884
2040-02-20 21:00:00,43.30262117149984,3.159251213073844,0.055883782089175174
2040-02-20 22:00:00,43.30262135080978,3.3702673912049477,0.06343882657639768
2040-02-20 23:00:00,43.30262051369812,3.915704011917228,0.061365893822158034
2040-02-21 00:00:00,43.30262027894904,4.898764133453483,0.05979546540592724
2040-02-21 01:00:00,43.30261924128477,5.7331891059876625,0.056504555425278616
2040-02-21 02:00:00,43.30261895011429,6.037248134613151,0.05524770761459415
2040-02-21 03:00:00,43.30261910362621,6.060708045959586,0.0558771660814107
2040-02-21 04:00:00,43.30261924740164,6.242871761322135,0.05494384746569182
2040-02-21 05:00:00,43.3026203688784,6.327584266662711,0.05716495990874992
2040-02-21 06:00:00,43.30262182025055,6.062705993652457,0.06073604148802702
2040-02-21 07:00:00,27.339866274373996,6.003837585449332,1.753894337451411e-07
2040-02-21 08:00:00,27.332258310134264,6.1645703315736,1.7673832134261475e-07
2040-02-21 09:00:00,27.33229922210816,6.395823955536002,1.9027877608252895e-07
2040-02-21 10:00:00,27.334422368538164,6.683372020721549,1.974838942621511e-07
2040-02-21 11:00:00,27.332221055027517,7.194447040557975,1.6390537360970688e-07
2040-02-21 12:00:00,27.33221775687197,7.473420619964713,1.5375672066394588e-07
2040-02-21 13:00:00,27.33221631253398,7.860375881195182,1.489293468813013e-07
2040-02-21 14:00:00,27.332214920561444,8.260823249817008,1.394535775474912e-07
2040-02-21 15:00:00,27.332220892412334,7.90528774261486,1.7435271780631264e-07
2040-02-21 16:00:00,27.332217255046565,7.737096309661979,1.5129295650930265e-07
2040-02-21 17:00:00,27.33222543159045,7.756662845611686,1.7684012466580169e-07
2040-02-21 18:00:00,27.33224003254606,7.905330657959098,1.872050507933429e-07
2040-02-21 19:00:00,27.33222843039525,8.08664989471447,1.84708641734829e-07
2040-02-21 20:00:00,27.33222172071449,8.06042861938488,1.7756226647053683e-07
2040-02-21 21:00:00,27.332222452155527,8.040633201599235,1.796576162667765e-07
2040-02-21 22:00:00,27.33223276943712,8.064959526062125,2.0532014388216327e-07
2040-02-21 23:00:00,27.332226614441463,8.009510040283317,1.9817002317960747e-07
2040-02-22 00:00:00,27.332223074705983,7.834923267364616,1.936878857664557e-07
2040-02-22 01:00:00,27.332221658019662,7.585484504699821,1.908625533678857e-07
2040-02-22 02:00:00,27.332221056540195,7.332710742950553,1.8872848467820118e-07
2040-02-22 03:00:00,27.33222023020588,7.142443180084342,1.8283682014836647e-07
2040-02-22 04:00:00,27.332219334592217,6.889513492584342,1.7382058270135183e-07
2040-02-22 05:00:00,27.332218581695106,6.623492240905875,1.5981056761855692e-07
2040-02-22 06:00:00,27.33221944974318,6.421270370483512,1.541537495255258e-07
2040-02-22 07:00:00,21.010797989883685,6.421267986297721,1.0358610379394988e-07
2040-02-22 08:00:00,21.010796137021742,6.437148571014518,9.614505731462676e-08
2040-02-22 09:00:00,21.010793733021234,6.569577693939323,8.966818855199184e-08
2040-02-22 10:00:00,21.010798882971606,6.726578712463493,1.024771204073986e-07
2040-02-22 11:00:00,21.01080001021185,6.843865871429557,1.0448256156983066e-07
2040-02-22 12:00:00,21.010796082794784,6.957720279693717,9.00917741336071e-08
2040-02-22 13:00:00,21.010792448603887,7.088725566864127,8.464203889329223e-08
2040-02-22 14:00:00,21.01079488021438,7.122828483581657,8.490565560509387e-08
2040-02-22 15:00:00,21.01079352268297,7.2307734489442055,8.227247273997029e-08
2040-02-22 16:00:00,21.010849259685976,6.90304803848278,9.521185062680894e-08
2040-02-22 17:00:00,21.01169689583494,6.64342832565319,1.2102422967129092e-07
2040-02-22 18:00:00,21.011824274236368,6.6281991004944985,1.4663167106399721e-07
2040-02-22 19:00:00,21.46285604908872,6.721913337707633,1.8056365518619234e-07
2040-02-22 20:00:00,21.01173103054968,6.701114177703971,1.588494701464216e-07
2040-02-22 21:00:00,21.011747472411475,6.710308551788444,1.650414182103363e-07
2040-02-22 22:00:00,25.96610745184158,6.7723760604859535,2.588229722895103e-07
2040-02-22 23:00:00,21.01203469843488,6.825442790985221,1.9337012211631066e-07
2040-02-23 00:00:00,21.011755623424857,6.99349403381359,1.7740398027590722e-07
2040-02-23 01:00:00,21.01173639404076,7.212931156158561,1.7047618467536685e-07
2040-02-23 02:00:00,21.011720383303185,7.472252368927116,1.6037220514299187e-07
2040-02-23 03:00:00,21.01171515663149,7.695627689361686,1.493609650256324e-07
2040-02-23 04:00:00,21.011714609381727,7.908623218536491,1.4545143713638712e-07
2040-02-23 05:00:00,21.01171614819764,8.147514343261832,1.4370428666643923e-07
2040-02-23 06:00:00,21.011718785962543,8.394103050232047,1.4558103896568047e-07
2040-02-23 07:00:00,21.01172288772571,8.574707031250114,1.5436146549016058e-07
2040-02-23 08:00:00,21.01171169283603,8.71619796752941,1.0225040229942134e-07
2040-02-23 09:00:00,21.01171583632084,8.937606811523551,1.1261686018535441e-07
2040-02-23 10:00:00,21.011721521064235,9.27172660827648,1.2503967860728084e-07
2040-02-23 11:00:00,21.01171862001601,9.583911895752067,1.1027812309237871e-07
2040-02-23 12:00:00,21.011716212653457,9.926857948303336,9.459323619157774e-08
2040-02-23 13:00:00,21.011721459150625,9.758065223693961,1.0830319609115706e-07
2040-02-23 14:00:00,21.01172356677124,9.710595130920524,1.0412223021400478e-07
2040-02-23 15:00:00,21.01173178447725,9.547102928161735,1.266941852055838e-07
2040-02-23 16:00:00,21.011739049524525,9.528159141540641,1.3838478215361457e-07
2040-02-23 17:00:00,21.011753378233017,9.517216682434196,1.4951692906856743e-07
2040-02-23 18:00:00,21.01181378085491,9.573799133300895,1.6513071645467291e-07
2040-02-23 19:00:00,21.011751990063598,9.90260219573986,1.4745542676343548e-07
2040-02-23 20:00:00,21.01175629860142,10.08050346374523,1.5417098655263493e-07
2040-02-23 21:00:00,21.01178690931785,10.117980003357047,1.6912855911012839e-07
2040-02-23 22:00:00,25.96615045305113,10.039560317993278,2.581492387896898e-07
2040-02-23 23:00:00,25.96612792415449,9.887474060058707,2.6471735920155504e-07
2040-02-24 00:00:00,21.011784905657628,9.336113929748649,1.914515606147054e-07
2040-02-24 01:00:00,21.011748312392942,8.797739028930778,1.5219693902669577e-07
2040-02-24 02:00:00,21.011747475037577,8.101616859436149,1.4552463117678796e-07
2040-02-24 03:00:00,21.011748985211764,7.4949054718018715,1.5010411002727817e-07
2040-02-24 04:00:00,21.011747329119316,6.944674968719596,1.3078988784399213e-07
2040-02-24 05:00:00,21.01174965094354,6.495635986328239,1.0905128304745936e-07
2040-02-24 06:00:00,21.011752998493844,6.01671934127819,1.1109884986076694e-07
2040-02-24 07:00:00,21.0117569689177,5.693586826324577,1.1661889570224727e-07
2040-02-24 08:00:00,21.46267241184638,5.52829742431652,1.503045675781135e-07
2040-02-24 09:00:00,21.01175406607165,5.847270011901969,1.1453659974450468e-07
2040-02-24 10:00:00,21.011699620604823,6.052460670471305,7.843368745739384e-08
2040-02-24 11:00:00,19.990323585446344,6.353737831115836,7.427793545929804e-08
2040-02-24 12:00:00,21.01175149395142,7.351640224456901,9.076184808596254e-08
2040-02-24 13:00:00,21.011758835073,8.119747161865348,9.161540325475515e-08
2040-02-24 14:00:00,21.01177534771129,8.732903480529899,8.117720910753659e-08
2040-02-24 15:00:00,27.332434335524848,8.47699356079113,1.3904318673062092e-07
2040-02-24 16:00:00,43.30259752965433,7.757342338562125,0.03143832757125051
2040-02-24 17:00:00,43.302624932467324,6.613681316375846,0.10022027745535177
2040-02-24 18:00:00,43.30262416326902,5.307390689849967,0.09277340417522818
2040-02-24 19:00:00,43.30262451651103,5.211767673492545,0.09903265478851117
2040-02-24 20:00:00,43.302625934761096,5.312491416931266,0.11707599536092668
2040-02-24 21:00:00,43.30262733903449,5.7229866981507485,0.13839747825842788
2040-02-24 22:00:00,43.30262797688407,6.145667552948112,0.154629959912889
2040-02-24 23:00:00,43.30262627859248,6.724254608154411,0.13038652950493015
2040-02-25 00:00:00,43.30262144075696,7.279284954071159,0.08749567262441654
2040-02-25 01:00:00,43.302613710978456,7.9202055931092445,0.05805367657085994
2040-02-25 02:00:00,43.30261291515743,8.837377548217887,0.05655942201879794
2040-02-25 03:00:00,43.302611185448406,9.366044998169059,0.05255462979404742
2040-02-25 04:00:00,43.30261370219627,10.307943344116325,0.05693501010525269
2040-02-25 05:00:00,43.30261862104694,11.011763572692985,0.06786041455913913
2040-02-25 06:00:00,43.30262127743916,11.626015663147086,0.07297267775752612
2040-02-25 07:00:00,43.30261514426934,12.121546745300407,0.050373269057660805
2040-02-25 08:00:00,43.302606652448695,12.943709373474235,0.03279902778815367
2040-02-25 09:00:00,43.30260201189824,13.956963539123649,0.024416889707337946
2040-02-25 10:00:00,43.30262429799197,13.088238716125602,0.08758807850193819
2040-02-25 11:00:00,43.30260499324741,12.57148361206066,0.027528202981827853
2040-02-25 12:00:00,43.30261149599864,12.11892127990734,0.03916968576372839
2040-02-25 13:00:00,43.302607789676486,11.777770996093864,0.030744100692852664
2040-02-25 14:00:00,43.30261181689696,11.22216892242443,0.0388130381844703
2040-02-25 15:00:00,43.30261254792909,10.661767005920524,0.0400073714045325
2040-02-25 16:00:00,43.30262126805898,9.88606166839611,0.0667834936599618
2040-02-25 17:00:00,43.30262691662668,9.048811912536735,0.10457706462141549
2040-02-25 18:00:00,43.30262708812953,8.489424705505485,0.10784990428484256
2040-02-25 19:00:00,43.30262724980487,8.09796524047863,0.11414233481203008
2040-02-25 20:00:00,43.30262776968357,7.794281959533805,0.12578019410511937
2040-02-25 21:00:00,43.30262801991064,7.562512874603385,0.12987301791080513
2040-02-25 22:00:00,43.30262860496514,7.392860889434928,0.14392296018872483
2040-02-25 23:00:00,43.30262770325151,7.276231288910026,0.13229421666567784
2040-02-26 00:00:00,43.30262804316687,7.108887195587272,0.1438068566420485
2040-02-26 01:00:00,43.3026282967542,6.894308567047233,0.15143379977341018
2040-02-26 02:00:00,43.30262747030192,6.654422283172721,0.13789849365236206
2040-02-26 03:00:00,43.302627050915845,6.40428733825695,0.13161874330722428
2040-02-26 04:00:00,43.302627197418246,6.156307697296256,0.12857504944215004
2040-02-26 05:00:00,43.3026295127637,5.905858516693229,0.16329862731478917
2040-02-26 06:00:00,43.30263019318621,5.633082866668815,0.16920835075990073
2040-02-26 07:00:00,43.30262294921792,5.899281024932975,0.07685036238997695
2040-02-26 08:00:00,43.30261716949898,7.111812591552848,0.05277352709025504
2040-02-26 09:00:00,43.30260714189714,8.786607742309684,0.03361985256459478
2040-02-26 10:00:00,43.30260307577469,10.278482437133903,0.027482769774632074
2040-02-26 11:00:00,43.3026007535545,11.15350151062023,0.023709099086120136
2040-02-26 12:00:00,43.302606659165136,11.085199356079215,0.03333752754591095
2040-02-26 13:00:00,43.30260863785178,10.993709564209098,0.037133296835163025
2040-02-26 14:00:00,43.30260216398677,11.45633983612072,0.02439851539346254
2040-02-26 15:00:00,43.302609094472345,11.283239364624137,0.03781876396836758
2040-02-26 16:00:00,43.30262699115644,10.571156501770133,0.12135108705957653
2040-02-26 17:00:00,43.30262693323404,9.855436325073356,0.11544777667422512
2040-02-26 18:00:00,43.3026197709609,9.244155883789176,0.06304794360662404
2040-02-26 19:00:00,43.30261145746484,8.802277565002555,0.040174056523490695
2040-02-26 20:00:00,43.30260774536063,8.573372840881461,0.032673239396265104
2040-02-26 21:00:00,43.30260808461847,8.39796352386486,0.03308461867740822
2040-02-26 22:00:00,43.30261324710814,8.096274375915641,0.046206067499269435
2040-02-26 23:00:00,43.30261531351023,8.000205993652457,0.053387621706742903
2040-02-27 00:00:00,43.30261516504888,7.995407581329459,0.05570343358132239
2040-02-27 01:00:00,43.30261625115885,7.670928001403922,0.060599510110657055
2040-02-27 02:00:00,43.30261912768122,7.589190959930534,0.07320248500265367
2040-02-27 03:00:00,43.302622493893935,7.792047500610465,0.09297133889163887
2040-02-27 04:00:00,43.30262420622853,7.734556198120231,0.10251564261805103
2040-02-27 05:00:00,43.3026271917527,7.907499790191764,0.13362570681233982
2040-02-27 06:00:00,43.302628113678814,8.93323898315441,0.14381492029885826
2040-02-27 07:00:00,43.30262336726497,10.53965282440197,0.08227540745282359
2040-02-27 08:00:00,43.30262037422425,11.471897125244254,0.06354823490779271
2040-02-27 09:00:00,43.3026125846879,13.987829208374137,0.0374656112177532
2040-02-27 10:00:00,43.302611093773095,15.581300735473746,0.032843738314795
2040-02-27 11:00:00,43.30261000816978,16.73779678344738,0.029775058438309847
2040-02-27 12:00:00,43.30261120791404,17.474880218505973,0.031699702498011975
2040-02-27 13:00:00,43.30261303817341,17.980232238769645,0.03544152086285072
2040-02-27 14:00:00,43.30261776706836,17.954524993896598,0.048687606934215755
2040-02-27 15:00:00,43.30262726464929,16.811645507812614,0.12354490319848536
2040-02-27 16:00:00,43.302629487751226,15.935479164123649,0.1694287516671029
2040-02-27 17:00:00,43.30263004188436,15.624632835388297,0.17683784458563134
2040-02-27 18:00:00,43.30262929195766,15.558149337768668,0.1505897890987215
2040-02-27 19:00:00,43.3026294565997,15.575417518615836,0.16007486237450197
2040-02-27 20:00:00,43.30262981464051,15.684875488281364,0.17756910233757306
2040-02-27 21:00:00,43.30262990617221,15.742462158203239,0.18072036461300098
2040-02-27 22:00:00,43.30262984569399,15.70493316650402,0.18012633781693727
2040-02-27 23:00:00,43.3026296242285,15.654866218567008,0.17812943696845465
2040-02-28 00:00:00,43.30262974411916,15.570970535278434,0.1839357662596148
2040-02-28 01:00:00,43.30263008346432,15.404463768005485,0.1991157898091345
2040-02-28 02:00:00,43.302630396912,15.147949218750114,0.2085679549681595
2040-02-28 03:00:00,43.3026306939102,14.827548027038688,0.21373322697265185
2040-02-28 04:00:00,43.30263101331597,14.447847366333121,0.2177220930757946
2040-02-28 05:00:00,43.3026314784005,14.194641113281364,0.2237291653112749
2040-02-28 06:00:00,43.30263186006511,13.950892448425407,0.2317719859953281
2040-02-28 07:00:00,43.30262867611356,13.914372444152946,0.13013577491568576
2040-02-28 08:00:00,43.30262618615876,14.167110443115348,0.09197669539752487
2040-02-28 09:00:00,43.30263119694606,13.614582061767692,0.20249873074570524
2040-02-28 10:00:00,43.30263097434289,13.623763084411735,0.18856067810335786
2040-02-28 11:00:00,43.30263016709825,13.822575569152946,0.16268002845801785
2040-02-28 12:00:00,43.30263144429133,13.503178596496696,0.21376927710586172
2040-02-28 13:00:00,43.302631462003575,13.176966667175407,0.2204040403139283
2040-02-28 14:00:00,43.30262297354975,13.803057670593375,0.0732124724449212
2040-02-28 15:00:00,43.30262926966829,13.374405860900993,0.1465978970717821
2040-02-28 16:00:00,43.30263153225157,12.06099891662609,0.23235415329468279
2040-02-28 17:00:00,43.30263151945423,10.791642189025993,0.2286894790499894
2040-02-28 18:00:00,43.30263110585193,10.21046066284191,0.20311006610518065
2040-02-28 19:00:00,43.30262983256115,9.567269325256461,0.16531654761837794
2040-02-28 20:00:00,43.30262912407304,8.909749031067008,0.1536301460125951
2040-02-28 21:00:00,43.302629275712086,8.216728210449332,0.15497119811320562
2040-02-28 22:00:00,43.3026293397312,7.497871875763053,0.15991910636139595
2040-02-28 23:00:00,43.3026283857162,7.06408786773693,0.14694065453188385
2040-02-29 00:00:00,43.30260694285501,7.06408786773693,0.06169872530512611
2040-02-29 01:00:00,43.30260696537105,7.06408786773693,0.062257534053092166
2040-02-29 02:00:00,43.30260704692294,7.06408786773693,0.06289365697056593
2040-02-29 03:00:00,43.30260715084491,7.06408786773693,0.06357692492275313
2040-02-29 04:00:00,43.30260728440104,7.06408786773693,0.0643318970295897
2040-02-29 05:00:00,43.30260754727372,7.06408786773693,0.06532076390231616
2040-02-29 06:00:00,43.30260796777251,7.06408786773693,0.06659494991766624
2040-02-29 07:00:00,43.30086152713697,7.06408786773693,0.0021777182843377096
2040-02-29 08:00:00,43.3008622451264,7.06408786773693,0.0022004503448981123
2040-02-29 09:00:00,43.30086312635133,7.06408786773693,0.002223404012161647
2040-02-29 10:00:00,43.30086408374578,7.06408786773693,0.0022472066951908995
2040-02-29 11:00:00,43.30086512248203,7.06408786773693,0.002271381600097036
2040-02-29 12:00:00,43.30086624491383,7.927033424377555,0.002293030251446734
2040-02-29 13:00:00,43.30086745716618,7.927033424377555,0.002312352175592316
2040-02-29 14:00:00,43.3008687454719,7.927033424377555,0.0023320111948693686
2040-02-29 15:00:00,43.30087005879944,7.927033424377555,0.002351735469875916
2040-02-29 16:00:00,43.30087148152723,7.927033424377555,0.002371810852621859
2040-02-29 17:00:00,43.30087297370867,7.927033424377555,0.0023922582890207214
2040-02-29 18:00:00,43.30087451656282,7.927033424377555,0.0024131153367913344
2040-02-29 19:00:00,43.3008761520015,7.927033424377555,0.002434467965685264
2040-02-29 20:00:00,43.3008781007408,7.927033424377555,0.0024564669562694014
2040-02-29 21:00:00,43.30088062486909,7.927033424377555,0.002479221705711488
2040-02-29 22:00:00,43.30088435057383,7.927033424377555,0.002503740553590815
2040-02-29 23:00:00,43.30089221451683,7.927033424377555,0.002533225038806881
2040-03-01 00:00:00,43.30262796026916,7.927033424377555,0.15262809991195062
2040-03-01 01:00:00,43.30262725536016,7.759553432464713,0.14120534497542805
2040-03-01 02:00:00,43.30262783766592,7.668804645538444,0.14976968734950252
2040-03-01 03:00:00,43.30262880163131,7.453262805938834,0.16681859593280987
2040-03-01 04:00:00,43.30262932429633,7.230703830719108,0.1758569291450605
2040-03-01 05:00:00,43.30263052676821,6.926956176757926,0.19146709028581654
2040-03-01 06:00:00,43.30263256189684,6.707373142242545,0.22673812917348252
2040-03-01 07:00:00,43.30263318145636,6.724332332611198,0.2418327833527052
2040-03-01 08:00:00,43.302633182334674,6.906544208526725,0.23024778097383564
2040-03-01 09:00:00,43.30263067243106,7.321804046630973,0.13151949336286978
2040-03-01 10:00:00,43.30263082825351,7.508804798126334,0.13548267165642092
2040-03-01 11:00:00,43.3026257471136,8.117210388183707,0.07220379420423671
2040-03-01 12:00:00,43.30263218727945,7.888955116272086,0.17415703963908633
2040-03-01 13:00:00,43.30263363836381,7.266379356384391,0.24723247736124135
2040-03-01 14:00:00,43.30263375732189,7.0037202835084145,0.2531512249019598
2040-03-01 15:00:00,43.30263384353885,6.986879825592155,0.2567158798405241
2040-03-01 16:00:00,43.30263412516313,6.851236820221061,0.2613357161405801
2040-03-01 17:00:00,43.30263430493645,6.610519409179801,0.26447994680962905
2040-03-01 18:00:00,43.30263432088112,6.142154216766471,0.2647106640598051
2040-03-01 19:00:00,43.302634091224654,5.771408081054801,0.25813945815975387
2040-03-01 20:00:00,43.30263391427183,5.352738380432243,0.256681457331426
2040-03-01 21:00:00,43.30263378229336,5.022147178650016,0.25021322122871237
2040-03-01 22:00:00,43.30263392980778,4.874063491821403,0.25753513327698374
2040-03-01 23:00:00,43.30263372687775,4.789891242981071,0.24933348068841132
2040-03-02 00:00:00,43.302633522342106,4.8181781768799965,0.24066978801596586
2040-03-02 01:00:00,43.302633507469466,4.673169612884635,0.24209317840640834
2040-03-02 02:00:00,43.302633494297424,4.5124859809876625,0.24162461478713684
2040-03-02 03:00:00,43.30263347666095,4.41091346740734,0.24122444752456557
2040-03-02 04:00:00,43.30263332861541,4.142566680908317,0.22859330749801865
2040-03-02 05:00:00,43.302634209363816,3.8180050849915688,0.23740995037458318
2040-03-02 06:00:00,43.3026345890478,3.6784503459931557,0.24086711130776914
2040-03-02 07:00:00,43.30263406460394,3.6451456546784584,0.22738494070455917
2040-03-02 08:00:00,43.30263421344939,3.6423106193543617,0.24070262965494982
2040-03-02 09:00:00,43.302634163836565,3.7156128883362953,0.24236901734648442
2040-03-02 10:00:00,43.30263414362535,3.842386484146232,0.24003152316133103
2040-03-02 11:00:00,43.30263395229923,4.100845336914176,0.22895695403229155
2040-03-02 12:00:00,43.30263313809559,4.269181728363151,0.1922467873740292
2040-03-02 13:00:00,43.3026326541727,4.339649677276725,0.18696933817908576
2040-03-02 14:00:00,43.30263223384434,5.098383903503532,0.1742169090210078
2040-03-02 15:00:00,43.30263247621198,5.290897369384879,0.18365450592609478
2040-03-02 16:00:00,43.30263292318354,5.398593425750846,0.19803539153741037
2040-03-02 17:00:00,43.30263311740648,6.376132488250846,0.19770304439998265
2040-03-02 18:00:00,43.30263198208988,7.442460536956901,0.15091153734589535
2040-03-02 19:00:00,43.302629769162,8.463765144348258,0.10843405895496291
2040-03-02 20:00:00,43.30262772994717,9.74481010437023,0.08870089608874698
2040-03-02 21:00:00,43.30262713690976,10.206815719604606,0.0874510285821632
2040-03-02 22:00:00,43.30262772021352,10.044610977172965,0.0963886826573122
2040-03-02 23:00:00,43.30262729411479,9.920242309570426,0.0926384689619208
2040-03-03 00:00:00,43.30262798072095,9.751525878906364,0.10336905761622416
2040-03-03 01:00:00,43.30262883577329,9.522402763366813,0.12146464925399006
2040-03-03 02:00:00,43.302628778866726,9.34153270721447,0.12256209347414916
2040-03-03 03:00:00,43.30262849002084,9.112806320190543,0.11667929356306021
2040-03-03 04:00:00,43.30262832621715,8.880399703979606,0.10982967853295368
2040-03-03 05:00:00,43.30262781947293,8.68051910400402,0.09528467929384236
2040-03-03 06:00:00,43.302627040707,8.474917411804313,0.08006854538907125
2040-03-03 07:00:00,22.118406507679317,8.534675598144645,1.2047101498847182e-07
2040-03-03 08:00:00,22.11957858050169,8.507146835327262,1.4937010009910088e-07
2040-03-03 09:00:00,27.33242312847986,8.509029388427848,2.5214779926962065e-07
2040-03-03 10:00:00,27.332427709997784,8.62137889862072,3.0531466828123237e-07
2040-03-03 11:00:00,27.332426159010776,8.855996131897086,2.813494925173976e-07
2040-03-03 12:00:00,27.33242672514215,8.982453346252555,2.897395617241222e-07
2040-03-03 13:00:00,27.33242554078044,9.011859893798942,2.840671387709287e-07
2040-03-03 14:00:00,27.332425579543248,9.252450942993278,3.027833788822766e-07
2040-03-03 15:00:00,27.332424858656875,9.533345222473258,3.12754962161145e-07
2040-03-03 16:00:00,27.33242145524557,9.10630321502697,2.726888683602558e-07
2040-03-03 17:00:00,22.11844488223421,8.586995124817008,1.532099552172061e-07
2040-03-03 18:00:00,22.118402421930345,8.353681564331168,1.0478299971173426e-07
2040-03-03 19:00:00,22.118399207834827,8.26255321502697,9.580976872284497e-08
2040-03-03 20:00:00,22.11839767949316,8.220504760742301,9.320868925820094e-08
2040-03-03 21:00:00,22.11839690301082,8.15167617797863,9.21688739006476e-08
2040-03-03 22:00:00,22.11839732689621,8.065202713012809,9.309502485810536e-08
2040-03-03 23:00:00,22.1183973671528,8.115056991577262,9.338513411975558e-08
2040-03-04 00:00:00,22.118398020845174,8.228314399719352,9.510912906533477e-08
2040-03-04 01:00:00,22.118398758580398,7.294494628906364,9.675087578037232e-08
2040-03-04 02:00:00,22.118399430902397,6.5730538368226235,9.797277481545696e-08
2040-03-04 03:00:00,22.118400109604192,6.022028923034782,9.797544665338902e-08
2040-03-04 04:00:00,22.118403511627044,5.443494319915885,1.0038727839024632e-07
2040-03-04 05:00:00,22.118415471764,5.117928028106803,1.0139476210815296e-07
2040-03-04 06:00:00,22.11842029284093,4.670791149139518,1.0204332121926474e-07
2040-03-04 07:00:00,22.118419081733823,4.300999641418571,9.930006855837818e-08
2040-03-04 08:00:00,22.118429910367816,4.161563396453971,1.0127946243158961e-07
2040-03-04 09:00:00,22.11845562637648,4.174577236175651,1.0023709168325743e-07
2040-03-04 10:00:00,43.302624487876784,4.335335731506461,0.07833395731535212
2040-03-04 11:00:00,43.30257675954881,4.458400249481315,0.015760072188714114
2040-03-04 12:00:00,43.302602731491454,4.611495018005485,0.029517095479874744
2040-03-04 13:00:00,43.30259409570398,4.790924549102897,0.02321699607935711
2040-03-04 14:00:00,43.30262726445235,4.690801620483512,0.1012987786946656
2040-03-04 15:00:00,43.302630491344,4.522766113281364,0.14846844958868893
2040-03-04 16:00:00,43.302630541800326,4.308251857757682,0.1387931739382238
2040-03-04 17:00:00,43.302629352660944,3.9891898632050697,0.10593410635501761
2040-03-04 18:00:00,43.3026212141126,3.737720727920646,0.05038582758284983
2040-03-04 19:00:00,43.30259631445205,3.4641253948212807,0.020678708514442267
2040-03-04 20:00:00,43.30259144480968,2.798549175262565,0.01858263133404472
2040-03-04 21:00:00,43.302590636149446,2.35668516159069,0.018738056206686896
2040-03-04 22:00:00,43.302591370177325,2.676176548004264,0.01951921427050988
2040-03-04 23:00:00,43.302595714273394,2.7333116531373207,0.025919739727805435
2040-03-05 00:00:00,43.3025994414241,1.899256587028617,0.03136337107536906
2040-03-05 01:00:00,43.30259904555842,2.0007431507111733,0.029965997722107486
2040-03-05 02:00:00,43.30259984623671,2.4409387111664955,0.0298379891793539
2040-03-05 03:00:00,43.302602224821925,2.4781446456910317,0.0305161988938495
2040-03-05 04:00:00,43.3026208070802,2.2824823856354897,0.05557189672193034
2040-03-05 05:00:00,43.30263320424128,2.0460650920869057,0.1497363531022717
2040-03-05 06:00:00,43.3026331844866,2.4054517745972817,0.1427921959691181
2040-03-05 07:00:00,43.30263357957932,2.7636814117432777,0.15481326717297644
2040-03-05 08:00:00,43.30263418486358,3.4116744995118324,0.18926972987205914
2040-03-05 09:00:00,43.30263460100132,3.599058628082389,0.2268171475472354
2040-03-05 10:00:00,43.302634863179065,3.934949398040885,0.25507867623796127
2040-03-05 11:00:00,43.30263485244179,4.219543457031364,0.25212263258103124
2040-03-05 12:00:00,43.3026346953695,4.616262912750358,0.2372857570243842
2040-03-05 13:00:00,43.30263362980196,5.555664539337272,0.16942892809320204
2040-03-05 14:00:00,43.30263432612385,5.781982898712272,0.2104930659353886
2040-03-05 15:00:00,43.302634356298256,5.938533782959098,0.20950219166781794
2040-03-05 16:00:00,43.30263458315218,5.599414825439567,0.22334431730720042
2040-03-05 17:00:00,43.30263483009318,4.866109848022575,0.22988190518354745
2040-03-05 18:00:00,43.3026345346751,4.188389778137321,0.20422298503147357
2040-03-05 19:00:00,43.30263420108598,3.8598837852479164,0.19149654858120368
2040-03-05 20:00:00,43.30263373281057,4.003075122833366,0.1869732764010664
2040-03-05 21:00:00,43.30263308059918,3.845917463302726,0.1807759485160581
2040-03-05 22:00:00,43.30263326185352,3.681782722473258,0.2097398569314316
2040-03-05 23:00:00,43.3026323606736,3.787612199783439,0.1731439297983283
2040-03-06 00:00:00,43.302631594124456,3.6800508499146645,0.14781882204563648
2040-03-06 01:00:00,43.30263190687005,3.2280759811402504,0.15775101090891172
2040-03-06 02:00:00,43.30263232847685,2.8451116085053627,0.1706604695248468
2040-03-06 03:00:00,43.30263208190085,3.107784032821769,0.15828692468728153
2040-03-06 04:00:00,43.3026327161813,3.235955476760978,0.17097110440341998
2040-03-06 05:00:00,43.3026348107168,3.268215179443473,0.2237473781039434
2040-03-06 06:00:00,43.3026349427366,3.194357395172233,0.23425681000057758
2040-03-06 07:00:00,43.302634782779165,3.2125668525696938,0.23229100478424983
2040-03-06 08:00:00,43.302633595425824,4.3314790725709145,0.16737458507329703
2040-03-06 09:00:00,43.30263317798424,5.07166957855236,0.1627786615033091
2040-03-06 10:00:00,43.302633211525446,5.601612091064567,0.15866398008955662
2040-03-06 11:00:00,43.30263199942431,5.716702938079948,0.12735407527821743
2040-03-06 12:00:00,43.30263245339727,5.719186782837028,0.14602051031089308
2040-03-06 13:00:00,43.302632109512416,6.088473320007438,0.1386455378287077
2040-03-06 14:00:00,43.30263129754374,6.175973892212028,0.11910374477824401
2040-03-06 15:00:00,43.30263000106972,6.513991832733268,0.09477956686795463
2040-03-06 16:00:00,43.30263374291287,6.06777381896984,0.1963162187384338
2040-03-06 17:00:00,43.302634185224726,5.340036392212028,0.2147222938919486
2040-03-06 18:00:00,43.30263412510603,5.067117691040153,0.2104177761188041
2040-03-06 19:00:00,43.30263400903917,4.815989971161002,0.21595547177104316
2040-03-06 20:00:00,43.302633512262325,4.181002616882438,0.20907892395039634
2040-03-06 21:00:00,43.30263284496248,4.180583000183219,0.2009756257335733
2040-03-06 22:00:00,43.30263270970513,4.273908615112418,0.20738601295892262
2040-03-06 23:00:00,43.30263212752348,4.2914118766785805,0.18837816061807625
2040-03-07 00:00:00,43.302631467203504,4.288168907165641,0.16467855889962502
2040-03-07 01:00:00,43.30263116428458,4.3222980499268715,0.16133358538332415
2040-03-07 02:00:00,43.3026311298165,4.426650524139518,0.16412133354289984
2040-03-07 03:00:00,43.30263077139431,4.794716835022086,0.15336827151349594
2040-03-07 04:00:00,43.30263044825777,5.014414787292594,0.1419376888425899
2040-03-07 05:00:00,43.30263032349823,5.268511295318717,0.13248964852861517
2040-03-07 06:00:00,43.30263062987952,5.187688350677604,0.1388397363347769
2040-03-07 07:00:00,35.054215684672954,5.628429412841911,3.182448101073308e-07
2040-03-07 08:00:00,35.05420588097348,6.41516208648693,2.7011562419410707e-07
2040-03-07 09:00:00,35.05420374155292,7.218369483947868,2.462004828969201e-07
2040-03-07 10:00:00,35.05420428182704,8.67145919799816,2.487778195707673e-07
2040-03-07 11:00:00,35.054203542014314,10.362387657165641,2.3758078507001156e-07
2040-03-07 12:00:00,35.05420888878924,11.100252151489371,2.901860324853294e-07
2040-03-07 13:00:00,35.05420477447701,11.76446914672863,2.4565685622835454e-07
2040-03-07 14:00:00,43.30207161069317,11.280205726623649,0.0038191620496410904
2040-03-07 15:00:00,43.30254366208637,10.620642662048454,0.02234676276329408
2040-03-07 16:00:00,43.30254753731818,10.410213470459098,0.023969112614982777
2040-03-07 17:00:00,43.30255151658308,10.439324378967399,0.027061365154641758
2040-03-07 18:00:00,43.302551577328245,10.627578735351676,0.02700463901144649
2040-03-07 19:00:00,43.30255008659049,10.808031082153434,0.026198858870992502
2040-03-07 20:00:00,43.30254544848917,10.922729492187614,0.02315659731880954
2040-03-07 21:00:00,43.30254714495919,11.065001487732047,0.02516119958566863
2040-03-07 22:00:00,43.30255040779498,10.892901420593375,0.03049447080733309
2040-03-07 23:00:00,35.05429692706714,10.769953727722282,4.216365029690544e-07
2040-03-08 00:00:00,35.05420821215494,10.768004417419547,2.9996168946326046e-07
2040-03-08 01:00:00,35.05420316874842,10.688242912292594,2.2526572646637508e-07
2040-03-08 02:00:00,35.054199684315144,10.607880592346305,1.946812134596335e-07
2040-03-08 03:00:00,35.05419551409216,10.349932670593375,1.8177480920795802e-07
2040-03-08 04:00:00,35.054194112057274,10.081115722656364,1.7959647785096408e-07
2040-03-08 05:00:00,35.054198343983174,9.679246902465934,1.8829954156706861e-07
2040-03-08 06:00:00,35.05420379643264,9.728466987609977,2.289553271831892e-07
2040-03-08 07:00:00,21.011740520065537,9.162815093994254,1.277178386459268e-07
2040-03-08 08:00:00,21.01173237017674,9.88946342468273,8.780424243304773e-08
2040-03-08 09:00:00,21.011709948876955,9.995195388794059,7.975364376253961e-08
2040-03-08 10:00:00,21.01173764235836,11.056918144226188,9.32987098347325e-08
2040-03-08 11:00:00,21.011744363958545,11.22564792633068,1.0855342189956564e-07
2040-03-08 12:00:00,21.011751752221404,11.015656471252555,1.2139613154725638e-07
2040-03-08 13:00:00,21.01175330517091,11.702654838562125,9.699568250435607e-08
2040-03-08 14:00:00,21.012067849527167,11.667098045349235,1.2845411720622152e-07
2040-03-08 15:00:00,43.3023291580406,11.630635261535758,0.004492883430363887
2040-03-08 16:00:00,43.30257592040719,10.955524444580192,0.020316568024180554
2040-03-08 17:00:00,43.30262450813023,10.039264678955192,0.11235817054615581
2040-03-08 18:00:00,43.30262509074926,9.40531158447277,0.11896684282168117
2040-03-08 19:00:00,43.3026268604119,9.079815864563102,0.13681194589586446
2040-03-08 20:00:00,43.30262594918881,8.528285026550407,0.12471904359123019
2040-03-08 21:00:00,43.30261564375018,8.169507026672477,0.059869549483066234
2040-03-08 22:00:00,43.30262866972455,7.933498382568473,0.171431470655968
2040-03-08 23:00:00,43.30262694870965,7.972245216369743,0.14006949069421787
2040-03-09 00:00:00,43.30261463675842,7.844304084777946,0.064482314868357
2040-03-09 01:00:00,43.30260222651224,7.493687629699821,0.03518896963465941
2040-03-09 02:00:00,43.30260478797752,7.167072296142692,0.039739695314888274
2040-03-09 03:00:00,43.30261087360012,6.657962799072379,0.05369658774519552
2040-03-09 04:00:00,43.30261333951298,6.427231311798209,0.05859729359386004
2040-03-09 05:00:00,43.30262755786252,6.2489876747132485,0.11567574924867875
2040-03-09 06:00:00,43.30263119680347,5.700584888458366,0.1684807362663352
2040-03-09 07:00:00,43.30263148203564,5.687417030334586,0.17846974981605376
2040-03-09 08:00:00,43.30262104592688,6.026079177856559,0.05758642887914737
2040-03-09 09:00:00,43.30262550889776,5.745329380035514,0.08449627202358884
2040-03-09 10:00:00,43.30263052224411,5.70032358169567,0.15417449201887354
2040-03-09 11:00:00,43.30263040910435,5.880001068115348,0.1540812584482093
2040-03-09 12:00:00,43.30261883076853,6.346539497375602,0.04974911079197036
2040-03-09 13:00:00,43.30261485813536,7.184904098510856,0.033332724697946195
2040-03-09 14:00:00,43.30261993922521,7.089888572692985,0.054117546156572854
2040-03-09 15:00:00,43.30262413329619,6.626466274261588,0.07574195635062776
2040-03-09 16:00:00,43.30262824390108,6.490623950958366,0.10753051949382804
2040-03-09 17:00:00,43.3026323084092,5.528161048889274,0.1912134249703852
2040-03-09 18:00:00,43.30263188072944,4.655349254608268,0.16817360038058177
2040-03-09 19:00:00,43.30263034733183,4.056393146515006,0.1326755913481195
2040-03-09 20:00:00,43.30262959608771,3.5675165653229897,0.131236548890832
2040-03-09 21:00:00,43.30262921989518,2.562038660049552,0.1349137174047235
2040-03-09 22:00:00,43.30263025476757,2.2524805068970863,0.1614435424867116
2040-03-09 23:00:00,43.30262959218658,2.111295700073356,0.15308095402434407
2040-03-10 00:00:00,43.302628617381295,1.9663797616959755,0.13772807824596328
2040-03-10 01:00:00,43.302627166964,1.729354619979972,0.11855845073783891
2040-03-10 02:00:00,43.30262428441038,1.7202868461610024,0.08329113703333887
2040-03-10 03:00:00,43.302623957169416,1.9349408149720375,0.07970397026234154
2040-03-10 04:00:00,43.302625872592415,1.8351308107377236,0.08595577001831668
2040-03-10 05:00:00,43.30263153169299,1.5327491760255043,0.14115519821823178
2040-03-10 06:00:00,43.30263028830095,1.40237390995037,0.11271032101604227
2040-03-10 07:00:00,24.796021594777155,2.3574631214142983,1.345401155936671e-07
2040-03-10 08:00:00,20.06419406781447,3.5033166408539955,9.903377376082748e-08
2040-03-10 09:00:00,20.064156019508957,4.338059425354118,1.0208499745583406e-07
2040-03-10 10:00:00,20.064457989999127,5.2117352485657875,1.0838832485112741e-07
2040-03-10 11:00:00,20.064078812764397,6.875271320343131,7.781932994447712e-08
2040-03-10 12:00:00,20.064077648874285,7.574980258941764,7.7818244392813e-08
2040-03-10 13:00:00,19.990283832224144,8.173464775085563,7.427790672551166e-08
2040-03-10 14:00:00,0.0251088895000691,9.059988975525016,4.576516938572652e-08
2040-03-10 15:00:00,20.06408683215683,8.449142456054801,7.965267643636197e-08
2040-03-10 16:00:00,20.064074718946895,7.920971393585319,7.720985290398282e-08
2040-03-10 17:00:00,20.06411835884809,6.896477699279899,9.15448601151165e-08
2040-03-10 18:00:00,20.064120602022427,5.859134197235221,9.155494206066845e-08
2040-03-10 19:00:00,20.0641131850876,5.4512629508973305,9.236911661935865e-08
2040-03-10 20:00:00,20.064103237664224,3.864526510238761,9.136611245388027e-08
2040-03-10 21:00:00,20.064095413000395,2.9011621475220863,8.808791231853547e-08
2040-03-10 22:00:00,20.06409065398376,2.4378962516785805,8.680770344301156e-08
2040-03-10 23:00:00,20.064088560210028,2.122685670852775,8.512914246960949e-08
2040-03-11 00:00:00,20.06408747601251,1.8640325069428627,8.394661247194477e-08
2040-03-11 01:00:00,20.06408727765861,1.9621434211732094,8.349439902546567e-08
2040-03-11 02:00:00,20.06408774996657,2.166552066803092,8.330194761591281e-08
2040-03-11 03:00:00,20.06408965501544,2.267428398132438,8.328024956368221e-08
2040-03-11 04:00:00,20.064094676287425,1.974901199340934,8.319081913602458e-08
2040-03-11 05:00:00,20.064098797774506,1.7623842954636757,8.31582385399248e-08
2040-03-11 06:00:00,20.06409994051618,1.7318927049637978,8.319106706665284e-08
2040-03-11 07:00:00,20.06407776531183,3.0241997241975014,7.750825970655794e-08
2040-03-11 08:00:00,20.06407037330987,4.294811248779411,7.688623393655654e-08
2040-03-11 09:00:00,0.025104310760149,6.384196281433219,4.590569193105116e-08
2040-03-11 10:00:00,0.0252771990250118,7.244953155517692,4.568455333569981e-08
2040-03-11 11:00:00,19.99026995089244,7.612059593200797,7.439150560839567e-08
2040-03-11 12:00:00,19.99028525331687,7.92974424362194,7.444419693576454e-08
2040-03-11 13:00:00,19.990311885832305,8.166167259216422,7.442264574621966e-08
2040-03-11 14:00:00,20.064103732385508,8.207915306091422,7.880346900421264e-08
2040-03-11 15:00:00,20.064184095661545,8.143922805786246,8.125240403094439e-08
2040-03-11 16:00:00,20.49482347411999,7.9397859573365395,8.87920433257611e-08
2040-03-11 17:00:00,20.934702858893623,7.511928558349723,9.687232711537117e-08
2040-03-11 18:00:00,21.011676289963106,7.125231266021842,1.0032201306440714e-07
2040-03-11 19:00:00,21.011691640336213,6.650882244110221,1.0337545695825418e-07
2040-03-11 20:00:00,21.011701178651798,6.425714492797965,1.1072647480502875e-07
2040-03-11 21:00:00,21.011713540360372,6.4757637977601235,1.17926722493749e-07
2040-03-11 22:00:00,21.011855291955914,6.583294868469352,1.52248313976295e-07
2040-03-11 23:00:00,27.33245796013639,6.686005592346305,2.2858084451820408e-07
2040-03-12 00:00:00,43.302145619066415,6.649483203888053,0.004333501480848258
2040-03-12 01:00:00,43.30259602677624,6.593648433685416,0.03954974857649279
2040-03-12 02:00:00,43.30261592995044,6.532544612884635,0.07273781355168255
2040-03-12 03:00:00,43.30262281336913,6.531101226806754,0.10266592244856054
2040-03-12 04:00:00,43.30262783366574,6.418061256408805,0.1472868667769671
2040-03-12 05:00:00,43.30263113415864,6.493757247924918,0.2013112745184975
2040-03-12 06:00:00,43.30263287555879,6.7625398635865395,0.24748792952927479
2040-03-12 07:00:00,43.30263369858515,7.003144741058463,0.2636087337819668
2040-03-12 08:00:00,43.30263348782714,7.382931232452506,0.24081307470085034
2040-03-12 09:00:00,43.30263256188396,7.907512187957877,0.19098167075869033
2040-03-12 10:00:00,43.30263255934838,8.180075645446891,0.19513435744494687
2040-03-12 11:00:00,43.30263241941062,8.326724052429313,0.18814495684515536
2040-03-12 12:00:00,43.30263308717315,8.139332771301383,0.21709212116001078
2040-03-12 13:00:00,43.30263339289729,7.860660552978629,0.23178355993895328
2040-03-12 14:00:00,43.30263379758032,7.450880527496452,0.2545963973394104
2040-03-12 15:00:00,43.30263388570384,7.034385681152457,0.2607007418746944
2040-03-12 16:00:00,43.30263398101458,6.879595756530875,0.2626960099290913
2040-03-12 17:00:00,43.30263394434674,6.766545295715446,0.2554618560292465
2040-03-12 18:00:00,43.30263388009752,6.722209930420036,0.244284145384257
2040-03-12 19:00:00,43.30263363224747,6.715749263763541,0.23376797885662678
2040-03-12 20:00:00,43.30263309774783,6.63967323303234,0.21613186802370304
2040-03-12 21:00:00,43.302632839972105,6.568580150604362,0.2083103658274844
2040-03-12 22:00:00,43.302632843423865,6.573372840881461,0.2130387128790758
2040-03-12 23:00:00,43.302631978456496,6.580215930938834,0.18148400106194137
2040-03-13 00:00:00,43.30263111330011,6.517308712005729,0.15473033382870074
2040-03-13 01:00:00,43.30263067836204,6.4627680778504555,0.14427401721343372
2040-03-13 02:00:00,43.30263100572368,6.404625892639274,0.1542108020746085
2040-03-13 03:00:00,43.302630698766485,6.2485041618348305,0.14450543577073252
2040-03-13 04:00:00,43.30263052798544,6.283599853515739,0.13593266824524192
2040-03-13 05:00:00,43.30263156690813,6.270473480224723,0.15267268993057143
2040-03-13 06:00:00,43.302632354215184,6.363904953003043,0.1700331982726904
2040-03-13 07:00:00,43.30263058654239,6.858993053436393,0.13905987423071722
2040-03-13 08:00:00,43.302624044563686,7.843382835388297,0.06476853511468501
2040-03-13 09:00:00,43.30262668138121,8.130694389343375,0.08514666592468571
2040-03-13 10:00:00,43.302625499443,8.544272422790641,0.0727879615582519
2040-03-13 11:00:00,43.3026235132339,9.276391029358024,0.05955928586406036
2040-03-13 12:00:00,43.30262455839821,9.778861999511832,0.06563731392960555
2040-03-13 13:00:00,43.30262186094147,10.37964248657238,0.04809627545608811
2040-03-13 14:00:00,43.30263084549228,9.807305335998649,0.14644424530032044
2040-03-13 15:00:00,43.3026293345272,9.756537437439079,0.11256779769917473
2040-03-13 16:00:00,43.302629455928674,9.442792892456168,0.1105203806640256
2040-03-13 17:00:00,43.30263244421252,8.882528305053825,0.1804818316761015
2040-03-13 18:00:00,43.30263270380767,8.400655746460075,0.19189899796926022
2040-03-13 19:00:00,43.30263285844777,7.530345916748161,0.20375077771768937
2040-03-13 20:00:00,43.30263297727991,7.064628601074332,0.21459986320277863
2040-03-13 21:00:00,43.30263329574421,6.0320453643799965,0.23696613015949902
2040-03-13 22:00:00,43.3026337050791,5.5886836051942055,0.2675441315762399
2040-03-13 23:00:00,43.3026335883324,5.240472793579215,0.26600605145737793
2040-03-14 00:00:00,43.30263342160777,3.9561412334443276,0.26378834104105886
2040-03-14 01:00:00,43.30263315554824,2.43839788436901,0.25640544863033227
2040-03-14 02:00:00,43.30263274073032,1.8585449457169716,0.23791345718307186
2040-03-14 03:00:00,43.30263235995368,1.467337608337516,0.21976021984973157
2040-03-14 04:00:00,43.30263194024047,1.1133012771607582,0.19753880937159787
2040-03-14 05:00:00,43.30263275703759,0.6713957190514748,0.19331943997157752
2040-03-14 06:00:00,43.30263196929256,0.8581354618073647,0.15046055193573443
2040-03-14 07:00:00,24.796208849026968,2.167356967926139,1.4067852061033284e-07
2040-03-14 08:00:00,20.06411548868481,3.997653484344596,9.07578400073648e-08
2040-03-14 09:00:00,20.064092077309517,5.654493808746452,8.035902160931092e-08
2040-03-14 10:00:00,20.06409408290412,7.205536365509147,8.215988569138069e-08
2040-03-14 11:00:00,0.0253106728904004,8.285830497741813,4.557124593770544e-08
2040-03-14 12:00:00,19.99026641723937,9.063632011413688,7.421760815972162e-08
2040-03-14 13:00:00,19.990386083958253,9.512867927551383,7.427396296371609e-08
2040-03-14 14:00:00,20.064095978816965,9.83236408233654,8.533833751916879e-08
2040-03-14 15:00:00,20.06409974715664,9.919487953186149,8.846963087897478e-08
2040-03-14 16:00:00,20.06410067184921,9.494740486145133,8.778424291580536e-08
2040-03-14 17:00:00,20.064110625842986,8.08900070190441,9.379823392867914e-08
2040-03-14 18:00:00,20.064108197498136,6.6463360786439125,9.158265061739679e-08
2040-03-14 19:00:00,20.06410442169029,5.6259222030640785,9.078538403198781e-08
2040-03-14 20:00:00,20.064099426062835,5.395831108093375,8.903678372822537e-08
2040-03-14 21:00:00,20.06409407405249,5.6839079856873695,8.730414075096049e-08
2040-03-14 22:00:00,20.06408929964247,5.0610299110413735,8.394535099325985e-08
2040-03-14 23:00:00,20.06408946152872,4.605796813964957,8.517760560388982e-08
2040-03-15 00:00:00,20.06408962321136,4.32147836685192,8.583067760504464e-08
2040-03-15 01:00:00,20.06408856191405,4.201445102691764,8.41925257895834e-08
2040-03-15 02:00:00,20.06408861100862,3.7026667594910805,8.371829490463347e-08
2040-03-15 03:00:00,20.064089866779625,3.4155077934266274,8.355437382985935e-08
2040-03-15 04:00:00,20.064093130325425,3.380320072174186,8.332030051822882e-08
2040-03-15 05:00:00,20.064095041738888,2.659515619278068,8.313168368679644e-08
2040-03-15 06:00:00,20.064095542268355,2.177251577377433,8.309700941425924e-08
2040-03-15 07:00:00,20.064005281483013,2.6650407314301674,7.53561431056311e-08
2040-03-15 08:00:00,19.990293991412265,4.284642696380729,7.411069716206784e-08
2040-03-15 09:00:00,0.0251141188723103,6.217317104339713,4.557355300132954e-08
2040-03-15 10:00:00,0.025142623825989,7.327015876770133,4.546292019794172e-08
2040-03-15 11:00:00,0.0251293975493319,7.764363288879508,4.546018407765227e-08
2040-03-15 12:00:00,0.0251002965684367,8.740725517273063,4.552582741557725e-08
2040-03-15 13:00:00,0.0251028814805347,10.109623908996696,4.5556364368537006e-08
2040-03-15 14:00:00,0.025117288602472,10.318178176879996,4.552399818207698e-08
2040-03-15 15:00:00,19.99033527519874,9.333061218261832,7.421197551709307e-08
2040-03-15 16:00:00,20.064090114628787,8.34612846374523,8.271246285640792e-08
2040-03-15 17:00:00,20.06409320558238,7.870230674743766,8.355263296104206e-08
2040-03-15 18:00:00,20.06409407160531,7.568904876709098,8.356830354663475e-08
2040-03-15 19:00:00,20.064093716709333,7.243037223816032,8.362001019993964e-08
2040-03-15 20:00:00,20.06409256410978,6.938998222351188,8.375825868196007e-08
2040-03-15 21:00:00,20.064091950253097,6.639916896820182,8.387217884279398e-08
2040-03-15 22:00:00,20.064092865960788,6.591619491577262,8.49696023198227e-08
2040-03-15 23:00:00,20.064094838990204,6.476203918457145,8.690071211913605e-08
2040-03-16 00:00:00,20.064099685908545,6.339351654052848,9.441760773926182e-08
2040-03-16 01:00:00,20.06410733351465,6.2009038925172035,1.0682419159092347e-07
2040-03-16 02:00:00,20.064145053850343,5.9781770706177895,1.2250988719695847e-07
2040-03-16 03:00:00,20.494789466584116,5.79721832275402,1.4382210167353545e-07
2040-03-16 04:00:00,21.011851028371908,5.611641407013053,1.8273792854050118e-07
2040-03-16 05:00:00,21.46283503139776,5.434471607208366,2.0701654185762937e-07
2040-03-16 06:00:00,21.92346938642931,5.264554500579948,1.9836369397956924e-07
2040-03-16 07:00:00,22.3939555734131,5.217627048492545,1.769347970904174e-07
2040-03-16 08:00:00,21.01150703699244,5.273597240448112,1.3971295184926896e-07
2040-03-16 09:00:00,21.01136536186729,5.60967588424694,1.0010900224578155e-07
2040-03-16 10:00:00,21.011369917567816,6.126030921936149,1.1357882756957613e-07
2040-03-16 11:00:00,21.011728071710937,6.212987899780387,1.655434045225393e-07
2040-03-16 12:00:00,21.011760989523623,6.432415485382194,1.8221574213702842e-07
2040-03-16 13:00:00,21.011405034274148,7.687126159668082,1.5536407627660432e-07
2040-03-16 14:00:00,21.01175922791924,7.810563564300651,1.8857298461938278e-07
2040-03-16 15:00:00,21.01138966058049,7.689579010009879,1.455863871942406e-07
2040-03-16 16:00:00,21.011370895367737,7.426193237304801,1.0104260887113308e-07
2040-03-16 17:00:00,21.011376600494167,7.155196189880485,1.1295392914447889e-07
2040-03-16 18:00:00,21.01137856661305,7.016313552856559,1.1394090295651558e-07
2040-03-16 19:00:00,21.011375338940304,6.945925235748405,1.0960659373142645e-07
2040-03-16 20:00:00,21.01137221082792,6.6908307075501625,1.0372790252127095e-07
2040-03-16 21:00:00,21.011370218734825,6.329326152801627,9.518816855667458e-08
2040-03-16 22:00:00,21.011369816223155,5.704246520996207,9.304077868125443e-08
2040-03-16 23:00:00,21.011369782407773,5.159693717956657,9.188362572265464e-08
2040-03-17 00:00:00,21.01137338842115,4.698177814483756,1.0308581107713325e-07
2040-03-17 01:00:00,21.011375631821345,4.262886524200553,1.1086354609138603e-07
2040-03-17 02:00:00,21.01137778625257,3.9376337528229897,1.150315970953858e-07
2040-03-17 03:00:00,21.011381874735424,3.6807155609131996,1.209398828154469e-07
2040-03-17 04:00:00,21.01139326116046,3.4314153194428627,1.2658341961732264e-07
2040-03-17 05:00:00,21.01181232489276,3.171728134155387,1.243440064170895e-07
2040-03-17 06:00:00,21.46269453377369,3.0616824626923744,1.2448716882539665e-07
2040-03-17 07:00:00,21.92330207302413,3.853293180465812,1.1836677482832986e-07
2040-03-17 08:00:00,22.3938301322283,5.027433395385856,1.2613818469876906e-07
2040-03-17 09:00:00,26.195951014820636,6.2829256057740395,1.6676161531095286e-07
2040-03-17 10:00:00,26.195963017367497,8.299092292785758,1.4737924382277585e-07
2040-03-17 11:00:00,26.195970643473476,9.668995857238883,1.2258020141244611e-07
2040-03-17 12:00:00,26.758024379589934,10.327224731445426,1.350306784891124e-07
2040-03-17 13:00:00,27.332244135469747,11.05892658233654,1.4005546074961584e-07
2040-03-17 14:00:00,27.918792546007484,11.227817535400504,1.482105016056303e-07
2040-03-17 15:00:00,43.30253501756952,10.276270866394157,0.012296716868069019
2040-03-17 16:00:00,43.30262768780221,9.023474693298454,0.13911848833673168
2040-03-17 17:00:00,43.30262969469511,8.29105377197277,0.1698379063631929
2040-03-17 18:00:00,43.302629365999685,7.905808448791618,0.15630097249959538
2040-03-17 19:00:00,43.30262845823864,7.802053928375358,0.14079779502026404
2040-03-17 20:00:00,43.30262745560777,7.758736610412711,0.1279236701098261
2040-03-17 21:00:00,43.30262733901926,7.131329536438102,0.12766579019758628
2040-03-17 22:00:00,43.30262654898447,6.101130485534782,0.11929799878362415
2040-03-17 23:00:00,43.3026224514328,5.4045925140382,0.08887005560963927
2040-03-18 00:00:00,43.30262418965907,4.8869271278382485,0.10532534019836795
2040-03-18 01:00:00,43.30261049017965,4.448975086212272,0.0533563124273741
2040-03-18 02:00:00,43.30260014145402,4.046751022338981,0.036875227144627994
2040-03-18 03:00:00,43.30260889050949,3.5702528953553383,0.050979991733946524
2040-03-18 04:00:00,43.30262143640237,3.1084637641907875,0.08668119660958255
2040-03-18 05:00:00,43.30262927542029,2.87703633308422,0.1312416431575291
2040-03-18 06:00:00,43.30263078710431,2.9753034114838783,0.1373490690675966
2040-03-18 07:00:00,43.30261802867232,3.263653516769523,0.04445234148478225
2040-03-18 08:00:00,43.30259980506253,3.765161275863761,0.021972348628717886
2040-03-18 09:00:00,43.30259805102928,4.71153831481945,0.019423032354635657
2040-03-18 10:00:00,43.30261859395348,6.027111530304069,0.04999093276894331
2040-03-18 11:00:00,43.302610403500594,7.628385543823356,0.033402297303876165
2040-03-18 12:00:00,43.30260985420561,8.87801551818859,0.030805853704229936
2040-03-18 13:00:00,43.3026135474332,9.359700202942008,0.03701587059305495
2040-03-18 14:00:00,43.30262321125522,9.09515762329113,0.06709174045662437
2040-03-18 15:00:00,43.302630701532266,8.45788383483898,0.14237503942843893
2040-03-18 16:00:00,43.30263293001172,7.829582691192741,0.20473456399224707
2040-03-18 17:00:00,43.30263376465699,7.405808925628776,0.2406667286263754
2040-03-18 18:00:00,43.30263438039124,7.195003986358756,0.2746690207321932
2040-03-18 19:00:00,43.302634306763615,6.976540088653678,0.2729085276577146
2040-03-18 20:00:00,43.30263399237181,6.634552955627555,0.2666805601711253
2040-03-18 21:00:00,43.30263314000933,6.27746152877819,0.23598423238871663
2040-03-18 22:00:00,43.30263276682638,5.894682407379264,0.21751726002245259
2040-03-18 23:00:00,43.30263267005887,5.523937702179069,0.21964771967436178
2040-03-19 00:00:00,43.3026320053303,5.109951496124381,0.19559632813513586
2040-03-19 01:00:00,43.30263081907127,5.177289009094352,0.1575973233473057
2040-03-19 02:00:00,43.30263122379214,5.200418949127311,0.1696745847855612
2040-03-19 03:00:00,43.3026315089498,5.049685955047721,0.17845398784919286
2040-03-19 04:00:00,43.3026317256557,4.9088435173035805,0.1779408520553544
2040-03-19 05:00:00,43.30263390572408,4.644455432891959,0.215087862433226
2040-03-19 06:00:00,43.30263472942971,4.600216388702506,0.25385590569708183
2040-03-19 07:00:00,43.30263439661832,4.911682128906364,0.23229541591590674
2040-03-19 08:00:00,43.30263389932794,5.337892055511588,0.2033211283775572
2040-03-19 09:00:00,43.30263209659846,5.964026927948112,0.1363909464713512
2040-03-19 10:00:00,43.302632493540976,6.391246318817252,0.14838952499477037
2040-03-19 11:00:00,43.30263270461766,6.712475776672477,0.1544893189769342
2040-03-19 12:00:00,43.3026335143393,6.389713287353629,0.1944505457829896
2040-03-19 13:00:00,43.30263347688928,6.14841985702526,0.20174288482800237
2040-03-19 14:00:00,43.30263327463571,5.897987842559928,0.19640247882521067
2040-03-19 15:00:00,43.302632407523824,5.634200572967643,0.1560259137417735
2040-03-19 16:00:00,43.30263270481367,5.469382286071891,0.1585364200934467
2040-03-19 17:00:00,43.30263329730856,5.395645141601676,0.17124338119208368
2040-03-19 18:00:00,43.30263366977022,5.454384326934928,0.1869025378508811
2040-03-19 19:00:00,43.3026339011015,5.53132534027111,0.2096900806266278
2040-03-19 20:00:00,43.30263378741078,5.585758209228629,0.22374111991425652
2040-03-19 21:00:00,43.30263356157249,5.640572071075553,0.22852371432212243
2040-03-19 22:00:00,43.30263316625776,5.699393272400016,0.20489689843399528
2040-03-19 23:00:00,43.30263299888551,5.732342243194694,0.20285523287079743
2040-03-20 00:00:00,43.30263297271994,5.661214828491325,0.2073410030112655
2040-03-20 01:00:00,43.30263310237503,5.43859434127819,0.21444760735998356
2040-03-20 02:00:00,43.30263334220293,4.791544914245719,0.2265752501904763
2040-03-20 03:00:00,43.30263343002259,4.106766700744743,0.22714588015709633
2040-03-20 04:00:00,43.3026338997509,3.531823635101432,0.248407372989974
2040-03-20 05:00:00,43.30263533332808,3.082466602325553,0.28638075623364245
2040-03-20 06:00:00,43.30263538535975,2.7829680442811195,0.2870996748711845
2040-03-20 07:00:00,43.30263494477457,2.654846429824943,0.2597500261741895
2040-03-20 08:00:00,43.30263449534944,2.687679052353019,0.2294561704115454
2040-03-20 09:00:00,43.30263373099719,2.9527397155762856,0.19438033140422842
2040-03-20 10:00:00,43.30263298905915,3.46585845947277,0.16251501788391184
2040-03-20 11:00:00,43.30263148706432,4.368388175964469,0.12913795308460546
2040-03-20 12:00:00,43.3026302608076,5.486599445343131,0.11173109334498967
2040-03-20 13:00:00,43.30262782367225,6.83673715591442,0.08582628768104596
2040-03-20 14:00:00,43.30262140182492,8.244431495666618,0.049931132203644056
2040-03-20 15:00:00,43.30262837381555,8.46090412139904,0.09141011111665663
2040-03-20 16:00:00,43.302632264966846,7.890909671783561,0.16589907613454327
2040-03-20 17:00:00,43.302633302493454,6.662007808685416,0.20811683721620716
2040-03-20 18:00:00,43.302632807288575,5.753157615661735,0.1780052984892488
2040-03-20 19:00:00,43.30263105969845,5.181069374084586,0.13381767947381312
2040-03-20 20:00:00,43.30262578038288,4.551112651825065,0.07938261167178465
2040-03-20 21:00:00,43.30261910233659,3.737206935882682,0.05068480748248502
2040-03-20 22:00:00,43.30261811696931,3.0683686733246986,0.04724054569986247
2040-03-20 23:00:00,43.3026174221702,2.587867498397941,0.047191451096396254
2040-03-21 00:00:00,43.30261742726768,2.227314710617179,0.04823311964239498
2040-03-21 01:00:00,43.30261825188635,1.8756607770920937,0.05414116100104991
2040-03-21 02:00:00,43.3026189547742,1.5807774066926186,0.059014994968849106
2040-03-21 03:00:00,43.30261857547925,1.3620605468751137,0.05517844603254696
2040-03-21 04:00:00,43.30261838527245,1.0254777669907753,0.049258634700504324
2040-03-21 05:00:00,43.30262798152785,0.5764603018761818,0.08853447114900548
2040-03-21 06:00:00,43.30262698851393,0.3589060604573433,0.08137382720151591
2040-03-21 07:00:00,21.011711584048804,0.996566295623893,1.1516670251999541e-07
2040-03-21 08:00:00,20.06424090695974,2.1053178310395424,1.068255350874385e-07
2040-03-21 09:00:00,20.064114976999093,3.496669530868644,9.27912654300311e-08
2040-03-21 10:00:00,20.064112342029663,4.936680793762321,9.061657583206894e-08
2040-03-21 11:00:00,20.06410151071978,6.248242378234977,8.054373820620981e-08
2040-03-21 12:00:00,19.99031647534864,7.548477172851676,7.432737290337259e-08
2040-03-21 13:00:00,20.064079946396703,8.605514526367301,7.680022047155631e-08
2040-03-21 14:00:00,20.06410477583586,9.050095558166618,8.233906631372792e-08
2040-03-21 15:00:00,20.064107708045924,9.001369476318473,8.450815930952253e-08
2040-03-21 16:00:00,20.06410565419531,8.413627624511832,8.167924385794866e-08
2040-03-21 17:00:00,20.064113485563848,7.3403105735779945,8.857325106167491e-08
2040-03-21 18:00:00,20.06411749279631,6.348117828369254,9.204171333422007e-08
2040-03-21 19:00:00,20.06411472913175,5.925805568695182,9.01881246643879e-08
2040-03-21 20:00:00,20.064113026325373,5.229434013366813,8.945008191340776e-08
2040-03-21 21:00:00,20.064114378223444,4.485871315002555,9.496354633678762e-08
2040-03-21 22:00:00,20.06411672941621,3.830691814422721,1.040928062480855e-07
2040-03-21 23:00:00,20.06411877785042,3.3379623889924233,1.0774779187590797e-07
2040-03-22 00:00:00,20.06411935346161,2.9472227096558754,1.0697721304494032e-07
2040-03-22 01:00:00,20.06411876656373,2.60992789268505,9.821778929082539e-08
2040-03-22 02:00:00,20.06412190119782,2.3455896377564613,9.790062355374814e-08
2040-03-22 03:00:00,20.064192285799194,2.1402115821839516,9.966464194719641e-08
2040-03-22 04:00:00,20.494834492481083,1.8915352821351235,1.075493265499756e-07
2040-03-22 05:00:00,20.93471237313004,1.599308371543998,1.1104944031938865e-07
2040-03-22 06:00:00,21.0121900163108,1.566607594490165,9.997858855270514e-08
2040-03-22 07:00:00,21.01223343427373,2.0395059585572426,9.329825772005694e-08
2040-03-22 08:00:00,21.01228031025862,2.8206710815430824,1.0931305037829045e-07
2040-03-22 09:00:00,21.01227321165233,4.128784656524772,8.422904127827483e-08
2040-03-22 10:00:00,27.33237151220874,4.162191867828483,1.5947936044137058e-07
2040-03-22 11:00:00,27.33238197772106,4.656986236572379,1.6193188701150155e-07
2040-03-22 12:00:00,27.332380154581926,5.22491550445568,1.5264077349419748e-07
2040-03-22 13:00:00,27.33238233336269,5.857617855072135,1.4519829462203366e-07
2040-03-22 14:00:00,27.332385567817365,6.028258323669547,1.4397823103826417e-07
2040-03-22 15:00:00,27.33242864885773,5.618115901947135,1.7657984739820402e-07
2040-03-22 16:00:00,27.918851108425187,5.087954044342155,1.8563637499112285e-07
2040-03-22 17:00:00,27.33240333440867,4.772428512573356,1.498310490513727e-07
2040-03-22 18:00:00,27.332396901375574,4.582421779632682,1.394808770400541e-07
2040-03-22 19:00:00,27.33242102177434,4.463802337646598,1.5903712677277034e-07
2040-03-22 20:00:00,27.332414860554472,4.403098106384391,1.7875087451614392e-07
2040-03-22 21:00:00,27.3324001699095,4.406928539276237,1.928031147155898e-07
2040-03-22 22:00:00,33.76793974523433,4.415821552276725,4.1690005823856093e-07
2040-03-22 23:00:00,27.332397656873933,4.435832500457877,2.0004323834863516e-07
2040-03-23 00:00:00,27.332396486496656,4.501390457153434,1.8674549606108894e-07
2040-03-23 01:00:00,27.33239808988698,4.48169565200817,1.9935049288116505e-07
2040-03-23 02:00:00,27.33240069603923,4.318926811218375,2.1659553338985056e-07
2040-03-23 03:00:00,27.332401206862546,4.149218082428092,2.172418772021031e-07
2040-03-23 04:00:00,27.332402378558445,4.014107227325553,2.2009665727880184e-07
2040-03-23 05:00:00,27.332477577064616,3.754433155059928,2.1231248616724167e-07
2040-03-23 06:00:00,27.91878003415467,3.8171575069428627,2.0426228250146844e-07
2040-03-23 07:00:00,27.332405795694257,4.41745233535778,1.6809589620985405e-07
2040-03-23 08:00:00,27.332420832097064,4.637092113494987,1.909264648731642e-07
2040-03-23 09:00:00,27.332399653107665,5.865067958831901,1.4148108833932624e-07
2040-03-23 10:00:00,27.332404283023426,6.051446914672965,1.6830298251998102e-07
2040-03-23 11:00:00,27.332401538380207,6.525430679321403,1.4619837810969338e-07
2040-03-23 12:00:00,27.332401767934584,6.843337535858268,1.4501859278853123e-07
2040-03-23 13:00:00,27.332401352294696,7.126483917236442,1.35107171675424e-07
2040-03-23 14:00:00,27.332403167672677,7.431865692138786,1.3995131705696598e-07
2040-03-23 15:00:00,27.332406489996032,6.985828399658317,1.5479670842941013e-07
2040-03-23 16:00:00,27.33241237420662,6.615754604339713,1.7121378477520452e-07
2040-03-23 17:00:00,27.33241027659091,6.410062313079948,1.5139234376388108e-07
2040-03-23 18:00:00,27.332410692201485,6.232878684997672,1.4607866447894805e-07
2040-03-23 19:00:00,27.332411916867237,6.02720403671276,1.516125511131291e-07
2040-03-23 20:00:00,27.332414027506545,5.683546066284293,1.714431143027118e-07
2040-03-23 21:00:00,27.33241371131636,5.487480163574332,1.8006105613273674e-07
2040-03-23 22:00:00,27.332428614710054,5.4376311302186195,2.3530081882261569e-07
2040-03-23 23:00:00,27.332417843611434,5.415286064148063,2.217338922431517e-07
2040-03-24 00:00:00,27.33241563331333,5.165589809417838,1.9129400869440547e-07
2040-03-24 01:00:00,27.332416890326527,5.054567813873405,1.9271851491173534e-07
2040-03-24 02:00:00,27.332419999233775,5.123655319213981,2.0546923136596574e-07
2040-03-24 03:00:00,27.332424211116862,5.255702018737907,1.9958121566136455e-07
2040-03-24 04:00:00,27.332535320476172,5.2839727401734535,1.9163421533548976e-07
2040-03-24 05:00:00,40.63055523084373,5.283450126648063,7.608523732092364e-07
2040-03-24 06:00:00,41.5024145793683,5.397748947143668,1.1979357761479766e-06
2040-03-24 07:00:00,43.3022732039634,5.552863597869987,0.0049718821706633805
2040-03-24 08:00:00,43.3025323415542,5.856315612793082,0.013449244900993517
2040-03-24 09:00:00,43.30259216520794,6.176547527313346,0.028010527671316027
2040-03-24 10:00:00,43.302584422721296,7.115581512451286,0.02293289225307513
2040-03-24 11:00:00,43.30258575452971,7.674911975860709,0.02281364427654682
2040-03-24 12:00:00,43.30259572953174,7.336231231689567,0.030746438705260073
2040-03-24 13:00:00,43.3025908840367,7.0277495384217445,0.02527802085658935
2040-03-24 14:00:00,43.30259335994569,6.963244915008659,0.0265618779738959
2040-03-24 15:00:00,43.30260154617575,6.769706249237174,0.03299419489444288
2040-03-24 16:00:00,43.30260329368766,6.594255924224967,0.0326361619437051
2040-03-24 17:00:00,43.30261316782003,6.528847217559928,0.04475706916811375
2040-03-24 18:00:00,43.30261998949767,6.309093952179069,0.06120469539652835
2040-03-24 19:00:00,43.30261616854956,5.960802555084342,0.051853992932752696
2040-03-24 20:00:00,43.30260620567476,5.612946987152213,0.03853844615793523
2040-03-24 21:00:00,43.302603350235394,5.497584819793815,0.036843515683853106
2040-03-24 22:00:00,43.3026152707085,5.481476783752555,0.06168714629101217
2040-03-24 23:00:00,43.302607774848624,5.172445297241325,0.04480182090449665
2040-03-25 00:00:00,43.30260263686515,5.024217128753776,0.036328701223607915
2040-03-25 01:00:00,43.3026015618542,4.721743106842155,0.03357007885232524
2040-03-25 02:00:00,43.30260297740401,4.351981163025016,0.03591072668688808
2040-03-25 03:00:00,43.30260487175358,4.04413461685192,0.039226856015610136
2040-03-25 04:00:00,43.30261462042931,3.8527143001557533,0.05085918898023058
2040-03-25 05:00:00,43.30263211519494,3.73642468452465,0.147900739720745
2040-03-25 06:00:00,43.30263207440678,3.659276485443229,0.1418806599356357
2040-03-25 07:00:00,43.302632361731874,3.5663983821870033,0.15526420516925438
2040-03-25 08:00:00,43.302630983244335,3.9324147701264565,0.11976429654623742
2040-03-25 09:00:00,43.30263083229924,4.08987665176403,0.1256993723889266
2040-03-25 10:00:00,43.30263205657445,4.287395477295036,0.1508384228666591
2040-03-25 11:00:00,43.30262899025608,4.904943943023795,0.09895301573152135
2040-03-25 12:00:00,43.30262764286678,5.198464393615836,0.08636224641187812
2040-03-25 13:00:00,43.302629539786736,4.881058692932243,0.10884297773794627
2040-03-25 14:00:00,43.30262976876936,4.912086009979362,0.11180883734524066
2040-03-25 15:00:00,43.30263137752768,4.7966504096986,0.13319636259298387
2040-03-25 16:00:00,43.3026327366095,4.5031499862672035,0.16266155861631493
2040-03-25 17:00:00,43.3026337030857,4.2266559600831215,0.19452706926395197
2040-03-25 18:00:00,43.30263421311479,4.0056123733521645,0.22358258078059548
2040-03-25 19:00:00,43.30263403185034,3.8613834381104652,0.21688385792961126
2040-03-25 20:00:00,43.30263316630997,3.786225080490226,0.18817206719051088
2040-03-25 21:00:00,43.302631459683774,3.7543892860413735,0.15077175132469864
2040-03-25 22:00:00,43.30263133254055,3.5868594646454994,0.16133387468197113
2040-03-25 23:00:00,43.30263052591323,3.5230920314789955,0.1428207949350018
2040-03-26 00:00:00,43.30263008052634,3.488549709320182,0.1356909706433868
2040-03-26 01:00:00,43.30262969823626,3.441364526748771,0.12733639237808597
2040-03-26 02:00:00,43.30262955287064,3.327024459838981,0.12238502604587259
2040-03-26 03:00:00,43.302629916528566,2.9913048744202797,0.12483927574227864
2040-03-26 04:00:00,43.30263416419854,1.9045712947846596,0.19605091143871875
2040-03-26 05:00:00,43.3026350146969,1.7707501649857704,0.2257492168926496
2040-03-26 06:00:00,43.30263508465136,1.8070843219758217,0.2257061693717337
2040-03-26 07:00:00,43.302635214137645,2.223283290863151,0.2453667854772093
2040-03-26 08:00:00,43.30263516872464,2.374810218811149,0.2476389168963791
2040-03-26 09:00:00,43.30263518891471,2.827344179153556,0.2522908438311156
2040-03-26 10:00:00,43.30263505509747,3.570503711700553,0.23951017481172662
2040-03-26 11:00:00,43.30263472557821,3.9466621875764076,0.21578342730570696
2040-03-26 12:00:00,43.30263464829573,3.8962986469269936,0.21290213964380184
2040-03-26 13:00:00,43.3026346916344,3.624705314636344,0.21678055080197722
2040-03-26 14:00:00,43.30263476211235,3.879836320877189,0.21874719541186385
2040-03-26 15:00:00,43.30263493190223,4.1856966018677895,0.22673196994566208
2040-03-26 16:00:00,43.30263515643092,3.955048799514884,0.23868306747687032
2040-03-26 17:00:00,43.30263535673642,3.530447721481437,0.24931058166996056
2040-03-26 18:00:00,43.3026355294522,3.183057069778556,0.2651209162184964
2040-03-26 19:00:00,43.30263544563688,2.91575384140026,0.2629734737014426
2040-03-26 20:00:00,43.30263519284782,2.8507006168366615,0.2575234551072585
2040-03-26 21:00:00,43.30263482522796,2.7233295440674965,0.2491630808038302
2040-03-26 22:00:00,43.30263462566298,2.268367767334098,0.2605057035824265
2040-03-26 23:00:00,43.30263463391147,2.0773711204529945,0.2635994087707938
2040-03-27 00:00:00,43.30263459566725,1.5251542329789345,0.26229142995167276
2040-03-27 01:00:00,43.30263449820514,1.1189143657685463,0.25508149216797416
2040-03-27 02:00:00,43.3026345855086,0.8231753110886757,0.2567504066628852
2040-03-27 03:00:00,43.30263490243787,0.578339874744529,0.2602156738933019
2040-03-27 04:00:00,43.30263574728409,0.29028666019451066,0.2814189355273779
2040-03-27 05:00:00,43.302635954954056,0.027969144284838876,0.2888776577908199
2040-03-27 06:00:00,43.302635971132446,0.6234177350999062,0.28847815218626854
2040-03-27 07:00:00,43.30263581936329,1.1444512605668251,0.27661892685406997
2040-03-27 08:00:00,43.30263569116752,1.2277151346207802,0.26786659954350395
2040-03-27 09:00:00,43.30263535928393,1.6621539592744057,0.24075618751023772
2040-03-27 10:00:00,43.30263485450662,2.4915153980256264,0.19880130517924272
2040-03-27 11:00:00,43.30263308597925,3.6932039260865395,0.12397101035072852
2040-03-27 12:00:00,43.30263203936632,4.481985569000358,0.10226590014021922
2040-03-27 13:00:00,43.302634580505256,4.336664199829215,0.20020921692233784
2040-03-27 14:00:00,43.30263439529882,4.674027442932243,0.18520245539725844
2040-03-27 15:00:00,43.30263481073405,4.697566032409782,0.21561719447337213
2040-03-27 16:00:00,43.30263510580723,4.860828399658317,0.2413451774026624
2040-03-27 17:00:00,43.30263529949186,4.541380405426139,0.25509901946183816
2040-03-27 18:00:00,43.30263540494131,4.358866214752311,0.2622371950127761
2040-03-27 19:00:00,43.30263522162319,3.7788975238801186,0.24869100368985478
2040-03-27 20:00:00,43.30263492717491,3.0975360870362465,0.24575460855140802
2040-03-27 21:00:00,43.30263450963877,2.9819726943970863,0.24185512494135805
2040-03-27 22:00:00,43.30263410743548,3.1225633621216957,0.24827695085750678
2040-03-27 23:00:00,43.30263382854586,2.7392780780793373,0.23476947834169087
2040-03-28 00:00:00,43.302633869406655,2.3925726413727944,0.23771464940318768
2040-03-28 01:00:00,43.30263390492983,1.979214787483329,0.24508856735612544
2040-03-28 02:00:00,43.30263400004532,1.5943375825883095,0.257436621291513
2040-03-28 03:00:00,43.30263396651768,1.2329518795014565,0.2565742162933411
2040-03-28 04:00:00,43.30263404901233,1.0146836042405312,0.26027407634961225
2040-03-28 05:00:00,43.30263425337865,1.1698229312897865,0.2678805041635973
2040-03-28 06:00:00,43.30263407149458,1.7806739807130043,0.25234927745112684
2040-03-28 07:00:00,43.30263012474502,3.065495729446525,0.13985179610681084
2040-03-28 08:00:00,43.302623440165625,4.507120609283561,0.06843364206602398
2040-03-28 09:00:00,43.30261685199744,6.2393159866334145,0.04243934844231879
2040-03-28 10:00:00,43.30261537681894,8.10048866271984,0.035993106174801975
2040-03-28 11:00:00,43.30261503987011,10.969530105590934,0.03402392812195954
2040-03-28 12:00:00,43.30261541645721,12.631560325622672,0.03458194516740675
2040-03-28 13:00:00,43.302616511614,13.555948257446403,0.03792351595979095
2040-03-28 14:00:00,43.30261874608726,13.984814643859977,0.0464380527540196
2040-03-28 15:00:00,43.30262289370757,13.646693229675407,0.07089601027439633
2040-03-28 16:00:00,43.30263096528972,12.340442657470817,0.17551625716523522
2040-03-28 17:00:00,43.30263206598151,11.493847846984977,0.2118738332171959
2040-03-28 18:00:00,43.30263234598465,10.855731964111442,0.22220949328964618
2040-03-28 19:00:00,43.30263195018415,10.522977828979606,0.20974803445924595
2040-03-28 20:00:00,43.3026317062506,10.264480590820426,0.20738289263796894
2040-03-28 21:00:00,43.30263184264403,10.056045532226676,0.2199890022828338
2040-03-28 22:00:00,43.30263157421129,9.73576641082775,0.21386507531290178
2040-03-28 23:00:00,43.3026311511388,9.430948257446403,0.20942789708899118
2040-03-29 00:00:00,43.30263074423791,9.255325317382926,0.196531136708065
2040-03-29 01:00:00,43.302630239796336,9.126848220825309,0.18337125354127057
2040-03-29 02:00:00,43.302629805032346,8.951065063476676,0.17409277969334458
2040-03-29 03:00:00,43.30262942534517,8.953761100769157,0.1653995232057786
2040-03-29 04:00:00,43.302628979615456,8.912376403808707,0.15259013985840966
2040-03-29 05:00:00,43.30262913009114,8.788672447204704,0.15584648445585003
2040-03-29 06:00:00,43.30262916361946,8.724858283996696,0.15298208704146862
2040-03-29 07:00:00,43.30261872506853,9.235289573669547,0.07040503023587318
2040-03-29 08:00:00,43.30260594210708,10.848608016967887,0.028838456100097304
2040-03-29 09:00:00,43.30260398833923,12.788642883300895,0.023865645521104702
2040-03-29 10:00:00,43.30260644337215,13.803020477295036,0.02786207613330349
2040-03-29 11:00:00,43.30261544822992,13.45545578002941,0.054469952616344075
2040-03-29 12:00:00,43.30261691583517,13.369637489318961,0.06103239045248326
2040-03-29 13:00:00,43.30261655205022,13.596138954162711,0.06008702006402128
2040-03-29 14:00:00,43.302621260391845,13.669941902160758,0.08528973423406536
2040-03-29 15:00:00,43.30262180107677,13.508669853210563,0.0880520224554229
2040-03-29 16:00:00,43.30262487971856,12.63651275634777,0.11420948568639641
2040-03-29 17:00:00,43.30262598219207,10.827879905700797,0.1245337713254012
2040-03-29 18:00:00,43.3026272228478,10.290903091430778,0.14691458138199423
2040-03-29 19:00:00,43.30262641917213,10.229598045349235,0.13342829837193343
2040-03-29 20:00:00,43.30262542132007,10.132817268371696,0.12183024786655879
2040-03-29 21:00:00,43.30262465198652,9.88458347320568,0.1127544014753698
2040-03-29 22:00:00,43.30262496586469,9.46176910400402,0.12035064216528293
2040-03-29 23:00:00,43.30262509590714,9.059509277343864,0.12609077821883954
2040-03-30 00:00:00,43.30262496346264,8.675531387329215,0.13118537808322248
2040-03-30 01:00:00,43.30262576759338,8.454109191894645,0.14909320401198536
2040-03-30 02:00:00,43.30262609447759,8.229818344116325,0.1582472893510707
2040-03-30 03:00:00,43.30262625845028,7.9168462753297035,0.16487581118799524
2040-03-30 04:00:00,43.30262694867905,7.622995853424186,0.1881946600527873
2040-03-30 05:00:00,43.302627169600925,7.4028339385987465,0.20187330907082932
2040-03-30 06:00:00,43.30262705499175,7.7315340042115395,0.20103196208288074
2040-03-30 07:00:00,43.3026180374281,9.085159301757926,0.08810930202449681
2040-03-30 08:00:00,43.30260535653829,10.810235977172965,0.04331384262632399
2040-03-30 09:00:00,43.30260068998808,12.378767013549918,0.03144304230496477
2040-03-30 10:00:00,43.302600085996005,13.756513595581168,0.0285256378797757
2040-03-30 11:00:00,43.30260139395246,15.860678672790641,0.03084518744681576
2040-03-30 12:00:00,43.30260235462968,17.13786125183117,0.03341495659204185
2040-03-30 13:00:00,43.30260331665356,17.67137718200695,0.03564911104372162
2040-03-30 14:00:00,43.30260535924486,17.710700988769645,0.041965403591376106
2040-03-30 15:00:00,43.30261222686033,17.24795722961437,0.06409773483393817
2040-03-30 16:00:00,43.302623549891166,15.857138633728141,0.17351161933175463
2040-03-30 17:00:00,43.30262371635561,14.79328536987316,0.17922713707292914
2040-03-30 18:00:00,43.30262367463278,13.851326942443961,0.18273819157935678
2040-03-30 19:00:00,43.30262131310891,13.261396408081168,0.13533416994235453
2040-03-30 20:00:00,43.30261905622014,12.959254264831657,0.1083867538765873
2040-03-30 21:00:00,43.30261677947726,12.644418716430778,0.09282513686933454
2040-03-30 22:00:00,43.30261545416457,12.286122322082633,0.08969689354532731
2040-03-30 23:00:00,43.30261548013896,11.936373710632438,0.09649943994591967
2040-03-31 00:00:00,43.30261492489954,11.592635154724235,0.09724096697207164
2040-03-31 01:00:00,43.30261414853032,11.210355758667106,0.09181908138349396
2040-03-31 02:00:00,43.30261357969275,10.859603881836051,0.08751484530606723
2040-03-31 03:00:00,43.30261458730512,10.474188804626579,0.09437377985362597
2040-03-31 04:00:00,43.3026144778805,10.12103366851818,0.08906228413219633
2040-03-31 05:00:00,43.30261426063255,9.805140495300407,0.08296399426635312
2040-03-31 06:00:00,43.30261349810582,9.917378425598258,0.07538355513955701
2040-03-31 07:00:00,0.0567381504262901,10.950534820556754,1.0525760164404625e-07
2040-03-31 08:00:00,0.0251314343027585,12.298397064209098,8.214447070697336e-08
2040-03-31 09:00:00,0.0251025859769423,13.484708786010856,5.955840822959997e-08
2040-03-31 10:00:00,0.0251000240917379,16.18073654174816,5.492924196173792e-08
2040-03-31 11:00:00,0.0250996116534605,17.61314964294445,5.385389212454485e-08
2040-03-31 12:00:00,0.0250917038981839,18.316848754882926,5.0384673803625244e-08
2040-03-31 13:00:00,0.0250938068580672,18.760799407959098,5.067522545913354e-08
2040-03-31 14:00:00,0.0250999248129556,18.818645477295036,5.3209152094499766e-08
2040-03-31 15:00:00,0.0251111631636757,18.48365974426281,6.264215345701944e-08
2040-03-31 16:00:00,0.0251232768118525,18.1422634124757,7.245441586553424e-08
2040-03-31 17:00:00,0.0252581384713904,17.190008163452262,9.217593724153998e-08
2040-03-31 18:00:00,0.0252136884705749,15.340388298034782,9.76072378439129e-08
2040-03-31 19:00:00,0.0251735605494177,13.804817199707145,9.658226697420328e-08
2040-03-31 20:00:00,0.0252840600041961,12.964792251587028,1.0474614053432881e-07
2040-03-31 21:00:00,0.0567100886720491,12.484562873840446,1.1260636955425569e-07
2040-03-31 22:00:00,0.0252018595058559,11.990841865539664,9.554908823534562e-08
2040-03-31 23:00:00,0.0255394018095082,11.398527145385856,1.0342289183463788e-07
2040-04-01 00:00:00,0.0252539835420007,10.859980583191032,1.0916550936026044e-07
2040-04-01 01:00:00,0.0251915339492522,10.63201999664318,1.1482967092553213e-07
2040-04-01 02:00:00,0.0252784606748057,10.467016220092887,1.1959403037703918e-07
2040-04-01 03:00:00,0.0252019968083034,10.180523872375602,1.0915668774626034e-07
2040-04-01 04:00:00,0.025200595475835,10.24157524108898,9.760959310862837e-08
2040-04-01 05:00:00,0.0253969161229897,10.474360466003532,9.391616238215359e-08
2040-04-01 06:00:00,0.056775084208327,10.874708175659293,9.668428200164029e-08
2040-04-01 07:00:00,0.0567815424115262,11.76323223114025,1.1427601930707566e-07
2040-04-01 08:00:00,0.0567156880541035,13.206381797790641,9.488146332713504e-08
2040-04-01 09:00:00,0.025140827023101,15.281785011291618,6.935950327796841e-08
2040-04-01 10:00:00,0.025135953351738,17.891237258911246,5.755010355414182e-08
2040-04-01 11:00:00,0.025111522184787,19.647867202758903,4.836513265438078e-08
2040-04-01 12:00:00,0.0251022530086218,20.761672973632926,4.7443065442040324e-08
2040-04-01 13:00:00,0.0251247195164561,21.42978096008312,4.897424839788781e-08
2040-04-01 14:00:00,0.0251423488404642,21.5273952484132,5.433934446365786e-08
2040-04-01 15:00:00,0.0251794642411517,21.277757644653434,6.428386804394322e-08
2040-04-01 16:00:00,20.923335410620812,20.498941421508903,1.2579315377333205e-07
2040-04-01 17:00:00,20.972700591790417,19.10970497131359,1.7101678702516267e-07
2040-04-01 18:00:00,20.97269413894818,16.986845016479606,1.5384879460203522e-07
2040-04-01 19:00:00,20.97269349917279,15.503141403198356,1.2979499971612162e-07
2040-04-01 20:00:00,20.97270299694384,14.642356872558707,1.2843224531308925e-07
2040-04-01 21:00:00,20.972764536247315,13.965260505676383,1.3807848880104612e-07
2040-04-01 22:00:00,25.39495296202016,14.386075973510856,2.0499893796552196e-07
2040-04-01 23:00:00,26.03207219897221,14.536811828613395,2.469363311376875e-07
2040-04-02 00:00:00,26.44308202234191,14.304354667663688,2.8051827373791785e-07
2040-04-02 01:00:00,26.89688077260014,14.129240989685172,2.8167063335130636e-07
2040-04-02 02:00:00,27.33240855129731,13.914605140686149,2.6467983306939396e-07
2040-04-02 03:00:00,27.48920375386219,13.266964912414664,2.538325948745856e-07
2040-04-02 04:00:00,41.33708414971924,12.661239624023551,1.353058730180584e-06
2040-04-02 05:00:00,41.92853905200145,12.370329856872672,1.7837489845322014e-06
2040-04-02 06:00:00,43.30256029450055,12.829792976379508,0.025220247271790706
2040-04-02 07:00:00,43.30094296136564,13.901778221130485,0.001123656223673466
2040-04-02 08:00:00,41.33713960062956,14.729824066162223,1.0133656413934827e-06
2040-04-02 09:00:00,41.93319168710579,14.440133094787711,1.609771066020606e-06
2040-04-02 10:00:00,43.30259264678343,14.1253538131715,0.04305601875935781
2040-04-02 11:00:00,43.30258397047686,13.88928318023693,0.03402331197195473
2040-04-02 12:00:00,41.3371345435319,14.223955154419059,9.78681099525556e-07
2040-04-02 13:00:00,41.33712666634516,14.21097564697277,8.475548289447262e-07
2040-04-02 14:00:00,41.3371172308673,14.738793373108024,5.93985542950113e-07
2040-04-02 15:00:00,41.33712324447493,14.022722244262809,6.805650005261916e-07
2040-04-02 16:00:00,41.337127637697726,13.068573951721305,8.249319486662716e-07
2040-04-02 17:00:00,41.337132200250416,12.378104209900016,9.317242593131117e-07
2040-04-02 18:00:00,41.33716461958389,12.050943374633903,1.1546654007768757e-06
2040-04-02 19:00:00,41.33714273175075,11.611005783081168,1.053356390230664e-06
2040-04-02 20:00:00,41.33713650582139,10.926498413086051,9.765787169433677e-07
2040-04-02 21:00:00,41.33713555197631,10.89510536193859,9.279384413896668e-07
2040-04-02 22:00:00,41.33714350517986,10.739109039306754,1.106674735168094e-06
2040-04-02 23:00:00,41.33714025504021,10.275352478027457,1.0914724997047508e-06
2040-04-03 00:00:00,41.337139538229685,9.857437133789176,1.1202890477868518e-06
2040-04-03 01:00:00,41.3371430901768,9.408650398254508,1.1910749209644804e-06
2040-04-03 02:00:00,41.33715436842744,8.99251747131359,1.3499790603790606e-06
2040-04-03 03:00:00,41.33716600062586,8.805989265442008,1.3875160301550303e-06
2040-04-03 04:00:00,41.33716747525557,8.691114425659293,1.2845488042694771e-06
2040-04-03 05:00:00,41.33717726808023,8.654389381408805,1.2125873575613599e-06
2040-04-03 06:00:00,43.302565667536186,8.68251991271984,0.02269321172253817
2040-04-03 07:00:00,43.302619497347465,8.72241306304943,0.11468405117655743
2040-04-03 08:00:00,43.302618575712486,9.038825035095329,0.1060859507074656
2040-04-03 09:00:00,43.30261981030746,9.184049606323356,0.11669864574444093
2040-04-03 10:00:00,43.30261783117731,8.789216041565055,0.09839413503821592
2040-04-03 11:00:00,43.30259963090269,8.666717529296989,0.04290341514657081
2040-04-03 12:00:00,43.302583692894,8.701938629150504,0.03009713612661311
2040-04-03 13:00:00,41.33901684999663,8.825420379638786,1.2007521191544364e-06
2040-04-03 14:00:00,41.337152369525455,8.707942008972282,1.0784350785028965e-06
2040-04-03 15:00:00,41.33714594171243,8.683205604553336,9.311139902404982e-07
2040-04-03 16:00:00,41.337143307646,8.74189376831066,8.203204014979772e-07
2040-04-03 17:00:00,41.33714359902108,8.774259567260856,8.166204326296694e-07
2040-04-03 18:00:00,41.337140647731246,8.674079895019645,6.836636800365467e-07
2040-04-03 19:00:00,41.33714116287791,8.69245815277111,6.966271720092146e-07
2040-04-03 20:00:00,41.337142197862775,8.70014572143566,7.301593437623072e-07
2040-04-03 21:00:00,41.33714188209507,8.613130569458121,7.090164636605554e-07
2040-04-03 22:00:00,41.33714373594307,8.615149497985954,7.864923418541015e-07
2040-04-03 23:00:00,41.337144244602776,8.747550010681266,7.904159526281066e-07
2040-04-04 00:00:00,41.33714685709344,9.012820243835563,9.029579246958431e-07
2040-04-04 01:00:00,41.3371504255486,8.831866264343375,1.0260038497255425e-06
2040-04-04 02:00:00,41.337152295774885,8.559290885925407,1.0158468938174794e-06
2040-04-04 03:00:00,41.337155670464206,8.475924491882438,1.0002326555088518e-06
2040-04-04 04:00:00,41.33716368344325,8.62583160400402,9.780323495801385e-07
2040-04-04 05:00:00,41.33719689225268,8.487564086914176,9.494165985605598e-07
2040-04-04 06:00:00,43.30256122601164,8.291793823242301,0.015400613126284858
2040-04-04 07:00:00,43.30261020876445,8.275826454162711,0.04752054856961068
2040-04-04 08:00:00,43.30260375079161,8.337750434875602,0.03558663055283204
2040-04-04 09:00:00,43.30260989208467,8.556731224060172,0.04442463985690693
2040-04-04 10:00:00,43.30261403011874,8.81385707855236,0.053486156101567095
2040-04-04 11:00:00,43.3026099401284,9.07187366485607,0.04247959222287893
2040-04-04 12:00:00,43.30260883824152,9.361268997192496,0.03896252991047868
2040-04-04 13:00:00,43.30260895922348,9.650783538818473,0.03807048520254132
2040-04-04 14:00:00,43.30260974725221,9.782319068908805,0.039075301888682024
2040-04-04 15:00:00,43.302611344887616,9.907621383667106,0.04132456782464909
2040-04-04 16:00:00,43.30261343955049,10.010559082031364,0.04542135549041983
2040-04-04 17:00:00,43.30261828018591,10.149152755737418,0.059948990266074274
2040-04-04 18:00:00,43.30262596166063,10.350901603698844,0.11246260143729558
2040-04-04 19:00:00,43.30262720504608,10.466445922851676,0.12930481073554942
2040-04-04 20:00:00,43.30262780656188,10.129251480102653,0.14015425321001032
2040-04-04 21:00:00,43.30262867516269,9.773640632629508,0.1620239272287315
2040-04-04 22:00:00,43.30262880180852,9.450997352600211,0.16834924077267224
2040-04-04 23:00:00,43.30262914207354,9.151446342468375,0.17334396401515387
2040-04-05 00:00:00,43.30262887606735,8.84786701202404,0.17068107999399879
2040-04-05 01:00:00,43.30262867559154,8.51691055297863,0.1672144133462631
2040-04-05 02:00:00,43.30262828932081,8.210574150085563,0.15510586950375166
2040-04-05 03:00:00,43.302627549293824,7.910017013549918,0.1379559782526338
2040-04-05 04:00:00,43.302627136749216,7.540664196014518,0.12742955549982649
2040-04-05 05:00:00,43.30262722386376,7.154592037201041,0.12852640855616504
2040-04-05 06:00:00,43.30262900624047,6.9019513130189125,0.14867351919737462
2040-04-05 07:00:00,43.302628241916594,6.7902898788453285,0.14251460133802196
2040-04-05 08:00:00,43.30262917764592,6.788231849670524,0.15438957939781187
2040-04-05 09:00:00,43.30262692701402,7.051834106445426,0.11028241617359352
2040-04-05 10:00:00,43.30262551348311,7.359235763549918,0.09384135807424032
2040-04-05 11:00:00,43.30262201100284,7.916910171508903,0.06496829222857442
2040-04-05 12:00:00,43.30262069307844,8.239584922790641,0.056358589516855996
2040-04-05 13:00:00,43.30262058431625,8.44299697875988,0.05450424154473705
2040-04-05 14:00:00,43.3026207941151,8.57970237731945,0.05614845596368316
2040-04-05 15:00:00,43.30262112146004,8.671097755432243,0.056494317138917095
2040-04-05 16:00:00,43.30262381557642,8.09250354766857,0.07341012550375225
2040-04-05 17:00:00,43.302628907543465,7.721396923065299,0.1309640945795979
2040-04-05 18:00:00,43.30263072662111,7.445356369018668,0.1719763958876375
2040-04-05 19:00:00,43.30263160973981,7.281155109405631,0.2047651513016284
2040-04-05 20:00:00,43.3026319842427,7.177751064300651,0.22244539811279404
2040-04-05 21:00:00,43.30263197673211,7.059291362762565,0.2232333715691073
2040-04-05 22:00:00,43.30263205203171,6.781320571899528,0.23042562279932471
2040-04-05 23:00:00,43.30263145831693,6.427627563476676,0.2062475485131044
2040-04-06 00:00:00,43.30263074108354,6.275059700012321,0.18039657586724936
2040-04-06 01:00:00,43.30263060785722,6.1188325881959145,0.17610299421782996
2040-04-06 02:00:00,43.30263083774963,6.13479852676403,0.1830790430624401
2040-04-06 03:00:00,43.302631283699526,6.2434711456299965,0.19933611147742422
2040-04-06 04:00:00,43.30263178023485,6.173370838165397,0.21957663332763466
2040-04-06 05:00:00,43.3026321372298,6.048732280731315,0.23520609667146095
2040-04-06 06:00:00,43.30263234967355,6.080718994140739,0.23211408387708202
2040-04-06 07:00:00,43.30262927739509,6.4082612991334145,0.16314572373866434
2040-04-06 08:00:00,43.302629912784965,6.793159008026237,0.16833900098469715
2040-04-06 09:00:00,43.30262961720782,7.107193470001334,0.15587898491744664
2040-04-06 10:00:00,43.30262986702162,7.352379322052116,0.15256408441450459
2040-04-06 11:00:00,43.30262869814501,7.6308565139771645,0.13202622638750544
2040-04-06 12:00:00,43.302623252190976,8.203313827514762,0.07963695395959959
2040-04-06 13:00:00,43.302613814521706,9.50012016296398,0.03387966205037412
2040-04-06 14:00:00,43.30261556656931,9.818958282470817,0.04156738202454396
2040-04-06 15:00:00,43.30262586659315,9.39814662933361,0.10907304290564084
2040-04-06 16:00:00,43.30262727100881,9.447579383850211,0.12010210004304152
2040-04-06 17:00:00,43.30263053378642,8.581929206848258,0.19626821420221477
2040-04-06 18:00:00,43.30262717850111,7.934895992279166,0.11613504602235741
2040-04-06 19:00:00,43.302621623050655,7.4961638450623695,0.0672101741862969
2040-04-06 20:00:00,43.30261839639134,7.176509857177848,0.05004887211642308
2040-04-06 21:00:00,43.30261544043143,7.049438953399772,0.03614118554406772
2040-04-06 22:00:00,43.30261500276602,7.024693965911979,0.03459699238047246
2040-04-06 23:00:00,43.30261910986626,6.903554439544791,0.05567280861828562
2040-04-07 00:00:00,43.30262576982675,6.764603137970084,0.10926711551436138
2040-04-07 01:00:00,43.302628142519296,6.697113990783805,0.1467453956289371
2040-04-07 02:00:00,43.3026292919601,6.241843700409049,0.17311965052028638
2040-04-07 03:00:00,43.30262960444362,5.526192188263053,0.17693157902483336
2040-04-07 04:00:00,43.30262900311568,5.022301197052116,0.14715988677587913
2040-04-07 05:00:00,43.302627541586936,4.4897432327271645,0.10981817943270265
2040-04-07 06:00:00,43.302626402678285,4.774132728576774,0.09049216164351931
2040-04-07 07:00:00,43.30260344955923,5.894988059997672,0.02980390697061683
2040-04-07 08:00:00,43.30260273899251,7.47725343704235,0.028503862239852937
2040-04-07 09:00:00,43.30260036000941,9.38644123077404,0.023579754016974586
2040-04-07 10:00:00,43.30260176072085,11.318999290466422,0.02534921151874634
2040-04-07 11:00:00,43.30260249789026,12.872398376464957,0.025540928374593513
2040-04-07 12:00:00,43.302606161462975,13.27517414093029,0.030954604566070992
2040-04-07 13:00:00,43.30262607004655,12.991722106933707,0.11273963867296717
2040-04-07 14:00:00,43.3026283420552,12.575974464416618,0.15180171122126263
2040-04-07 15:00:00,43.30262841266559,12.676475524902457,0.15322608778586944
2040-04-07 16:00:00,43.30263037240833,12.141359329223746,0.2180525767707028
2040-04-07 17:00:00,43.30263096203623,11.091521263122672,0.24900247134293976
2040-04-07 18:00:00,43.30263099003543,10.518169403076286,0.2596390039177523
2040-04-07 19:00:00,43.30263069128783,10.276239395141715,0.2575983112677452
2040-04-07 20:00:00,43.30263038398943,10.070878982544059,0.25619767290391376
2040-04-07 21:00:00,43.302629854145074,9.714372634887809,0.2480614024760935
2040-04-07 22:00:00,43.30262866526986,9.076128005981559,0.21454528230102973
2040-04-07 23:00:00,43.30262835082005,9.155833244323844,0.22643237090062965
2040-04-08 00:00:00,43.30262683533505,9.275770187378043,0.1895932213526208
2040-04-08 01:00:00,43.30262175689808,9.06745529174816,0.10678711482347876
2040-04-08 02:00:00,43.302619952377206,8.764369010925407,0.09124944119216147
2040-04-08 03:00:00,43.30261908991606,8.565041542053336,0.0811766738898359
2040-04-08 04:00:00,43.30262020693748,8.466162681579704,0.08377273454326505
2040-04-08 05:00:00,43.30262014704293,8.338706970214957,0.08025811194570201
2040-04-08 06:00:00,43.30261704314513,8.548430442810172,0.06018287706058467
2040-04-08 07:00:00,19.990327649213494,10.015960693359489,1.131737472880268e-07
2040-04-08 08:00:00,19.990341800362263,11.345644950866813,1.2825371855490834e-07
2040-04-08 09:00:00,19.99031688279564,13.88027381896984,8.418076504020705e-08
2040-04-08 10:00:00,19.990298196030466,16.082569122314567,7.679400311115804e-08
2040-04-08 11:00:00,19.990291038623475,17.37814521789562,7.626843424262158e-08
2040-04-08 12:00:00,19.990320224806712,17.903606414795036,8.058814883065066e-08
2040-04-08 13:00:00,21.01169068891417,17.881397247314567,1.1859833301244792e-07
2040-04-08 14:00:00,43.30250520344185,17.10678100585949,0.012191883124901043
2040-04-08 15:00:00,43.30261262256076,15.755229949951286,0.08922524910313907
2040-04-08 16:00:00,43.30252950157607,15.133588790893668,0.014277185497920066
2040-04-08 17:00:00,43.302597517006,14.550006866455192,0.041460949374629616
2040-04-08 18:00:00,43.302619385472966,13.816138267517204,0.130640385030634
2040-04-08 19:00:00,43.30261787428004,13.396416664123649,0.11612982305702339
2040-04-08 20:00:00,43.30261188443754,13.020640373230094,0.07896625089347876
2040-04-08 21:00:00,43.30260919526937,12.63961505889904,0.07248417431454061
2040-04-08 22:00:00,43.302614364564086,12.269770622253532,0.10665779479833593
2040-04-08 23:00:00,43.3025912520914,12.228790283203239,0.04437080988305439
2040-04-09 00:00:00,43.302573361250815,12.016643524170036,0.03218409943845678
2040-04-09 01:00:00,43.30253292963138,11.860425949096793,0.016856201605259895
2040-04-09 02:00:00,43.302525930533925,11.813768386840934,0.013749986922172898
2040-04-09 03:00:00,43.30252947395601,11.925484657287711,0.014628899782076158
2040-04-09 04:00:00,43.30256398023451,11.783088684082145,0.023177290533684475
2040-04-09 05:00:00,43.3026102095181,11.548241615295524,0.07341855186869166
2040-04-09 06:00:00,43.30261634247065,11.329860687255973,0.11341030582754953
2040-04-09 07:00:00,33.76962818262816,10.833212852478141,4.066289738246625e-07
2040-04-09 08:00:00,27.332551336191607,10.550481796264762,1.7493364321525722e-07
2040-04-09 09:00:00,27.33255226204716,10.656394004821891,1.7628869820477338e-07
2040-04-09 10:00:00,27.33271972991931,11.223567008972282,2.0954047443544006e-07
2040-04-09 11:00:00,27.332546111342648,12.051620483398551,1.6055320446906304e-07
2040-04-09 12:00:00,27.332548227427367,12.325861930847282,1.7139518963879427e-07
2040-04-09 13:00:00,27.332563273021005,12.86144828796398,2.0362283510677873e-07
2040-04-09 14:00:00,27.33345266947125,13.290346145629996,2.3488392816251262e-07
2040-04-09 15:00:00,27.332554082629567,14.327362060546989,1.8985522094137384e-07
2040-04-09 16:00:00,33.76963497722089,14.298736572265739,5.283890625485729e-07
2040-04-09 17:00:00,33.76964187914445,13.79099273681652,1.0218426117422008e-06
2040-04-09 18:00:00,33.76964409092165,12.941097259521598,1.3113376894332369e-06
2040-04-09 19:00:00,33.769638981723915,12.377886772155875,8.555597075758296e-07
2040-04-09 20:00:00,33.76963266712557,12.11317062377941,5.351567623805763e-07
2040-04-09 21:00:00,27.33258102385216,12.092770576477164,2.2155164068352916e-07
2040-04-09 22:00:00,27.332546627042277,12.152004241943473,1.8941224131381057e-07
2040-04-09 23:00:00,27.33253787883265,12.172673225402946,1.342337778134157e-07
2040-04-10 00:00:00,27.33253009587413,12.112138748169059,1.0998557847403654e-07
2040-04-10 01:00:00,27.332526659815677,12.102890014648551,1.0746143427682527e-07
2040-04-10 02:00:00,27.332527984749483,12.13488578796398,1.0846349838297981e-07
2040-04-10 03:00:00,27.332531435049116,12.134019851684684,1.1225994795531071e-07
2040-04-10 04:00:00,27.33253083077881,12.012202262878532,1.1103858461702571e-07
2040-04-10 05:00:00,27.33252857984418,11.887222290039176,1.0858598700886674e-07
2040-04-10 06:00:00,27.332528641449425,11.948320388794059,1.0837408899431268e-07
2040-04-10 07:00:00,20.064022613563846,12.016929626464957,8.395452953329839e-08
2040-04-10 08:00:00,20.06402472807943,12.07381629943859,8.611840159698912e-08
2040-04-10 09:00:00,20.06402377863133,11.982454299926871,8.373061868172609e-08
2040-04-10 10:00:00,20.06402714744772,11.738398551941032,8.722270111850539e-08
2040-04-10 11:00:00,20.064022402639743,11.595006942749137,8.103036947923574e-08
2040-04-10 12:00:00,20.064023246741783,12.032515525817985,8.042544155504867e-08
2040-04-10 13:00:00,20.06403417022203,12.54753398895275,8.640166246484722e-08
2040-04-10 14:00:00,20.064049153423998,12.835841178894157,8.961994082922616e-08
2040-04-10 15:00:00,35.054228301027784,12.814015388488883,2.735451388459197e-07
2040-04-10 16:00:00,43.3026084566492,12.517292022705192,0.10580291649721464
2040-04-10 17:00:00,43.30261315216468,12.142684936523551,0.15566650512658686
2040-04-10 18:00:00,43.30261530645532,11.920535087585563,0.20105017374174367
2040-04-10 19:00:00,43.3026149953865,11.603265762329215,0.1926827697819801
2040-04-10 20:00:00,43.30261441109147,11.384396553039664,0.18215938257738698
2040-04-10 21:00:00,43.30261331965311,11.228809356689567,0.16433619665659807
2040-04-10 22:00:00,43.3026108155378,11.08926868438732,0.1394734459570568
2040-04-10 23:00:00,43.30260391005636,10.977846145629996,0.09223467695187966
2040-04-11 00:00:00,43.30256142564416,10.848154067993278,0.030756849422623068
2040-04-11 01:00:00,43.30256416619634,10.781252861023063,0.032438592607641634
2040-04-11 02:00:00,35.05447377690969,10.756289482116813,4.3638457381005267e-07
2040-04-11 03:00:00,35.05427742039438,10.714471817016715,3.3144501254980695e-07
2040-04-11 04:00:00,35.054270518696306,10.634330749511832,2.5619183874803117e-07
2040-04-11 05:00:00,35.05426814505122,10.53687667846691,2.193153961255694e-07
2040-04-11 06:00:00,35.05426582479037,10.360911369323844,1.9614947637394908e-07
2040-04-11 07:00:00,19.570325880577084,9.952543258667106,8.769489821517336e-08
2040-04-11 08:00:00,19.570328450889985,9.546511650085563,9.050195231658767e-08
2040-04-11 09:00:00,19.570325070520838,9.232482910156364,8.877113049173819e-08
2040-04-11 10:00:00,19.570321000666727,9.024559974670524,8.475516454793984e-08
2040-04-11 11:00:00,19.570325855305665,8.937680244445914,9.216147410994173e-08
2040-04-11 12:00:00,19.57032886887816,9.03995800018322,9.758308815557409e-08
2040-04-11 13:00:00,19.570318174818446,9.375510215759391,8.122197880404835e-08
2040-04-11 14:00:00,19.57032225399385,9.28420734405529,8.551945568210664e-08
2040-04-11 15:00:00,19.570325238076716,9.633791923523063,8.976411758670308e-08
2040-04-11 16:00:00,19.57033054710141,9.755063056945914,9.636518530293323e-08
2040-04-11 17:00:00,19.57032595018741,9.966319084167594,8.752804437859995e-08
2040-04-11 18:00:00,19.570333107787384,10.10734844207775,9.667993312491845e-08
2040-04-11 19:00:00,19.5703324580596,10.144970893859977,9.682858915903019e-08
2040-04-11 20:00:00,19.570328099322605,10.124158859253043,9.259382889890382e-08
2040-04-11 21:00:00,19.57032680472984,10.163858413696403,9.169751721458591e-08
2040-04-11 22:00:00,19.570326344551034,10.029740333557243,9.149801798705457e-08
2040-04-11 23:00:00,19.570327227887507,9.728637695312614,9.410506264673488e-08
2040-04-12 00:00:00,19.57032924140307,9.472129821777457,1.0021415117337441e-07
2040-04-12 01:00:00,19.5703315539918,9.302892684936637,1.0530996106427032e-07
2040-04-12 02:00:00,19.570338147753247,9.3441677093507,1.2093641829955693e-07
2040-04-12 03:00:00,19.57048420917552,9.409574508667106,1.3271512450485584e-07
2040-04-12 04:00:00,19.99038496290233,9.323569297790641,1.268157102016638e-07
2040-04-12 05:00:00,20.064106316319016,9.110237121582145,1.48215563657278e-07
2040-04-12 06:00:00,21.01163564694748,8.898779869079704,1.7623238089840514e-07
2040-04-12 07:00:00,20.06421707216608,8.901529312133903,1.5656345214308009e-07
2040-04-12 08:00:00,20.064078127896185,9.139626502990836,1.2766869494997213e-07
2040-04-12 09:00:00,24.186653679563268,9.486694335937614,2.4438371146295664e-07
2040-04-12 10:00:00,24.18664392814249,9.886939048767204,2.3976813042766665e-07
2040-04-12 11:00:00,21.011730452724148,10.26563644409191,1.7990568967058612e-07
2040-04-12 12:00:00,19.990065632657835,10.515682220459098,1.257760220387531e-07
2040-04-12 13:00:00,19.57035808951216,10.649721145629996,1.1212877121277878e-07
2040-04-12 14:00:00,19.570349824993805,10.805747985839957,9.972881969596054e-08
2040-04-12 15:00:00,19.57035864777362,10.93500137329113,1.0196005953023874e-07
2040-04-12 16:00:00,19.9902763405993,11.035124778747672,1.3694257788671997e-07
2040-04-12 17:00:00,20.064083044124445,10.925334930420036,1.3192924480708656e-07
2040-04-12 18:00:00,19.570636616318936,10.646027565002555,1.1555785197885548e-07
2040-04-12 19:00:00,19.57035848309028,10.44506645202648,1.0534744603745986e-07
2040-04-12 20:00:00,19.57035237136591,10.288847923278922,1.017256891032165e-07
2040-04-12 21:00:00,19.570348205984143,10.209249496460075,9.475107753885958e-08
2040-04-12 22:00:00,19.57034728747977,10.109878540039176,9.421759783196445e-08
2040-04-12 23:00:00,19.57034745620656,10.124468803405875,9.634744924796104e-08
2040-04-13 00:00:00,19.57034794611232,10.21906661987316,1.0065652006743502e-07
2040-04-13 01:00:00,19.57034861802422,10.077931404113883,1.042387715793669e-07
2040-04-13 02:00:00,19.57034974064706,9.919820785522575,1.0895449119767897e-07
2040-04-13 03:00:00,19.570353959579908,9.985563278198356,1.3049184942316062e-07
2040-04-13 04:00:00,19.57036161903249,10.047708511352653,1.5036877948200434e-07
2040-04-13 05:00:00,19.570366011273883,10.169651031494254,1.5667109002592468e-07
2040-04-13 06:00:00,19.570369286946573,10.461459159851188,1.4931750081957203e-07
2040-04-13 07:00:00,0.0251212679501268,10.864668846130485,9.314178525079494e-08
2040-04-13 08:00:00,0.0251102986801805,12.140180587768668,8.406708722587401e-08
2040-04-13 09:00:00,0.025104351298324,13.40400600433361,7.030806374684837e-08
2040-04-13 10:00:00,0.0251049893934819,14.598850250244254,7.118527739172349e-08
2040-04-13 11:00:00,0.0251031341831017,15.840409278869743,6.404004102255801e-08
2040-04-13 12:00:00,0.025102111846154,17.214981079101676,5.9075043530786065e-08
2040-04-13 13:00:00,0.0251012944851374,19.821084976196403,5.5645409502157e-08
2040-04-13 14:00:00,0.025102797802977,20.3982391357423,5.707040934119562e-08
2040-04-13 15:00:00,0.0251058452954952,20.56353569030773,6.265351174662881e-08
2040-04-13 16:00:00,0.0251105732818162,20.11165046691906,7.506551387801064e-08
2040-04-13 17:00:00,0.0251207313862143,19.116271972656364,8.653679805233347e-08
2040-04-13 18:00:00,0.0251241043893087,17.574377059936637,8.72198247358717e-08
2040-04-13 19:00:00,0.0251128578758579,16.366470336914176,7.364266730718721e-08
2040-04-13 20:00:00,0.0251115149222644,15.661579132080192,6.86084814236657e-08
2040-04-13 21:00:00,0.0251125111779262,15.200356483459586,6.690309325998523e-08
2040-04-13 22:00:00,0.0251122853314819,14.966369628906364,6.64535471675076e-08
2040-04-13 23:00:00,0.025113036724392,14.800607681274528,6.669947059086826e-08
2040-04-14 00:00:00,0.0251156392006597,14.599272727966422,6.976388263137289e-08
2040-04-14 01:00:00,0.0251247126821926,14.241921424865836,8.081296396280068e-08
2040-04-14 02:00:00,0.0253930133299233,13.911338806152457,1.1494330517809132e-07
2040-04-14 03:00:00,43.30247932202424,13.774870872497672,0.019128144735007967
2040-04-14 04:00:00,43.30260228737389,13.782228469848746,0.14271370881528053
2040-04-14 05:00:00,43.30260619611565,13.792883872985954,0.18891427955154616
2040-04-14 06:00:00,43.30260623345939,14.430175781250114,0.17239081623220034
2040-04-14 07:00:00,43.30257563335501,15.600407600402946,0.03962392560872122
2040-04-14 08:00:00,43.30248974782776,17.03315925598156,0.011364327255365955
2040-04-14 09:00:00,43.30257337836649,16.925144195556754,0.03766620712243329
2040-04-14 10:00:00,43.30259158750171,16.816637039184684,0.06078221957913142
2040-04-14 11:00:00,43.30256220658237,17.399301528930778,0.02902106117927105
2040-04-14 12:00:00,43.30256624928686,17.896581649780387,0.03169742472291086
2040-04-14 13:00:00,43.302518524089336,18.760627746582145,0.01683389413020324
2040-04-14 14:00:00,43.30250044326256,20.518215179443473,0.011093780268970448
2040-04-14 15:00:00,43.30250359639882,21.069538116455192,0.012586241745084473
2040-04-14 16:00:00,43.3026012574978,20.559288024902457,0.09290979720581537
2040-04-14 17:00:00,43.3026097308062,19.04535293579113,0.22777780478917184
2040-04-14 18:00:00,43.30261005194652,17.78457069396984,0.23617328952928035
2040-04-14 19:00:00,43.302609879210806,16.948060989379996,0.2334437158464486
2040-04-14 20:00:00,43.30260952960385,16.52375984191906,0.22922782816877119
2040-04-14 21:00:00,43.30260935105517,16.211610794067496,0.22795357673733904
2040-04-14 22:00:00,43.30260650163596,15.89810943603527,0.18169192061587353
2040-04-14 23:00:00,43.30260245421493,15.720593452453727,0.13375029230414495
2040-04-15 00:00:00,43.30258990837223,15.671394348144645,0.07359109998973007
2040-04-15 01:00:00,43.30252029732809,15.593175888061637,0.021637789758727082
2040-04-15 02:00:00,43.302508872309765,15.453522682190055,0.01573568195605608
2040-04-15 03:00:00,43.30250630806508,15.263360023498649,0.013024238762355134
2040-04-15 04:00:00,43.302508302248775,15.090190887451286,0.013505021433252485
2040-04-15 05:00:00,43.30251481308075,14.977912902832145,0.015616141756571536
2040-04-15 06:00:00,43.30252534767112,14.983395576477164,0.018079391930209594
2040-04-15 07:00:00,27.33240363315789,15.369769096374625,2.2534901470605028e-07
2040-04-15 08:00:00,27.332394370369283,16.16208648681652,1.9013987232023155e-07
2040-04-15 09:00:00,27.33238460189741,17.377971649170036,1.1451926929842406e-07
2040-04-15 10:00:00,27.33238644427249,18.11509513854992,1.158048405025579e-07
2040-04-15 11:00:00,27.33239661765613,17.109720230102653,1.5605786846262335e-07
2040-04-15 12:00:00,27.33240248618604,16.81031990051281,1.5687767577193333e-07
2040-04-15 13:00:00,27.33241286102151,16.813558578491325,1.5417650996326083e-07
2040-04-15 14:00:00,27.33244898297395,17.052869796753043,1.5015775406879347e-07
2040-04-15 15:00:00,28.46661407221324,16.74118232727062,1.8021816067440682e-07
2040-04-15 16:00:00,43.30229155389621,16.611919403076286,0.004720778593067256
2040-04-15 17:00:00,43.302376915445976,16.197580337524528,0.007705417334857712
2040-04-15 18:00:00,43.3025655026745,15.87458419799816,0.03173827232350347
2040-04-15 19:00:00,43.30259433604431,15.321192741394157,0.06821613451958054
2040-04-15 20:00:00,43.30260086126983,14.911956787109489,0.09635238908555982
2040-04-15 21:00:00,43.30260339721159,14.733114242553825,0.11387481805685112
2040-04-15 22:00:00,43.30260116224891,14.266913414001579,0.10098487013169269
2040-04-15 23:00:00,43.30258578544653,14.226039886474723,0.05750881548529541
2040-04-16 00:00:00,43.30258004656786,14.150311470031852,0.04881947695250658
2040-04-16 01:00:00,43.302589155555495,14.113374710083121,0.06276380854994547
2040-04-16 02:00:00,43.3026028863313,13.970207214355582,0.1148812543042819
2040-04-16 03:00:00,43.30260494267647,13.874238967895621,0.13056026907579268
2040-04-16 04:00:00,43.30260609367879,13.795284271240348,0.1308172070375007
2040-04-16 05:00:00,43.30260347673768,13.727267265319938,0.09800508805620639
2040-04-16 06:00:00,43.30260178188866,13.783881187439079,0.08233975747702513
2040-04-16 07:00:00,25.881092428345884,14.075719833374137,2.855737390212536e-07
2040-04-16 08:00:00,25.88109390722915,14.478090286254996,3.050758670002457e-07
2040-04-16 09:00:00,25.881079843161583,14.859185218811149,2.3000571864235907e-07
2040-04-16 10:00:00,20.978959993113406,15.669555664062614,1.5992866270144105e-07
2040-04-16 11:00:00,20.942872758153904,15.978096961975211,1.504987166782944e-07
2040-04-16 12:00:00,20.94287693199697,16.022874832153434,1.5422996604548427e-07
2040-04-16 13:00:00,20.942868470179835,16.261867523193473,1.4366222272544025e-07
2040-04-16 14:00:00,20.942947568257885,16.265895843505973,1.4626505935490945e-07
2040-04-16 15:00:00,25.88108580717173,15.555430412292594,2.8855777006863545e-07
2040-04-16 16:00:00,25.881089610758885,15.067857742309684,2.9970339107508077e-07
2040-04-16 17:00:00,22.21935960976759,14.05255222320568,1.9221524746716535e-07
2040-04-16 18:00:00,20.94283388992709,13.372700691223258,1.2766068371505368e-07
2040-04-16 19:00:00,20.942823969004767,12.804223060608024,1.0048318551338291e-07
2040-04-16 20:00:00,20.942821319450307,12.09774208068859,9.291414090481806e-08
2040-04-16 21:00:00,20.94282002751464,11.71039962768566,9.009654014362583e-08
2040-04-16 22:00:00,20.94281813721364,11.578534126281852,8.711820497097405e-08
2040-04-16 23:00:00,20.942817815619115,11.256883621215934,8.679339335198107e-08
2040-04-17 00:00:00,20.942818324974255,10.91994953155529,8.756284677275704e-08
2040-04-17 01:00:00,20.942821204530038,10.568853378296012,9.391830062711259e-08
2040-04-17 02:00:00,20.9428228302564,10.301271438598746,9.928816069500182e-08
2040-04-17 03:00:00,20.9428233412137,9.918621063232536,9.898304410932589e-08
2040-04-17 04:00:00,20.942834285052708,9.520270347595329,1.3144939319923975e-07
2040-04-17 05:00:00,20.942845632209263,9.14776706695568,1.3484630419182883e-07
2040-04-17 06:00:00,20.94283841606644,8.947872161865348,1.2209009701729259e-07
2040-04-17 07:00:00,20.06407575441313,9.114732742309684,1.0204069901339257e-07
2040-04-17 08:00:00,20.06406260925981,9.284359931945914,8.452070260173605e-08
2040-04-17 09:00:00,20.064035427987275,9.538650512695426,7.685152435155523e-08
2040-04-17 10:00:00,20.064627843773668,10.024686813354606,1.283205845365305e-07
2040-04-17 11:00:00,20.064044355259355,10.821007728576774,7.738128065073202e-08
2040-04-17 12:00:00,19.990290726885718,11.205245018005485,7.421482262385443e-08
2040-04-17 13:00:00,0.0251013230882476,12.315558433532829,4.572976136262224e-08
2040-04-17 14:00:00,20.06395241416948,11.765003204345817,7.514410373696441e-08
2040-04-17 15:00:00,20.06403341632146,11.856627464294547,7.634457295219199e-08
2040-04-17 16:00:00,20.064067305506462,12.22501087188732,7.837130115997361e-08
2040-04-17 17:00:00,20.064280052615917,12.216424942016715,1.1698058659072312e-07
2040-04-17 18:00:00,21.01180732441663,11.843211174011344,1.6442360535128276e-07
2040-04-17 19:00:00,24.796434211242776,11.443231582641715,2.1407475461247457e-07
2040-04-17 20:00:00,21.012463194139333,11.187325477600211,1.7428832273273507e-07
2040-04-17 21:00:00,20.064340245805525,10.835912704467887,1.376620957789168e-07
2040-04-17 22:00:00,20.06428925736534,10.589028358459586,1.2240277826147516e-07
2040-04-17 23:00:00,20.064284626942293,10.47253227233898,1.0278095501975393e-07
2040-04-18 00:00:00,20.06428808962644,10.374522209167594,1.0869021890338965e-07
2040-04-18 01:00:00,20.06429645686692,10.208139419555778,1.2016084827899848e-07
2040-04-18 02:00:00,20.064335141461147,10.078849792480582,1.415894364622237e-07
2040-04-18 03:00:00,21.004559348391656,9.898029327392692,1.5779687801830216e-07
2040-04-18 04:00:00,21.011783153775365,9.79174613952648,1.6081155048461381e-07
2040-04-18 05:00:00,43.30257214559674,9.707842826843375,0.025711965905207218
2040-04-18 06:00:00,43.30260666242268,9.710900306701774,0.05981161210969189
2040-04-18 07:00:00,43.30257655417544,10.377908706665153,0.022944437682033417
2040-04-18 08:00:00,43.30257452605471,9.985028266906852,0.01991115193545744
2040-04-18 09:00:00,43.30259852618178,9.971722602844352,0.04140163486114684
2040-04-18 10:00:00,43.30262080803157,10.159099578857536,0.17563099413252406
2040-04-18 11:00:00,43.30262061009705,10.58204269409191,0.16119346205255117
2040-04-18 12:00:00,43.30257954448997,12.635888099670524,0.019551395479916685
2040-04-18 13:00:00,43.30261334167085,12.299298286438102,0.0837732101253532
2040-04-18 14:00:00,43.30258504888502,13.381469726562614,0.025658377864745112
2040-04-18 15:00:00,43.30258729916632,13.53928375244152,0.0274152531232669
2040-04-18 16:00:00,43.30258931571624,12.837186813354606,0.028964311846824818
2040-04-18 17:00:00,43.30260634781581,12.570712089538688,0.054213497118923475
2040-04-18 18:00:00,43.30261740238248,11.802923202514762,0.10178256087647332
2040-04-18 19:00:00,43.30259448214877,10.855455398559684,0.034162164903508034
2040-04-18 20:00:00,43.30258782396015,10.605793952942008,0.025768237970929475
2040-04-18 21:00:00,43.302593614891975,10.673779487609977,0.03382289188416316
2040-04-18 22:00:00,43.30260121915406,10.66814994812023,0.045963078387364124
2040-04-18 23:00:00,43.30260172975971,10.66801738739025,0.04836104417417388
2040-04-19 00:00:00,43.302592920318375,10.62114238739025,0.03436568753629454
2040-04-19 01:00:00,43.30259961785093,10.449725151062125,0.04563399632807788
2040-04-19 02:00:00,43.30260622927579,10.31920433044445,0.05934585057447229
2040-04-19 03:00:00,43.30259850375157,10.173057556152457,0.04376775180786632
2040-04-19 04:00:00,43.302596797925546,10.147394180297965,0.03950262440198253
2040-04-19 05:00:00,43.30259639477194,10.108478546142692,0.036943519828029354
2040-04-19 06:00:00,43.30259304714684,10.175716400146598,0.029514409570257614
2040-04-19 07:00:00,43.302580403883226,10.574645042419547,0.0198177442100061
2040-04-19 08:00:00,43.30258211178767,10.829862594604606,0.021203164217861035
2040-04-19 09:00:00,43.30258315747129,10.889698982238883,0.021854605813787245
2040-04-19 10:00:00,43.30259232209156,11.012994766235465,0.03276635703062006
2040-04-19 11:00:00,43.30258520580082,11.325271606445426,0.02282983276155826
2040-04-19 12:00:00,43.302584875134976,11.663035392761344,0.021313364523418615
2040-04-19 13:00:00,43.30258436891573,11.815728187561149,0.01989756040355376
2040-04-19 14:00:00,43.30258222276118,12.28595352172863,0.015881597248795405
2040-04-19 15:00:00,43.30258494812941,12.187536239624137,0.017472163011751727
2040-04-19 16:00:00,43.30259337773984,11.603002548217887,0.028375700292790237
2040-04-19 17:00:00,43.30260048650491,11.223083496093864,0.037914750164044136
2040-04-19 18:00:00,43.30261336335624,10.6152858734132,0.06544621501145853
2040-04-19 19:00:00,43.30261243158345,10.266738891601676,0.060472046842616804
2040-04-19 20:00:00,43.30261144728542,10.044539451599235,0.05737838309962499
2040-04-19 21:00:00,43.30261219878262,9.89570236206066,0.05903072908665072
2040-04-19 22:00:00,43.30260544103135,9.762395858764762,0.04231544531662986
2040-04-19 23:00:00,43.30260796373948,9.452045440673942,0.048560391157191844
2040-04-20 00:00:00,43.30260988466268,9.18573093414318,0.05373107404351353
2040-04-20 01:00:00,43.302616402184064,9.150862693786735,0.07657847242351991
2040-04-20 02:00:00,43.30262189853803,9.008245468139762,0.11128720632926341
2040-04-20 03:00:00,43.302624575037065,8.924751281738395,0.14056009507653489
2040-04-20 04:00:00,43.30262571617968,8.800693511963004,0.15414043627032858
2040-04-20 05:00:00,43.302626618175104,8.779614448547477,0.16339676127852654
2040-04-20 06:00:00,43.30262809166445,8.831135749817008,0.19031845322089327
2040-04-20 07:00:00,43.3026292360571,8.984795570373649,0.208071028742911
2040-04-20 08:00:00,43.30262927706213,9.257929801941032,0.1955805918300241
2040-04-20 09:00:00,43.30262834090768,9.785995483398551,0.15705898338118038
2040-04-20 10:00:00,43.30262719542044,10.210762023925895,0.1321479495704966
2040-04-20 11:00:00,43.30262556298912,10.726921081543082,0.11056394316560221
2040-04-20 12:00:00,43.30262108904976,11.559158325195426,0.06996839117190129
2040-04-20 13:00:00,43.30261718746892,12.725510597229118,0.04258770754022803
2040-04-20 14:00:00,43.302618940022725,12.910155296325797,0.05011863319277107
2040-04-20 15:00:00,43.30262281562695,12.317311286926383,0.07496038196063448
2040-04-20 16:00:00,43.30263156881576,10.092516899109,0.25472980432362463
2040-04-20 17:00:00,43.302631103681776,10.329379081726188,0.22067004107950666
2040-04-20 18:00:00,43.30263182019597,10.422498703003043,0.25606975028435186
2040-04-20 19:00:00,43.30263191324264,9.976839065551871,0.25661187116982537
2040-04-20 20:00:00,43.30263191532376,9.747396469116325,0.25599517682951733
2040-04-20 21:00:00,43.30263174774823,9.605160713195914,0.2500845636081009
2040-04-20 22:00:00,43.302631042659456,9.588607788086051,0.2202849041781704
2040-04-20 23:00:00,43.30263094959493,9.231397628784293,0.22015161480410372
2040-04-21 00:00:00,43.30263138705068,8.604866027832145,0.24315734356384516
2040-04-21 01:00:00,43.30263154253177,8.04294300079357,0.2484784090802697
2040-04-21 02:00:00,43.30263141895209,7.6512775421143715,0.24459197550401265
2040-04-21 03:00:00,43.30263136696515,7.3581233024598305,0.2399486763308295
2040-04-21 04:00:00,43.30263120908496,7.185472488403434,0.2287285238043115
2040-04-21 05:00:00,43.30263155091546,7.071787834167594,0.23982059098246009
2040-04-21 06:00:00,43.30263182431855,7.061894893646354,0.24501259433824518
2040-04-21 07:00:00,43.30263001783944,7.398090362548942,0.20033010167593365
2040-04-21 08:00:00,43.30262885022287,7.814754962921256,0.16216316357408148
2040-04-21 09:00:00,43.30261759785665,8.725421905517692,0.05919475025774783
2040-04-21 10:00:00,43.30262594277392,8.746483802795524,0.11308085702187663
2040-04-21 11:00:00,43.30262342966445,8.912389755249137,0.09279328159740913
2040-04-21 12:00:00,43.302615732559225,9.538754463195914,0.05358782630574308
2040-04-21 13:00:00,43.30261450496,9.955267906189079,0.050863602507257195
2040-04-21 14:00:00,43.30261655911913,10.71274566650402,0.05898450813957377
2040-04-21 15:00:00,43.30261830696513,11.03033542633068,0.06560954058656655
2040-04-21 16:00:00,43.30262512520819,11.143963813781852,0.11350244421644042
2040-04-21 17:00:00,43.302627530137066,11.045673370361442,0.1477107652922844
2040-04-21 18:00:00,43.30262854591586,10.378508567810172,0.1692195766091649
2040-04-21 19:00:00,43.30262706019349,9.75031661987316,0.13855613502583078
2040-04-21 20:00:00,43.30262618826795,8.9801540374757,0.1255990701807656
2040-04-21 21:00:00,43.302625191529465,8.325363159179801,0.11627821975877234
2040-04-21 22:00:00,43.30262505057968,8.459188461303825,0.11871688819892831
2040-04-21 23:00:00,43.302624176341695,8.476739883422965,0.11396349405158465
2040-04-22 00:00:00,43.30261912645568,8.547457695007438,0.07384135541166698
2040-04-22 01:00:00,43.30261783930506,8.053425788879508,0.06516347330067541
2040-04-22 02:00:00,43.30261816949776,8.066159248352164,0.06586069876679514
2040-04-22 03:00:00,43.30262072324971,7.87729644775402,0.07852812456641228
2040-04-22 04:00:00,43.30262179022108,7.94882440567028,0.07984384915614928
2040-04-22 05:00:00,43.30262180135939,8.057222366333121,0.07412512605711775
2040-04-22 06:00:00,43.30262083796659,8.443847656250114,0.06509256072741733
2040-04-22 07:00:00,43.30260397769467,9.009509086609,0.03338666524295829
2040-04-22 08:00:00,43.30260371854131,10.301460266113395,0.03242494728020689
2040-04-22 09:00:00,43.30260324369944,12.061408042907829,0.031519536532297936
2040-04-22 10:00:00,43.30261120032366,13.655781745910758,0.04775051481897726
2040-04-22 11:00:00,43.30260638716441,14.696355819702262,0.03783519673024293
2040-04-22 12:00:00,43.30260490192143,15.580955505371207,0.03401668846262855
2040-04-22 13:00:00,43.30259899718405,17.661504745483512,0.02131680945636126
2040-04-22 14:00:00,43.30260275050516,18.94684982299816,0.026688581929029544
2040-04-22 15:00:00,43.30260693749369,18.930583953857536,0.0344579071130574
2040-04-22 16:00:00,43.302617284326026,18.356893539428825,0.06221296435966284
2040-04-22 17:00:00,43.30262712245832,17.354927062988395,0.15310910992029741
2040-04-22 18:00:00,43.30262935814754,15.808490753173942,0.2289923156739364
2040-04-22 19:00:00,43.302629496764816,14.03248214721691,0.2361468944251967
2040-04-22 20:00:00,43.302629178727685,13.053150177002067,0.2361831947828298
2040-04-22 21:00:00,43.30262958434959,12.517410278320426,0.24824538192653314
2040-04-22 22:00:00,43.30262946351097,12.007773399353141,0.2504588531714891
2040-04-22 23:00:00,43.30262923030733,11.43670463562023,0.24730624884819788
2040-04-23 00:00:00,43.30262865143246,10.835939407348746,0.23547679202363667
2040-04-23 01:00:00,43.30262851841212,10.176692962646598,0.23300351767501265
2040-04-23 02:00:00,43.30262833262673,9.865024566650504,0.22617110238869204
2040-04-23 03:00:00,43.3026281992158,9.578072547912711,0.2115253183280337
2040-04-23 04:00:00,43.30262784997395,9.29091835021984,0.1826941351763953
2040-04-23 05:00:00,43.30262705424613,9.248526573181266,0.1489579102100727
2040-04-23 06:00:00,43.30262623806038,9.971108436584586,0.1264253341216953
2040-04-23 07:00:00,43.302623364091815,10.89308071136486,0.10117042141978322
2040-04-23 08:00:00,43.30261530584687,11.864472389221305,0.05645601425325096
2040-04-23 09:00:00,43.302603909466114,13.111096382141227,0.03029477056783881
2040-04-23 10:00:00,43.30260210431744,14.774422645568961,0.026272309033888504
2040-04-23 11:00:00,43.30260194684593,17.67018318176281,0.02538262257587217
2040-04-23 12:00:00,43.302600974314174,20.03421211242687,0.023174102229483556
2040-04-23 13:00:00,43.30260194687345,21.0032253265382,0.02400647385180832
2040-04-23 14:00:00,43.302604163402194,21.497179031372184,0.027104655413530753
2040-04-23 15:00:00,43.30260857836985,21.34254646301281,0.035367505598342626
2040-04-23 16:00:00,43.30261927865038,20.724792480468864,0.06616166749433504
2040-04-23 17:00:00,43.30262629765751,19.319223403930778,0.13848366957817806
2040-04-23 18:00:00,43.3026284315987,17.60006904602062,0.19362604501845307
2040-04-23 19:00:00,43.30262799553102,16.566265106201286,0.17642452788038376
2040-04-23 20:00:00,43.30262790208543,15.876621246338004,0.1737043926311778
2040-04-23 21:00:00,43.30262816519361,15.162340164184684,0.18059734538591185
2040-04-23 22:00:00,43.30262864692752,14.367790222168082,0.2097434550870094
2040-04-23 23:00:00,43.30262882090682,13.66935253143322,0.218946773958176
2040-04-24 00:00:00,43.30262915849261,13.020489692688102,0.23185579321087302
2040-04-24 01:00:00,43.30262980288335,12.362222671508903,0.24763227743442248
2040-04-24 02:00:00,43.30262999416868,11.754373550415153,0.24940738678716665
2040-04-24 03:00:00,43.30263033290929,11.196679115295524,0.2538055567913842
2040-04-24 04:00:00,43.30263076450653,10.662477493286246,0.2602858133180438
2040-04-24 05:00:00,43.30263108101194,10.305666923523063,0.26544826164557606
2040-04-24 06:00:00,43.30263040074222,10.834298133850211,0.21403755020531237
2040-04-24 07:00:00,43.30262718266896,12.027025222778434,0.12165952163575947
2040-04-24 08:00:00,43.30262207305914,13.416909217834586,0.07133127620176108
2040-04-24 09:00:00,43.30261663596247,14.825117111206168,0.045010193821518996
2040-04-24 10:00:00,43.30261615411708,16.07901763916027,0.04149527603592018
2040-04-24 11:00:00,43.302615256495685,17.15841102600109,0.03796939966120787
2040-04-24 12:00:00,43.302615794812965,17.802753448486442,0.03897880517762829
2040-04-24 13:00:00,43.30262562098946,16.329957962036246,0.1028329347005586
2040-04-24 14:00:00,43.30262344614743,16.054470062255973,0.07865940965676144
2040-04-24 15:00:00,43.30262707383748,15.671717643737907,0.11168020581305424
2040-04-24 16:00:00,43.302629884022224,14.605662345886344,0.1818702378415997
2040-04-24 17:00:00,43.30263060023897,13.951898574829215,0.20532584101528858
2040-04-24 18:00:00,43.30263096096412,13.016269683838004,0.21985271532353506
2040-04-24 19:00:00,43.30263042696655,12.097376823425407,0.2026502422673502
2040-04-24 20:00:00,43.30263085092999,11.342132568359489,0.21705498854534686
2040-04-24 21:00:00,43.30263111388582,11.095753669738883,0.2259912318880838
2040-04-24 22:00:00,43.30263123177142,10.983156204223746,0.24316764932185791
2040-04-24 23:00:00,43.30263155808532,10.791586875915641,0.2592135413668922
2040-04-25 00:00:00,43.3026313263704,10.305635452270621,0.25263301664111
2040-04-25 01:00:00,43.30263049733316,10.00318813323986,0.20821836897994234
2040-04-25 02:00:00,43.30262957708316,9.91322231292736,0.1694239757369404
2040-04-25 03:00:00,43.30263004420151,9.435507774353141,0.1779269409743506
2040-04-25 04:00:00,43.30263109089266,9.026705741882438,0.21238009873911085
2040-04-25 05:00:00,43.30263129442701,8.747935295105094,0.2083168681431733
2040-04-25 06:00:00,43.30263026207488,8.837785720825309,0.1534937080549491
2040-04-25 07:00:00,43.30262993557223,8.997049331665153,0.17134835465627568
2040-04-25 08:00:00,43.30263070858389,9.252729415893668,0.20440557575623874
2040-04-25 09:00:00,43.30263081103181,9.335305213928336,0.2095085434298293
2040-04-25 10:00:00,43.30263032213452,9.547360420227164,0.1960297889258992
2040-04-25 11:00:00,43.30262732131101,9.961672782898063,0.12901905861321122
2040-04-25 12:00:00,43.30261190780997,10.995771408081168,0.041492891205929465
2040-04-25 13:00:00,43.30260648906611,12.326811790466422,0.027320855715037402
2040-04-25 14:00:00,43.30260558840066,12.506048202514762,0.02552713598986585
2040-04-25 15:00:00,43.30260697774289,10.920187950134391,0.027793697733399042
2040-04-25 16:00:00,43.30260675124329,10.946478843689079,0.026877192479678194
2040-04-25 17:00:00,43.30260994200977,10.100526809692496,0.033917825574350156
2040-04-25 18:00:00,43.30261930221787,9.604976654052848,0.06675629936222983
2040-04-25 19:00:00,43.30262635175824,9.597614288330192,0.12925563752653105
2040-04-25 20:00:00,43.30262824054587,9.591966629028434,0.17584531798914543
2040-04-25 21:00:00,43.30262785155484,9.547349929809684,0.17113167500707674
2040-04-25 22:00:00,43.302625922361685,9.499839782714957,0.13513817247678253
2040-04-25 23:00:00,43.30262529102552,9.387640953064079,0.13283156982489
2040-04-26 00:00:00,43.30262570581007,9.273261070251579,0.1444632020492312
2040-04-26 01:00:00,43.30262626969861,9.211777687072868,0.16082628923606843
2040-04-26 02:00:00,43.302625916313,8.988339424133414,0.15714859029377198
2040-04-26 03:00:00,43.30262511756801,8.684465408325309,0.1412806964466721
2040-04-26 04:00:00,43.30262400902021,7.52397441864025,0.12260610461559082
2040-04-26 05:00:00,43.30262438586823,6.941725254058952,0.12713226335976255
2040-04-26 06:00:00,43.30262338807231,7.267217636108512,0.11300372449005981
2040-04-26 07:00:00,25.966112938888717,7.7897310256959145,2.734979652578109e-07
2040-04-26 08:00:00,25.965855589166186,8.556548118591422,2.2996703712690286e-07
2040-04-26 09:00:00,21.01169963633132,11.200227737426871,1.0704838818532586e-07
2040-04-26 10:00:00,21.011698998512983,13.163666725158805,1.0187706221160988e-07
2040-04-26 11:00:00,21.011698589371964,14.71350479125988,9.91425987665476e-08
2040-04-26 12:00:00,21.01169747799989,15.88819503784191,9.367342775402178e-08
2040-04-26 13:00:00,21.011693403536587,16.816541671753043,8.544211014172646e-08
2040-04-26 14:00:00,21.011681521725336,17.396545410156364,8.04994391631121e-08
2040-04-26 15:00:00,21.01168755029322,17.354362487793082,8.121637994493217e-08
2040-04-26 16:00:00,21.011718460427023,16.562265396118278,1.0332192916419215e-07
2040-04-26 17:00:00,21.012369730656165,15.654734611511344,1.2408861388523386e-07
2040-04-26 18:00:00,27.33237411686733,14.205807685852164,1.8700407278207406e-07
2040-04-26 19:00:00,27.332414204618367,12.59682941436779,1.9366592396985762e-07
2040-04-26 20:00:00,27.33243104545237,11.447264671325797,1.888741171448625e-07
2040-04-26 21:00:00,27.332457137227745,10.617943763733024,1.8841138616636723e-07
2040-04-26 22:00:00,27.33278215211357,9.954514503479118,2.32304586864626e-07
2040-04-26 23:00:00,27.333157145848027,9.478886604309196,2.514032848827052e-07
2040-04-27 00:00:00,27.333537532672217,8.857406616211051,2.654389650219274e-07
2040-04-27 01:00:00,27.334253107110875,8.452731132507438,2.6959061981383565e-07
2040-04-27 02:00:00,43.30218270754897,8.133496284484977,0.0054684027679288635
2040-04-27 03:00:00,43.30255831182858,7.80869293212902,0.026706461379982477
2040-04-27 04:00:00,43.30258792128208,7.464362621307487,0.04091895098380023
2040-04-27 05:00:00,43.3026138066523,7.2750759124757,0.0891739208410168
2040-04-27 06:00:00,43.30261631785229,7.8450078964234535,0.10037797770397189
2040-04-27 07:00:00,43.30255152955555,8.98098182678234,0.021190444860017307
2040-04-27 08:00:00,43.30253115915466,10.365554809570426,0.01448414658311637
2040-04-27 09:00:00,43.30252888501161,11.916191101074332,0.011757690925216937
2040-04-27 10:00:00,43.30252912175149,13.367657661438102,0.010433655941176213
2040-04-27 11:00:00,43.30253093567188,14.545527458191032,0.009979153625817968
2040-04-27 12:00:00,43.30253394841437,15.429965972900504,0.010144942239920638
2040-04-27 13:00:00,43.30253952716897,15.959628105163688,0.011089537072349491
2040-04-27 14:00:00,43.30254913160429,16.241390228271598,0.013359704923404837
2040-04-27 15:00:00,43.30256113235803,16.18481254577648,0.017974070126934236
2040-04-27 16:00:00,43.30260178943446,15.56794643402111,0.045832376191357285
2040-04-27 17:00:00,43.30262361628428,14.493451118469352,0.15611080186649204
2040-04-27 18:00:00,43.30262621513976,13.051502227783317,0.23367038613639257
2040-04-27 19:00:00,43.30262547680642,11.675931930542106,0.19852768995851022
2040-04-27 20:00:00,43.3026236237705,10.825242042541618,0.15411798130219034
2040-04-27 21:00:00,43.30261975985495,10.145985603332633,0.10834620661534834
2040-04-27 22:00:00,43.30261642067431,9.51196670532238,0.08827273483969716
2040-04-27 23:00:00,43.3026130132847,8.896926879882926,0.07571414350401601
2040-04-28 00:00:00,43.30261055417292,8.33007907867443,0.06920510549812262
2040-04-28 01:00:00,43.3026095085323,7.771358489990348,0.06689569310684133
2040-04-28 02:00:00,43.30258837782306,7.21513128280651,0.03515684889710578
2040-04-28 03:00:00,43.30257883367441,6.677978992462272,0.02633511110504062
2040-04-28 04:00:00,43.30257858974037,6.191103935241813,0.024213753193295835
2040-04-28 05:00:00,43.30259650847472,6.006431102752799,0.0345010971265905
2040-04-28 06:00:00,43.3025799580427,6.754729270935172,0.02205944383319702
2040-04-28 07:00:00,21.011215654557528,8.2102565765382,1.4045939649054087e-07
2040-04-28 08:00:00,21.010908474954142,9.97275257110607,1.0707012481387005e-07
2040-04-28 09:00:00,21.01089390329999,11.64200592041027,8.204180676556258e-08
2040-04-28 10:00:00,21.01090388247731,13.104694366455192,9.020055285520535e-08
2040-04-28 11:00:00,21.01090408274476,14.211682319641227,8.871778085481452e-08
2040-04-28 12:00:00,21.01089585215583,15.127142906189079,8.168312970043483e-08
2040-04-28 13:00:00,21.01090079669664,15.60411643981945,8.248766302037919e-08
2040-04-28 14:00:00,21.010921603098343,15.802307128906364,9.546514615641236e-08
2040-04-28 15:00:00,21.01169620626705,15.632327079773063,1.181327725020428e-07
2040-04-28 16:00:00,43.30232215024687,14.984074592590446,0.005658166818209205
2040-04-28 17:00:00,43.30262371219561,14.023973464965934,0.13290351364700076
2040-04-28 18:00:00,43.30262798465405,12.858434677124137,0.24008507594448714
2040-04-28 19:00:00,43.30262824114527,11.582454681396598,0.24197750090270384
2040-04-28 20:00:00,43.30262827910381,11.01849460601818,0.24120108523957115
2040-04-28 21:00:00,43.30262795806608,10.385947227478141,0.23172816191446202
2040-04-28 22:00:00,43.30262773298198,9.797129631042594,0.23253026318654746
2040-04-28 23:00:00,43.30262666783708,9.406158447265739,0.20567465157123122
2040-04-29 00:00:00,43.30262645938939,9.130107879638786,0.2018561141134252
2040-04-29 01:00:00,43.30262630546603,8.70731639862072,0.20092529492997832
2040-04-29 02:00:00,43.302625810666925,8.302217483520621,0.18902634198226467
2040-04-29 03:00:00,43.30262566970317,8.018803596496696,0.18003887102420046
2040-04-29 04:00:00,43.30262581986747,7.667227268219108,0.1720567163569894
2040-04-29 05:00:00,43.30262637658839,7.636014461517448,0.16944268058526835
2040-04-29 06:00:00,43.30262488861575,8.74413871765148,0.13789044335802636
2040-04-29 07:00:00,43.30261524785564,10.194443702697868,0.0671697588790372
2040-04-29 08:00:00,43.30232677742941,11.334122657775993,0.0049771472133415305
2040-04-29 09:00:00,43.302317693928735,12.615263938903922,0.003810281285246724
2040-04-29 10:00:00,43.30231660031611,13.545664787292594,0.0034431672438738955
2040-04-29 11:00:00,43.30231681456375,14.402130126953239,0.0032717722955194106
2040-04-29 12:00:00,43.30231769952243,14.975290298462028,0.0031100620553192555
2040-04-29 13:00:00,43.30232708599398,14.779984474182243,0.0035581517468556254
2040-04-29 14:00:00,43.30246108096124,13.946471214294547,0.00744309157233724
2040-04-29 15:00:00,43.30257858135708,13.43408012390148,0.022337392391021053
2040-04-29 16:00:00,43.30261536312202,12.853162765503043,0.0647211646580784
2040-04-29 17:00:00,43.3026240652198,12.375819206237907,0.1172291332698739
2040-04-29 18:00:00,43.30262459920707,11.914686203003043,0.12196960509441472
2040-04-29 19:00:00,43.30262500875417,11.465435981750602,0.126392053232101
2040-04-29 20:00:00,43.30262679054656,11.236321449279899,0.15853383348510194
2040-04-29 21:00:00,43.30262649785283,11.090317726135368,0.15456020134799314
2040-04-29 22:00:00,43.30262626270974,10.97476673126232,0.15558663493818436
2040-04-29 23:00:00,43.30262586716015,10.886385917663688,0.15237403775798017
2040-04-30 00:00:00,43.30262228725086,10.819675445556754,0.10970335604224772
2040-04-30 01:00:00,43.30261715180088,10.743682861328239,0.07667496688444515
2040-04-30 02:00:00,43.3026104077471,10.60108852386486,0.05252793636625958
2040-04-30 03:00:00,43.30260685488177,10.193084716796989,0.04070323862282753
2040-04-30 04:00:00,43.30260588680308,9.779331207275504,0.03422652354715079
2040-04-30 05:00:00,43.30260845640164,9.988047599792594,0.035314630828931236
2040-04-30 06:00:00,43.30261308801203,10.239549636840934,0.042154576954723674
2040-04-30 07:00:00,43.302623784551216,10.468660354614371,0.0921728071601992
2040-04-30 08:00:00,43.30262719972208,10.642198562622184,0.12895508552635454
2040-04-30 09:00:00,43.30262720982415,11.016726493835563,0.12405459534503246
2040-04-30 10:00:00,43.302627504085365,11.764719963073844,0.12783114743975185
2040-04-30 11:00:00,43.3026274438425,12.314798355102653,0.12325988455491706
2040-04-30 12:00:00,43.30262828329943,12.57880020141613,0.1379652215755868
2040-04-30 13:00:00,43.30262842244364,12.742050170898551,0.14290975975050862
2040-04-30 14:00:00,43.30262912727225,12.570220947265739,0.15996452363774671
2040-04-30 15:00:00,43.30262960050074,12.364806175232047,0.17367028064321643
2040-04-30 16:00:00,43.302629251888106,12.125094413757438,0.1586973502841722
2040-04-30 17:00:00,43.302628944550754,11.791132926941032,0.1464326796857715
2040-04-30 18:00:00,43.30262723663753,11.31390190124523,0.11197533293115941
2040-04-30 19:00:00,43.30262579933149,10.72725868225109,0.09164894576756989
2040-04-30 20:00:00,43.3026245768887,10.136626243591422,0.07861415758271681
2040-04-30 21:00:00,43.3026282467229,9.554635047912711,0.12713534762737735
2040-04-30 22:00:00,43.30262997539007,9.22612285614025,0.1779441723050379
2040-04-30 23:00:00,43.302630981463786,8.952141761779899,0.22468176086262828
2040-05-01 00:00:00,43.30263144227216,8.74015045166027,0.2463489090664721
2040-05-01 01:00:00,43.30263170016563,8.561751365661735,0.2528875635878213
2040-05-01 02:00:00,43.30263180988745,8.417943954467887,0.2533167411497641
2040-05-01 03:00:00,43.30263191141592,8.356707572937125,0.25372849025918226
2040-05-01 04:00:00,43.30263198274496,8.344915390014762,0.25385333373355745
2040-05-01 05:00:00,43.30263217279375,8.361805915832633,0.2561606599042278
2040-05-01 06:00:00,43.30263238347148,8.685660362243766,0.25901212410354596
2040-05-01 07:00:00,43.30263150957104,9.241579055786246,0.22894229696816176
2040-05-01 08:00:00,43.30263181995082,9.562227249145621,0.2401468068213644
2040-05-01 09:00:00,43.30263155707646,10.271233558654899,0.2183833161651478
2040-05-01 10:00:00,43.30263161055006,10.95309162139904,0.21426969672525797
2040-05-01 11:00:00,43.30263091564068,11.415997505188102,0.18395095742023657
2040-05-01 12:00:00,43.30263034375229,12.258773803711051,0.16677266064061663
2040-05-01 13:00:00,43.30263081561147,12.674922943115348,0.18669348621035448
2040-05-01 14:00:00,43.30262958329146,13.025910377502555,0.15236319944565954
2040-05-01 15:00:00,43.3026309988176,12.824589729309196,0.20886057005435427
2040-05-01 16:00:00,43.30262989084833,13.02682209014904,0.16051890020048742
2040-05-01 17:00:00,43.30263111564414,12.624829292297477,0.20176030723985305
2040-05-01 18:00:00,43.30263103325596,12.100519180297965,0.19451425239621511
2040-05-01 19:00:00,43.302631144704286,11.66024208068859,0.19587627475832842
2040-05-01 20:00:00,43.302630973236376,11.295724868774528,0.18809417111486626
2040-05-01 21:00:00,43.302630685130616,11.002290725708121,0.179929398433698
2040-05-01 22:00:00,43.3026295717015,10.66035366058361,0.14744694395616167
2040-05-01 23:00:00,43.302629594097205,10.408164024353141,0.15153004605483658
2040-05-02 00:00:00,43.30262991079224,10.151199340820426,0.1633294279502444
2040-05-02 01:00:00,43.302630113734594,9.948026657104606,0.1684292606578513
2040-05-02 02:00:00,43.302630526973616,9.631862640380973,0.18172834352146658
2040-05-02 03:00:00,43.30263109602669,9.41862010955822,0.20079305280466142
2040-05-02 04:00:00,43.3026312046366,9.162979125976676,0.19914299358056925
2040-05-02 05:00:00,43.30263137037781,9.041883468628043,0.19665064679589925
2040-05-02 06:00:00,43.30263166688515,9.08248615264904,0.20720486382087533
2040-05-02 07:00:00,43.30263069780744,9.303160667419547,0.20390843451436919
2040-05-02 08:00:00,43.30262622388474,10.192164421081657,0.1018915034035687
2040-05-02 09:00:00,43.3026251706568,10.495445251464957,0.09245818085125304
2040-05-02 10:00:00,43.30262068951108,10.444550514221305,0.06198783362463025
2040-05-02 11:00:00,43.30261523465031,11.203124046325797,0.03611000290448445
2040-05-02 12:00:00,43.30261808153223,11.492240905761832,0.047430687809982636
2040-05-02 13:00:00,43.30261745128714,12.098018646240348,0.04357596321351303
2040-05-02 14:00:00,43.30262747609593,11.229064941406364,0.12290311017293559
2040-05-02 15:00:00,43.30262711111226,10.88836765289318,0.11752427018751967
2040-05-02 16:00:00,43.30262412335607,10.765640258789176,0.08199133684046177
2040-05-02 17:00:00,43.30262557400953,10.644878387451286,0.09358056757549829
2040-05-02 18:00:00,43.30262859375129,10.045833587646598,0.1350453701693186
2040-05-02 19:00:00,43.30262809476358,9.418210029602164,0.12558591735862615
2040-05-02 20:00:00,43.30262771676652,9.078323364257926,0.11862669239578764
2040-05-02 21:00:00,43.30262887942721,8.962094306945914,0.1400068478510462
2040-05-02 22:00:00,43.302629698215306,8.721689224243278,0.16120185938584464
2040-05-02 23:00:00,43.30263001601467,8.696786880493278,0.17223303861711006
2040-05-03 00:00:00,43.30262959891325,8.605009078979606,0.16387563245680792
2040-05-03 01:00:00,43.30262894642625,8.56863117218029,0.14722806657411894
2040-05-03 02:00:00,43.3026295363846,8.638706207275504,0.16163119136730297
2040-05-03 03:00:00,43.30262945531376,8.65764141082775,0.1570170079830692
2040-05-03 04:00:00,43.30262923407976,8.154499053955192,0.14942529679663352
2040-05-03 05:00:00,43.30263010379249,7.909609317779655,0.16571449211988157
2040-05-03 06:00:00,43.30263150861298,8.01162147521984,0.20970363923325386
2040-05-03 07:00:00,43.30263043158132,8.146094322204704,0.18862829939406853
2040-05-03 08:00:00,43.30262983268158,8.448668479919547,0.16396938678259623
2040-05-03 09:00:00,43.30262948103978,8.495553970337028,0.14942800890077632
2040-05-03 10:00:00,43.302630478940166,8.060926437378043,0.17248593553044606
2040-05-03 11:00:00,43.30262971527668,7.5958037376404945,0.1591458118646057
2040-05-03 12:00:00,43.30262843113509,7.6114168167115395,0.1334204049577876
2040-05-03 13:00:00,43.302625633852536,7.680626869201774,0.09195109675272804
2040-05-03 14:00:00,43.30262293896859,7.9480867385865395,0.06516670698443851
2040-05-03 15:00:00,43.30262241553799,7.96901893615734,0.05967508480035172
2040-05-03 16:00:00,43.30262107403301,8.180583953857536,0.04893537121400654
2040-05-03 17:00:00,43.30262509192081,7.562885284423942,0.07964118099184653
2040-05-03 18:00:00,43.30262875752432,7.033471107483024,0.12521507921273373
2040-05-03 19:00:00,43.30263030538884,6.363345146179313,0.1555615718838396
2040-05-03 20:00:00,43.30263130024582,5.799424648285026,0.18801236331304064
2040-05-03 21:00:00,43.30263179613602,5.445038795471305,0.20958801936937224
2040-05-03 22:00:00,43.30263231723335,5.999858379364127,0.24321993616492846
2040-05-03 23:00:00,43.30263209781669,6.066185951233024,0.23391403832078886
2040-05-04 00:00:00,43.30263196505957,5.780621051788444,0.22742994021835192
2040-05-04 01:00:00,43.30263141077341,5.434726715088004,0.20005943934348022
2040-05-04 02:00:00,43.3026306583943,5.442698478698844,0.17108580588498032
2040-05-04 03:00:00,43.30263076288856,5.238993644714469,0.17214160035910975
2040-05-04 04:00:00,43.30263119587577,5.372206211090202,0.18658829175135724
2040-05-04 05:00:00,43.30263177804882,5.484970569610709,0.20859851396004783
2040-05-04 06:00:00,43.302632320089,5.65863132476818,0.2333604880449384
2040-05-04 07:00:00,43.30263119310269,5.949846267700309,0.20156212785674052
2040-05-04 08:00:00,43.30262950420963,6.499151229858512,0.14523469448802265
2040-05-04 09:00:00,43.30262829274693,6.962588787078971,0.11766131698599855
2040-05-04 10:00:00,43.302629197993504,7.151851654052848,0.12974028767732113
2040-05-04 11:00:00,43.30262580641472,8.077984809875602,0.08305827252230719
2040-05-04 12:00:00,43.30262401793275,9.112518310546989,0.0658205745365212
2040-05-04 13:00:00,43.30262767696289,9.687518119812125,0.1074533120893174
2040-05-04 14:00:00,43.30262740570901,10.429982185363883,0.10095639448256451
2040-05-04 15:00:00,43.30263240700154,9.902437210083121,0.24096268755441103
2040-05-04 16:00:00,43.30262813533861,11.325235366821403,0.10418852804397291
2040-05-04 17:00:00,43.302631740574654,11.262956619262809,0.19650679980870517
2040-05-04 18:00:00,43.30263285700294,10.364457130432243,0.25860834758977674
2040-05-04 19:00:00,43.30263286719256,9.111696243286246,0.25932127279132877
2040-05-04 20:00:00,43.30263282132508,8.280464172363395,0.25945652614105613
2040-05-04 21:00:00,43.30263268764577,8.139303207397575,0.2584690088567863
2040-05-04 22:00:00,43.30263253336091,7.8281221389771645,0.2574670527654786
2040-05-04 23:00:00,43.30263204417681,7.405405044555778,0.24493570731946174
2040-05-05 00:00:00,43.30263178670223,7.054733753204459,0.2277921948577727
2040-05-05 01:00:00,43.30263149001254,6.681206226348991,0.213864672512135
2040-05-05 02:00:00,43.30263140861393,6.424782752990836,0.21167148678293066
2040-05-05 03:00:00,43.30263177592902,6.309115409851188,0.22903744127303816
2040-05-05 04:00:00,43.30263207326853,6.29467344284069,0.24295132995595284
2040-05-05 05:00:00,43.30263229127024,6.50499534606945,0.24912870587036942
2040-05-05 06:00:00,43.302632018354096,7.589123249054069,0.22450812246028048
2040-05-05 07:00:00,43.30262755412388,9.233498573303336,0.12475910346965174
2040-05-05 08:00:00,43.30261167371871,10.758870124817008,0.04501409350856098
2040-05-05 09:00:00,43.30260074698838,12.353040695190543,0.028124250715229955
2040-05-05 10:00:00,43.30259819882608,13.777177810669059,0.023478043462524308
2040-05-05 11:00:00,43.30259740025766,14.892641067504996,0.021564856468782794
2040-05-05 12:00:00,43.30259780217559,15.711771011352653,0.021681323076223495
2040-05-05 13:00:00,43.302600138937606,16.15011787414562,0.025050340447525868
2040-05-05 14:00:00,43.30260365128628,16.281549453735465,0.0308219422918026
2040-05-05 15:00:00,43.30261388693096,15.90629100799572,0.053215825126015866
2040-05-05 16:00:00,43.30261524691858,15.589653968811149,0.055314154299954676
2040-05-05 17:00:00,43.30261395908791,14.732604026794547,0.051087765778546755
2040-05-05 18:00:00,43.3026142781949,13.195813179016227,0.05120832357750781
2040-05-05 19:00:00,43.30261664965943,11.784694671630973,0.058840451907329346
2040-05-05 20:00:00,43.3026233483488,11.109991073608512,0.09584566837271606
2040-05-05 21:00:00,43.302625106553975,10.695784568786735,0.11621611009633362
2040-05-05 22:00:00,43.302625375968816,10.520398139953727,0.12338504441000214
2040-05-05 23:00:00,43.30262327368338,10.259842872619743,0.10333470837949575
2040-05-06 00:00:00,43.30262499579624,10.137956619262809,0.12445944934656922
2040-05-06 01:00:00,43.30262723688235,9.839039802551383,0.1643654976496278
2040-05-06 02:00:00,43.30262850014724,9.289494514465446,0.19365806206269975
2040-05-06 03:00:00,43.302629119774,8.715096473693961,0.20470882298432008
2040-05-06 04:00:00,43.30262979344773,8.195264816284293,0.2152303055619995
2040-05-06 05:00:00,43.30263053268156,8.63607215881359,0.23592044465522094
2040-05-06 06:00:00,43.30263094700671,9.438560485839957,0.24447113218918567
2040-05-06 07:00:00,43.30263089992632,9.453768730163688,0.2428968311671402
2040-05-06 08:00:00,43.30263037557784,9.621220588684196,0.2203962641516959
2040-05-06 09:00:00,43.30262981671876,10.003670692443961,0.2018566670687373
2040-05-06 10:00:00,43.30261498365806,11.821355819702262,0.04840940185011782
2040-05-06 11:00:00,43.30261187498565,13.05582427978527,0.037851395559456484
2040-05-06 12:00:00,43.30261288409651,13.619716644287223,0.04016792171839134
2040-05-06 13:00:00,43.30261230678946,14.298495292663688,0.03781946937860239
2040-05-06 14:00:00,43.302614374120886,15.222509384155387,0.045655145164684
2040-05-06 15:00:00,43.30262876902192,14.716796875000114,0.17315557307021345
2040-05-06 16:00:00,43.30263049849191,13.60978984832775,0.24921333504468815
2040-05-06 17:00:00,43.30262939917661,14.382873535156364,0.1939681441542716
2040-05-06 18:00:00,43.30263043151677,13.574403762817496,0.2577099281633239
2040-05-06 19:00:00,43.30263031371519,11.868972778320426,0.2572569002344944
2040-05-06 20:00:00,43.30263021177499,11.203341484069938,0.2575958022228262
2040-05-06 21:00:00,43.30263001529577,10.722023963928336,0.25672470823995064
2040-05-06 22:00:00,43.30262955345199,9.873662948608512,0.25243762412637
2040-05-06 23:00:00,43.30262860430184,9.52643966674816,0.2310075381214453
2040-05-07 00:00:00,43.30262734936239,9.511337280273551,0.18616127910255628
2040-05-07 01:00:00,43.30262622602383,9.004346847534293,0.159779859413833
2040-05-07 02:00:00,43.302626242064,8.099969863891715,0.16106969253787431
2040-05-07 03:00:00,43.30262370772683,6.686878204345817,0.12704939549444422
2040-05-07 04:00:00,43.30262445275752,6.0265498161317055,0.11995743632530505
2040-05-07 05:00:00,43.30262339233028,6.544597148895377,0.09720298045418391
2040-05-07 06:00:00,43.30262214288057,7.834034919738883,0.08275011484117618
2040-05-07 07:00:00,21.01439668617928,9.809777259826774,1.62941699016435e-07
2040-05-07 08:00:00,21.011696548729617,11.730196952819938,1.3116969389076311e-07
2040-05-07 09:00:00,21.01168503697894,13.386240959167594,1.0005085641727577e-07
2040-05-07 10:00:00,21.011665975915214,14.67327976226818,8.050883142249076e-08
2040-05-07 11:00:00,21.011676884398213,15.373574256897086,8.33396774819161e-08
2040-05-07 12:00:00,21.011668145372774,17.285097122192496,8.059433601586664e-08
2040-05-07 13:00:00,21.01167138707065,18.43106079101574,8.081102404371496e-08
2040-05-07 14:00:00,21.0116971521041,18.396667480468864,9.805480761140057e-08
2040-05-07 15:00:00,21.01183377752806,17.853952407837028,1.1612548526259334e-07
2040-05-07 16:00:00,27.3325976415604,17.24453926086437,1.531898365842709e-07
2040-05-07 17:00:00,35.054563707187874,16.148899078369254,3.0791051046287365e-07
2040-05-07 18:00:00,43.108139843554575,14.90283298492443,1.1242714968734409e-05
2040-05-07 19:00:00,35.05461403572019,13.867974281311149,3.499062310427399e-07
2040-05-07 20:00:00,43.30260507364759,13.312478065490836,0.05944878474506268
2040-05-07 21:00:00,43.30261914503114,12.633575439453239,0.11746234507672469
2040-05-07 22:00:00,43.30261977516176,12.159054756164664,0.13252019822068312
2040-05-07 23:00:00,43.30262042655146,11.818812370300407,0.14259696674828917
2040-05-08 00:00:00,43.302621866813446,11.77036285400402,0.17218281054252516
2040-05-08 01:00:00,43.30262009352151,11.491627693176383,0.14373389550022878
2040-05-08 02:00:00,43.30261405494392,11.25919342041027,0.09410964759716206
2040-05-08 03:00:00,43.30260065497791,11.096679687500114,0.0540083673414104
2040-05-08 04:00:00,43.302584946053706,10.989803314209098,0.034493149369144244
2040-05-08 05:00:00,43.30261684374342,10.819207191467399,0.09160737140659683
2040-05-08 06:00:00,43.30262203797216,10.812277793884391,0.14384703153046005
2040-05-08 07:00:00,43.30262090914741,11.073288917541618,0.14350162646011932
2040-05-08 08:00:00,43.30262103119753,11.305756568908805,0.14427813683404267
2040-05-08 09:00:00,43.302619441938766,11.62020587921154,0.12126156425896206
2040-05-08 10:00:00,43.30259602360094,12.236128807067985,0.04177987635708929
2040-05-08 11:00:00,35.05427976617486,12.835538864135856,3.011927763577713e-07
2040-05-08 12:00:00,35.054275316345986,13.545321464538688,2.615488631480882e-07
2040-05-08 13:00:00,35.05427366502287,14.356972694397086,2.386310404378885e-07
2040-05-08 14:00:00,35.054276859689395,14.618304252624625,2.763809816737224e-07
2040-05-08 15:00:00,35.05427838357859,14.76124477386486,2.9003756913749694e-07
2040-05-08 16:00:00,35.05427855504883,14.405709266662711,2.8276250978410197e-07
2040-05-08 17:00:00,43.30193873438683,13.841230392456168,0.002964162469264075
2040-05-08 18:00:00,43.30261022490578,13.103106498718375,0.07665390092810478
2040-05-08 19:00:00,43.302608710900266,12.138558387756461,0.07099457507565674
2040-05-08 20:00:00,43.3025885880339,11.363799095153922,0.03790228333259039
2040-05-08 21:00:00,35.054608750336854,10.275286674499625,4.0235242770771404e-07
2040-05-08 22:00:00,35.05427632639908,9.753515243530387,2.7977953284748296e-07
2040-05-08 23:00:00,35.054275791894064,9.47796726226818,2.773138830466334e-07
2040-05-09 00:00:00,35.05427499682405,9.428789138794059,2.708386630083624e-07
2040-05-09 01:00:00,35.05427575855097,9.387917518615836,2.8466755135563925e-07
2040-05-09 02:00:00,35.05427589281689,9.254255294799918,2.8355880059749685e-07
2040-05-09 03:00:00,35.054275115395214,8.991400718689079,2.6399890643771474e-07
2040-05-09 04:00:00,35.0542734841355,8.664813041687125,2.302293436287425e-07
2040-05-09 05:00:00,35.05427309897643,8.363082885742301,2.183212347708426e-07
2040-05-09 06:00:00,35.05427692909748,8.128561973571891,2.6130290722283213e-07
2040-05-09 07:00:00,21.011406393820828,7.93979644775402,1.1450630374714331e-07
2040-05-09 08:00:00,21.01140083819413,7.756127357483024,9.109706052744285e-08
2040-05-09 09:00:00,21.01140089514764,7.597769737243766,8.984731169060211e-08
2040-05-09 10:00:00,21.011405559677225,7.607513427734489,1.0143491953518401e-07
2040-05-09 11:00:00,21.011405370121068,7.742687225341911,9.752674426510973e-08
2040-05-09 12:00:00,21.01140517276455,7.8799738883973305,9.389087806496855e-08
2040-05-09 13:00:00,21.011405339636436,8.009743690490836,9.072566480793372e-08
2040-05-09 14:00:00,21.011407112083923,8.091055870056266,8.976621473748579e-08
2040-05-09 15:00:00,21.011413205594096,8.177509307861442,9.122694683866723e-08
2040-05-09 16:00:00,21.011441569197306,8.349458694458121,1.0003324599611296e-07
2040-05-09 17:00:00,21.011790089083483,8.600386619567985,1.1677473359645726e-07
2040-05-09 18:00:00,27.332351855211837,8.889414787292594,2.2174054771596053e-07
2040-05-09 19:00:00,27.332481898737715,9.106271743774528,2.4949945199184215e-07
2040-05-09 20:00:00,33.76936833030774,9.286087989807243,4.191702738863783e-07
2040-05-09 21:00:00,33.76939059619902,9.445870399475211,5.031137410190509e-07
2040-05-09 22:00:00,27.33242644595222,9.59829425811779,2.590860585196017e-07
2040-05-09 23:00:00,33.76932681850968,9.721692085266227,4.4927304620459365e-07
2040-05-10 00:00:00,33.769388093303384,9.805018424987907,5.353646822106798e-07
2040-05-10 01:00:00,33.769358378363066,9.683052062988395,4.826736453658752e-07
2040-05-10 02:00:00,27.332419851156317,9.441816329956168,2.8627163296529285e-07
2040-05-10 03:00:00,27.33238363692456,9.360924720764274,2.731000282944544e-07
2040-05-10 04:00:00,27.33238312501137,9.07647514343273,2.7129950296437443e-07
2040-05-10 05:00:00,27.33253388193964,8.929374694824332,2.8650415383276813e-07
2040-05-10 06:00:00,27.33531603204905,9.023548126220817,2.835576817257458e-07
2040-05-10 07:00:00,21.011967029822102,9.373133659362907,2.0785014779509509e-07
2040-05-10 08:00:00,20.06415398786803,9.927014350891227,1.5304392421848518e-07
2040-05-10 09:00:00,20.063998354436283,10.486955642700309,1.2020941875701407e-07
2040-05-10 10:00:00,24.79605732640993,10.594320297241325,3.2314935320596926e-07
2040-05-10 11:00:00,21.01166310493381,10.579807281494254,1.716962367449999e-07
2040-05-10 12:00:00,21.01128762457908,10.599649429321403,1.6567633706650835e-07
2040-05-10 13:00:00,20.063948979174345,11.101116180420036,1.0127609687729097e-07
2040-05-10 14:00:00,20.063942080745,11.387487411499137,8.495813161251606e-08
2040-05-10 15:00:00,20.063942503117005,11.18292045593273,8.527274057117517e-08
2040-05-10 16:00:00,20.06394560002119,10.754014015197868,9.033983101337203e-08
2040-05-10 17:00:00,20.06394754055316,10.468743324279899,9.371543690816405e-08
2040-05-10 18:00:00,20.063945759124792,10.172280311584586,8.91484042622025e-08
2040-05-10 19:00:00,20.06394980177132,9.811684608459586,9.882540805979788e-08
2040-05-10 20:00:00,20.063951781262904,9.578838348388786,1.0495005630991657e-07
2040-05-10 21:00:00,20.063948794108867,9.409051895141715,9.975939320790992e-08
2040-05-10 22:00:00,20.06394711939435,9.24139213562023,9.533142669959572e-08
2040-05-10 23:00:00,20.06394792292161,9.09896278381359,9.859419275979185e-08
2040-05-11 00:00:00,20.06394944267745,8.977632522583121,1.0396219871298395e-07
2040-05-11 01:00:00,20.06394905076418,8.87125682830822,9.894172869853569e-08
2040-05-11 02:00:00,20.063948342875904,8.782198905944938,9.130279928510533e-08
2040-05-11 03:00:00,20.063951940036475,8.71817493438732,9.461909451232366e-08
2040-05-11 04:00:00,20.063960139214625,8.658914566040153,9.457978801627016e-08
2040-05-11 05:00:00,20.064093658622298,8.63309192657482,1.2578996742488706e-07
2040-05-11 06:00:00,20.064151628108373,8.670550346374625,1.6793033668952624e-07
2040-05-11 07:00:00,20.064103492334244,8.764822959900016,1.376540989090372e-07
2040-05-11 08:00:00,20.06409558133756,8.896632194519157,1.2595380583509137e-07
2040-05-11 09:00:00,20.064095634896045,9.124962806701774,1.2552443749669504e-07
2040-05-11 10:00:00,20.06626536816003,9.328722000122184,1.5981440489672717e-07
2040-05-11 11:00:00,20.06644646016674,9.64815711975109,1.6103729217914113e-07
2040-05-11 12:00:00,20.06410000480891,10.118969917297477,1.3284436181372336e-07
2040-05-11 13:00:00,20.06411286440953,10.599164009094352,1.4761480646038814e-07
2040-05-11 14:00:00,20.064081372814908,11.37279319763195,1.1366995373071402e-07
2040-05-11 15:00:00,20.064161157604225,10.420228958129996,1.5926826259955286e-07
2040-05-11 16:00:00,20.06410791106062,10.448098182678336,1.3600903261044526e-07
2040-05-11 17:00:00,20.064133336371818,10.429129600525016,1.4563311584118224e-07
2040-05-11 18:00:00,21.011766180218608,10.233035087585563,1.9385824031902663e-07
2040-05-11 19:00:00,24.796156524577068,9.646340370178336,2.4340167026692125e-07
2040-05-11 20:00:00,24.796178330818385,9.236273765564079,2.451106693466212e-07
2040-05-11 21:00:00,24.79621098836609,8.97106742858898,2.916100842482639e-07
2040-05-11 22:00:00,20.06408950873721,8.773327827453727,1.3409232694993728e-07
2040-05-11 23:00:00,20.06407717961767,8.131905555725211,1.0341456725987167e-07
2040-05-12 00:00:00,20.06407508524953,7.502971649170036,9.408417949008225e-08
2040-05-12 01:00:00,20.06407404529768,7.189856052398795,9.04725448697853e-08
2040-05-12 02:00:00,20.064074938486435,6.803303718567008,9.273643163298867e-08
2040-05-12 03:00:00,20.064076029637903,6.772839546203727,9.421892152347857e-08
2040-05-12 04:00:00,20.064078723058543,6.770950317382926,9.621826729468645e-08
2040-05-12 05:00:00,20.06408331482313,7.239791870117301,9.875288129045153e-08
2040-05-12 06:00:00,20.06408189785425,8.499531745910758,9.513077946681263e-08
2040-05-12 07:00:00,19.989661242369536,9.560187339782829,8.968789226734902e-08
2040-05-12 08:00:00,19.98881455075594,10.503887176513786,7.458905629956906e-08
2040-05-12 09:00:00,0.0251167905740381,11.141223907470817,4.562862711558655e-08
2040-05-12 10:00:00,19.98966011850342,11.902010917663688,8.528888196885552e-08
2040-05-12 11:00:00,19.98965536227026,12.215479850769157,8.046265988441236e-08
2040-05-12 12:00:00,0.025117438339889,12.763630867004508,4.557564761048621e-08
2040-05-12 13:00:00,0.0251135097237337,13.150745391845817,4.563279924398936e-08
2040-05-12 14:00:00,19.98967498640435,12.922684669494743,8.687487574877544e-08
2040-05-12 15:00:00,19.98969264937448,12.823312759399528,8.707683501288037e-08
2040-05-12 16:00:00,19.989755467857723,12.455074310302848,8.981445777009544e-08
2040-05-12 17:00:00,19.98992585342036,12.967667579650993,1.0594919522029805e-07
2040-05-12 18:00:00,19.990309633107703,12.559043884277457,1.1424282569219923e-07
2040-05-12 19:00:00,19.99028108501868,11.178110122680778,1.1605792170275416e-07
2040-05-12 20:00:00,20.06408059040872,10.15723037719738,1.3158439615319097e-07
2040-05-12 21:00:00,20.064075207929008,9.563960075378532,1.4083719333634637e-07
2040-05-12 22:00:00,19.989932345489688,9.336020469665641,1.0800019979489191e-07
2040-05-12 23:00:00,19.9899348873976,9.00729084014904,1.1143198753430666e-07
2040-05-13 00:00:00,19.98994241389685,8.999267578125114,1.2226652452076008e-07
2040-05-13 01:00:00,19.98996684412106,9.325880050659293,1.4031208437384327e-07
2040-05-13 02:00:00,19.99007236281017,9.45043754577648,1.555500282231604e-07
2040-05-13 03:00:00,21.011535553626345,9.250737190246696,1.7458632723461425e-07
2040-05-13 04:00:00,25.965602681891472,8.95563888549816,2.456011835152532e-07
2040-05-13 05:00:00,25.965967564138445,8.775115966796989,2.870667595656652e-07
2040-05-13 06:00:00,25.96598109867196,8.939901351928825,3.4691222220488196e-07
2040-05-13 07:00:00,21.01161056916242,9.770565032959098,1.3582398970437447e-07
2040-05-13 08:00:00,21.011593628538137,10.287528038025016,1.2170119192283905e-07
2040-05-13 09:00:00,21.01159119498355,11.02698135375988,1.1160844168146291e-07
2040-05-13 10:00:00,21.011591738387484,12.679866790771598,1.0398012000373078e-07
2040-05-13 11:00:00,21.011595874577463,13.189816474914664,1.0191439183599551e-07
2040-05-13 12:00:00,21.011603038934005,13.372290611267204,1.029904031400602e-07
2040-05-13 13:00:00,21.011616050158032,13.69299697875988,1.0341259214572142e-07
2040-05-13 14:00:00,21.011720671020736,13.597875595092887,1.5503662921237812e-07
2040-05-13 15:00:00,25.966091456860102,13.254379272461051,2.3917272526246235e-07
2040-05-13 16:00:00,25.96612276077187,12.792907714843864,3.373767613613419e-07
2040-05-13 17:00:00,25.96612963926289,12.224247932434196,5.455955946451225e-07
2040-05-13 18:00:00,25.96612882257849,11.646319389343375,4.7645680924720793e-07
2040-05-13 19:00:00,25.96612676786619,11.103594779968375,3.937695761933178e-07
2040-05-13 20:00:00,25.966114542003663,10.688019752502555,2.6910613248938303e-07
2040-05-13 21:00:00,21.01171692229975,10.548421859741325,1.4984931369975446e-07
2040-05-13 22:00:00,21.011701079109635,10.47447776794445,1.115157403231644e-07
2040-05-13 23:00:00,21.01169953313225,10.00897026062023,1.0241014665432463e-07
2040-05-14 00:00:00,21.0116995306174,9.641264915466422,1.013298212415459e-07
2040-05-14 01:00:00,21.01170001776484,9.491692543029899,1.017665845712226e-07
2040-05-14 02:00:00,21.01170227793549,9.381896972656364,1.1292874197203792e-07
2040-05-14 03:00:00,21.011702440448413,9.271847724914664,1.0691739598110695e-07
2040-05-14 04:00:00,21.011703121826336,9.192835807800407,1.0122347629240713e-07
2040-05-14 05:00:00,21.0117077273755,9.300987243652457,1.08480568154262e-07
2040-05-14 06:00:00,21.011717559784604,9.620675086975211,1.244455202513895e-07
2040-05-14 07:00:00,21.011745749799893,10.01272296905529,1.5073891651851556e-07
2040-05-14 08:00:00,25.96611902805746,10.302133560180778,2.2625292716965634e-07
2040-05-14 09:00:00,21.01173381468688,10.834718704223746,1.408618184458582e-07
2040-05-14 10:00:00,21.011748567146824,11.340186119079704,1.481312001933474e-07
2040-05-14 11:00:00,21.01172085483414,12.15392112731945,1.0620272646782134e-07
2040-05-14 12:00:00,21.0117161730434,12.351913452148551,8.838506777957469e-08
2040-05-14 13:00:00,21.01167846505974,12.96167087554943,7.874011224898389e-08
2040-05-14 14:00:00,21.01172254067221,14.218452453613395,9.091709826691069e-08
2040-05-14 15:00:00,21.0117397687421,15.595603942871207,9.875396577365525e-08
2040-05-14 16:00:00,43.30258016287818,13.986292839050407,0.025421999374516946
2040-05-14 17:00:00,43.30261729458761,13.831623077392692,0.09028715657280277
2040-05-14 18:00:00,43.30262480075268,13.51830101013195,0.18782148503529444
2040-05-14 19:00:00,43.302625956549896,12.893347740173454,0.2184216871623546
2040-05-14 20:00:00,43.30262668310236,12.399811744690055,0.24202073323917428
2040-05-14 21:00:00,43.30262708733533,11.631649971008414,0.2516000990003101
2040-05-14 22:00:00,43.30262677506364,10.98856067657482,0.24477483812588527
2040-05-14 23:00:00,43.30262669879321,10.50263595581066,0.24205693979142673
2040-05-15 00:00:00,43.30262647314341,10.104056358337516,0.23680521021632664
2040-05-15 01:00:00,43.30262653312682,9.647779464721793,0.23618740562240229
2040-05-15 02:00:00,43.30262673566687,9.84725379943859,0.23741304581403777
2040-05-15 03:00:00,43.30262712243931,10.243378639221305,0.24147189310151768
2040-05-15 04:00:00,43.3026276359421,10.59256744384777,0.24786572975462656
2040-05-15 05:00:00,43.30262811966941,11.117527008056754,0.2544869782948622
2040-05-15 06:00:00,43.30262824404112,11.545834541320914,0.24969853154782812
2040-05-15 07:00:00,43.302626922084144,11.930308341980094,0.19230898069052516
2040-05-15 08:00:00,43.302625817146655,12.555246353149528,0.15599390579071673
2040-05-15 09:00:00,43.302623137757664,13.341430664062614,0.11413792990310655
2040-05-15 10:00:00,43.3026094087304,14.85887718200695,0.0423524280616191
2040-05-15 11:00:00,43.30260501315583,16.983953475952262,0.02898061283720889
2040-05-15 12:00:00,43.30260391724355,19.845600128173942,0.025678110705677538
2040-05-15 13:00:00,43.30261038617275,19.672779083252067,0.042043642975570915
2040-05-15 14:00:00,43.30261480369992,18.373311996460075,0.058944879380310955
2040-05-15 15:00:00,43.30261751489236,18.153339385986442,0.0706859571048417
2040-05-15 16:00:00,43.30261505934174,19.346368789672965,0.055047255296739386
2040-05-15 17:00:00,43.30262413782216,19.145549774170036,0.11775299164461242
2040-05-15 18:00:00,43.30262813684379,18.24731254577648,0.21689623438367192
2040-05-15 19:00:00,43.30262735934308,16.941774368286246,0.2004044159907771
2040-05-15 20:00:00,43.30262767384095,15.741841316223258,0.21094468233808425
2040-05-15 21:00:00,43.30262752886559,15.40006542205822,0.2060657576874057
2040-05-15 22:00:00,43.30262757921712,15.205121994018668,0.2142466442649671
2040-05-15 23:00:00,43.3026277498719,14.600198745727653,0.22693102737726462
2040-05-16 00:00:00,43.30262795404572,13.997554779052848,0.2353936278122409
2040-05-16 01:00:00,43.30262803478578,14.02260780334484,0.23663485902402795
2040-05-16 02:00:00,43.30262773151287,13.86744308471691,0.22328524918025835
2040-05-16 03:00:00,43.30262830736783,13.609871864318961,0.23983554773576693
2040-05-16 04:00:00,43.30262836305442,13.43471717834484,0.23200685192538126
2040-05-16 05:00:00,43.30262884996809,14.085188865661735,0.24122086468215329
2040-05-16 06:00:00,43.30262846624375,14.493539810180778,0.21747463298972466
2040-05-16 07:00:00,43.3026250294956,14.55510234832775,0.13623149290008296
2040-05-16 08:00:00,43.30262018949816,15.117386817932243,0.08624339004201782
2040-05-16 09:00:00,43.30260827499178,16.249151229858512,0.0418221091736794
2040-05-16 10:00:00,43.302607177664086,16.972509384155387,0.03822364924734138
2040-05-16 11:00:00,43.302606171054414,18.04542160034191,0.03480762129129235
2040-05-16 12:00:00,43.30260309410589,20.74494552612316,0.025946893417075043
2040-05-16 13:00:00,43.30260393861994,21.8107147216798,0.027138300120922623
2040-05-16 14:00:00,43.30260619992625,22.325584411621207,0.03221133995610536
2040-05-16 15:00:00,43.30260854138616,22.136863708496207,0.03713292516717707
2040-05-16 16:00:00,43.30261123099381,21.13650703430187,0.046200245365663827
2040-05-16 17:00:00,43.30262220221182,19.772224426269645,0.10655935114858021
2040-05-16 18:00:00,43.30262759792042,18.631843566894645,0.2094621087200126
2040-05-16 19:00:00,43.302627758074266,17.593324661254996,0.21610813178571242
2040-05-16 20:00:00,43.30262771559559,16.869031906128043,0.21654849757335254
2040-05-16 21:00:00,43.30262754695618,16.194622039795036,0.20837266116024916
2040-05-16 22:00:00,43.302627606758925,15.50168323516857,0.21702982927458342
2040-05-16 23:00:00,43.302627075709246,14.937613487243766,0.2034823031240944
2040-05-17 00:00:00,43.30262696767405,14.361673355102653,0.1994208714164931
2040-05-17 01:00:00,43.302627045529306,13.704794883728141,0.20307840409388614
2040-05-17 02:00:00,43.302627954955966,13.026136398315543,0.2340823109140812
2040-05-17 03:00:00,43.3026278006761,12.326150894165153,0.22719838739102682
2040-05-17 04:00:00,43.30262799719964,11.651110649109,0.22502050839574425
2040-05-17 05:00:00,43.30262844364148,11.481163978576774,0.23731495352633966
2040-05-17 06:00:00,43.302628313627736,11.814970016479606,0.21764366756222117
2040-05-17 07:00:00,43.30262734550134,12.054060935974235,0.18891804952014007
2040-05-17 08:00:00,43.30262572314941,12.371419906616325,0.1476812788314413
2040-05-17 09:00:00,43.30262182760887,13.127419471740836,0.09882731853851989
2040-05-17 10:00:00,43.302617616554286,14.093791961670036,0.06978339389517108
2040-05-17 11:00:00,43.30261279903751,15.488029479980582,0.04932837358447207
2040-05-17 12:00:00,43.30260888317019,17.810365676879996,0.03389161228806693
2040-05-17 13:00:00,43.30260856461423,18.625074386596793,0.031876060994409344
2040-05-17 14:00:00,43.30261003009087,18.61402511596691,0.03620411958143339
2040-05-17 15:00:00,43.302613137852255,18.16869163513195,0.04735972982586254
2040-05-17 16:00:00,43.3026207957959,17.59776878356945,0.08316260915718404
2040-05-17 17:00:00,43.30262774413605,16.312154769897575,0.2165766055646974
2040-05-17 18:00:00,43.30262802460226,15.591547012329215,0.2030939613400106
2040-05-17 19:00:00,43.30261854160727,14.462895393371696,0.07542318645074995
2040-05-17 20:00:00,43.30261420246259,13.399477005004996,0.0499229024925343
2040-05-17 21:00:00,43.30261386145879,12.49111366271984,0.04547391424735529
2040-05-17 22:00:00,43.30261729164029,11.716379165649528,0.062181150714244245
2040-05-17 23:00:00,43.30261925649906,11.115149497985954,0.07383031531082856
2040-05-18 00:00:00,43.30262156457904,10.57568454742443,0.09374125762282261
2040-05-18 01:00:00,43.3026218812247,10.03635120391857,0.09501922980770641
2040-05-18 02:00:00,43.302624908535286,9.864825248718375,0.12834313000916486
2040-05-18 03:00:00,43.30262723866535,9.489778518676871,0.17214946438972903
2040-05-18 04:00:00,43.30262808039173,9.003854751587028,0.19168524880699864
2040-05-18 05:00:00,43.30262712171248,8.80982875823986,0.15578689221862096
2040-05-18 06:00:00,43.3026273165985,8.99418926239025,0.15266274794053014
2040-05-18 07:00:00,43.30262771280215,9.35604286193859,0.16137763066331268
2040-05-18 08:00:00,43.30262901091928,9.385205268859977,0.18655512289972906
2040-05-18 09:00:00,43.30262954213432,9.86420822143566,0.19049563229101
2040-05-18 10:00:00,43.30262936245945,10.550806999206657,0.17337125930534442
2040-05-18 11:00:00,43.3026289671378,11.077346801757926,0.16066892205407354
2040-05-18 12:00:00,43.302628178850064,12.003312110900993,0.13926828928916896
2040-05-18 13:00:00,43.3026264530513,13.306802749633903,0.10491826586094384
2040-05-18 14:00:00,43.30262543806812,14.58340167999279,0.08940948075016783
2040-05-18 15:00:00,43.30262820739628,14.839910507202262,0.13220691716084773
2040-05-18 16:00:00,43.30263091190941,13.412389755249137,0.22318148675758737
2040-05-18 17:00:00,43.302631125283625,11.665889739990348,0.22848236158579355
2040-05-18 18:00:00,43.302631023439766,11.568769454956168,0.21852830620527888
2040-05-18 19:00:00,43.30263127678696,11.3739528656007,0.23254064781272502
2040-05-18 20:00:00,43.302631148272575,11.36409950256359,0.224835544265696
2040-05-18 21:00:00,43.30263047241039,10.978951454162711,0.19442178813194852
2040-05-18 22:00:00,43.30263055961851,10.574115753173942,0.2061666093943537
2040-05-18 23:00:00,43.30263033490829,10.272747993469352,0.20116830038824504
2040-05-19 00:00:00,43.30263023812458,10.341940879821891,0.1967692743961631
2040-05-19 01:00:00,43.30263057238096,10.42786026000988,0.2088297854352403
2040-05-19 02:00:00,43.302630509700485,10.48128700256359,0.2025908188153661
2040-05-19 03:00:00,43.30263008212797,10.628440856933707,0.17692609030683948
2040-05-19 04:00:00,43.30263082084392,10.748776435852164,0.19604960563068044
2040-05-19 05:00:00,43.30263161381261,10.84577560424816,0.22811310922807762
2040-05-19 06:00:00,43.3026319108556,10.973600387573356,0.24232677441092149
2040-05-19 07:00:00,43.30263094376858,11.180418968200797,0.21914270912828937
2040-05-19 08:00:00,43.302630890528725,11.369172096252555,0.21616323459044645
2040-05-19 09:00:00,43.30263087227238,11.605912208557243,0.2184342873821451
2040-05-19 10:00:00,43.30262922284871,11.924846649170036,0.15974880984150347
2040-05-19 11:00:00,43.30262899711119,12.242892265319938,0.1559834524796095
2040-05-19 12:00:00,43.302629130224,12.623991012573356,0.16163971865262616
2040-05-19 13:00:00,43.30262807191804,13.291439056396598,0.13806632228433055
2040-05-19 14:00:00,43.30262822696502,13.870803833007926,0.14509252750622587
2040-05-19 15:00:00,43.3026296828583,14.255158424377555,0.19106578774408076
2040-05-19 16:00:00,43.30263061211806,14.427926063537711,0.22541477477375546
2040-05-19 17:00:00,43.30263086705765,14.495198249817008,0.2429929494765674
2040-05-19 18:00:00,43.30263097191404,14.430930137634391,0.2611842564856092
2040-05-19 19:00:00,43.30263082235082,14.159562110900993,0.2605663411966579
2040-05-19 20:00:00,43.302630686075325,13.264068603515739,0.26072874273919705
2040-05-19 21:00:00,43.30263040871921,12.432151794433707,0.2584867373318399
2040-05-19 22:00:00,43.30262999088288,11.897344589233512,0.25499697781029307
2040-05-19 23:00:00,43.302629578749794,11.667805671692008,0.2518792901093755
2040-05-20 00:00:00,43.30262920656578,11.268319129943961,0.24949453294633833
2040-05-20 01:00:00,43.30262898832548,11.152223587036246,0.25000995114974417
2040-05-20 02:00:00,43.302628829854825,11.04581451416027,0.2516954679208572
2040-05-20 03:00:00,43.302628707179046,10.66892528533947,0.2543685878016792
2040-05-20 04:00:00,43.302628719292514,10.297863960266227,0.2597557187828464
2040-05-20 05:00:00,43.30262872764588,10.538360595703239,0.2659969380115467
2040-05-20 06:00:00,43.30262820491188,11.247273445129508,0.24463623741293297
2040-05-20 07:00:00,33.76922264943671,12.67901992797863,4.894188169946617e-07
2040-05-20 08:00:00,33.76910021577759,14.015468597412223,3.4944357939209107e-07
2040-05-20 09:00:00,27.332227165301298,15.193866729736442,1.9607895672535885e-07
2040-05-20 10:00:00,27.332216419967835,17.112773895263786,1.6658703014337233e-07
2040-05-20 11:00:00,33.76918675861269,17.061420440673942,3.9560301785225947e-07
2040-05-20 12:00:00,27.332919961939137,17.04965400695812,2.3357233353127628e-07
2040-05-20 13:00:00,27.332215841187164,18.644165039062614,1.6003124616012925e-07
2040-05-20 14:00:00,27.33221565119562,19.597347259521598,1.5526490632741615e-07
2040-05-20 15:00:00,27.332225072546724,18.48340988159191,2.1096033407616896e-07
2040-05-20 16:00:00,27.485970168603878,18.01028442382824,2.529557184175266e-07
2040-05-20 17:00:00,27.33297258666243,18.049020767212028,2.417277281052541e-07
2040-05-20 18:00:00,27.436478451599115,17.3660125732423,2.3828921492644309e-07
2040-05-20 19:00:00,27.33222498374637,15.982538223266715,2.1415291799338075e-07
2040-05-20 20:00:00,27.332222359047872,15.402104377746696,2.0179836625550026e-07
2040-05-20 21:00:00,27.332221208284423,14.661176681518668,1.9702976517767414e-07
2040-05-20 22:00:00,27.33221783798204,14.172102928161735,1.7574159056183688e-07
2040-05-20 23:00:00,27.332215760595385,13.53077602386486,1.4942271758806544e-07
2040-05-21 00:00:00,27.33221633701509,13.162993431091422,1.536999948333955e-07
2040-05-21 01:00:00,27.332217748729875,12.850228309631461,1.6755794539025488e-07
2040-05-21 02:00:00,27.332218716687404,12.868758201599235,1.721954078193597e-07
2040-05-21 03:00:00,27.332219758594658,12.939847946167106,1.721695390589222e-07
2040-05-21 04:00:00,27.33222088318765,12.990890502929801,1.664863278092225e-07
2040-05-21 05:00:00,27.33222229570125,13.030965805053825,1.588508874884639e-07
2040-05-21 06:00:00,27.332230152515773,13.228892326355094,1.82147276957505e-07
2040-05-21 07:00:00,27.33222136292437,13.756068229675407,1.323658055886764e-07
2040-05-21 08:00:00,27.33222335185952,13.994675636291618,1.2978290504458174e-07
2040-05-21 09:00:00,27.33222695778614,14.538467407226676,1.231549654698176e-07
2040-05-21 10:00:00,27.33250279665017,15.06761741638195,2.1431596090291635e-07
2040-05-21 11:00:00,27.332496750001702,15.567221641540641,2.0489889888900554e-07
2040-05-21 12:00:00,27.3324916264615,16.010934829712028,1.9563000414589785e-07
2040-05-21 13:00:00,27.332486612332968,16.43745613098156,1.6090234176885743e-07
2040-05-21 14:00:00,27.33249000337322,16.863241195678825,1.5553491348772623e-07
2040-05-21 15:00:00,27.332491672770768,17.697444915771598,1.2494189723538657e-07
2040-05-21 16:00:00,27.33258303974218,18.335945129394645,1.4441477482218342e-07
2040-05-21 17:00:00,43.302597661473605,18.15780830383312,0.046906209444136975
2040-05-21 18:00:00,43.302619068904455,17.460775375366325,0.14691201782757726
2040-05-21 19:00:00,43.30262116457905,16.975362777710075,0.19382111401509722
2040-05-21 20:00:00,43.30262221887995,16.291408538818473,0.22614003659476553
2040-05-21 21:00:00,43.30262206383855,15.869946479797477,0.22406451163507882
2040-05-21 22:00:00,43.3026195407523,15.955940246582145,0.16533317079972928
2040-05-21 23:00:00,43.30258723418122,15.968667984008903,0.041822603906768584
2040-05-22 00:00:00,43.30251760107728,15.731766700744743,0.011570753733551488
2040-05-22 01:00:00,43.302518793715656,15.350313186645621,0.010985677731891417
2040-05-22 02:00:00,43.30253078036981,15.051327705383414,0.015935818604903788
2040-05-22 03:00:00,43.302571211223416,14.689441680908317,0.029780639140715923
2040-05-22 04:00:00,43.30261508168627,14.314192771911735,0.0984173098352481
2040-05-22 05:00:00,43.302619720094505,14.202548027038688,0.1303139832991841
2040-05-22 06:00:00,43.30262197791277,14.442340850830192,0.1585172440164888
2040-05-22 07:00:00,43.30262161897499,14.93044471740734,0.14711245580210935
2040-05-22 08:00:00,43.302618258182086,15.548296928405875,0.09929338921248963
2040-05-22 09:00:00,43.30261182124771,16.037633895874137,0.06096414629106795
2040-05-22 10:00:00,43.302611714142245,16.449695587158317,0.058989359865852985
2040-05-22 11:00:00,43.30261585355767,16.883367538452262,0.07835643751324248
2040-05-22 12:00:00,43.30261116608276,17.35679435729992,0.05832804415814422
2040-05-22 13:00:00,43.30260875814228,17.776088714599723,0.048164138268300224
2040-05-22 14:00:00,43.30261017673026,17.99305915832531,0.052174009751261956
2040-05-22 15:00:00,43.30261139453592,18.301019668579215,0.05501086588361611
2040-05-22 16:00:00,43.30261099807982,18.60281562805187,0.050606869169892155
2040-05-22 17:00:00,43.302616714192006,18.5726833343507,0.07752692878407948
2040-05-22 18:00:00,43.30262413972802,18.406663894653434,0.1786205152535085
2040-05-22 19:00:00,43.30262460894926,17.527196884155387,0.19283979482980648
2040-05-22 20:00:00,43.30262490107318,16.483480453491325,0.20652375542372217
2040-05-22 21:00:00,43.30262515994519,15.482618331909293,0.2110170134926966
2040-05-22 22:00:00,43.30262408838517,14.47079181671154,0.18846633879899444
2040-05-22 23:00:00,43.30262388352204,13.61041069030773,0.18425640432005616
2040-05-23 00:00:00,43.302623842576814,12.932839393615836,0.17317202621006889
2040-05-23 01:00:00,43.30262394473579,12.278481483459586,0.17129592241084932
2040-05-23 02:00:00,43.30262451998588,11.675425529480094,0.18430148141745364
2040-05-23 03:00:00,43.30262462881964,11.137366294860954,0.18366258735528065
2040-05-23 04:00:00,43.30262504495811,10.619634628296012,0.18923240739932276
2040-05-23 05:00:00,43.30262562737476,10.196443557739371,0.19976165335576035
2040-05-23 06:00:00,43.302625735459685,9.923390388488883,0.20396656577765046
2040-05-23 07:00:00,43.302622586977904,9.947959899902457,0.13194189147167543
2040-05-23 08:00:00,43.30261565636084,10.29452991485607,0.06919798875434333
2040-05-23 09:00:00,43.30261123661815,10.848276138305778,0.05078263278149972
2040-05-23 10:00:00,43.302607679085135,11.52151203155529,0.041299474410335255
2040-05-23 11:00:00,43.30260411207711,12.238817214965934,0.031615384471275064
2040-05-23 12:00:00,43.30260450783413,12.898832321167106,0.03244586756821992
2040-05-23 13:00:00,43.302605885884624,13.417900085449332,0.03638425715643105
2040-05-23 14:00:00,43.30260450773563,14.27008152008068,0.031049022597831714
2040-05-23 15:00:00,43.30261157012826,14.787587165832633,0.055627615100781354
2040-05-23 16:00:00,43.30262232582754,14.52996635437023,0.15250937679987386
2040-05-23 17:00:00,43.30262357410425,14.346331596374625,0.1906313514680621
2040-05-23 18:00:00,43.30262406295911,14.077655792236442,0.21490606960863468
2040-05-23 19:00:00,43.30262314382738,13.375724792480582,0.18071536646983288
2040-05-23 20:00:00,43.30262205374025,12.728218078613395,0.15334404545786348
2040-05-23 21:00:00,43.30262188795194,12.769095420837516,0.16353584265337037
2040-05-23 22:00:00,43.30262178722185,12.330035209655875,0.17708429688715058
2040-05-23 23:00:00,43.30262111212794,11.92910194396984,0.17333664596424544
2040-05-24 00:00:00,43.30261883582749,11.609597206115836,0.13742227330415033
2040-05-24 01:00:00,43.30261845714488,11.272069931030387,0.1338388929129789
2040-05-24 02:00:00,43.30261868303958,11.461388587951774,0.14032168856998048
2040-05-24 03:00:00,43.30261887672285,10.981794357299918,0.14816553440525085
2040-05-24 04:00:00,43.30261907242453,10.729301452636832,0.15494851662874673
2040-05-24 05:00:00,43.30261966854237,10.82870960235607,0.17154056907483792
2040-05-24 06:00:00,43.30262036567317,11.176879882812614,0.20158513451325735
2040-05-24 07:00:00,25.75986891476488,11.655241012573356,4.808290622599079e-07
2040-05-24 08:00:00,25.75984264904133,12.330657958984489,2.857820542687823e-07
2040-05-24 09:00:00,20.844652995638494,13.268994331359977,1.750886850038159e-07
2040-05-24 10:00:00,20.844639571209928,14.63712024688732,1.5947499931770648e-07
2040-05-24 11:00:00,20.844630950934743,17.443916320800895,1.0842016126051109e-07
2040-05-24 12:00:00,20.84462953786658,20.66477775573742,9.810909563648472e-08
2040-05-24 13:00:00,20.84462830034989,21.693740844726676,9.218571517757609e-08
2040-05-24 14:00:00,20.8446298178783,21.55148506164562,9.570549720123866e-08
2040-05-24 15:00:00,20.84462477286665,22.03932380676281,8.51177924081048e-08
2040-05-24 16:00:00,20.844627830065345,21.714591979980582,8.770233244489678e-08
2040-05-24 17:00:00,20.84463269053187,21.029235839843864,9.683876325912646e-08
2040-05-24 18:00:00,20.84463909033217,19.655452728271598,1.2560268710511604e-07
2040-05-24 19:00:00,20.84464335139158,18.575887680053825,1.3767044585409187e-07
2040-05-24 20:00:00,20.844698640205426,17.772035598754996,1.7388367497504e-07
2040-05-24 21:00:00,20.90186937690397,16.962181091308707,2.1984236758088042e-07
2040-05-24 22:00:00,25.759835059536968,16.187940597534293,3.3422959413357435e-07
2040-05-24 23:00:00,20.905519459251387,15.624435424804801,2.5276886168635096e-07
2040-05-25 00:00:00,20.864419845244672,15.227408409118766,2.4448883216765115e-07
2040-05-25 01:00:00,20.86532675109258,14.3553342819215,2.099226739605035e-07
2040-05-25 02:00:00,20.867382603936605,13.663906097412223,2.2838952122602262e-07
2040-05-25 03:00:00,20.869013546151063,13.046603202819938,2.2645037650413612e-07
2040-05-25 04:00:00,20.87102069716982,12.625676155090446,2.387988514459419e-07
2040-05-25 05:00:00,20.844674062510187,13.029139518737907,1.7600019499210045e-07
2040-05-25 06:00:00,20.844647256530788,14.094362258911246,1.213813636180918e-07
2040-05-25 07:00:00,0.0249014757795584,15.686570167541618,8.69589291336138e-08
2040-05-25 08:00:00,0.0248922444861687,17.563110351562614,6.332128848948202e-08
2040-05-25 09:00:00,0.0248898170021276,19.55977058410656,5.604135316022624e-08
2040-05-25 10:00:00,0.0248887174346416,21.126506805420036,5.3208934268858894e-08
2040-05-25 11:00:00,0.0248843606990915,22.08933830261242,4.99388399084221e-08
2040-05-25 12:00:00,0.0248867722068604,22.512643814087028,5.007008240203596e-08
2040-05-25 13:00:00,0.0249034077215451,22.568305969238395,5.770718646676603e-08
2040-05-25 14:00:00,0.0251091516662433,20.616529464721793,8.316736938759403e-08
2040-05-25 15:00:00,0.0251245891303697,21.366460800171012,6.221824409691144e-08
2040-05-25 16:00:00,19.988208788172194,20.56479644775402,1.1263730363789855e-07
2040-05-25 17:00:00,19.990263941360748,20.490589141845817,1.1325932460261463e-07
2040-05-25 18:00:00,20.90488224252112,19.753810882568473,1.5169035095653006e-07
2040-05-25 19:00:00,20.9049151050922,18.61038970947277,1.5653256581498e-07
2040-05-25 20:00:00,20.90494496795298,17.443460464477653,1.859060078027814e-07
2040-05-25 21:00:00,20.90501182245701,16.24542045593273,2.0271043276342108e-07
2040-05-25 22:00:00,20.904948870048496,15.250727653503532,1.6065057738679633e-07
2040-05-25 23:00:00,20.904960909458165,14.513040542602653,1.723410885512529e-07
2040-05-26 00:00:00,20.904986829572827,13.98792648315441,1.8583262748815752e-07
2040-05-26 01:00:00,20.905432797481065,13.395802497863883,2.1031299491736997e-07
2040-05-26 02:00:00,21.14886364131982,12.995071411132926,2.2778283326847236e-07
2040-05-26 03:00:00,21.440347752751045,12.682975769043082,2.184990626959824e-07
2040-05-26 04:00:00,27.332400705989286,12.43167877197277,2.7586841866921964e-07
2040-05-26 05:00:00,43.30258158358158,13.179257392883414,0.03966030760900507
2040-05-26 06:00:00,43.30260915414559,14.652269363403434,0.10172653105462823
2040-05-26 07:00:00,43.30257485080037,17.007244110107536,0.031734488714700235
2040-05-26 08:00:00,43.30260992322897,16.67910766601574,0.10201279321449061
2040-05-26 09:00:00,43.30251289461069,17.873805999755973,0.014196193380440638
2040-05-26 10:00:00,43.30250406595331,18.91454887390148,0.012071531849125447
2040-05-26 11:00:00,43.30249577780572,20.024902343750114,0.008686716274148056
2040-05-26 12:00:00,43.30250008177279,20.087049484253043,0.009701450905935396
2040-05-26 13:00:00,43.30258373801914,18.922153472900504,0.035488291926266145
2040-05-26 14:00:00,43.302609788072495,18.501024246215934,0.08402304699763415
2040-05-26 15:00:00,43.30261275687543,17.57203292846691,0.10398049502426267
2040-05-26 16:00:00,43.30261846543184,17.132894515991325,0.18549117368347487
2040-05-26 17:00:00,43.30261964640262,16.612035751342887,0.22427467887645267
2040-05-26 18:00:00,43.30262027321428,16.207756042480582,0.24603774341037632
2040-05-26 19:00:00,43.30262021989004,15.522405624389762,0.2433554376160731
2040-05-26 20:00:00,43.302620141776565,15.143604278564567,0.24077402785349195
2040-05-26 21:00:00,43.30261961966226,14.315405845642204,0.22929432245384324
2040-05-26 22:00:00,43.302618944730696,14.003413200378532,0.2193862057856253
2040-05-26 23:00:00,43.30261764224598,13.266206741333121,0.19142147464508844
2040-05-27 00:00:00,43.302616116740325,12.578839302063102,0.1610425606093593
2040-05-27 01:00:00,43.30261110716994,12.333736419677848,0.10972410939730118
2040-05-27 02:00:00,43.30258622898938,11.997449874878043,0.04337166658600579
2040-05-27 03:00:00,43.30251325563772,11.0101833343507,0.013738758664499277
2040-05-27 04:00:00,43.30251196364935,10.446411132812614,0.011425316401777913
2040-05-27 05:00:00,43.30251076054287,10.397577285766715,0.010039238916618376
2040-05-27 06:00:00,43.30251199873023,10.286334037780875,0.010077820850449228
2040-05-27 07:00:00,43.302367376471295,10.656023979187125,0.005673442844568338
2040-05-27 08:00:00,43.30236485093812,11.424343109130973,0.005364496357288254
2040-05-27 09:00:00,43.30235702048326,12.869318962097282,0.00383641617043229
2040-05-27 10:00:00,43.30235268913067,15.072095870971793,0.003294221257748187
2040-05-27 11:00:00,43.30235227440324,16.492277145385856,0.0032123216538786515
2040-05-27 12:00:00,43.30237185001636,16.97509574890148,0.004456280807954638
2040-05-27 13:00:00,43.30254690462226,16.843431472778434,0.019052477192350103
2040-05-27 14:00:00,43.30251215799132,18.43870353698742,0.008843895444245482
2040-05-27 15:00:00,43.30253289897248,16.610290527343864,0.011544557454099968
2040-05-27 16:00:00,43.30258768434055,16.21669960021984,0.030442922338027117
2040-05-27 17:00:00,43.302619014760886,15.84882736206066,0.12358263312477945
2040-05-27 18:00:00,43.302622747257374,14.751493453979606,0.20590925706524976
2040-05-27 19:00:00,43.30262279252023,13.77035999298107,0.2074318445018033
2040-05-27 20:00:00,43.30262007240686,12.476633071899528,0.15214688943290933
2040-05-27 21:00:00,43.3026216766773,11.392207145691032,0.17511716378747413
2040-05-27 22:00:00,43.3026221631199,10.626461029052848,0.19661236409899296
2040-05-27 23:00:00,43.30262220427109,10.083297729492301,0.2017011314693821
2040-05-28 00:00:00,43.30262112331403,10.080522537231559,0.1741179289574688
2040-05-28 01:00:00,43.30261782041893,9.773032188415641,0.12198481908851538
2040-05-28 02:00:00,43.30261161205827,9.525613784790153,0.07832374397183431
2040-05-28 03:00:00,43.30261378589354,9.352748870849723,0.08389143151227134
2040-05-28 04:00:00,43.3026196512821,9.216361045837516,0.12146449031072619
2040-05-28 05:00:00,43.30262211056768,9.385934829712028,0.14642762386205585
2040-05-28 06:00:00,43.3026234242804,9.918458938598746,0.16961616362524037
2040-05-28 07:00:00,43.30261359987125,10.781150817871207,0.0657658061521786
2040-05-28 08:00:00,43.30260358293297,11.776278495788688,0.04090329652366072
2040-05-28 09:00:00,43.30259536412538,12.658775329589957,0.0262424396928118
2040-05-28 10:00:00,43.30259481439565,13.66131973266613,0.02482275748583796
2040-05-28 11:00:00,43.30259565335981,14.868516921997184,0.02618803059645115
2040-05-28 12:00:00,43.302597814436815,15.611168861389274,0.030244314296392384
2040-05-28 13:00:00,43.30259353576583,17.653463363647575,0.02038760326402475
2040-05-28 14:00:00,43.30259886097788,17.652627944946403,0.02874492077983853
2040-05-28 15:00:00,43.30260039152655,17.82262992858898,0.030347784394846554
2040-05-28 16:00:00,43.30262088664681,15.764651298523063,0.11940528386536678
2040-05-28 17:00:00,43.3026236574264,15.147778511047477,0.1587846112804488
2040-05-28 18:00:00,43.30262480000002,14.11167144775402,0.1921350131695595
2040-05-28 19:00:00,43.3026246488729,13.214384078979606,0.18637697709712803
2040-05-28 20:00:00,43.30262416187019,12.324988365173454,0.1769164851026833
2040-05-28 21:00:00,43.302623813894016,11.917463302612418,0.16874717206045634
2040-05-28 22:00:00,43.30262284993979,11.557500839233512,0.16063360980734398
2040-05-28 23:00:00,43.30262178858239,10.85443496704113,0.14555714781885537
2040-05-29 00:00:00,43.30262111430035,10.270159721374625,0.1357940063873251
2040-05-29 01:00:00,43.302622462579535,10.248517990112418,0.15675759098520803
2040-05-29 02:00:00,43.30262327626621,10.116510391235465,0.17144987317816346
2040-05-29 03:00:00,43.302623425322366,9.951702117920036,0.17864173182172657
2040-05-29 04:00:00,43.3026246076926,9.952279090881461,0.21464710597787084
2040-05-29 05:00:00,43.302625438238216,10.158359527588004,0.24499329010038867
2040-05-29 06:00:00,43.30262549606073,10.300523757934684,0.24044993732771422
2040-05-29 07:00:00,43.30262495467297,10.578397750854606,0.2209285596981778
2040-05-29 08:00:00,43.30261618756175,11.764698982238883,0.08028809926159405
2040-05-29 09:00:00,43.30262238788365,11.752716064453239,0.1433789575341699
2040-05-29 10:00:00,43.302615103220425,12.722146987915153,0.07340683428817937
2040-05-29 11:00:00,43.30261920160117,12.94273948669445,0.1072045479361584
2040-05-29 12:00:00,43.3026040220928,15.479783058166618,0.03470125444445917
2040-05-29 13:00:00,43.30262157173492,14.87234210968029,0.15130219077678228
2040-05-29 14:00:00,43.30261835575834,15.263758659362907,0.10807049498393145
2040-05-29 15:00:00,43.30260907442031,16.648036956787223,0.054226146614030316
2040-05-29 16:00:00,43.30262277369504,15.677115440368766,0.18377449159198575
2040-05-29 17:00:00,43.30262263680864,15.569232940673942,0.1831479941909167
2040-05-29 18:00:00,43.30262399405782,13.913805961609,0.2519166553486382
2040-05-29 19:00:00,43.302623787495634,12.165527343750114,0.25287524508405923
2040-05-29 20:00:00,43.30262347645321,11.959827423095817,0.25285693447827085
2040-05-29 21:00:00,43.302622100053895,11.953246116638297,0.21603890981758073
2040-05-29 22:00:00,43.30262041970504,11.549240112304801,0.18225966617093914
2040-05-29 23:00:00,43.302617200466905,10.906953811645621,0.13131312146517526
2040-05-30 00:00:00,43.30261569223039,10.405441284179801,0.11958583885330377
2040-05-30 01:00:00,43.30261585771825,10.063520431518668,0.1285675567568182
2040-05-30 02:00:00,43.30261181145234,9.503228187561149,0.08823057846262346
2040-05-30 03:00:00,43.30261044574584,9.066299438476676,0.07761147100526009
2040-05-30 04:00:00,43.30260727933705,8.740135192871207,0.054068901470503083
2040-05-30 05:00:00,43.30260184160116,8.776565551757926,0.03168162165776683
2040-05-30 06:00:00,43.30260107860384,9.424445152282829,0.031721936287106525
2040-05-30 07:00:00,0.0251043318824897,10.194666862487907,6.47762082414689e-08
2040-05-30 08:00:00,0.0251044862956188,10.377366065979118,6.37486930994676e-08
2040-05-30 09:00:00,0.0251038588431584,11.124678611755485,6.048324388220797e-08
2040-05-30 10:00:00,0.0251051009512142,13.32462310791027,6.119182736869411e-08
2040-05-30 11:00:00,0.0251055282830327,14.89394855499279,6.036697800931003e-08
2040-05-30 12:00:00,0.0251078772416351,15.294938087463493,6.416598546636467e-08
2040-05-30 13:00:00,0.0251076331963384,16.019348144531364,6.076646632749324e-08
2040-05-30 14:00:00,0.0251075945550114,16.67263793945324,5.8131179818119564e-08
2040-05-30 15:00:00,0.0251102068998706,16.36519050598156,6.030905468030653e-08
2040-05-30 16:00:00,0.0251121609363892,16.29697990417492,6.034514070175006e-08
2040-05-30 17:00:00,0.0251153979239748,15.819502830505485,6.308179761433543e-08
2040-05-30 18:00:00,0.0251177251911285,15.278038978576774,6.24322432406407e-08
2040-05-30 19:00:00,0.0251210030677016,14.784613609314079,6.432881931906089e-08
2040-05-30 20:00:00,0.0251272009327915,14.362008094787711,6.824846700211103e-08
2040-05-30 21:00:00,0.0251885999150958,13.877031326294059,7.501810856421791e-08
2040-05-30 22:00:00,0.0259931958919992,13.602753639221305,8.387901351300357e-08
2040-05-30 23:00:00,0.0272205435515432,13.418932914734,9.930522225065709e-08
2040-05-31 00:00:00,19.99028845406319,13.28194618225109,1.8097702828356383e-07
2040-05-31 01:00:00,20.584945177168898,13.067026138305778,1.9814871984823247e-07
2040-05-31 02:00:00,20.957535155584942,12.680700302124137,2.2430033728239636e-07
2040-05-31 03:00:00,21.007318738773996,12.149895668029899,2.4415137596840693e-07
2040-05-31 04:00:00,21.22429024939588,11.697577476501579,2.6307944254962294e-07
2040-05-31 05:00:00,21.48676940786384,11.329611778259391,2.5909219216626683e-07
2040-05-31 06:00:00,25.897173666392124,11.216773033142204,3.104438959262257e-07
2040-05-31 07:00:00,25.89723943977658,11.561737060546989,3.044848537629852e-07
2040-05-31 08:00:00,23.50640226929108,12.418422698974723,2.438673950261927e-07
2040-05-31 09:00:00,20.95596434259602,13.664046287536735,1.621815935944293e-07
2040-05-31 10:00:00,20.955968844653032,14.567365646362418,1.632791355406336e-07
2040-05-31 11:00:00,20.95595075942531,15.289738655090446,1.3593808519627485e-07
2040-05-31 12:00:00,20.955936993947923,17.569377899170036,8.343943280164945e-08
2040-05-31 13:00:00,20.955946220792477,16.7599334716798,9.799148222417194e-08
2040-05-31 14:00:00,20.955947197889767,16.277235031128043,9.396697630194145e-08
2040-05-31 15:00:00,20.955951154283152,16.334756851196403,9.142086548423098e-08
2040-05-31 16:00:00,20.9559980122178,16.21764183044445,1.1042719874374565e-07
2040-05-31 17:00:00,20.95927295788883,16.239313125610465,1.1815597635055248e-07
2040-05-31 18:00:00,21.00289449721771,16.361370086670036,1.3286678256112836e-07
2040-05-31 19:00:00,21.005357394495498,16.16144180297863,1.5090279397297685e-07
2040-05-31 20:00:00,21.00646101075873,15.827294349670524,1.5444198867641403e-07
2040-05-31 21:00:00,32.894885521913935,15.648262023925895,3.0302081819165743e-07
2040-05-31 22:00:00,33.50484861162713,15.528829574585075,3.634125433985941e-07
2040-05-31 23:00:00,34.10365058634313,15.381637573242301,4.0628532050851796e-07
2040-06-01 00:00:00,34.62286353162002,15.12460041046154,4.5759800114820326e-07
2040-06-01 01:00:00,35.05504627596583,14.75400543212902,4.907012062967343e-07
2040-06-01 02:00:00,35.49624312383807,14.388335227966422,5.494066108393854e-07
2040-06-01 03:00:00,43.30242251823934,13.96544456481945,0.015074652949036585
2040-06-01 04:00:00,43.30255974753802,13.36219692230236,0.04365228388497159
2040-06-01 05:00:00,43.30254415268256,12.919412612915153,0.03375052088959029
2040-06-01 06:00:00,43.30250706043344,12.423370361328239,0.022622670102661953
2040-06-01 07:00:00,35.05521335155393,12.052073478698844,4.422160249715207e-07
2040-06-01 08:00:00,35.055166292975734,12.065873146057243,3.755081003011683e-07
2040-06-01 09:00:00,35.055160634020154,12.6314573287965,3.1798042504920414e-07
2040-06-01 10:00:00,35.05516489378963,13.349920272827262,3.3938137207846735e-07
2040-06-01 11:00:00,35.05516439367213,14.02067089080822,3.3090428683726593e-07
2040-06-01 12:00:00,35.05516172548935,15.196538925171012,2.8821210425104915e-07
2040-06-01 13:00:00,35.05515983415747,15.855097770691032,2.3257823286045686e-07
2040-06-01 14:00:00,35.05516370851595,15.608693122863883,2.727586369718739e-07
2040-06-01 15:00:00,35.05516688481379,14.652078628540153,3.1350703672184423e-07
2040-06-01 16:00:00,35.055171645221286,14.00385665893566,3.2874374089778645e-07
2040-06-01 17:00:00,35.05518444192616,14.1055784225465,3.791042746306076e-07
2040-06-01 18:00:00,35.05517987240807,14.413037300109977,3.652226787717537e-07
2040-06-01 19:00:00,35.05517525103009,14.841548919677848,3.375412232982607e-07
2040-06-01 20:00:00,35.05517441815798,14.79955863952648,3.250140660159978e-07
2040-06-01 21:00:00,35.0551763921739,14.667768478393668,3.4621009631747187e-07
2040-06-01 22:00:00,35.05517844167947,14.874442100525016,3.775290960556813e-07
2040-06-01 23:00:00,35.055182084922194,14.939765930175895,4.138991753532586e-07
2040-06-02 00:00:00,35.05519548558569,14.807990074157829,4.3469687625926767e-07
2040-06-02 01:00:00,35.61647834035394,14.584377288818473,5.251071549469541e-07
2040-06-02 02:00:00,36.15814535516143,14.327628135681266,6.140630313042216e-07
2040-06-02 03:00:00,43.30253853110026,14.159295082092399,0.0294422897549376
2040-06-02 04:00:00,43.30258713254052,13.9889430999757,0.06371560056951722
2040-06-02 05:00:00,43.30260058773138,13.86668968200695,0.10486183485532
2040-06-02 06:00:00,43.30260453391205,13.784876823425407,0.13754985787323432
2040-06-02 07:00:00,43.30255424560956,13.700058937072868,0.032954884228776134
2040-06-02 08:00:00,43.302514790901526,13.929239273071403,0.017448761342392063
2040-06-02 09:00:00,35.05421847735224,14.84249305725109,3.0078933228220946e-07
2040-06-02 10:00:00,35.054221755136744,15.453340530395621,3.322332205719729e-07
2040-06-02 11:00:00,35.05422909208486,15.794594764709586,3.5504509569620077e-07
2040-06-02 12:00:00,35.054212291629526,17.403686523437614,2.3015221618875968e-07
2040-06-02 13:00:00,35.054210344965405,18.818120956421012,2.0445116008115114e-07
2040-06-02 14:00:00,35.0542118197603,20.537532806396598,2.1434683004975786e-07
2040-06-02 15:00:00,35.05421732217335,19.515090942382926,2.903636213596266e-07
2040-06-02 16:00:00,35.054212720756205,20.718751907348746,2.121795902541767e-07
2040-06-02 17:00:00,35.05421692178203,20.556077957153434,2.511868371711741e-07
2040-06-02 18:00:00,35.054237205394166,19.41013908386242,3.723287664901811e-07
2040-06-02 19:00:00,35.05423712268199,18.07223510742199,3.8341063486789763e-07
2040-06-02 20:00:00,35.0542262975911,17.135654449463004,3.4080826425408796e-07
2040-06-02 21:00:00,35.054222071469894,16.56442451477062,2.9675108702133494e-07
2040-06-02 22:00:00,35.054222760007775,16.356739044189567,3.0539141008119344e-07
2040-06-02 23:00:00,35.054222591517785,16.172662734985465,2.9109096339317554e-07
2040-06-03 00:00:00,35.05422446836036,15.931856155395621,3.0574381003694846e-07
2040-06-03 01:00:00,35.054230137724474,15.761065483093375,3.57341586379788e-07
2040-06-03 02:00:00,35.05426038468628,15.614336013794059,4.270910374398223e-07
2040-06-03 03:00:00,35.57393834643005,15.34025859832775,5.083075448642536e-07
2040-06-03 04:00:00,43.30178403087511,15.356043815612907,0.0031516722208239107
2040-06-03 05:00:00,43.30256335728389,15.651647567749137,0.0322417559051482
2040-06-03 06:00:00,43.30251673051963,15.961043357849235,0.018605865941635914
2040-06-03 07:00:00,43.29488363303982,16.876352310180778,0.000282488706187499
2040-06-03 08:00:00,35.05433726439864,17.80663871765148,3.6755614245667657e-07
2040-06-03 09:00:00,35.054247145207555,18.986246109008903,2.5926190576063515e-07
2040-06-03 10:00:00,35.05424940866538,19.79623603820812,2.583273229340483e-07
2040-06-03 11:00:00,35.05425206384149,20.525838851928825,2.4368565203988396e-07
2040-06-03 12:00:00,35.054258231563324,21.171840667724723,2.3528276918313473e-07
2040-06-03 13:00:00,35.05427843742908,21.62589263916027,2.4056670455300923e-07
2040-06-03 14:00:00,38.42148976910904,21.940696716308707,4.49605132893949e-07
2040-06-03 15:00:00,38.421715880906135,22.41077804565441,4.2516920937533976e-07
2040-06-03 16:00:00,43.30257271147642,21.803060531616325,0.027786107126987463
2040-06-03 17:00:00,43.30260531746546,20.962491989135856,0.07987735824495283
2040-06-03 18:00:00,43.30261419735991,19.87149238586437,0.1731009864593157
2040-06-03 19:00:00,43.30261498125919,18.499832153320426,0.18796323070144774
2040-06-03 20:00:00,43.30261482246998,18.295873641967887,0.17762262380663849
2040-06-03 21:00:00,43.302613148574935,17.55857086181652,0.1406091455963667
2040-06-03 22:00:00,43.30259456294851,16.995849609375114,0.04961378449392559
2040-06-03 23:00:00,43.30258747187999,16.68461418151867,0.03814364672417594
2040-06-04 00:00:00,43.302589706479154,15.94806003570568,0.041012021273747507
2040-06-04 01:00:00,43.3025996770012,15.22877120971691,0.06081462275925817
2040-06-04 02:00:00,43.30260648358856,14.930759429931754,0.0836489588132862
2040-06-04 03:00:00,43.302611918060855,14.713911056518668,0.11617361396919988
2040-06-04 04:00:00,43.30261556059177,14.731040954589957,0.1499381433697253
2040-06-04 05:00:00,43.30261770285087,15.388629913330192,0.18130420723745005
2040-06-04 06:00:00,43.30261772232939,16.679843902588004,0.1698844525645184
2040-06-04 07:00:00,43.30261697866036,17.852382659912223,0.14008828146453914
2040-06-04 08:00:00,43.30261134571149,19.054267883300895,0.07851004334056821
2040-06-04 09:00:00,43.30260194965549,20.000677108764762,0.04468022820992242
2040-06-04 10:00:00,43.30259682349502,20.81424140930187,0.03291260413661158
2040-06-04 11:00:00,43.30259552811671,21.422674179077262,0.029118584104994377
2040-06-04 12:00:00,43.30259632270437,22.05085945129406,0.029769376036396192
2040-06-04 13:00:00,43.30259856521448,23.45753097534191,0.03401535941673877
2040-06-04 14:00:00,43.30260187420919,23.926410675048942,0.04189977607639049
2040-06-04 15:00:00,43.30260974668636,23.409908294677848,0.06578494632162721
2040-06-04 16:00:00,43.30261693088255,22.739463806152457,0.11579868145927741
2040-06-04 17:00:00,43.30261890488195,21.980958938598746,0.13722740042268727
2040-06-04 18:00:00,43.30261750096872,20.05770301818859,0.11912435076714699
2040-06-04 19:00:00,43.30261097692859,18.029119491577262,0.06872638185056215
2040-06-04 20:00:00,43.30260830625412,17.69213676452648,0.05691300069972489
2040-06-04 21:00:00,43.30260808258884,17.351015090942496,0.05621541954972987
2040-06-04 22:00:00,43.30260439676187,17.163391113281364,0.04278778960217768
2040-06-04 23:00:00,43.30260634751729,16.96701049804699,0.05017830914787596
2040-06-05 00:00:00,43.30260924113768,16.693332672119254,0.06208244569557749
2040-06-05 01:00:00,43.30261472597108,16.128789901733512,0.09578305898744298
2040-06-05 02:00:00,43.30261886608816,15.90080547332775,0.13787976425382567
2040-06-05 03:00:00,43.30262096054046,15.978744506836051,0.1690363045511259
2040-06-05 04:00:00,43.30262212506785,16.133428573608512,0.18793241530177052
2040-06-05 05:00:00,43.30262318456787,16.130939483642692,0.20249049117542933
2040-06-05 06:00:00,43.30262396314608,16.493267059326286,0.2191294682268761
2040-06-05 07:00:00,43.30262338881724,17.282382965088004,0.1874090181360586
2040-06-05 08:00:00,43.30262304812735,17.617855072021598,0.16513737580398447
2040-06-05 09:00:00,43.30262413430098,17.859783172607536,0.19659895773965153
2040-06-05 10:00:00,43.302622607017696,18.055988311767692,0.15101454885143673
2040-06-05 11:00:00,43.30261648976887,18.54953765869152,0.07613962133575532
2040-06-05 12:00:00,43.30262222714664,18.1827850341798,0.14733561516460358
2040-06-05 13:00:00,43.30262277376861,17.95165061950695,0.1642904316780093
2040-06-05 14:00:00,43.30261372638816,19.111795425415153,0.05955688413718476
2040-06-05 15:00:00,43.30262078934262,19.523586273193473,0.11894876751511138
2040-06-05 16:00:00,43.30262462432766,18.379842758178825,0.22339434161501956
2040-06-05 17:00:00,43.30262332657101,18.32931709289562,0.17044944735058215
2040-06-05 18:00:00,43.30262386985719,18.434684753418082,0.19310923454933773
2040-06-05 19:00:00,43.30262181210455,17.688667297363395,0.13757930951663638
2040-06-05 20:00:00,43.30261800050764,16.966865539550895,0.08697389642035837
2040-06-05 21:00:00,43.30261828134645,16.524803161621207,0.09233287603113528
2040-06-05 22:00:00,43.3026137002625,16.199241638183707,0.05506485075834723
2040-06-05 23:00:00,43.30261746026466,15.914140701294059,0.08710872651632863
2040-06-06 00:00:00,43.30261899187168,15.690022468567008,0.10601433469365067
2040-06-06 01:00:00,43.3026209230015,15.658365249633903,0.13689661731409353
2040-06-06 02:00:00,43.302622893914005,15.614488601684684,0.18628043006181538
2040-06-06 03:00:00,43.30262326938452,15.295213699340934,0.19517697488463534
2040-06-06 04:00:00,43.30262365225027,15.391828536987418,0.19705045197804857
2040-06-06 05:00:00,43.30262400375129,15.756919860839957,0.20146693097078622
2040-06-06 06:00:00,43.30262431519824,16.15001487731945,0.2108465939335811
2040-06-06 07:00:00,43.30262260701264,16.645364761352653,0.17974770277897317
2040-06-06 08:00:00,43.302622059720086,17.01229286193859,0.17082832739970966
2040-06-06 09:00:00,43.302619159269945,17.414043426513786,0.12136202575241352
2040-06-06 10:00:00,43.30261711340158,17.479349136352653,0.1015428117486315
2040-06-06 11:00:00,43.302604374703705,17.94694328308117,0.049378501915548954
2040-06-06 12:00:00,43.30261273892008,17.675321578979606,0.07908050197887877
2040-06-06 13:00:00,43.3026115623659,17.443382263183707,0.07612904683554017
2040-06-06 14:00:00,43.30261018349067,17.452102661132926,0.07117804974084808
2040-06-06 15:00:00,43.30259212974797,18.808925628662223,0.027655481278726194
2040-06-06 16:00:00,43.30260871030504,18.002748489379996,0.06527758677402486
2040-06-06 17:00:00,43.30261043264172,17.07056045532238,0.07605435542283351
2040-06-06 18:00:00,43.30261025658282,17.31851959228527,0.07357599732518184
2040-06-06 19:00:00,43.30259973136469,16.902336120605582,0.044246313121704205
2040-06-06 20:00:00,43.30259361628531,16.153408050537223,0.031218205037019504
2040-06-06 21:00:00,43.30259236456165,15.780984878540153,0.02865518556329731
2040-06-06 22:00:00,43.30259103590588,15.476079940796012,0.02555201054455632
2040-06-06 23:00:00,43.302592640421736,15.155464172363395,0.030414390239943016
2040-06-07 00:00:00,43.302593677938354,15.073446273803825,0.03395600065291398
2040-06-07 01:00:00,43.30259504706736,14.638351440429801,0.037944652887725354
2040-06-07 02:00:00,43.3025966211306,14.308724403381461,0.04249593237250867
2040-06-07 03:00:00,43.3025983507349,14.151507377624625,0.04770660395226168
2040-06-07 04:00:00,43.30259909936335,14.12020587921154,0.049915490350154926
2040-06-07 05:00:00,43.30260053104326,14.348674774170036,0.053147322247572154
2040-06-07 06:00:00,43.30260897891416,14.512487411499137,0.08627732290896671
2040-06-07 07:00:00,27.3323623110655,14.773882865905875,3.7660098918885914e-07
2040-06-07 08:00:00,27.33232808355358,15.345533370971793,3.063937933181917e-07
2040-06-07 09:00:00,22.11849960862834,15.796880722046012,2.1095043353277912e-07
2040-06-07 10:00:00,22.118368643475677,16.34964179992687,1.6883359415145293e-07
2040-06-07 11:00:00,22.11836431380632,17.807489395141715,1.5069660438928415e-07
2040-06-07 12:00:00,22.11836452824841,19.176038742065543,1.5148609829950852e-07
2040-06-07 13:00:00,22.11836456365258,19.38990402221691,1.5331868295225157e-07
2040-06-07 14:00:00,22.11836675872205,19.38337326049816,1.6677259199552423e-07
2040-06-07 15:00:00,22.11837094530087,19.26826667785656,1.8355800060953728e-07
2040-06-07 16:00:00,22.118377887198097,19.1532497406007,1.815611265233614e-07
2040-06-07 17:00:00,27.332165042571766,17.851211547851676,2.9456969051756763e-07
2040-06-07 18:00:00,22.118384714861005,16.664640426635856,2.036176718302494e-07
2040-06-07 19:00:00,22.11836721990502,16.138315200805778,1.6609692361881153e-07
2040-06-07 20:00:00,22.118364865167283,15.87794399261486,1.4738709616655233e-07
2040-06-07 21:00:00,22.11836279300079,15.618391036987418,1.2857054511731969e-07
2040-06-07 22:00:00,22.11836137960833,15.355385780334586,1.1543681121389042e-07
2040-06-07 23:00:00,22.11836159117888,15.16563987731945,1.1609970798109916e-07
2040-06-08 00:00:00,22.11836202681061,14.940754890442008,1.1763749260020149e-07
2040-06-08 01:00:00,22.118363024601503,14.707563400268668,1.2309355782048163e-07
2040-06-08 02:00:00,22.11836416981669,14.528698921203727,1.2645285993330862e-07
2040-06-08 03:00:00,22.118366187192112,14.346857070922965,1.3099648840341563e-07
2040-06-08 04:00:00,22.1183708252188,14.16410350799572,1.3465455203819666e-07
2040-06-08 05:00:00,22.11840449458036,14.022921562194938,1.6448680051030135e-07
2040-06-08 06:00:00,27.332564395916737,13.846920013427848,2.287645280932007e-07
2040-06-08 07:00:00,43.30253961562797,13.746170043945426,0.019265641311358227
2040-06-08 08:00:00,43.302557850243694,13.827336311340446,0.021302018559193187
2040-06-08 09:00:00,43.30256810987703,14.17990589141857,0.021345113655411196
2040-06-08 10:00:00,43.30258894407666,14.948246955871696,0.03160333488855866
2040-06-08 11:00:00,43.30261170601891,14.892991065979118,0.07741084988028928
2040-06-08 12:00:00,43.30261533755228,14.724700927734489,0.0999014259715054
2040-06-08 13:00:00,43.30261632470163,14.924457550048942,0.11256315071183896
2040-06-08 14:00:00,43.3026180185196,15.19472694396984,0.1368350754678983
2040-06-08 15:00:00,43.30262052878371,15.143624305725211,0.1781948508812387
2040-06-08 16:00:00,43.30262198724314,15.185792922973746,0.20758258453643655
2040-06-08 17:00:00,43.30262250115718,14.855853080749625,0.21209655657352502
2040-06-08 18:00:00,43.30262245639139,14.635093688964957,0.20004103091422892
2040-06-08 19:00:00,43.30262061181361,14.542550086975211,0.15134381278885653
2040-06-08 20:00:00,43.30261284639025,14.479866981506461,0.0720252327060125
2040-06-08 21:00:00,43.30260753539447,14.443298339843864,0.04927791404665078
2040-06-08 22:00:00,43.30260874972076,14.351411819458121,0.05470184900365059
2040-06-08 23:00:00,43.302610021918966,14.196526527404899,0.06093592582852886
2040-06-09 00:00:00,43.30261093080954,14.089914321899528,0.06673832792829053
2040-06-09 01:00:00,43.30261231413553,14.051906585693473,0.0744044890712722
2040-06-09 02:00:00,43.302613609939634,14.054988861084098,0.08035333565911283
2040-06-09 03:00:00,43.30261739670532,14.076039314270133,0.10698777652113596
2040-06-09 04:00:00,43.302621089036045,14.120193481445426,0.1485607634057653
2040-06-09 05:00:00,43.30262312999729,14.24227619171154,0.18528045941256335
2040-06-09 06:00:00,43.302622922048165,14.44981956481945,0.17223264976847064
2040-06-09 07:00:00,43.30262145922151,14.66518592834484,0.14515108620464137
2040-06-09 08:00:00,43.30262138212099,15.067073822021598,0.1328153290171889
2040-06-09 09:00:00,43.30262327217718,15.511830329895133,0.15854117644008603
2040-06-09 10:00:00,43.30262414489871,16.01938629150402,0.17821343728140798
2040-06-09 11:00:00,43.30262402626184,16.445861816406364,0.17138465240427203
2040-06-09 12:00:00,43.30262319878116,16.928445816040153,0.14546477932087296
2040-06-09 13:00:00,43.30262252312885,17.227077484130973,0.13109080653443253
2040-06-09 14:00:00,43.30262398171463,17.380254745483512,0.15731655314765777
2040-06-09 15:00:00,43.302615841717405,18.626106262207145,0.06115574759709584
2040-06-09 16:00:00,43.302623338161744,18.614151000976676,0.13353168016279454
2040-06-09 17:00:00,43.30262619407926,17.366138458252067,0.22710849666772415
2040-06-09 18:00:00,43.30262654824836,17.346197128296012,0.23478541673996037
2040-06-09 19:00:00,43.30262655624608,16.62833976745617,0.2304022903914934
2040-06-09 20:00:00,43.30262615158045,15.66519641876232,0.21367739919322956
2040-06-09 21:00:00,43.302626001728,14.787294387817496,0.2076557492697046
2040-06-09 22:00:00,43.30262666352196,14.069418907165641,0.237947593348083
2040-06-09 23:00:00,43.30262673925978,13.408039093017692,0.24350428198289667
2040-06-10 00:00:00,43.30262677044591,12.864340782165641,0.2440164593858844
2040-06-10 01:00:00,43.3026267469627,12.45792675018322,0.24388933674045843
2040-06-10 02:00:00,43.30262659240896,12.199422836303825,0.2408316512058484
2040-06-10 03:00:00,43.30262642198081,11.834414482116813,0.22863711331081432
2040-06-10 04:00:00,43.30262679041333,11.640175819397086,0.2312310670315433
2040-06-10 05:00:00,43.30262703073593,12.01210975646984,0.23060555918243034
2040-06-10 06:00:00,43.30262703043168,12.75248241424572,0.22855534181638784
2040-06-10 07:00:00,43.30262641264461,12.889127731323356,0.22446969392683389
2040-06-10 08:00:00,43.30262588145748,13.122955322265739,0.20079528120571918
2040-06-10 09:00:00,43.30262515427983,13.432834625244254,0.17777677649686738
2040-06-10 10:00:00,43.30262579737896,13.631879806518668,0.21106123238717564
2040-06-10 11:00:00,43.30262570285953,13.70920562744152,0.22172045103731572
2040-06-10 12:00:00,43.30262414494363,14.069436073303336,0.1797860430980273
2040-06-10 13:00:00,43.302623465682906,14.277455329895133,0.16793536581027352
2040-06-10 14:00:00,43.30260459287777,15.603365898132438,0.03846521228415424
2040-06-10 15:00:00,43.30260553422295,16.152555465698356,0.041666858830580536
2040-06-10 16:00:00,43.3026082308158,17.2141628265382,0.04933069076772866
2040-06-10 17:00:00,43.30262215899111,17.46724128723156,0.16075528069165387
2040-06-10 18:00:00,43.30262361628522,17.4924774169923,0.22049775081465806
2040-06-10 19:00:00,43.30262363016359,16.84326553344738,0.2263754791878186
2040-06-10 20:00:00,43.30262230949412,15.631830215454215,0.20367216545392852
2040-06-10 21:00:00,43.30262125036523,15.094089508056754,0.18184484560525419
2040-06-10 22:00:00,43.30261650510196,14.577513694763297,0.11372557121214695
2040-06-10 23:00:00,43.30261509062491,14.32100868225109,0.10710931477013239
2040-06-11 00:00:00,43.30261233764384,13.994698524475211,0.0881063682156168
2040-06-11 01:00:00,43.30261019011371,13.438691139221305,0.07464119768925082
2040-06-11 02:00:00,43.302608622248,13.229799270629996,0.0659560979320579
2040-06-11 03:00:00,43.30260819649701,13.421526908874625,0.06249445795359506
2040-06-11 04:00:00,43.302608672572575,13.489710807800407,0.06295587730933097
2040-06-11 05:00:00,43.3026092909068,13.986040115356559,0.06343804094282678
2040-06-11 06:00:00,43.30260550934246,14.772507667541618,0.043466064079410845
2040-06-11 07:00:00,0.0251003619458682,15.65168380737316,8.039340614705863e-08
2040-06-11 08:00:00,0.0250934015181924,16.665079116821403,6.794742571625237e-08
2040-06-11 09:00:00,0.0250930533745701,17.362129211425895,6.602490459281499e-08
2040-06-11 10:00:00,0.0250956220298341,17.773809432983512,6.767449698113332e-08
2040-06-11 11:00:00,0.0250982703094001,17.41028213500988,7.660643051947996e-08
2040-06-11 12:00:00,0.025092312547738,18.867574691772575,5.9136590970279196e-08
2040-06-11 13:00:00,0.0250884985541008,19.527431488037223,5.3271787283917996e-08
2040-06-11 14:00:00,0.0250978145615161,18.71096992492687,7.39923727150151e-08
2040-06-11 15:00:00,0.0251004943069554,19.33231925964367,7.832467100489505e-08
2040-06-11 16:00:00,0.0251442319084638,18.493022918701286,1.0104568624578317e-07
2040-06-11 17:00:00,0.0252228214700513,17.757150650024528,1.0616394114406499e-07
2040-06-11 18:00:00,0.0251360574657831,17.416082382202262,1.0444111937687976e-07
2040-06-11 19:00:00,0.025108545329292,16.706930160522575,9.361553353566104e-08
2040-06-11 20:00:00,0.0251047103652899,15.76666069030773,8.78239100244157e-08
2040-06-11 21:00:00,0.025105893183158,15.56901073455822,8.163248617482612e-08
2040-06-11 22:00:00,0.0251026581759285,15.29548549652111,7.971785396565954e-08
2040-06-11 23:00:00,0.0251020651206002,14.93439102172863,8.368430622368416e-08
2040-06-12 00:00:00,0.0251025939301268,14.869195938110465,8.509858121421209e-08
2040-06-12 01:00:00,0.025102360015574,14.615692138671989,8.342189880177572e-08
2040-06-12 02:00:00,0.0251030111590056,14.590727806091422,8.38931652657098e-08
2040-06-12 03:00:00,0.0251044328747121,14.704280853271598,8.585859865008627e-08
2040-06-12 04:00:00,0.0251057453824462,14.72764110565197,8.246540637528211e-08
2040-06-12 05:00:00,0.0251093579277415,14.810042381286735,8.388742758816749e-08
2040-06-12 06:00:00,0.025127030620178,14.860466957092399,9.363634597837525e-08
2040-06-12 07:00:00,0.0251942803717345,14.994660377502555,9.97065961036567e-08
2040-06-12 08:00:00,0.0251050427972222,15.473706245422477,6.705191511776376e-08
2040-06-12 09:00:00,0.0251048711271774,15.870316505432243,6.405357936060028e-08
2040-06-12 10:00:00,0.0252196826997787,16.25393104553234,8.80785815510323e-08
2040-06-12 11:00:00,0.0251089893515821,16.61189460754406,6.798429192432593e-08
2040-06-12 12:00:00,0.0251015984256598,17.294136047363395,5.2181877487772606e-08
2040-06-12 13:00:00,0.0251061929636706,17.063442230224723,5.733103276947443e-08
2040-06-12 14:00:00,0.0251032051515567,18.02915191650402,5.176184695239894e-08
2040-06-12 15:00:00,0.0251136759211896,17.007045745849723,6.770804674979508e-08
2040-06-12 16:00:00,0.0251293371195045,16.572715759277457,8.638569248405764e-08
2040-06-12 17:00:00,0.0251332965253892,15.674149513244743,8.704567063935174e-08
2040-06-12 18:00:00,0.0251228728644089,15.119954109192008,7.689508028878769e-08
2040-06-12 19:00:00,0.0251206026474926,14.946345329284782,7.103454334977271e-08
2040-06-12 20:00:00,0.0251211569148576,14.624361991882438,6.985732342780861e-08
2040-06-12 21:00:00,0.0251242801156148,14.35074901580822,6.912591904201469e-08
2040-06-12 22:00:00,0.0251253922012043,14.265743255615348,6.80610837261198e-08
2040-06-12 23:00:00,0.0251285663952404,13.939289093017692,7.056340873748867e-08
2040-06-13 00:00:00,0.0251438069810961,14.195602416992301,8.152321115655049e-08
2040-06-13 01:00:00,0.0252585948357199,14.220542907714957,1.0025496660155229e-07
2040-06-13 02:00:00,19.990421946687547,13.852101325988883,1.8819086218198614e-07
2040-06-13 03:00:00,41.90265942080112,13.57280254364025,2.0509804918751083e-06
2040-06-13 04:00:00,43.30249296284356,13.254231452942008,0.017610346250539005
2040-06-13 05:00:00,43.30259334195807,12.89316272735607,0.06260725803801256
2040-06-13 06:00:00,43.302606650025446,12.290900230407829,0.10687243385588605
2040-06-13 07:00:00,43.30261070404882,12.31422042846691,0.15454568678598704
2040-06-13 08:00:00,43.30260990154419,12.855555534362907,0.13762314596541617
2040-06-13 09:00:00,43.3024850256109,13.822669029235954,0.011959810626265567
2040-06-13 10:00:00,43.30259042824839,14.009093284607047,0.04489849881502012
2040-06-13 11:00:00,43.30261154135599,13.533747673034782,0.1655011173168903
2040-06-13 12:00:00,43.30256589413041,14.712201118469352,0.024539963608657428
2040-06-13 13:00:00,43.30261291745246,13.980254173278922,0.1945409271986706
2040-06-13 14:00:00,43.30260547308902,14.519966125488395,0.08644751868747713
2040-06-13 15:00:00,43.30261074215535,14.31226730346691,0.14568614294143298
2040-06-13 16:00:00,43.30261052808618,14.33308315277111,0.14866820601340067
2040-06-13 17:00:00,43.30261191241872,14.039031982421989,0.1798328647686054
2040-06-13 18:00:00,43.30261223339743,13.795301437378043,0.19233661070096134
2040-06-13 19:00:00,43.30261106362079,13.402924537658805,0.1671803279579667
2040-06-13 20:00:00,43.30260958458834,12.854155540466422,0.14436867814449258
2040-06-13 21:00:00,43.30260504545745,12.356015205383414,0.104465002765282
2040-06-13 22:00:00,43.302577969359305,12.115756988525504,0.04156256954652424
2040-06-13 23:00:00,43.30256573342285,11.987718582153434,0.03476100987479115
2040-06-14 00:00:00,43.30242409077812,11.528851509094352,0.010419002831518382
2040-06-14 01:00:00,43.30241377758012,11.079635620117301,0.00810176784902619
2040-06-14 02:00:00,43.30241110380133,10.922034263610954,0.006663845785395373
2040-06-14 03:00:00,43.30241011636312,10.935371398925895,0.006017329265706058
2040-06-14 04:00:00,43.3024093547081,11.130082130432243,0.005503364402718436
2040-06-14 05:00:00,43.302408421552975,11.43503284454357,0.005045552118317644
2040-06-14 06:00:00,43.30240608869706,11.819281578064079,0.004509296149965182
2040-06-14 07:00:00,0.025101744873376,12.22576713562023,7.9269396427113e-08
2040-06-14 08:00:00,0.0250963809963146,13.109296798706168,6.268520572425621e-08
2040-06-14 09:00:00,0.0250962049125294,13.579076766967887,6.06572058473547e-08
2040-06-14 10:00:00,0.0251018082200661,13.456208229065055,7.193261155418464e-08
2040-06-14 11:00:00,0.0250979766468918,14.532546997070426,5.848231645157134e-08
2040-06-14 12:00:00,0.0251035068112925,14.47216892242443,7.39998026409893e-08
2040-06-14 13:00:00,0.0250850918508151,16.509923934936637,4.887057090427902e-08
2040-06-14 14:00:00,0.0250992281677196,17.905719757080192,5.5005156750535286e-08
2040-06-14 15:00:00,0.0250999309441091,18.348930358886832,5.296730330804542e-08
2040-06-14 16:00:00,0.0251052121952225,18.491800308227653,5.230226206748854e-08
2040-06-14 17:00:00,0.0251321763943044,17.953195571899528,6.06346976343643e-08
2040-06-14 18:00:00,20.97830973854534,17.091680526733512,1.3114509496238356e-07
2040-06-14 19:00:00,27.3321107293041,16.222677230835075,2.0291757536283414e-07
2040-06-14 20:00:00,27.332288386976284,15.430164337158317,2.2801147483641882e-07
2040-06-14 21:00:00,27.332466721271988,13.920815467834586,2.475238900131383e-07
2040-06-14 22:00:00,27.332360254802037,12.656092643737907,2.1697755845254399e-07
2040-06-14 23:00:00,27.33244596812737,11.877183914184684,2.2979400314557774e-07
2040-06-15 00:00:00,27.704948946027987,11.46117210388195,2.631255461713581e-07
2040-06-15 01:00:00,43.26831816949769,11.266917228698844,7.65312851854283e-05
2040-06-15 02:00:00,43.30200491609897,11.121526718139762,0.004784438942574019
2040-06-15 03:00:00,43.30230632372995,10.997228622436637,0.008908210324658966
2040-06-15 04:00:00,43.30257348137249,11.102945327758903,0.04700394243433462
2040-06-15 05:00:00,43.30258875542221,12.257090568542594,0.06617065557091448
2040-06-15 06:00:00,43.30257175415396,14.25530815124523,0.04287559667120824
2040-06-15 07:00:00,43.30232026804967,16.48439979553234,0.0069942922070720375
2040-06-15 08:00:00,43.302310416144834,18.436449050903434,0.005238974358464389
2040-06-15 09:00:00,43.30231004349072,19.80545806884777,0.004435831943971167
2040-06-15 10:00:00,43.30231279896311,20.791341781616325,0.004376358825262593
2040-06-15 11:00:00,43.302315740893135,21.739625930786246,0.004188370809419849
2040-06-15 12:00:00,43.302322251773234,21.957513809204215,0.004099673130459791
2040-06-15 13:00:00,43.30234699298517,22.985712051391715,0.004783234089478038
2040-06-15 14:00:00,43.30247671480746,23.203334808349723,0.008993268169817598
2040-06-15 15:00:00,43.3025498834566,23.30509185791027,0.022567029514513545
2040-06-15 16:00:00,43.30260711131436,22.532072067260856,0.09978871235001571
2040-06-15 17:00:00,43.30261296864997,22.05300903320324,0.1530072856622359
2040-06-15 18:00:00,43.30261502665015,21.246122360229606,0.19641379719657745
2040-06-15 19:00:00,43.30260924503212,20.294412612915153,0.11206489977138548
2040-06-15 20:00:00,43.302577254735695,19.40102577209484,0.0348780187842144
2040-06-15 21:00:00,43.30256818033117,18.746046066284293,0.029917130817544085
2040-06-15 22:00:00,43.30254856807663,18.258022308349723,0.020541402699347695
2040-06-15 23:00:00,43.30257188093874,17.81012344360363,0.0349600375212118
2040-06-16 00:00:00,43.30255622398852,17.639953613281364,0.026155838075959118
2040-06-16 01:00:00,43.30254969788092,17.745685577392692,0.02162316529750493
2040-06-16 02:00:00,43.30254839303722,17.938280105590934,0.019777171272126446
2040-06-16 03:00:00,43.3025541995948,17.7128143310548,0.022622583588640725
2040-06-16 04:00:00,43.30255600610221,17.531475067138786,0.02211590103052423
2040-06-16 05:00:00,43.30255531137411,17.735496520996207,0.019799551634142033
2040-06-16 06:00:00,43.30256965984442,18.66877365112316,0.025184939919304858
2040-06-16 07:00:00,43.30257892595135,20.38941574096691,0.029932882090789027
2040-06-16 08:00:00,43.30255298354509,22.29057121276867,0.017264942124809956
2040-06-16 09:00:00,43.3025469732087,24.204158782959098,0.012462441144188829
2040-06-16 10:00:00,43.30254682291552,25.76980590820324,0.01155234926371815
2040-06-16 11:00:00,43.30255009764664,27.06497955322277,0.013133187095938807
2040-06-16 12:00:00,43.30255198990735,28.002904891967887,0.013176503980613617
2040-06-16 13:00:00,43.30255062290493,28.780069351196403,0.010753169820683481
2040-06-16 14:00:00,43.30255867453055,29.345779418945426,0.01375820068809057
2040-06-16 15:00:00,43.30257124005073,29.280694961547965,0.019239548723397358
2040-06-16 16:00:00,43.30258486737175,28.879247665405387,0.026566472151612938
2040-06-16 17:00:00,43.3026222903032,28.002376556396598,0.17446030816356423
2040-06-16 18:00:00,43.302624056258885,26.65217781066906,0.24209439417266615
2040-06-16 19:00:00,43.30262292660856,24.946851730346793,0.19068238459196157
2040-06-16 20:00:00,43.30262485836797,22.882963180542106,0.2482082493323962
2040-06-16 21:00:00,43.30262443016734,21.144804000854606,0.22477875955146526
2040-06-16 22:00:00,43.30262498633984,20.387630462646598,0.2417785339334116
2040-06-16 23:00:00,43.30262470208312,20.049230575561637,0.22955991341982268
2040-06-17 00:00:00,43.30262517137413,19.708013534546012,0.2376464530394301
2040-06-17 01:00:00,43.302624592190256,19.288343429565543,0.21622558213425477
2040-06-17 02:00:00,43.30262244715698,18.802862167358512,0.15406971938406147
2040-06-17 03:00:00,43.3026246299324,18.32748603820812,0.19658563582757346
2040-06-17 04:00:00,43.302626343983775,18.19996833801281,0.23755147663880913
2040-06-17 05:00:00,43.3026267982571,18.760526657104606,0.23585409638885743
2040-06-17 06:00:00,43.30262677267083,19.732767105102653,0.21480729017231587
2040-06-17 07:00:00,43.30262717514903,19.77065467834484,0.2161761727787077
2040-06-17 08:00:00,43.30262711612119,19.582256317138786,0.20055984132335722
2040-06-17 09:00:00,43.30262782950011,19.040184020996207,0.22978643760773007
2040-06-17 10:00:00,43.302627377291,18.90048980712902,0.2027459900783566
2040-06-17 11:00:00,43.302628234696606,18.651348114013786,0.24226212884148243
2040-06-17 12:00:00,43.30262786549705,18.612710952758903,0.22412638029755028
2040-06-17 13:00:00,43.30262815859932,18.769035339355582,0.22757341763636244
2040-06-17 14:00:00,43.302627230453176,19.507020950317496,0.18344335402874754
2040-06-17 15:00:00,43.30262783962841,19.76858711242687,0.21450928610877165
2040-06-17 16:00:00,43.30262798230222,19.675525665283317,0.21667238114516668
2040-06-17 17:00:00,43.302628289662266,18.67162132263195,0.24413749889224226
2040-06-17 18:00:00,43.30262802158099,19.077564239502067,0.2394880345263026
2040-06-17 19:00:00,43.30262727602738,18.889244079589957,0.1993941397516227
2040-06-17 20:00:00,43.30262674307784,18.56769943237316,0.17819066474086648
2040-06-17 21:00:00,43.30262675400249,18.012147903442496,0.18497304284973093
2040-06-17 22:00:00,43.30262744577157,17.422691345214957,0.22822148608030624
2040-06-17 23:00:00,43.302626163478,16.54782867431652,0.18243068400107207
2040-06-18 00:00:00,43.30262607719792,16.067789077758903,0.1854481123915475
2040-06-18 01:00:00,43.30262679351289,15.342866897583121,0.21563636319781623
2040-06-18 02:00:00,43.302627522675714,14.924639701843375,0.2508383180921149
2040-06-18 03:00:00,43.30262752406444,14.496872901916618,0.2528076947454586
2040-06-18 04:00:00,43.30262748941316,14.512252807617301,0.24938217942167673
2040-06-18 05:00:00,43.302627085667,15.014010429382438,0.21830105267032993
2040-06-18 06:00:00,43.30262528264825,15.354837417602653,0.14408379724804618
2040-06-18 07:00:00,43.30262198657339,15.707933425903434,0.11786533801851262
2040-06-18 08:00:00,43.302622419005765,16.287681579589957,0.12433679975499418
2040-06-18 09:00:00,43.30262032504941,16.824930191040153,0.09887261692136387
2040-06-18 10:00:00,43.3026149467966,17.417827606201286,0.06653842222754813
2040-06-18 11:00:00,43.302602041211856,18.430103302002067,0.03142126470076005
2040-06-18 12:00:00,43.30259827781548,20.958557128906364,0.02326312136199529
2040-06-18 13:00:00,43.30260150516005,22.490037918090934,0.02995518658903679
2040-06-18 14:00:00,43.30260017108739,23.078676223754996,0.026247435506091436
2040-06-18 15:00:00,43.30260065844804,23.51476860046398,0.026632398567272533
2040-06-18 16:00:00,43.302604518278734,23.296617507934684,0.03459482955546749
2040-06-18 17:00:00,43.3026226117286,21.3468532562257,0.16328063551278152
2040-06-18 18:00:00,43.30262377890105,21.02850151062023,0.20555321954206526
2040-06-18 19:00:00,43.302620285532896,20.201992034912223,0.12540662853528084
2040-06-18 20:00:00,43.30261638445442,18.8497772216798,0.08717741575123952
2040-06-18 21:00:00,43.30262026345875,17.660564422607536,0.13245815191058236
2040-06-18 22:00:00,43.30262371512076,16.85415649414074,0.2481926380521026
2040-06-18 23:00:00,43.30262337706073,16.20788955688488,0.24635274547542382
2040-06-19 00:00:00,43.30262209008271,15.520700454712028,0.2116864124247351
2040-06-19 01:00:00,43.30262071859676,14.974737167358512,0.177049643489245
2040-06-19 02:00:00,43.30262032213588,14.378582954406852,0.17260764102849524
2040-06-19 03:00:00,43.30261941869044,14.650258064270133,0.1527340797008731
2040-06-19 04:00:00,43.302621030581335,14.966387748718375,0.1937637389516599
2040-06-19 05:00:00,43.30262165952633,15.515001296997184,0.22054922946487449
2040-06-19 06:00:00,43.30262082162375,16.917406082153434,0.19628888605571415
2040-06-19 07:00:00,35.05427303559544,19.40578651428234,3.214634930757469e-07
2040-06-19 08:00:00,35.0542646249477,20.462274551391715,2.646723631056878e-07
2040-06-19 09:00:00,43.30253878049906,20.8455047607423,0.018354918831848702
2040-06-19 10:00:00,35.05426180123709,23.272850036621207,2.2410679208268783e-07
2040-06-19 11:00:00,35.054271159387355,24.834562301635856,2.81673100217728e-07
2040-06-19 12:00:00,35.05427080234228,25.83543205261242,2.8267760066080017e-07
2040-06-19 13:00:00,43.30201853627192,25.490444183349723,0.0035890945976174786
2040-06-19 14:00:00,43.302593738136366,24.861919403076286,0.05323388412775704
2040-06-19 15:00:00,43.302611858698974,24.106622695922965,0.13845922088795418
2040-06-19 16:00:00,43.30261411013406,22.984733581543082,0.1802392077057117
2040-06-19 17:00:00,43.302615229991694,22.337238311767692,0.20959410382806634
2040-06-19 18:00:00,43.30261481980061,22.306900024414176,0.21566578245168824
2040-06-19 19:00:00,43.30261231663545,21.57178115844738,0.16835577913053612
2040-06-19 20:00:00,43.30260613319316,20.408683776855582,0.10752989227517773
2040-06-19 21:00:00,43.30259380669868,19.49867439270031,0.061968137034066166
2040-06-19 22:00:00,43.302526128267054,18.90291023254406,0.022112387129254812
2040-06-19 23:00:00,35.05430373195851,18.158758163452262,4.4060448913628384e-07
2040-06-20 00:00:00,35.05426774062423,17.71142387390148,3.2905514783576956e-07
2040-06-20 01:00:00,35.0542626701337,16.47483062744152,2.5017833374425616e-07
2040-06-20 02:00:00,35.0542593594948,16.21395874023449,2.0346565572883683e-07
2040-06-20 03:00:00,35.0542579560391,15.960579872131461,1.941191408117173e-07
2040-06-20 04:00:00,35.05425910365959,16.02879905700695,2.010603239588838e-07
2040-06-20 05:00:00,35.05425835699085,16.90728569030773,1.9493133139155336e-07
2040-06-20 06:00:00,35.05425445906708,18.579189300537223,1.8277191864411896e-07
2040-06-20 07:00:00,0.0252292028834532,20.67556762695324,5.124004479943559e-08
2040-06-20 08:00:00,0.0252404473925465,22.56485176086437,7.350328572241216e-08
2040-06-20 09:00:00,0.0252383147844756,24.15332412719738,6.889226306849012e-08
2040-06-20 10:00:00,0.0252356846765689,25.55160522460949,5.821475315005238e-08
2040-06-20 11:00:00,0.0252402743916711,25.45167160034191,7.038606439955035e-08
2040-06-20 12:00:00,0.0252046990259884,26.58091735839855,4.632628026315984e-08
2040-06-20 13:00:00,0.0251912498042721,27.79450607299816,4.5986840957506606e-08
2040-06-20 14:00:00,0.0252373714763475,27.324308395385856,5.0412480077716294e-08
2040-06-20 15:00:00,0.0253389052639331,22.79325675964367,7.27232077777895e-08
2040-06-20 16:00:00,0.0253954684646766,18.854541778564567,9.276461805488756e-08
2040-06-20 17:00:00,0.0253940419765488,19.799730300903434,8.470435971220431e-08
2040-06-20 18:00:00,0.025814104972144,19.941188812255973,9.949732946667755e-08
2040-06-20 19:00:00,0.0571023814224208,19.03745269775402,1.391610464081102e-07
2040-06-20 20:00:00,0.0571025221881994,18.09948539733898,1.764107020491335e-07
2040-06-20 21:00:00,0.057099502016235,17.51160812377941,1.6025754592159424e-07
2040-06-20 22:00:00,0.057071146186076,17.10923004150402,1.3319280078675375e-07
2040-06-20 23:00:00,0.0254062750776585,16.646322250366325,9.350568434155371e-08
2040-06-21 00:00:00,0.0253990635178601,16.333192825317496,8.193221365662011e-08
2040-06-21 01:00:00,0.0254017819787913,16.132926940918082,9.510129744430414e-08
2040-06-21 02:00:00,0.025436316078334,15.814020156860465,1.1354872582770014e-07
2040-06-21 03:00:00,0.0336461393493355,15.611319541931266,1.4893428081350342e-07
2040-06-21 04:00:00,0.0570820170662137,15.38775444030773,1.5960584867910365e-07
2040-06-21 05:00:00,0.0254187156260974,15.147437095642204,1.105212746285482e-07
2040-06-21 06:00:00,0.025399746817736,15.15657997131359,7.457605343973583e-08
2040-06-21 07:00:00,0.02506041556762,15.376100540161246,9.664307366640787e-08
2040-06-21 08:00:00,0.0250517624805323,16.075397491455192,8.244474079989721e-08
2040-06-21 09:00:00,0.0250492291384817,17.930326461792106,7.291223462379777e-08
2040-06-21 10:00:00,0.0250489163315749,19.360752105713004,6.766761577515273e-08
2040-06-21 11:00:00,0.0250481119492113,20.441703796386832,6.325827702389486e-08
2040-06-21 12:00:00,0.0250389030641757,22.35777091979992,4.980379842461494e-08
2040-06-21 13:00:00,0.0250515227670674,21.96909332275402,7.16209022583918e-08
2040-06-21 14:00:00,0.0250594301154493,20.938497543335075,9.042604831952091e-08
2040-06-21 15:00:00,0.0250509401168401,22.1173610687257,6.359813687158311e-08
2040-06-21 16:00:00,0.0250547533114098,22.360338211059684,7.500872815241217e-08
2040-06-21 17:00:00,0.0250778200568838,21.247579574585075,9.989054543197801e-08
2040-06-21 18:00:00,0.0250876158067778,20.565917968750114,1.0277033318171467e-07
2040-06-21 19:00:00,0.0250863830996995,19.537294387817496,1.0348708690978148e-07
2040-06-21 20:00:00,0.0250850150964594,18.06923866271984,1.0408071610270278e-07
2040-06-21 21:00:00,0.0250945639317921,17.169534683227653,9.701141274109028e-08
2040-06-21 22:00:00,0.0250893899233949,17.02721214294445,1.0178403047316304e-07
2040-06-21 23:00:00,0.0250740297509527,16.949205398559684,1.0761928918859514e-07
2040-06-22 00:00:00,0.0250771741992639,16.552204132080192,1.1267966970593389e-07
2040-06-22 01:00:00,0.0250703969295835,16.145038604736442,1.0858588083181656e-07
2040-06-22 02:00:00,0.0250691788901395,15.766147613525504,1.0804451609413983e-07
2040-06-22 03:00:00,0.0250690040468145,15.41721343994152,1.0801292070189002e-07
2040-06-22 04:00:00,0.0250696509716197,14.979049682617301,1.0783501282252489e-07
2040-06-22 05:00:00,0.025072006040699,15.127478599548454,1.0743028451725834e-07
2040-06-22 06:00:00,0.0250668747454765,15.898177146911735,9.194002601827719e-08
2040-06-22 07:00:00,0.024530020607301,17.07273864746105,7.713981899959031e-08
2040-06-22 08:00:00,0.0245280856284438,18.542236328125114,6.530624723793134e-08
2040-06-22 09:00:00,0.0245272258649385,19.93222808837902,5.913014820689532e-08
2040-06-22 10:00:00,0.0245266444810014,21.090902328491325,5.488171719949166e-08
2040-06-22 11:00:00,0.0245261972443302,22.076240539550895,5.257565425164276e-08
2040-06-22 12:00:00,0.0245287366425992,22.57087898254406,5.3423628788780536e-08
2040-06-22 13:00:00,0.0245341846253996,22.98106384277355,5.650426435820229e-08
2040-06-22 14:00:00,0.0245434294434679,23.045629501342887,5.970170147214411e-08
2040-06-22 15:00:00,0.0245740870697118,23.11310195922863,6.425450223249859e-08
2040-06-22 16:00:00,0.0249786145471058,22.549753189087028,7.060638217607524e-08
2040-06-22 17:00:00,0.0250785217785121,22.223293304443473,8.428275413185985e-08
2040-06-22 18:00:00,0.0250989175735875,21.74918365478527,9.543885601223792e-08
2040-06-22 19:00:00,0.0250995033598429,20.663091659546012,9.230519424306043e-08
2040-06-22 20:00:00,0.0251018808870303,19.210916519165153,9.222840056243737e-08
2040-06-22 21:00:00,0.0251051726959494,18.300167083740348,8.611117252743947e-08
2040-06-22 22:00:00,0.0251032810556733,17.450035095214957,8.391662422226728e-08
2040-06-22 23:00:00,0.0251082831942785,17.338436126709098,9.416434883691162e-08
2040-06-23 00:00:00,0.0251095372166492,16.92843055725109,9.169984835232182e-08
2040-06-23 01:00:00,0.0251112273826366,16.45702171325695,8.561741780683009e-08
2040-06-23 02:00:00,0.0251217079259936,15.770427703857536,9.061576113153641e-08
2040-06-23 03:00:00,0.0251824989876582,16.029825210571403,9.764401529385438e-08
2040-06-23 04:00:00,19.98827812546878,16.09113693237316,2.174927069455558e-07
2040-06-23 05:00:00,19.99224313182407,17.249317169189567,2.1462003959029896e-07
2040-06-23 06:00:00,19.9903913254598,19.053527832031364,1.8282179331157338e-07
2040-06-23 07:00:00,19.99222296516664,19.623182296753043,1.7787119025977415e-07
2040-06-23 08:00:00,16.172887355999173,22.422391891479606,1.1349629543854724e-07
2040-06-23 09:00:00,16.17288741593551,24.487047195434684,9.40339930284935e-08
2040-06-23 10:00:00,16.172896936662003,25.41685485839855,9.88138406997254e-08
2040-06-23 11:00:00,16.17291128444684,26.49777221679699,9.099324697999366e-08
2040-06-23 12:00:00,16.873995318754172,25.67562866210949,1.4017458690933826e-07
2040-06-23 13:00:00,16.87399566313774,27.633708953857536,9.072385031341086e-08
2040-06-23 14:00:00,16.874242145536037,27.91348266601574,9.763573993644366e-08
2040-06-23 15:00:00,17.60646023627548,28.48215484619152,1.2045349237051864e-07
2040-06-23 16:00:00,43.30245515592936,28.726222991943473,0.008572561675331838
2040-06-23 17:00:00,43.302597581265175,28.000549316406364,0.0559689108870927
2040-06-23 18:00:00,43.30261498131149,27.7047576904298,0.16519620280799854
2040-06-23 19:00:00,43.30261664286429,26.606105804443473,0.1880167046924538
2040-06-23 20:00:00,43.30261758032083,25.120477676391715,0.20089863916515574
2040-06-23 21:00:00,43.3026182568865,24.073371887207145,0.21350086648578734
2040-06-23 22:00:00,43.30261814681648,23.334161758422965,0.2075837141296643
2040-06-23 23:00:00,43.30261822711944,22.93493461608898,0.20799908391620045
2040-06-24 00:00:00,43.30261839212518,22.447450637817496,0.2053304503116776
2040-06-24 01:00:00,43.30261788265516,22.15103340148937,0.18522747338880927
2040-06-24 02:00:00,43.30261803417388,21.913499832153434,0.18387868736054008
2040-06-24 03:00:00,43.3026189463855,21.69100379943859,0.19058148196804023
2040-06-24 04:00:00,43.302620667919975,21.8033905029298,0.21831510283388414
2040-06-24 05:00:00,43.30262178461542,22.84103393554699,0.2352297590409193
2040-06-24 06:00:00,43.30262140195912,24.681539535522575,0.1978886497487884
2040-06-24 07:00:00,43.302617801322526,26.915269851684684,0.11529903720631186
2040-06-24 08:00:00,43.3026098369881,29.20112228393566,0.06044595562327635
2040-06-24 09:00:00,43.302601213304186,30.606086730957145,0.03849958737015408
2040-06-24 10:00:00,43.30260348759874,30.87495613098156,0.04245390977040902
2040-06-24 11:00:00,43.302603008747525,31.132106781005973,0.038842643988869004
2040-06-24 12:00:00,43.30260686951933,30.58080101013195,0.046140122731962156
2040-06-24 13:00:00,43.30260880209018,30.471872329712028,0.05168994916341571
2040-06-24 14:00:00,43.30261369133216,30.016553878784293,0.06916346351601001
2040-06-24 15:00:00,43.30261795790718,29.247547149658317,0.09466546132165289
2040-06-24 16:00:00,43.30262004192035,27.9086151123048,0.11579970684703692
2040-06-24 17:00:00,43.30262148117117,27.708095550537223,0.13189147348554073
2040-06-24 18:00:00,43.30262386636327,27.312189102172965,0.18363014191140248
2040-06-24 19:00:00,43.302623057901776,26.069669723510856,0.16141050361515968
2040-06-24 20:00:00,43.3026235756353,25.09419441223156,0.17096483197302215
2040-06-24 21:00:00,43.30262393977435,23.984567642212028,0.17304593276501531
2040-06-24 22:00:00,43.3026237623237,22.747097015380973,0.18087893110934591
2040-06-24 23:00:00,43.30262344481848,22.05257606506359,0.171434293180313
2040-06-25 00:00:00,43.30262434012988,21.492893218994254,0.19038090475936903
2040-06-25 01:00:00,43.30262513799569,20.952808380127067,0.2114918489143835
2040-06-25 02:00:00,43.30262552713255,20.59195709228527,0.2202936690020313
2040-06-25 03:00:00,43.30262546689037,20.271125793457145,0.21292826553437216
2040-06-25 04:00:00,43.3026261461052,20.07165336608898,0.221280496855077
2040-06-25 05:00:00,43.30262717212538,20.373487472534293,0.2505951827504628
2040-06-25 06:00:00,43.30262766150596,20.06186103820812,0.2615793530573838
2040-06-25 07:00:00,43.302627202459725,19.892261505127067,0.24142857343176408
2040-06-25 08:00:00,43.30262721257044,19.936576843261832,0.22954079379549258
2040-06-25 09:00:00,43.30262722524306,19.953737258911246,0.22863323884945297
2040-06-25 10:00:00,43.30262551854349,21.352661132812614,0.1594515541974097
2040-06-25 11:00:00,43.30262377233363,22.062391281128043,0.1263210867992422
2040-06-25 12:00:00,43.30262560722907,21.687305450439567,0.16629785381340145
2040-06-25 13:00:00,43.302617416645546,22.594951629638786,0.061742777865724276
2040-06-25 14:00:00,43.30262622751145,22.34967422485363,0.19110671317945124
2040-06-25 15:00:00,43.30262673888297,22.269613265991325,0.21357871652433158
2040-06-25 16:00:00,43.30262565255224,22.283758163452262,0.16943007484287054
2040-06-25 17:00:00,43.302627082589,21.37055587768566,0.2299904020888742
2040-06-25 18:00:00,43.30262704594875,19.697610855102653,0.24430477942587092
2040-06-25 19:00:00,43.30262700538405,18.583339691162223,0.2488260819399047
2040-06-25 20:00:00,43.3026263938422,18.07444572448742,0.22136241343632557
2040-06-25 21:00:00,43.30262524117152,17.957548141479606,0.1783050861093946
2040-06-25 22:00:00,43.3026235575493,17.622343063354606,0.14248261810026955
2040-06-25 23:00:00,43.30262325631647,17.12417793273937,0.14332667489983583
2040-06-26 00:00:00,43.30262249642048,17.072143554687614,0.13052253084546603
2040-06-26 01:00:00,43.30262145839816,17.02864265441906,0.11591905172598535
2040-06-26 02:00:00,43.30261908402501,16.666042327880973,0.0811571332374803
2040-06-26 03:00:00,43.30261911829293,16.27503585815441,0.07880105172344883
2040-06-26 04:00:00,43.30262224177,15.81393146514904,0.12078887967114398
2040-06-26 05:00:00,43.302623900142905,15.657398223877067,0.15916543578017592
2040-06-26 06:00:00,43.30262248792821,15.975344657898063,0.12034031316837063
2040-06-26 07:00:00,43.302603396456526,16.620029449463004,0.04433518294358664
2040-06-26 08:00:00,43.30260173814572,17.606277465820426,0.04261576332605379
2040-06-26 09:00:00,43.302588572195205,19.766771316528434,0.023223849145110463
2040-06-26 10:00:00,43.30258900460759,21.47884559631359,0.022956323264012365
2040-06-26 11:00:00,43.30259378736047,21.439407348632926,0.030284087094879165
2040-06-26 12:00:00,43.30258944747831,22.350254058838004,0.02316425582859193
2040-06-26 13:00:00,43.30258753722573,23.54956436157238,0.019362142251470732
2040-06-26 14:00:00,43.302592990967526,23.29685974121105,0.02921964136688011
2040-06-26 15:00:00,43.30259039224231,24.292987823486442,0.02198367681802683
2040-06-26 16:00:00,43.30259328890965,23.2916774749757,0.027336083268001493
2040-06-26 17:00:00,43.30260144844436,22.278987884521598,0.043784951416230455
2040-06-26 18:00:00,43.30262092147152,20.926937103271598,0.17161671286264774
2040-06-26 19:00:00,43.302622795739325,19.68915939331066,0.23723539709786617
2040-06-26 20:00:00,43.30262292869551,18.42825508117687,0.24545436559869788
2040-06-26 21:00:00,43.30262267512789,17.68148994445812,0.24390555847656123
2040-06-26 22:00:00,43.302621245763255,17.173515319824332,0.2115287830969436
2040-06-26 23:00:00,43.302617687844034,16.768960952758903,0.1400073475802808
2040-06-27 00:00:00,43.30261303068582,16.286926269531364,0.09588297605457385
2040-06-27 01:00:00,43.30260944930823,15.80858421325695,0.07675001535571237
2040-06-27 02:00:00,43.30260966586038,15.382309913635368,0.07672023227601907
2040-06-27 03:00:00,43.302613471316086,15.264820098877067,0.09914406145511025
2040-06-27 04:00:00,43.30261422866024,15.148615837097282,0.09983353079099937
2040-06-27 05:00:00,43.30261798835501,15.177768707275504,0.13601665747544495
2040-06-27 06:00:00,43.30261904810897,15.55768966674816,0.1523695962348907
2040-06-27 07:00:00,33.769464394083485,15.871125221252555,4.714803420199599e-07
2040-06-27 08:00:00,27.33241669512229,17.58566474914562,1.83993575195943e-07
2040-06-27 09:00:00,27.332439158855152,18.757534027099723,2.0782081544151188e-07
2040-06-27 10:00:00,27.33241083002055,21.157781600952262,1.524051389177513e-07
2040-06-27 11:00:00,27.33241430744999,21.37277984619152,1.7516311363912594e-07
2040-06-27 12:00:00,27.332410044445798,22.806037902832145,1.4336194094891e-07
2040-06-27 13:00:00,27.332439553430262,22.73079109191906,2.1906077729662537e-07
2040-06-27 14:00:00,27.57982565688591,22.192804336547965,2.538061242733849e-07
2040-06-27 15:00:00,27.33244120859764,22.11325836181652,2.314127193646851e-07
2040-06-27 16:00:00,27.332424340075654,23.071228027343864,1.9803882409555025e-07
2040-06-27 17:00:00,33.76945602364434,22.488227844238395,4.5059082473020586e-07
2040-06-27 18:00:00,33.769469579365555,21.789691925048942,5.644086330776888e-07
2040-06-27 19:00:00,33.76946634320641,20.870723724365348,5.281369989936617e-07
2040-06-27 20:00:00,33.769459135412184,19.72630882263195,4.799866651856582e-07
2040-06-27 21:00:00,27.33257711152172,18.606967926025504,2.607631927820424e-07
2040-06-27 22:00:00,27.332413161677323,17.99379158020031,1.7073613881995873e-07
2040-06-27 23:00:00,27.332410599938765,16.835865020752067,1.4952100760499837e-07
2040-06-28 00:00:00,27.33241002360166,16.162584304809684,1.4419713098504222e-07
2040-06-28 01:00:00,27.33240903200388,15.799772262573356,1.3331032419557597e-07
2040-06-28 02:00:00,27.33240989123311,15.105316162109489,1.406006656561336e-07
2040-06-28 03:00:00,27.33241240726996,14.665361404419059,1.7112588058898019e-07
2040-06-28 04:00:00,27.332414234403583,14.685381889343375,1.8754227940873525e-07
2040-06-28 05:00:00,27.332414337823,16.047681808471793,1.775393448632453e-07
2040-06-28 06:00:00,27.332415031220908,18.62521553039562,1.7260487710805843e-07
2040-06-28 07:00:00,20.9599683742894,21.2506561279298,1.2499056624284021e-07
2040-06-28 08:00:00,20.95996662394301,23.30196571350109,1.0747818951825237e-07
2040-06-28 09:00:00,20.95996562873249,24.76061058044445,9.718804928633574e-08
2040-06-28 10:00:00,20.95996740233464,26.14086723327648,1.0126319829512867e-07
2040-06-28 11:00:00,20.959965830410187,26.700033187866325,8.966979618927401e-08
2040-06-28 12:00:00,20.959969991004947,27.03430557250988,9.005443955958016e-08
2040-06-28 13:00:00,20.960121885615465,27.602031707763786,1.135677584320829e-07
2040-06-28 14:00:00,27.332223437768075,27.777061462402457,1.781736195266264e-07
2040-06-28 15:00:00,43.30246999394923,27.947313308715934,0.008484006971268127
2040-06-28 16:00:00,43.30257606220445,27.96231079101574,0.025620944243334526
2040-06-28 17:00:00,43.30261305631154,26.444540023803825,0.10201825337431103
2040-06-28 18:00:00,43.30261627001992,23.852701187133903,0.12807908253287567
2040-06-28 19:00:00,43.30261641953637,22.368721008300895,0.124656564804858
2040-06-28 20:00:00,43.30261813477408,21.645072937011832,0.14289479041177774
2040-06-28 21:00:00,43.30262012568511,21.16418838500988,0.17824726265660856
2040-06-28 22:00:00,43.30262164994856,20.901069641113395,0.22859418229427303
2040-06-28 23:00:00,43.30262172224857,20.26605033874523,0.23240556472471025
2040-06-29 00:00:00,43.302622134897646,19.797975540161246,0.23597817064053186
2040-06-29 01:00:00,43.30262180065547,18.714914321899528,0.22927847472139817
2040-06-29 02:00:00,43.30262194009729,17.91483879089367,0.2295916127358848
2040-06-29 03:00:00,43.302621754354426,17.090456008911246,0.22245696527184797
2040-06-29 04:00:00,43.30262120817281,16.559606552124137,0.20369213654009827
2040-06-29 05:00:00,43.302621054815845,16.773437500000114,0.1899253404936675
2040-06-29 06:00:00,43.302619729157165,17.115430831909293,0.15345997965582078
2040-06-29 07:00:00,43.30262022939572,17.139417648315543,0.15982590577083294
2040-06-29 08:00:00,43.30260716118135,18.81068611145031,0.05594622854833756
2040-06-29 09:00:00,43.30260488929351,19.859262466430778,0.04649037402286442
2040-06-29 10:00:00,43.302610469961934,20.343027114868278,0.06497823473641762
2040-06-29 11:00:00,43.30261006372387,20.646823883056754,0.06254443826163639
2040-06-29 12:00:00,43.30260350506023,21.98483276367199,0.03748106353204437
2040-06-29 13:00:00,43.30260242738133,23.860746383667106,0.03164182596902535
2040-06-29 14:00:00,43.30260904387075,23.36346817016613,0.05580066617653882
2040-06-29 15:00:00,43.302608971098856,23.027011871338004,0.054373446206292426
2040-06-29 16:00:00,43.30261103806746,22.91555786132824,0.06156633150404541
2040-06-29 17:00:00,43.30261953547441,22.96987342834484,0.11395130023369943
2040-06-29 18:00:00,43.30262235414196,21.50159835815441,0.17099179013016128
2040-06-29 19:00:00,43.30262173312852,20.515054702758903,0.15162577162499163
2040-06-29 20:00:00,43.302620351677305,19.667873382568473,0.12515412472956064
2040-06-29 21:00:00,43.30261862555441,19.022314071655387,0.10696568744425403
2040-06-29 22:00:00,43.30261437051598,18.86179351806652,0.07752682181992987
2040-06-29 23:00:00,43.30261440606461,18.555120468139762,0.07844199031629445
2040-06-30 00:00:00,43.30261387681774,18.28515434265148,0.0751722636866778
2040-06-30 01:00:00,43.30261416269253,17.503711700439567,0.07698922013786305
2040-06-30 02:00:00,43.30261598836253,16.86306190490734,0.08916799272802044
2040-06-30 03:00:00,43.30261834766165,16.810512542724723,0.10590376603444018
2040-06-30 04:00:00,43.30262064308112,16.700508117675895,0.12523639784088608
2040-06-30 05:00:00,43.30262319517838,16.63244438171398,0.15899489311440004
2040-06-30 06:00:00,43.30262380303589,16.814676284790153,0.1652274282377701
2040-06-30 07:00:00,43.30262117363597,17.634296417236442,0.1229528055385994
2040-06-30 08:00:00,43.30261552137098,18.861940383911246,0.07493563179844356
2040-06-30 09:00:00,43.30259828927991,20.63509559631359,0.0307638681780987
2040-06-30 10:00:00,43.30259740818724,21.946853637695426,0.028320039415336805
2040-06-30 11:00:00,43.30259656301001,22.60511398315441,0.025620468989116695
2040-06-30 12:00:00,43.30259674150643,23.773696899414176,0.025326833425158377
2040-06-30 13:00:00,43.30259731192813,24.389690399170036,0.026025667056526255
2040-06-30 14:00:00,43.30259684770292,25.066488265991325,0.024133756229428007
2040-06-30 15:00:00,43.3026009273425,24.80149841308605,0.031677420199704126
2040-06-30 16:00:00,43.30260810654464,24.70384788513195,0.047167615392443
2040-06-30 17:00:00,43.30262093804463,24.543748855590934,0.1105448694291068
2040-06-30 18:00:00,43.30262548218326,23.916278839111442,0.20412619431444737
2040-06-30 19:00:00,43.30262569515986,22.743970870971793,0.21619779633641772
2040-06-30 20:00:00,43.30262601891416,21.939378738403434,0.22412463317850395
2040-06-30 21:00:00,43.30262613320711,21.310548782348746,0.23043815314718252
2040-06-30 22:00:00,43.30262653187519,20.94901847839367,0.24727293753934848
2040-06-30 23:00:00,43.30262617022138,20.156578063964957,0.2391555330001339
2040-07-01 00:00:00,43.30262544045276,19.53280639648449,0.21478915103934088
2040-07-01 01:00:00,43.30262514843504,19.00918579101574,0.20137401401026042
2040-07-01 02:00:00,43.30262558007761,18.744298934936637,0.21305754839829924
2040-07-01 03:00:00,43.30262604649252,17.960645675659293,0.22902965381675927
2040-07-01 04:00:00,43.30262641854013,17.55166053771984,0.23415241727443886
2040-07-01 05:00:00,43.302626771542485,17.748508453369254,0.2396921411716551
2040-07-01 06:00:00,43.30262677432787,18.36773490905773,0.22420585367939014
2040-07-01 07:00:00,43.3026236987613,20.028015136718864,0.13322370538859313
2040-07-01 08:00:00,43.302614901443526,22.54890632629406,0.06212490354933231
2040-07-01 09:00:00,43.30260385102218,25.091403961181754,0.033398879967892585
2040-07-01 10:00:00,43.30260518074788,26.935697555542106,0.03471345296718356
2040-07-01 11:00:00,43.30260403655057,28.411952972412223,0.031996938687237325
2040-07-01 12:00:00,43.302605520881286,28.968725204467887,0.03372485557268449
2040-07-01 13:00:00,43.30262163100373,27.363281250000114,0.1075557165057086
2040-07-01 14:00:00,43.30260903501288,27.65077400207531,0.04292042007620788
2040-07-01 15:00:00,43.302613729958665,27.3038845062257,0.05674031169983512
2040-07-01 16:00:00,43.30262012258787,26.607442855835075,0.08871580384983094
2040-07-01 17:00:00,43.30262383102314,25.46250915527355,0.14425474975563732
2040-07-01 18:00:00,43.30262566239356,24.293308258056754,0.1992740084031078
2040-07-01 19:00:00,43.30262518376532,22.701572418213004,0.18384845120590487
2040-07-01 20:00:00,43.30262279038384,21.404134750366325,0.12931186438564052
2040-07-01 21:00:00,43.30261649232862,20.65714836120617,0.07145934773767271
2040-07-01 22:00:00,43.302620470994405,19.71012115478527,0.10839943543227272
2040-07-01 23:00:00,43.30261844926666,18.885255813598746,0.09063858952675674
2040-07-02 00:00:00,43.30261300164252,18.109437942504996,0.058546816159191536
2040-07-02 01:00:00,43.3026117221436,17.40919113159191,0.05171886660431825
2040-07-02 02:00:00,43.30261317607436,16.78635406494152,0.05796848699389214
2040-07-02 03:00:00,43.30261547823739,16.290502548217887,0.0685962644269634
2040-07-02 04:00:00,43.30261909351981,16.086528778076286,0.09032964347863122
2040-07-02 05:00:00,43.30262240565536,16.62130165100109,0.12296248447766157
2040-07-02 06:00:00,43.30262338806043,16.162422180175895,0.13787106493222043
2040-07-02 07:00:00,43.30256788291013,17.47215843200695,0.018716646859782533
2040-07-02 08:00:00,43.30256559327034,19.14391136169445,0.017144220840489232
2040-07-02 09:00:00,43.30256073542678,20.232986450195426,0.013490914314471851
2040-07-02 10:00:00,43.30255760207323,21.786417007446403,0.011152503005815556
2040-07-02 11:00:00,43.302549111955024,21.600099563598746,0.008959592312830066
2040-07-02 12:00:00,19.9903311214732,23.53623962402355,7.425236638955887e-08
2040-07-02 13:00:00,43.30255676112385,24.476755142212028,0.010103742952900147
2040-07-02 14:00:00,43.30257164971045,24.79379272460949,0.014961781673116447
2040-07-02 15:00:00,43.302603960223024,22.431749343872184,0.04430549157749909
2040-07-02 16:00:00,43.30259784048033,21.990526199340934,0.033158362454530924
2040-07-02 17:00:00,43.30261489648438,21.198360443115348,0.07134334408750354
2040-07-02 18:00:00,43.30262148628327,20.01925659179699,0.12530446053581387
2040-07-02 19:00:00,43.30262390496633,18.690999984741325,0.1631194888785574
2040-07-02 20:00:00,43.30262461632573,17.692453384399528,0.17733286130083795
2040-07-02 21:00:00,43.30262471758621,17.127525329589957,0.18007914061492097
2040-07-02 22:00:00,43.30262354096033,16.82185554504406,0.15655487614969305
2040-07-02 23:00:00,43.30262278978368,16.26326179504406,0.14276485860475996
2040-07-03 00:00:00,43.30262260197807,16.00844764709484,0.14163055596023624
2040-07-03 01:00:00,43.30262317292977,15.72172069549572,0.1528984595624439
2040-07-03 02:00:00,43.30262406199599,15.390532493591422,0.16791686059776367
2040-07-03 03:00:00,43.30262486904764,15.031853675842399,0.18241594436536485
2040-07-03 04:00:00,43.30262548883024,14.80631256103527,0.1889113190542444
2040-07-03 05:00:00,43.30262589401581,14.548697471618766,0.18847118845634553
2040-07-03 06:00:00,43.30262671359429,14.512833595275993,0.21177027526742706
2040-07-03 07:00:00,43.30262636577878,14.68316459655773,0.20222500959343256
2040-07-03 08:00:00,43.30262609738817,15.071589469909782,0.19024171031337986
2040-07-03 09:00:00,43.30262390715432,16.035516738891715,0.131363771090515
2040-07-03 10:00:00,43.30261753900253,16.986009597778434,0.06861343630357501
2040-07-03 11:00:00,43.30261466069295,17.353401184082145,0.05488052725618099
2040-07-03 12:00:00,43.30261596040251,17.328756332397575,0.06032719321952838
2040-07-03 13:00:00,43.302613118900005,17.707921981811637,0.04775928382041463
2040-07-03 14:00:00,43.30261173864347,18.883348464965934,0.04136318352628678
2040-07-03 15:00:00,43.30261294005503,19.815803527832145,0.045107250376718186
2040-07-03 16:00:00,43.30261939074986,19.208766937255973,0.0808399311241859
2040-07-03 17:00:00,43.30261894366069,18.777231216430778,0.0759541734027348
2040-07-03 18:00:00,43.302624595472494,18.53836250305187,0.1412249505796569
2040-07-03 19:00:00,43.30262559277316,17.922254562378043,0.16875951543674045
2040-07-03 20:00:00,43.30262621241151,17.050464630127067,0.18864522920216956
2040-07-03 21:00:00,43.30262642276816,16.29794502258312,0.1994208645666999
2040-07-03 22:00:00,43.30262692669151,15.643034934997672,0.2331911032267547
2040-07-03 23:00:00,43.30262651002358,15.111539840698356,0.21663839541775234
2040-07-04 00:00:00,43.302626225725824,14.58429336547863,0.20873171594583584
2040-07-04 01:00:00,43.30262623575325,14.19365215301525,0.20915474179847948
2040-07-04 02:00:00,43.30262639216655,13.96166038513195,0.21602816627348762
2040-07-04 03:00:00,43.302626438345634,13.412522315979118,0.2178156313375427
2040-07-04 04:00:00,43.30262698155172,13.062112808227653,0.24206503180692104
2040-07-04 05:00:00,43.30262711982821,14.159559249878043,0.24197096137012591
2040-07-04 06:00:00,43.30262649368753,16.304702758789176,0.2047532111147291
2040-07-04 07:00:00,43.3026215081688,18.280715942382926,0.10911495363230735
2040-07-04 08:00:00,43.30261509056668,19.82625770568859,0.06113506454566654
2040-07-04 09:00:00,43.30261154308016,20.578487396240348,0.04612061391429792
2040-07-04 10:00:00,43.302609733131725,21.530572891235465,0.0390625640351217
2040-07-04 11:00:00,43.30260996467317,22.321664810180778,0.039078854265812604
2040-07-04 12:00:00,43.30261395613402,22.456422805786246,0.05459050721006362
2040-07-04 13:00:00,43.30261512728518,22.647663116455192,0.06099386448421104
2040-07-04 14:00:00,43.3026154667548,22.903543472290153,0.0626023604508628
2040-07-04 15:00:00,43.30261539942693,23.438028335571403,0.06348484345143572
2040-07-04 16:00:00,43.30261973387064,23.865030288696403,0.0982123585636149
2040-07-04 17:00:00,43.30262300491721,23.512466430664176,0.1525502568278317
2040-07-04 18:00:00,43.30262505819998,22.75228309631359,0.22928376106917508
2040-07-04 19:00:00,43.30262459458652,21.660318374633903,0.21971908094636183
2040-07-04 20:00:00,43.302623847067615,20.264898300171012,0.1964351709405815
2040-07-04 21:00:00,43.30262297338256,19.15419960021984,0.17314837352860715
2040-07-04 22:00:00,43.30262162299534,18.492471694946403,0.1478360869917448
2040-07-04 23:00:00,43.30262092952531,18.267057418823356,0.14283402183913677
2040-07-05 00:00:00,43.30262044296857,17.88019943237316,0.1395174067970568
2040-07-05 01:00:00,43.30262076048416,17.361721038818473,0.148379944872146
2040-07-05 02:00:00,43.3026207271138,16.955131530761832,0.15317850773187616
2040-07-05 03:00:00,43.30262090256247,16.709329605102653,0.16145757575029795
2040-07-05 04:00:00,43.30262099866478,16.667196273803825,0.16560355850588748
2040-07-05 05:00:00,43.30262140833729,17.553045272827262,0.18075236037702952
2040-07-05 06:00:00,43.30262095702823,19.03832054138195,0.17233499325659682
2040-07-05 07:00:00,43.30260174621647,21.10695838928234,0.05846710875750458
2040-07-05 08:00:00,43.30258406563559,23.195320129394645,0.030369034148050318
2040-07-05 09:00:00,43.30257792067032,25.149942398071403,0.023178864469133514
2040-07-05 10:00:00,43.30257578930453,26.58413887023937,0.020292798809724167
2040-07-05 11:00:00,43.30257502526977,27.925922393798942,0.019089214997154512
2040-07-05 12:00:00,43.30257519832223,28.92255020141613,0.018760502817789272
2040-07-05 13:00:00,43.30257608985825,29.70506858825695,0.01949153621698459
2040-07-05 14:00:00,43.30257781258225,30.288969039917106,0.021517187339630848
2040-07-05 15:00:00,43.30258086202252,30.362257003784293,0.025849207285980978
2040-07-05 16:00:00,43.30258666579684,30.123943328857536,0.03457353361174461
2040-07-05 17:00:00,43.30260239182581,29.583015441894645,0.06572391492451839
2040-07-05 18:00:00,43.30261243721533,28.80673408508312,0.12700279892177854
2040-07-05 19:00:00,43.30260805658911,27.637958526611442,0.09482584621653391
2040-07-05 20:00:00,43.30260294752529,25.899299621582145,0.07032960826431905
2040-07-05 21:00:00,43.30259613688661,24.124961853027457,0.05252174171282181
2040-07-05 22:00:00,43.30258789720562,23.398586273193473,0.03629498668074662
2040-07-05 23:00:00,43.30258774509199,23.104440689087028,0.03649052377018229
2040-07-06 00:00:00,43.30259053849697,22.892356872558707,0.04321266188552067
2040-07-06 01:00:00,43.302600547988085,22.33273315429699,0.07205897870501576
2040-07-06 02:00:00,43.30260844041827,21.60415649414074,0.12134956843714027
2040-07-06 03:00:00,43.3026090931739,21.244344711303825,0.13429861540687715
2040-07-06 04:00:00,43.302608048633815,21.315774917602653,0.1262860429441995
2040-07-06 05:00:00,43.30260991131642,22.59540176391613,0.14574495882954971
2040-07-06 06:00:00,43.30260720750417,24.710247039795036,0.11563787911162965
2040-07-06 07:00:00,43.301405470737386,26.529350280761832,0.0022766528543387695
2040-07-06 08:00:00,35.053901505753686,26.771125793457145,3.8028240072593877e-07
2040-07-06 09:00:00,35.05389510761085,26.856594085693473,3.1010763619425945e-07
2040-07-06 10:00:00,35.05389264515972,27.85827445983898,2.617267018753337e-07
2040-07-06 11:00:00,35.05389676933332,27.589595794677848,3.235010443254601e-07
2040-07-06 12:00:00,35.05389224634418,29.00026130676281,2.4507847311981317e-07
2040-07-06 13:00:00,35.053891591668624,29.818937301635856,2.2499910093522603e-07
2040-07-06 14:00:00,35.05389334499871,28.850215911865348,2.4054846725139765e-07
2040-07-06 15:00:00,35.053894945890406,27.328178405761832,2.6690666058577686e-07
2040-07-06 16:00:00,35.05389736958403,26.16876029968273,2.947489304105955e-07
2040-07-06 17:00:00,35.05396300317448,24.233957290649528,4.379753536581435e-07
2040-07-06 18:00:00,35.05395633575663,22.2834987640382,4.471619502936103e-07
2040-07-06 19:00:00,35.053908732198785,20.673238754272575,3.896465907705595e-07
2040-07-06 20:00:00,35.05390105547824,19.6558074951173,3.1724253893365593e-07
2040-07-06 21:00:00,35.05390070461062,19.286111831665153,3.0532280436308686e-07
2040-07-06 22:00:00,35.05390089325439,18.771425247192496,3.117771917938271e-07
2040-07-06 23:00:00,35.053903276778705,18.244791030883903,3.499640894373322e-07
2040-07-07 00:00:00,35.053907376134866,17.60924339294445,4.011927393108594e-07
2040-07-07 01:00:00,35.05391518067375,16.996282577514762,4.528764808325566e-07
2040-07-07 02:00:00,35.05391683272914,17.056287765503043,4.498064501192165e-07
2040-07-07 03:00:00,35.05391901875083,16.987798690796012,4.298864777231423e-07
2040-07-07 04:00:00,35.05406919621534,16.849805831909293,4.426763145717404e-07
2040-07-07 05:00:00,43.3021483598413,17.232858657837028,0.004880860275072623
2040-07-07 06:00:00,43.30216132701315,18.053405761718864,0.004701658414162415
2040-07-07 07:00:00,27.332837325669555,19.154781341552848,2.3796375697452087e-07
2040-07-07 08:00:00,27.332378059139877,20.233636856079215,1.920557805127736e-07
2040-07-07 09:00:00,27.33239721071175,20.637195587158317,2.0758723735532254e-07
2040-07-07 10:00:00,27.332374063601023,21.065866470337028,1.7610051632275697e-07
2040-07-07 11:00:00,27.33237038736054,21.681186676025504,1.539207367129551e-07
2040-07-07 12:00:00,27.332370615258785,22.480766296386832,1.521479247206815e-07
2040-07-07 13:00:00,27.3323692702253,23.49342536926281,1.3771719679384593e-07
2040-07-07 14:00:00,27.33236845098484,24.831489562988395,1.2805841875095818e-07
2040-07-07 15:00:00,27.3323707774056,25.777616500854606,1.4026812248138287e-07
2040-07-07 16:00:00,27.332373965634037,26.082954406738395,1.6096153868526278e-07
2040-07-07 17:00:00,27.332380915962883,25.81586074829113,2.0277783136521238e-07
2040-07-07 18:00:00,27.332410124921285,25.060514450073356,2.443578414165909e-07
2040-07-07 19:00:00,27.332388771064767,23.886447906494254,2.3598353605954384e-07
2040-07-07 20:00:00,27.332382313980634,22.514291763305778,2.0460792289919372e-07
2040-07-07 21:00:00,27.33238185710984,21.411371231079215,1.977109030180229e-07
2040-07-07 22:00:00,27.332381731981503,20.924556732177848,1.8410172628737274e-07
2040-07-07 23:00:00,27.332385328081106,20.5265407562257,2.044732059572659e-07
2040-07-08 00:00:00,27.33239112766005,20.167020797729606,2.2818292580671912e-07
2040-07-08 01:00:00,27.33239571879347,19.73809623718273,2.4437906837331884e-07
2040-07-08 02:00:00,27.332399089801847,19.415889739990348,2.516945410035257e-07
2040-07-08 03:00:00,27.332407585721963,18.935281753540153,2.5258982001762553e-07
2040-07-08 04:00:00,27.332549603553836,18.644174575805778,2.562558180014762e-07
2040-07-08 05:00:00,33.769401629277745,19.925302505493278,4.111081814984853e-07
2040-07-08 06:00:00,33.76944109067911,22.49367713928234,4.4451535495527793e-07
2040-07-08 07:00:00,33.76938711182397,25.190004348754996,3.610337735095442e-07
2040-07-08 08:00:00,27.33241531422256,27.374643325805778,2.0002919935650985e-07
2040-07-08 09:00:00,27.33240346939447,29.427957534790153,1.7033923956493285e-07
2040-07-08 10:00:00,27.332401981148852,31.199851989746207,1.480211430491523e-07
2040-07-08 11:00:00,27.33240317394459,32.61461639404308,1.3504205964073215e-07
2040-07-08 12:00:00,27.33240861405787,32.98534011840832,1.37449263695309e-07
2040-07-08 13:00:00,27.33242578216948,33.28335571289074,1.4623370711092956e-07
2040-07-08 14:00:00,27.333406212434056,33.785198211670036,1.599815930828464e-07
2040-07-08 15:00:00,35.05432847086211,33.8657684326173,3.134855489667961e-07
2040-07-08 16:00:00,35.05438909198484,33.205215454101676,3.884525070494527e-07
2040-07-08 17:00:00,43.30258342712649,31.282493591308707,0.051066149688827285
2040-07-08 18:00:00,43.30259332445896,29.303543090820426,0.07580225737324868
2040-07-08 19:00:00,35.0544594093366,28.964023590088004,4.285532688764082e-07
2040-07-08 20:00:00,35.05436786944248,28.184909820556754,3.373875786052959e-07
2040-07-08 21:00:00,35.05436769063879,26.66053962707531,3.267309469522083e-07
2040-07-08 22:00:00,35.05437176031135,25.516441345214957,3.697271976562023e-07
2040-07-08 23:00:00,35.05440078341728,25.501331329345817,4.4083757958437203e-07
2040-07-09 00:00:00,35.054452824248735,26.242506027221793,4.823387485239892e-07
2040-07-09 01:00:00,35.05446191110054,26.72114181518566,4.779209762677757e-07
2040-07-09 02:00:00,35.19908250758877,25.945747375488395,4.882543977218597e-07
2040-07-09 03:00:00,36.19132799210429,26.245695114135856,5.48571290897651e-07
2040-07-09 04:00:00,43.30129089006546,24.93423652648937,0.00208834112224119
2040-07-09 05:00:00,43.30252688793953,25.184701919555778,0.02128480471257046
2040-07-09 06:00:00,43.30258087145146,25.564622879028434,0.043696725362200865
2040-07-09 07:00:00,33.769209180406136,24.9629421234132,4.139609704427981e-07
2040-07-09 08:00:00,27.332349297748983,25.205453872680778,2.3112402983579697e-07
2040-07-09 09:00:00,27.3322159020714,25.66821098327648,1.7543425418702999e-07
2040-07-09 10:00:00,27.33221856667641,24.205587387085075,1.8375197141853025e-07
2040-07-09 11:00:00,27.332209164459098,25.459432601928825,1.2556812058720285e-07
2040-07-09 12:00:00,27.33221100369981,26.1291961669923,1.3603180941304922e-07
2040-07-09 13:00:00,27.332209737013397,26.9310817718507,1.2480814662573184e-07
2040-07-09 14:00:00,27.332210774553147,27.41515922546398,1.2812806822400427e-07
2040-07-09 15:00:00,27.33221297854985,26.95376014709484,1.3798262477208674e-07
2040-07-09 16:00:00,27.33221404326233,25.990474700927848,1.3875461370775066e-07
2040-07-09 17:00:00,27.33221610107877,24.771465301513786,1.505116907616923e-07
2040-07-09 18:00:00,27.332220404697733,23.324106216430778,1.7726368968275626e-07
2040-07-09 19:00:00,27.33221772343609,21.79860115051281,1.448350611931517e-07
2040-07-09 20:00:00,27.332218660077984,20.474035263061637,1.3823586096788736e-07
2040-07-09 21:00:00,27.332222827411535,19.769374847412223,1.471461112571148e-07
2040-07-09 22:00:00,27.332244255532,19.086696624755973,1.9094796464088908e-07
2040-07-09 23:00:00,27.33357979189081,18.66018676757824,2.3338246635176928e-07
2040-07-10 00:00:00,27.953753624986284,18.22885131835949,2.7726362073538806e-07
2040-07-10 01:00:00,28.236944883015493,17.750057220459098,2.9446882602823314e-07
2040-07-10 02:00:00,43.30225034933254,17.523418426513786,0.006868311646708243
2040-07-10 03:00:00,43.30255809436957,17.396110534668082,0.030559296951242446
2040-07-10 04:00:00,43.30254228602711,17.23417472839367,0.022522188047611497
2040-07-10 05:00:00,43.30258572065151,16.996677398681754,0.039230736422635686
2040-07-10 06:00:00,43.302599136792985,16.7877655029298,0.05500128851760314
2040-07-10 07:00:00,43.30260688380967,17.01012229919445,0.07947193878537766
2040-07-10 08:00:00,43.3026087393644,17.606473922729606,0.0858842290946942
2040-07-10 09:00:00,43.30260813855788,18.090167999267692,0.07796327750467931
2040-07-10 10:00:00,43.30260632035791,19.209363937378043,0.06447125343214576
2040-07-10 11:00:00,43.30259782334733,21.80373573303234,0.035343169384411954
2040-07-10 12:00:00,43.30260722545058,21.989381790161246,0.06489463745486442
2040-07-10 13:00:00,43.30261343248381,21.78596115112316,0.10114459814035501
2040-07-10 14:00:00,43.30260324091265,23.355312347412223,0.04487072005762621
2040-07-10 15:00:00,43.30260808807213,23.63070678710949,0.0620544414190706
2040-07-10 16:00:00,43.3026122360528,23.50015449523937,0.08294817206039933
2040-07-10 17:00:00,43.302616180652336,23.309776306152457,0.11436528359248863
2040-07-10 18:00:00,43.30261904362396,22.157220840454215,0.16447786264248834
2040-07-10 19:00:00,43.3026191085971,21.647758483886832,0.16004292288708113
2040-07-10 20:00:00,43.30261865475487,21.0609588623048,0.14348089021359917
2040-07-10 21:00:00,43.30261912472743,20.757602691650504,0.15239247186175434
2040-07-10 22:00:00,43.30261860025867,20.494487762451286,0.14155770313530522
2040-07-10 23:00:00,43.30261894909595,20.22113418579113,0.15040540883316686
2040-07-11 00:00:00,43.30261944477523,19.720039367675895,0.15796392956799013
2040-07-11 01:00:00,43.30261927700285,19.32628440856945,0.149106541143114
2040-07-11 02:00:00,43.302618535120416,18.740783691406364,0.13125663309626318
2040-07-11 03:00:00,43.30261872088894,18.192220687866325,0.12714729691217408
2040-07-11 04:00:00,43.30262003954872,17.837797164917106,0.13992201832968418
2040-07-11 05:00:00,43.30262226310928,18.273799896240348,0.18248193089635079
2040-07-11 06:00:00,43.3026220611096,19.401823043823356,0.16523367594325722
2040-07-11 07:00:00,43.30261557675512,20.91454887390148,0.08370526200950801
2040-07-11 08:00:00,43.302616315888535,21.428209304809684,0.08524401414269774
2040-07-11 09:00:00,43.30260877765772,22.652427673339957,0.048451576172308344
2040-07-11 10:00:00,43.30260477236838,24.05451583862316,0.034147661173567365
2040-07-11 11:00:00,43.30260893662672,23.672460556030387,0.047389861109785575
2040-07-11 12:00:00,43.302605245027166,25.088821411132926,0.03320872477560803
2040-07-11 13:00:00,43.30260602328277,26.27418708801281,0.03440895198296278
2040-07-11 14:00:00,43.30260900037922,25.753982543945426,0.04370561915836591
2040-07-11 15:00:00,43.30260980525915,25.771171569824332,0.04506216337162074
2040-07-11 16:00:00,43.3026155649298,25.3173065185548,0.07184988602977445
2040-07-11 17:00:00,43.30262075149642,24.703073501587028,0.11443489750250702
2040-07-11 18:00:00,43.30262361850766,23.975086212158317,0.16102365135169042
2040-07-11 19:00:00,43.30262326457108,22.74795722961437,0.15355512907759394
2040-07-11 20:00:00,43.302623144873,21.60554695129406,0.14634524858981404
2040-07-11 21:00:00,43.302623434899495,21.083354949951286,0.15041211195881038
2040-07-11 22:00:00,43.30262301149244,20.80526733398449,0.14560944085355526
2040-07-11 23:00:00,43.30262329162925,20.418174743652457,0.15321391903368475
2040-07-12 00:00:00,43.302624127503535,19.89743041992199,0.17176731550492455
2040-07-12 01:00:00,43.30262429114407,19.677387237548942,0.17282454607518072
2040-07-12 02:00:00,43.30262522640401,19.483522415161246,0.19617557683409906
2040-07-12 03:00:00,43.302625538436125,19.129768371582145,0.20188617830274047
2040-07-12 04:00:00,43.3026257401461,19.1078338623048,0.2020107926756409
2040-07-12 05:00:00,43.30262612993111,19.5869598388673,0.20782081043527137
2040-07-12 06:00:00,43.30262581981786,19.825763702392692,0.18949885175928463
2040-07-12 07:00:00,43.30262309340806,20.106636047363395,0.13658861171420564
2040-07-12 08:00:00,43.30262297210597,20.557266235351676,0.12731940143132064
2040-07-12 09:00:00,43.30262140008482,21.48410034179699,0.10156098571044925
2040-07-12 10:00:00,43.3026140777341,23.886528015136832,0.04664827735300488
2040-07-12 11:00:00,43.30261980439924,23.949186325073356,0.08279600127980068
2040-07-12 12:00:00,43.30261960869496,24.354162216186637,0.08002703286162771
2040-07-12 13:00:00,43.30261414557175,26.606262207031364,0.041665661595116275
2040-07-12 14:00:00,43.30262224498935,25.36969375610363,0.10677495779140415
2040-07-12 15:00:00,43.30262335104944,25.48622322082531,0.1173101860524949
2040-07-12 16:00:00,43.30262527869991,25.62716674804699,0.13944935586260043
2040-07-12 17:00:00,43.302626853667405,24.13224029541027,0.18352874193500404
2040-07-12 18:00:00,43.30262776726372,23.13815498352062,0.20787688496885276
2040-07-12 19:00:00,43.30262803943081,21.050014495849723,0.21862794321417356
2040-07-12 20:00:00,43.302628163496735,20.607305526733512,0.21785941602121722
2040-07-12 21:00:00,43.30262800405419,21.133188247680778,0.20557207387634135
2040-07-12 22:00:00,43.30262687015353,20.551548004150504,0.15966991263458377
2040-07-12 23:00:00,43.30262583493867,18.72129058837902,0.14408381973990916
2040-07-13 00:00:00,43.30262665466418,17.768455505371207,0.16278912997786313
2040-07-13 01:00:00,43.302627482841785,17.491870880127067,0.18452263559642543
2040-07-13 02:00:00,43.30262813886362,17.11808013916027,0.2014227759356409
2040-07-13 03:00:00,43.302628787759296,16.800638198852653,0.22441241091870115
2040-07-13 04:00:00,43.30262954073152,16.500888824463004,0.24924104974098793
2040-07-13 05:00:00,43.30262969586624,16.125957489013786,0.2504445450087245
2040-07-13 06:00:00,43.30262996665424,15.922530174255485,0.25350521699179346
2040-07-13 07:00:00,43.30262953993601,15.824149131775016,0.24595962572731228
2040-07-13 08:00:00,43.302629637179045,15.81293869018566,0.23819447496482368
2040-07-13 09:00:00,43.30262982406234,15.875415802002067,0.23369244547436493
2040-07-13 10:00:00,43.30262826327559,16.142150878906364,0.1613927977073599
2040-07-13 11:00:00,43.30262919095168,16.200710296630973,0.19397984190915957
2040-07-13 12:00:00,43.30263000905458,16.18677139282238,0.23787708338034133
2040-07-13 13:00:00,43.30262861032571,16.472852706909293,0.17968487635713432
2040-07-13 14:00:00,43.302628341011065,16.79999923706066,0.17048640247136387
2040-07-13 15:00:00,43.302627758983775,17.35545921325695,0.15395711493638817
2040-07-13 16:00:00,43.30262937325668,17.310037612915153,0.20532527863533484
2040-07-13 17:00:00,43.30262994993842,17.38204383850109,0.2267868570056924
2040-07-13 18:00:00,43.30263050135524,17.421211242675895,0.24976600079520428
2040-07-13 19:00:00,43.30263064636856,17.45987701416027,0.2543615917475706
2040-07-13 20:00:00,43.30263066224143,17.217752456665153,0.25279033667757683
2040-07-13 21:00:00,43.30263074800386,17.136117935180778,0.25785741013743535
2040-07-13 22:00:00,43.30263064925308,16.628536224365348,0.25632616234465283
2040-07-13 23:00:00,43.302630571187926,16.01052856445324,0.2553768852212021
2040-07-14 00:00:00,43.30263053103403,15.737192153930778,0.2552276420581761
2040-07-14 01:00:00,43.30263047975593,15.531246185302848,0.2551758806987487
2040-07-14 02:00:00,43.302630520382095,15.372536659240836,0.2568997230216399
2040-07-14 03:00:00,43.30263030750967,15.21931076049816,0.24707585025810658
2040-07-14 04:00:00,43.30263034918782,15.116748809814567,0.2438343415286435
2040-07-14 05:00:00,43.3026305349769,15.15993690490734,0.24873798872011502
2040-07-14 06:00:00,43.30263048663073,15.991979598999137,0.23641179828606004
2040-07-14 07:00:00,43.302625543322186,17.436382293701286,0.1191822287878174
2040-07-14 08:00:00,43.302627766986944,17.595079421997184,0.1594999383903431
2040-07-14 09:00:00,43.30262769604956,17.486391067504996,0.16677767760150897
2040-07-14 10:00:00,43.302612926759785,19.638244628906364,0.04230860065204369
2040-07-14 11:00:00,43.30262337770803,18.81448364257824,0.09876191052699378
2040-07-14 12:00:00,43.30262413593434,18.323966979980582,0.1106322574983004
2040-07-14 13:00:00,43.3026132711063,21.01404190063488,0.03933281282915155
2040-07-14 14:00:00,43.30261588341028,20.90478324890148,0.049373431041979506
2040-07-14 15:00:00,43.302627399227646,19.142116546630973,0.17670832424913946
2040-07-14 16:00:00,43.302622861684,20.724802017212028,0.09619531157006352
2040-07-14 17:00:00,43.30262763195311,20.413473129272575,0.18100486584961228
2040-07-14 18:00:00,43.30262852616351,19.372587203979606,0.23491060374450026
2040-07-14 19:00:00,43.30262803818365,17.89850997924816,0.21647931701690176
2040-07-14 20:00:00,43.30262757803453,17.674905776977653,0.1964790524631433
2040-07-14 21:00:00,43.30262667370896,16.692945480346793,0.1746700402449757
2040-07-14 22:00:00,43.30262643456869,15.989917755127067,0.17876796695539504
2040-07-14 23:00:00,43.30262636742752,15.601741790771598,0.18600478629625422
2040-07-15 00:00:00,43.30262620875048,15.298938751220817,0.18686751324875658
2040-07-15 01:00:00,43.30262612681906,14.731213569641227,0.18827232264371258
2040-07-15 02:00:00,43.30262640526578,14.067907333374137,0.20252609671606314
2040-07-15 03:00:00,43.302626988478565,13.542785644531364,0.2285523027246775
2040-07-15 04:00:00,43.30262749034103,13.290556907653922,0.25044452539810996
2040-07-15 05:00:00,43.30262778780588,13.988275527954215,0.25994359704094827
2040-07-15 06:00:00,43.302627587111466,14.914722442627067,0.24797154957731427
2040-07-15 07:00:00,43.30262293235533,16.530384063720817,0.12853792601207595
2040-07-15 08:00:00,43.30261853640759,17.64156532287609,0.0878250992022649
2040-07-15 09:00:00,43.3026018165875,19.17881011962902,0.03378553445828867
2040-07-15 10:00:00,43.30259928684941,20.205600738525504,0.028375426400583898
2040-07-15 11:00:00,43.30261382391968,20.06672859191906,0.06508287808455053
2040-07-15 12:00:00,43.302601389901,21.143291473388786,0.03029523829059804
2040-07-15 13:00:00,43.3026041273195,22.10984802246105,0.03720849304582814
2040-07-15 14:00:00,43.30260681400148,22.453824996948356,0.0441010632782494
2040-07-15 15:00:00,43.30261305628132,22.32559967041027,0.06894592756852728
2040-07-15 16:00:00,43.30261416112765,22.53409004211437,0.07377696157174957
2040-07-15 17:00:00,43.30262279069095,21.473594665527457,0.1845590732416908
2040-07-15 18:00:00,43.30262296615646,20.77599906921398,0.1939102695427227
2040-07-15 19:00:00,43.30262186862983,19.929344177246207,0.1664293347477826
2040-07-15 20:00:00,43.302619566376485,19.46268463134777,0.12640456424063362
2040-07-15 21:00:00,43.30261797088246,18.371618270874137,0.11082742906146294
2040-07-15 22:00:00,43.30261316237101,17.27244567871105,0.0786000392145894
2040-07-15 23:00:00,43.302616702349816,17.112789154052848,0.10966744042493355
2040-07-16 00:00:00,43.30261702698141,16.544095993042106,0.11727632904753828
2040-07-16 01:00:00,43.30261699154251,15.717546463012809,0.12287941339584328
2040-07-16 02:00:00,43.30261829341504,15.105329513549918,0.14452152391644857
2040-07-16 03:00:00,43.30261947662669,14.61660480499279,0.1657643811566753
2040-07-16 04:00:00,43.30261999080985,14.340948104858512,0.17673874247954532
2040-07-16 05:00:00,43.30262046387744,15.197761535644645,0.19018553068123806
2040-07-16 06:00:00,43.302619730719485,17.056350708007926,0.1701867182469286
2040-07-16 07:00:00,43.30260663612183,19.25938415527355,0.06995028627128595
2040-07-16 08:00:00,43.30256272482389,21.310495376587028,0.02211784049604239
2040-07-16 09:00:00,43.30255554073344,22.722539901733512,0.016984185260483956
2040-07-16 10:00:00,43.30255350124825,23.644592285156364,0.015277437521467933
2040-07-16 11:00:00,43.302552612549405,24.32074356079113,0.01421100851560513
2040-07-16 12:00:00,43.30255226512947,25.26996231079113,0.01330723922294979
2040-07-16 13:00:00,43.30255338550412,26.11955070495617,0.014068068807298176
2040-07-16 14:00:00,43.30255493082935,26.32549858093273,0.01544855811456833
2040-07-16 15:00:00,43.302557187705496,26.185663223266715,0.017410104414127114
2040-07-16 16:00:00,43.30256204011556,25.71482849121105,0.02104776040511546
2040-07-16 17:00:00,43.302576883346696,25.142286300659293,0.03170368814147128
2040-07-16 18:00:00,43.302609219575714,24.19632720947277,0.10189256128246917
2040-07-16 19:00:00,43.30260234447409,22.941095352172965,0.07260251527967755
2040-07-16 20:00:00,43.30258567705158,21.59042549133312,0.040902916944662776
2040-07-16 21:00:00,43.30257557684613,20.53166007995617,0.03127364789909059
2040-07-16 22:00:00,43.30256178717677,19.57218742370617,0.020288720156026823
2040-07-16 23:00:00,43.30256456653964,18.658807754516715,0.024235793460557424
2040-07-17 00:00:00,43.302567468081016,17.89056205749523,0.027459865218448887
2040-07-17 01:00:00,43.30257392647086,17.287631988525504,0.03417464016371223
2040-07-17 02:00:00,43.30258701948274,16.901773452758903,0.04967469692129153
2040-07-17 03:00:00,43.30258949224649,16.61188888549816,0.052873074240933064
2040-07-17 04:00:00,43.30259421569178,16.505495071411246,0.05912001156061764
2040-07-17 05:00:00,43.30260420297553,17.366725921630973,0.0888275916190624
2040-07-17 06:00:00,43.30260749887882,18.948753356933707,0.11107215225276974
2040-07-17 07:00:00,33.769293877081545,21.203622817993278,3.880502618464108e-07
2040-07-17 08:00:00,27.332328378875022,23.309833526611442,2.0815047789236298e-07
2040-07-17 09:00:00,27.33231883885384,24.762832641601676,1.7105738791199026e-07
2040-07-17 10:00:00,27.332314812767343,25.52308273315441,1.3638330742104138e-07
2040-07-17 11:00:00,27.33231371481335,26.478572845459098,1.2586011667700446e-07
2040-07-17 12:00:00,27.33231463117481,27.58645057678234,1.2833051673188854e-07
2040-07-17 13:00:00,27.332316307995708,28.33193969726574,1.3488251249828106e-07
2040-07-17 14:00:00,27.33233192299065,27.525325775146598,2.1285925289046893e-07
2040-07-17 15:00:00,27.33232148151164,27.8766326904298,1.6451418505977553e-07
2040-07-17 16:00:00,27.33232910140378,27.37179565429699,1.992636795503102e-07
2040-07-17 17:00:00,27.33239241166671,26.518907546997184,2.2410059080995527e-07
2040-07-17 18:00:00,33.76933780474484,24.703750610351676,4.285516010002455e-07
2040-07-17 19:00:00,33.76921668634908,23.124019622802848,4.001771442319098e-07
2040-07-17 20:00:00,27.332430799465797,22.219387054443473,2.5378978656200754e-07
2040-07-17 21:00:00,27.3323806155687,21.46507072448742,2.5440571339446115e-07
2040-07-17 22:00:00,27.332333998153715,20.567958831787223,2.2708660377730352e-07
2040-07-17 23:00:00,27.33232959341133,19.85189247131359,2.11873497427532e-07
2040-07-18 00:00:00,27.33232825694682,19.223491668701286,2.0210406129923787e-07
2040-07-18 01:00:00,27.332328021965345,18.431179046630973,1.979760988923798e-07
2040-07-18 02:00:00,27.33232848376629,17.67733764648449,1.9684879310753386e-07
2040-07-18 03:00:00,27.33232987940912,17.067810058593864,2.0058490582869494e-07
2040-07-18 04:00:00,27.332333149314557,16.611545562744254,2.1102774695673418e-07
2040-07-18 05:00:00,27.3323630462046,16.830406188964957,2.4336187017431555e-07
2040-07-18 06:00:00,27.332918985029583,17.72363090515148,2.473576512761041e-07
2040-07-18 07:00:00,20.796086134127407,19.288032531738395,1.6377004423643677e-07
2040-07-18 08:00:00,19.990434044187825,21.159555435180778,1.204373583434599e-07
2040-07-18 09:00:00,19.99042836357045,22.92574501037609,9.964547937057852e-08
2040-07-18 10:00:00,19.99042616608641,24.199520111084098,9.069934360385616e-08
2040-07-18 11:00:00,19.99042424040934,25.437004089355582,8.55857997493093e-08
2040-07-18 12:00:00,19.990422313996948,26.364589691162223,8.260071359528481e-08
2040-07-18 13:00:00,19.990425745155168,26.63967323303234,8.515170134444189e-08
2040-07-18 14:00:00,19.990430600048523,26.87220382690441,9.140564278064154e-08
2040-07-18 15:00:00,19.99043552475914,26.9178924560548,9.913148956953084e-08
2040-07-18 16:00:00,19.99044203516583,26.550725936889762,1.0905487545735084e-07
2040-07-18 17:00:00,19.99044753199869,25.349176406860465,1.2293987980009602e-07
2040-07-18 18:00:00,19.990454687875804,24.125467300415153,1.3601846855829336e-07
2040-07-18 19:00:00,19.99045085670123,22.640674591064567,1.218064871207301e-07
2040-07-18 20:00:00,19.99045170944121,21.51584625244152,1.1739080030457816e-07
2040-07-18 21:00:00,19.99045517673226,20.813327789306754,1.2416205297532768e-07
2040-07-18 22:00:00,19.990455572815904,20.01662635803234,1.0643594565967462e-07
2040-07-18 23:00:00,19.990467920653494,18.95034790039074,1.3000809946959792e-07
2040-07-19 00:00:00,19.990525416651156,17.985300064087028,1.5766069133043614e-07
2040-07-19 01:00:00,20.07650027284754,17.340297698974723,1.8512679624306533e-07
2040-07-19 02:00:00,20.82687003976223,17.06594276428234,2.1270958156423683e-07
2040-07-19 03:00:00,20.8284925750425,16.87646293640148,2.1009205317129686e-07
2040-07-19 04:00:00,20.84264631703201,17.00469779968273,2.1684215170861188e-07
2040-07-19 05:00:00,20.843105513685124,17.399515151977653,2.0778077030848147e-07
2040-07-19 06:00:00,20.843128811128537,18.156583786010856,1.9941431753927745e-07
2040-07-19 07:00:00,20.84311372570747,19.609685897827262,1.7577387008985286e-07
2040-07-19 08:00:00,20.84311217705467,21.187208175659293,1.4884770644163327e-07
2040-07-19 09:00:00,20.84311150145054,22.589954376220817,1.2494645509548004e-07
2040-07-19 10:00:00,20.843114285163768,23.654405593872184,1.1662327143557165e-07
2040-07-19 11:00:00,20.843119745017063,24.49347305297863,1.1114971143428796e-07
2040-07-19 12:00:00,20.84314566553251,25.107318878173942,1.1707807497171734e-07
2040-07-19 13:00:00,20.84474693676185,25.304328918457145,1.20402252672041e-07
2040-07-19 14:00:00,21.61609306441743,25.990316390991325,1.3574346829696875e-07
2040-07-19 15:00:00,43.30252201257622,25.401943206787223,0.015245216003486172
2040-07-19 16:00:00,43.302551197320646,25.11253929138195,0.02185348347411245
2040-07-19 17:00:00,43.3025746458141,23.73687553405773,0.03687448088406508
2040-07-19 18:00:00,43.30259101431079,22.530761718750114,0.05921150419126509
2040-07-19 19:00:00,43.30257620257066,21.279685974121207,0.03744032151350322
2040-07-19 20:00:00,43.30257172607133,19.988670349121207,0.03208755694527248
2040-07-19 21:00:00,43.30257172922901,18.93460083007824,0.031469223420477005
2040-07-19 22:00:00,43.3025664387532,18.002138137817496,0.02690431381071701
2040-07-19 23:00:00,43.30257233786604,17.301326751709098,0.03274539590116626
2040-07-20 00:00:00,43.30258490429275,16.682470321655387,0.04827806404316698
2040-07-20 01:00:00,43.30259904732825,16.181552886963004,0.08053607646872246
2040-07-20 02:00:00,43.30259890487552,15.780220031738395,0.07961817065663174
2040-07-20 03:00:00,43.30260329086868,15.387590408325309,0.09481515728483896
2040-07-20 04:00:00,43.30260831193593,15.159738540649528,0.12500273444935944
2040-07-20 05:00:00,43.30261187617143,15.577768325805778,0.15943297151738514
2040-07-20 06:00:00,43.30261237422168,16.556064605713004,0.1595640957215264
2040-07-20 07:00:00,43.3026015611053,18.198223114013786,0.07124645961917454
2040-07-20 08:00:00,43.30258458979905,20.071447372436637,0.03314338913934173
2040-07-20 09:00:00,43.30258190591599,21.39363288879406,0.026059899256720916
2040-07-20 10:00:00,43.30258147038244,22.790092468261832,0.023167143042662
2040-07-20 11:00:00,43.30258208143543,23.84342765808117,0.022218835089824206
2040-07-20 12:00:00,43.30258380379124,24.38519668579113,0.022920950555904998
2040-07-20 13:00:00,43.30258767730599,24.86079025268566,0.027088663387591066
2040-07-20 14:00:00,43.30259104979208,24.79295349121105,0.03040710403518741
2040-07-20 15:00:00,43.30259960495896,24.204639434814567,0.0509709158812428
2040-07-20 16:00:00,43.302605807634365,23.739517211914176,0.06782954950646475
2040-07-20 17:00:00,43.30261729738314,23.24751472473156,0.15981801505462598
2040-07-20 18:00:00,43.30261944667668,21.80898475646984,0.2309372530387594
2040-07-20 19:00:00,43.30261867481724,20.41359138488781,0.19809801327386736
2040-07-20 20:00:00,43.30261848986204,19.393455505371207,0.1856260723101121
2040-07-20 21:00:00,43.30261905191572,18.52093887329113,0.19675800219728065
2040-07-20 22:00:00,43.30261867748714,18.04051780700695,0.1875450644858762
2040-07-20 23:00:00,43.302619504220445,17.39004516601574,0.2124155696291223
2040-07-21 00:00:00,43.30262031035503,16.704076766967887,0.23123607195688547
2040-07-21 01:00:00,43.30262036375724,16.06132316589367,0.22994540726059196
2040-07-21 02:00:00,43.302620575864296,15.543145179748649,0.23070664913533212
2040-07-21 03:00:00,43.3026201511988,15.065875053405875,0.2170840115814481
2040-07-21 04:00:00,43.30262012531645,14.644315719604606,0.21051417688357224
2040-07-21 05:00:00,43.30262056268871,15.032547950744743,0.21314313691195655
2040-07-21 06:00:00,43.30261928064583,16.361104965210075,0.17081915682609813
2040-07-21 07:00:00,43.30259671325428,18.050645828247184,0.05104898302123221
2040-07-21 08:00:00,43.3025771973303,19.6107692718507,0.02616683419805552
2040-07-21 09:00:00,43.3025743718074,21.023418426513786,0.020894499224588196
2040-07-21 10:00:00,43.30257364607368,22.005746841430778,0.018532805121894074
2040-07-21 11:00:00,43.30257379256304,23.051630020141715,0.017600927037425943
2040-07-21 12:00:00,43.3025748210569,23.86719894409191,0.017753209727814797
2040-07-21 13:00:00,43.30257636611363,24.61331176757824,0.018908247327740393
2040-07-21 14:00:00,43.30257944529774,24.476982116699332,0.021862414816176113
2040-07-21 15:00:00,43.30258465399845,24.53326225280773,0.027406975450587144
2040-07-21 16:00:00,43.30260592181785,23.638233184814567,0.06105707583656381
2040-07-21 17:00:00,43.3026188645589,22.905519485473746,0.1355740006178684
2040-07-21 18:00:00,43.30262315067834,22.141393661499137,0.2329800086729442
2040-07-21 19:00:00,43.30262316066224,20.89303779602062,0.23512887179206055
2040-07-21 20:00:00,43.302623363689605,19.795743942260856,0.23590400021758245
2040-07-21 21:00:00,43.302623538078265,19.032091140747184,0.23665165039962413
2040-07-21 22:00:00,43.30262069849276,18.193639755249137,0.16738999623610562
2040-07-21 23:00:00,43.302623071188144,17.47163581848156,0.2285861296204782
2040-07-22 00:00:00,43.30262267885136,16.896986007690543,0.22062312417635346
2040-07-22 01:00:00,43.30262196632046,16.322078704834098,0.20255273211302405
2040-07-22 02:00:00,43.30262281858762,15.705807685852164,0.21765829186049349
2040-07-22 03:00:00,43.30262359636713,15.209198951721305,0.23063880430685743
2040-07-22 04:00:00,43.30262404604037,14.813834190368766,0.23547570407962812
2040-07-22 05:00:00,43.30262457321572,15.150962829589957,0.24179084159843056
2040-07-22 06:00:00,43.30262374113424,16.245254516601676,0.19521995638370043
2040-07-22 07:00:00,43.30261618225404,17.8898162841798,0.08919369929908837
2040-07-22 08:00:00,43.30259866724447,19.751811981201286,0.037576236999342455
2040-07-22 09:00:00,43.30259206244691,21.49908828735363,0.027340120701100718
2040-07-22 10:00:00,43.30259070678141,22.825929641723746,0.02403997977440489
2040-07-22 11:00:00,43.30259112652396,24.063993453979606,0.023080450262546195
2040-07-22 12:00:00,43.30259207654828,24.829631805420036,0.02343084713221541
2040-07-22 13:00:00,43.30259414628984,25.25060081481945,0.025458488593147886
2040-07-22 14:00:00,43.30259741824793,25.40585327148449,0.030016178949455213
2040-07-22 15:00:00,43.30260241246857,25.376600265503043,0.03869361943572522
2040-07-22 16:00:00,43.30261478095059,25.047155380249137,0.07368991563454756
2040-07-22 17:00:00,43.30262335984044,24.505643844604606,0.1590944038089104
2040-07-22 18:00:00,43.30262597513705,23.649230957031364,0.2440709150807423
2040-07-22 19:00:00,43.30262601601604,22.548654556274528,0.24665882403178355
2040-07-22 20:00:00,43.30262603669354,21.58700561523449,0.24581165293880225
2040-07-22 21:00:00,43.30262580879398,20.95589637756359,0.24188897199854684
2040-07-22 22:00:00,43.30262566541384,20.282083511352653,0.23947523966562057
2040-07-22 23:00:00,43.302625423024736,19.634576797485465,0.23615525576358046
2040-07-23 00:00:00,43.30261748009303,18.945087432861442,0.09854805319379296
2040-07-23 01:00:00,43.30261395468101,18.202230453491325,0.07441532972891444
2040-07-23 02:00:00,43.30261923950887,17.574441909790153,0.11322375197785894
2040-07-23 03:00:00,43.30261961791904,17.02814865112316,0.11214834860527852
2040-07-23 04:00:00,43.30262397743628,16.780261993408317,0.17469664082112873
2040-07-23 05:00:00,43.30262564826005,17.455886840820426,0.2152879380827848
2040-07-23 06:00:00,43.30262598672653,18.957296371460075,0.21308194518471477
2040-07-23 07:00:00,43.30262465406237,19.730691909790153,0.16894248997752312
2040-07-23 08:00:00,43.30262345091299,20.232021331787223,0.13928230807298758
2040-07-23 09:00:00,43.30262052643639,21.179161071777457,0.09766530269944432
2040-07-23 10:00:00,43.30262033236816,21.8440456390382,0.0954079438696454
2040-07-23 11:00:00,43.30261746162432,23.00668334960949,0.07450510117669619
2040-07-23 12:00:00,43.30261422020668,24.789455413818473,0.05628581992846775
2040-07-23 13:00:00,43.302613037365006,26.5101833343507,0.04836689797507784
2040-07-23 14:00:00,43.30261291718551,27.950277328491325,0.04721180057358291
2040-07-23 15:00:00,43.30262371545278,26.936347961425895,0.14872818178881203
2040-07-23 16:00:00,43.3026229061726,26.73839378356945,0.12774916534376393
2040-07-23 17:00:00,43.3026256942248,26.495464324951286,0.1814159382855951
2040-07-23 18:00:00,43.30262683435563,24.877042770385856,0.24572975120534732
2040-07-23 19:00:00,43.30262694714996,23.033649444580192,0.2515714716065853
2040-07-23 20:00:00,43.30262689669392,21.79528617858898,0.2511330499878906
2040-07-23 21:00:00,43.30262679322752,21.559104919433707,0.25034988571385824
2040-07-23 22:00:00,43.30262653292124,21.049066543579215,0.2475846426656258
2040-07-23 23:00:00,43.30262186273497,20.481481552124137,0.12203569372625091
2040-07-24 00:00:00,43.30262421807643,19.784072875976676,0.17577173649606526
2040-07-24 01:00:00,43.3026245662432,19.31707572937023,0.18872616585243576
2040-07-24 02:00:00,43.30262449960655,18.864372253418082,0.1873707560172189
2040-07-24 03:00:00,43.30262392369629,18.225904464721793,0.16645447640193398
2040-07-24 04:00:00,43.302624335970485,17.51339721679699,0.17309422826219373
2040-07-24 05:00:00,43.30262504558871,17.73804855346691,0.18958139630788637
2040-07-24 06:00:00,43.302625241741495,18.417821884155387,0.19485215522793356
2040-07-24 07:00:00,43.30261047925931,20.546463012695426,0.064167654616909
2040-07-24 08:00:00,43.30259462450691,22.62907218933117,0.031476213388505765
2040-07-24 09:00:00,43.30259200129019,24.682855606079215,0.02556275907967138
2040-07-24 10:00:00,43.30259263259011,26.380521774292106,0.025613190347111684
2040-07-24 11:00:00,43.30259164708254,27.911621093750114,0.023108901822131354
2040-07-24 12:00:00,43.30259152750565,28.466993331909293,0.021996754106903767
2040-07-24 13:00:00,43.30259269999755,28.511575698852653,0.023158254767508244
2040-07-24 14:00:00,43.3025948552979,28.690832138061637,0.026354508639673715
2040-07-24 15:00:00,43.302599699811445,28.204116821289176,0.036122051334558467
2040-07-24 16:00:00,43.302608405765184,27.337184906005973,0.0546829961560999
2040-07-24 17:00:00,43.30261905237904,25.857498168945426,0.11938226026642908
2040-07-24 18:00:00,43.30262344779258,24.533212661743278,0.21981913356492302
2040-07-24 19:00:00,43.30262384521744,23.076744079589957,0.23588340550568823
2040-07-24 20:00:00,43.302623434851725,21.828588485717887,0.22625289267254337
2040-07-24 21:00:00,43.30262302829311,20.596897125244254,0.21274906084628403
2040-07-24 22:00:00,43.30262222626831,19.573871612548942,0.20767105845581887
2040-07-24 23:00:00,43.30262208484314,18.860513687133903,0.21097675727213938
2040-07-25 00:00:00,43.30261990389373,18.7832546234132,0.1604699565582598
2040-07-25 01:00:00,43.30261910528356,18.658802032470817,0.14995998232547442
2040-07-25 02:00:00,43.3026190576599,18.281940460205192,0.15035866677503218
2040-07-25 03:00:00,43.30261687405524,17.452367782592887,0.11834053481813821
2040-07-25 04:00:00,43.30261554653007,17.118490219116325,0.10076387716976157
2040-07-25 05:00:00,43.30261674109898,16.917272567749137,0.10748260663583983
2040-07-25 06:00:00,43.30261676249546,16.909311294555778,0.10592324061943437
2040-07-25 07:00:00,43.30259445252037,17.53625297546398,0.03790200461600633
2040-07-25 08:00:00,43.30258814140608,19.00246620178234,0.026703733669347838
2040-07-25 09:00:00,43.302583244093285,21.629238128662223,0.01745999587239107
2040-07-25 10:00:00,43.30258825878238,23.993946075439567,0.02481770464864474
2040-07-25 11:00:00,43.302588846530114,25.284503936767692,0.024442478575341903
2040-07-25 12:00:00,43.30258999660361,25.743654251098746,0.025555093289099308
2040-07-25 13:00:00,43.302596449263135,25.53460502624523,0.03894913334206142
2040-07-25 14:00:00,43.30259908593978,25.29609870910656,0.044261227471506084
2040-07-25 15:00:00,43.30259628245226,25.806205749511832,0.035341816128891056
2040-07-25 16:00:00,43.30260637517506,25.13205146789562,0.06030799218006644
2040-07-25 17:00:00,43.30261488600536,23.870851516723746,0.11715182597801413
2040-07-25 18:00:00,43.30261946175227,22.400350570678825,0.22212848729580606
2040-07-25 19:00:00,43.30261997291676,21.07287979125988,0.2444537006932999
2040-07-25 20:00:00,43.302619720795015,20.070796966552848,0.24370736060953604
2040-07-25 21:00:00,43.30261862197868,19.10642242431652,0.21507341754944678
2040-07-25 22:00:00,43.30261891153186,18.25190925598156,0.2397286997150832
2040-07-25 23:00:00,43.30261840031034,17.472949981689567,0.23708888365152025
2040-07-26 00:00:00,43.30261664715671,16.777044296264762,0.19853085918181598
2040-07-26 01:00:00,43.30261551252782,16.09591674804699,0.17935354963226144
2040-07-26 02:00:00,43.30261412596741,15.477233886718864,0.15817702355557967
2040-07-26 03:00:00,43.30261409681261,14.933845520019645,0.16306826898671828
2040-07-26 04:00:00,43.30261370161892,14.516594886779899,0.16079700144266293
2040-07-26 05:00:00,43.30261465739374,14.92135334014904,0.1902291850648675
2040-07-26 06:00:00,43.30261154692352,16.089941024780387,0.12976094327250512
2040-07-26 07:00:00,35.05424338185643,17.662467956543082,4.1106283585307477e-07
2040-07-26 08:00:00,35.0542345672346,19.077829360962028,3.351047481713589e-07
2040-07-26 09:00:00,35.05423277891232,20.30105781555187,2.992335736975879e-07
2040-07-26 10:00:00,35.054231730698966,21.4708709716798,2.720525496930479e-07
2040-07-26 11:00:00,35.054229847963974,22.38362312316906,2.270797006230116e-07
2040-07-26 12:00:00,35.05422894381722,23.206287384033317,2.0616715883497627e-07
2040-07-26 13:00:00,35.05423177144448,24.172939300537223,2.2390884055865822e-07
2040-07-26 14:00:00,35.054243036998514,23.277750015258903,3.715210025545166e-07
2040-07-26 15:00:00,35.05424319896983,23.841506958007926,3.245804691112034e-07
2040-07-26 16:00:00,43.30220031020919,23.062385559082145,0.006375853460596625
2040-07-26 17:00:00,43.30258138315363,22.443290710449332,0.06112544446114893
2040-07-26 18:00:00,43.30259548036348,21.10513496398937,0.13754599405011267
2040-07-26 19:00:00,43.30258036254813,19.736110687255973,0.06174750305205747
2040-07-26 20:00:00,35.05427995953301,18.635112762451286,4.5088116475041096e-07
2040-07-26 21:00:00,43.30258868200147,17.86329269409191,0.09161796060490711
2040-07-26 22:00:00,43.30256852588584,17.159641265869254,0.05094466319265811
2040-07-26 23:00:00,35.0542453203407,16.54086303710949,3.219189732667914e-07
2040-07-27 00:00:00,35.05424338904845,16.022373199463004,2.7681896319065167e-07
2040-07-27 01:00:00,35.05424096422396,15.59277153015148,2.1859229505779982e-07
2040-07-27 02:00:00,35.05424413802198,15.201489448547477,2.732889940886259e-07
2040-07-27 03:00:00,35.054246055486566,14.76626300811779,2.987079401189894e-07
2040-07-27 04:00:00,35.054251458004,14.44267559051525,3.758299350617752e-07
2040-07-27 05:00:00,35.05435744457362,14.73556232452404,5.161336396950654e-07
2040-07-27 06:00:00,43.3025673666665,15.65878009796154,0.051460300753838444
2040-07-27 07:00:00,35.054274272293284,17.751045227050895,4.643879463010397e-07
2040-07-27 08:00:00,35.054252268481804,20.070949554443473,3.470386789580635e-07
2040-07-27 09:00:00,35.054250134537334,21.773065567016715,2.8861497787734396e-07
2040-07-27 10:00:00,35.05425115744903,22.960083007812614,2.840998804426734e-07
2040-07-27 11:00:00,35.05425068778493,24.547630310058707,2.571283710679623e-07
2040-07-27 12:00:00,35.05425228875369,24.643329620361442,2.659196300958799e-07
2040-07-27 13:00:00,35.0542537460251,25.236383438110465,2.6354437161169974e-07
2040-07-27 14:00:00,35.05425660179014,25.322292327880973,2.8595821151191794e-07
2040-07-27 15:00:00,35.0542627354964,25.44102478027355,3.3463645927483784e-07
2040-07-27 16:00:00,43.3020336303487,25.19342422485363,0.004806281607495757
2040-07-27 17:00:00,43.30258182113598,24.44135665893566,0.0706456371473954
2040-07-27 18:00:00,43.30259932678981,23.254678726196403,0.18771930083604518
2040-07-27 19:00:00,43.30259994552,21.90021896362316,0.19772245652141238
2040-07-27 20:00:00,43.30259287029871,20.563884735107536,0.11738730587147805
2040-07-27 21:00:00,43.30256942456477,19.647657394409293,0.05136444593381792
2040-07-27 22:00:00,43.30233560455776,18.889972686767692,0.010263768716354016
2040-07-27 23:00:00,35.05427281986522,18.291980743408317,4.1594103751369865e-07
2040-07-28 00:00:00,35.05426587918273,17.696243286132926,3.352356556406505e-07
2040-07-28 01:00:00,35.054263054818044,16.90296554565441,2.66223331506133e-07
2040-07-28 02:00:00,35.054264063864856,16.167453765869254,2.8098822675102584e-07
2040-07-28 03:00:00,35.05426986274782,15.623090744018668,3.6967944823302805e-07
2040-07-28 04:00:00,35.054285026719235,15.154829978942985,4.360447791033541e-07
2040-07-28 05:00:00,35.05433937680994,15.775258064270133,4.528384037682938e-07
2040-07-28 06:00:00,35.054448645069485,17.62891006469738,4.332888308074823e-07
2040-07-28 07:00:00,27.332135495183056,20.200914382934684,2.2116478174117697e-07
2040-07-28 08:00:00,27.332123857482408,22.60973930358898,1.6839471132545894e-07
2040-07-28 09:00:00,27.332121904814557,24.59646034240734,1.4521742580551097e-07
2040-07-28 10:00:00,27.33212186467088,25.82692146301281,1.3705026180059677e-07
2040-07-28 11:00:00,27.332122198832504,26.857685089111442,1.3126454607735234e-07
2040-07-28 12:00:00,27.332124588295542,28.19944572448742,1.4072289053595515e-07
2040-07-28 13:00:00,27.33212902712435,28.366840362548942,1.6535573585493498e-07
2040-07-28 14:00:00,27.33212929849469,28.009679794311637,1.4372428444419567e-07
2040-07-28 15:00:00,27.33213476493205,27.9939422607423,1.5836515715574208e-07
2040-07-28 16:00:00,27.33215261552292,27.414468765258903,2.1587439091788548e-07
2040-07-28 17:00:00,27.39348295541035,26.550027847290153,2.56077800649677e-07
2040-07-28 18:00:00,33.76913314320749,25.270509719848746,5.105730886566015e-07
2040-07-28 19:00:00,33.76912924317677,23.766805648803825,4.977943676980451e-07
2040-07-28 20:00:00,33.76914224634144,22.65577316284191,6.117066548561314e-07
2040-07-28 21:00:00,33.76912373679392,21.79407882690441,4.913117858475359e-07
2040-07-28 22:00:00,27.33215644510451,20.9296112060548,2.2696776911720957e-07
2040-07-28 23:00:00,27.33215616546362,20.08607673645031,2.23236432766363e-07
2040-07-29 00:00:00,27.33216054752919,19.145622253418082,2.546888553593883e-07
2040-07-29 01:00:00,27.33216262055102,18.368295669555778,2.593713139117195e-07
2040-07-29 02:00:00,27.332460046680573,17.787481307983512,2.999485618018609e-07
2040-07-29 03:00:00,33.76900893894705,17.267696380615348,5.204469679607662e-07
2040-07-29 04:00:00,33.769105789387886,16.89704513549816,5.051879262764705e-07
2040-07-29 05:00:00,33.769093586746635,17.439065933227653,4.5743603180499084e-07
2040-07-29 06:00:00,27.33217184755168,19.831121444702262,2.297803158946513e-07
2040-07-29 07:00:00,0.0251317941171129,22.880195617675895,9.573632285388384e-08
2040-07-29 08:00:00,0.0250978758165841,25.46414947509777,8.709487607752496e-08
2040-07-29 09:00:00,0.02508441437648,27.245918273925895,7.29993483455625e-08
2040-07-29 10:00:00,0.025089445968613,29.39684104919445,7.657215009202233e-08
2040-07-29 11:00:00,0.0250889599907815,29.910705566406364,7.700267634952491e-08
2040-07-29 12:00:00,0.0250804474757147,30.43873214721691,5.978744216893427e-08
2040-07-29 13:00:00,0.0250774952950169,30.489109039306754,5.43336623698755e-08
2040-07-29 14:00:00,0.0250784543537928,30.267095565796012,5.45132464336003e-08
2040-07-29 15:00:00,0.0250829834656022,30.42759513854992,6.070930757517606e-08
2040-07-29 16:00:00,0.0250871262137312,29.683832168579215,6.852045855211212e-08
2040-07-29 17:00:00,0.0250929257189837,28.796962738037223,8.006015626565367e-08
2040-07-29 18:00:00,0.0250989733612467,27.959573745727653,8.790270485127538e-08
2040-07-29 19:00:00,0.0250995425394238,26.116333007812614,8.769853320389434e-08
2040-07-29 20:00:00,0.0251001359210307,24.581203460693473,8.673811584075811e-08
2040-07-29 21:00:00,0.0251013826463869,23.486743927002067,8.243529537822073e-08
2040-07-29 22:00:00,0.0251014209020439,22.69622611999523,8.348761373221108e-08
2040-07-29 23:00:00,0.0251003395666498,21.851171493530387,8.621256269587611e-08
2040-07-30 00:00:00,0.0251011387615311,22.14634704589855,8.499105941752604e-08
2040-07-30 01:00:00,0.0251019740645388,22.021232604980582,8.231184496459946e-08
2040-07-30 02:00:00,0.0251047139653764,21.345119476318473,7.932262765636191e-08
2040-07-30 03:00:00,0.0251153613482092,20.908651351928825,8.328619818898221e-08
2040-07-30 04:00:00,0.0253713509112689,20.360391616821403,9.833327835150893e-08
2040-07-30 05:00:00,20.82312287863078,20.210083007812614,1.647700088632913e-07
2040-07-30 06:00:00,20.824190333282747,21.158203125000114,1.5360913984565761e-07
2040-07-30 07:00:00,20.824182710420565,22.53043365478527,1.0221062948285883e-07
2040-07-30 08:00:00,20.83140225443207,21.862808227539176,1.2775210936232667e-07
2040-07-30 09:00:00,27.33223203396333,21.2308864593507,1.7569505529195415e-07
2040-07-30 10:00:00,43.30257400665488,20.943317413330192,0.04826570290562301
2040-07-30 11:00:00,43.3024804428478,21.17630767822277,0.015424513508674574
2040-07-30 12:00:00,43.3021932301661,21.976995468139762,0.004782787359630611
2040-07-30 13:00:00,43.30217983079174,22.95929336547863,0.0038726605102411956
2040-07-30 14:00:00,43.30258337735977,22.07759284973156,0.07373465153448636
2040-07-30 15:00:00,43.30257895016321,21.91592597961437,0.060316259635654776
2040-07-30 16:00:00,43.30249770895579,22.63291931152355,0.017953493883194768
2040-07-30 17:00:00,43.3025947250906,22.857713699340934,0.13959923410677832
2040-07-30 18:00:00,43.30259868869856,22.657321929931754,0.21488689541796788
2040-07-30 19:00:00,43.30259914147637,22.230115890503043,0.22666017932053467
2040-07-30 20:00:00,43.30259915180352,21.569921493530387,0.22750396647599166
2040-07-30 21:00:00,43.30259785920534,21.119852066040153,0.20020073209452033
2040-07-30 22:00:00,43.30258332630592,20.90645027160656,0.08053407486243289
2040-07-30 23:00:00,43.30246592248979,20.56012344360363,0.017549912936470565
2040-07-31 00:00:00,43.3021961299596,20.3846893310548,0.00560915862994408
2040-07-31 01:00:00,43.302190748238175,20.384216308593864,0.00507611262411757
2040-07-31 02:00:00,43.30218837043612,20.73774337768566,0.004644403335834733
2040-07-31 03:00:00,43.30218688145671,20.858243942260856,0.004152058823660014
2040-07-31 04:00:00,43.3021866151789,20.784967422485465,0.0038858913647905544
2040-07-31 05:00:00,43.3021871658149,20.75652885437023,0.0037417279633346024
2040-07-31 06:00:00,43.30219189313311,20.73111152648937,0.004148234238024324
2040-07-31 07:00:00,33.76921501252241,20.90411186218273,3.9523619742006254e-07
2040-07-31 08:00:00,33.76935204893216,20.931308746338004,4.393252478963136e-07
2040-07-31 09:00:00,33.769279233903454,21.097507476806754,3.8734211098744105e-07
2040-07-31 10:00:00,27.332340980215925,22.321073532104606,2.1603381880903049e-07
2040-07-31 11:00:00,27.332333990067053,24.74455070495617,2.006536109032845e-07
2040-07-31 12:00:00,27.332334518205844,26.208911895752067,2.0410543235118538e-07
2040-07-31 13:00:00,27.33233117298609,27.67824745178234,1.7998107766278742e-07
2040-07-31 14:00:00,27.332329277893383,28.949600219726676,1.6043485621107024e-07
2040-07-31 15:00:00,27.33233445810312,28.996522903442496,1.8222246447024875e-07
2040-07-31 16:00:00,27.332378117759355,27.845115661621207,2.3920414712528076e-07
2040-07-31 17:00:00,33.76936754094225,25.81432914733898,5.732267842874937e-07
2040-07-31 18:00:00,33.769366461299214,24.294128417968864,5.819295895738759e-07
2040-07-31 19:00:00,27.332645551760717,23.408630371093864,2.77264073615041e-07
2040-07-31 20:00:00,27.33233825529736,23.01877593994152,2.2087512757581756e-07
2040-07-31 21:00:00,27.33233185608505,22.68724632263195,1.8774314963133447e-07
2040-07-31 22:00:00,27.33232899830087,22.253841400146598,1.601737103981513e-07
2040-07-31 23:00:00,27.332328246300168,21.531856536865348,1.5135538306833376e-07
2040-08-01 00:00:00,27.3323281777433,21.229608535766715,1.5023617823285715e-07
2040-08-01 01:00:00,27.332328324306005,21.000301361084098,1.5016695198981798e-07
2040-08-01 02:00:00,27.332328319284347,20.70017814636242,1.4555666244554404e-07
2040-08-01 03:00:00,27.33232943895556,20.347127914428825,1.5296012617711255e-07
2040-08-01 04:00:00,27.33233243156753,20.150661468505973,1.7896471142914921e-07
2040-08-01 05:00:00,27.33233709734516,20.12184333801281,2.011705191540661e-07
2040-08-01 06:00:00,27.332343544312632,20.319812774658317,2.1466957926916003e-07
2040-08-01 07:00:00,27.332336603237454,20.9169158935548,1.9768890026844128e-07
2040-08-01 08:00:00,27.332349230153465,21.62100219726574,2.2302188803753734e-07
2040-08-01 09:00:00,27.332341217002835,22.249282836914176,2.0798944638339123e-07
2040-08-01 10:00:00,27.332336068133337,24.013381958007926,1.8128530410981035e-07
2040-08-01 11:00:00,27.332334326481277,26.34742355346691,1.638572691519027e-07
2040-08-01 12:00:00,27.332332269394435,28.044929504394645,1.360773996770231e-07
2040-08-01 13:00:00,27.332328405102064,29.84945678710949,1.1335949533783548e-07
2040-08-01 14:00:00,27.33233014986149,31.23074340820324,1.1331962511481021e-07
2040-08-01 15:00:00,27.332341032383283,31.73713874816906,1.3475050471728538e-07
2040-08-01 16:00:00,27.332401186520784,31.590202331543082,1.5148557389763538e-07
2040-08-01 17:00:00,35.05392234527164,31.297920227050895,2.872818056517179e-07
2040-08-01 18:00:00,35.05410670099795,30.52285766601574,3.362899862768775e-07
2040-08-01 19:00:00,35.05416252976799,28.78595352172863,4.405806504408075e-07
2040-08-01 20:00:00,35.05413707476058,27.01703262329113,3.6060632066684e-07
2040-08-01 21:00:00,35.05415153415687,25.422050476074332,3.7170494788119005e-07
2040-08-01 22:00:00,43.30246147909174,24.55312538146984,0.02025726145717371
2040-08-01 23:00:00,43.30247832366004,23.89280700683605,0.033285176184497174
2040-08-02 00:00:00,43.302476918127226,23.697713851928825,0.028848157671316755
2040-08-02 01:00:00,43.30247487960338,23.36399841308605,0.02656885326460329
2040-08-02 02:00:00,43.30247984368837,23.422904968261832,0.02937562451459054
2040-08-02 03:00:00,43.30244434739109,23.00564575195324,0.016830709737296293
2040-08-02 04:00:00,35.05417258179187,22.830499649047965,4.594774138370579e-07
2040-08-02 05:00:00,35.054154968254004,23.2284450531007,2.9829518322929845e-07
2040-08-02 06:00:00,35.054151704264235,24.46692276000988,2.1649111246273776e-07
2040-08-02 07:00:00,35.05415556900446,24.702991485595817,2.9683642114222773e-07
2040-08-02 08:00:00,35.05416035121201,25.226516723632926,3.370270701352471e-07
2040-08-02 09:00:00,35.05415725196864,26.60288238525402,2.6231774758608244e-07
2040-08-02 10:00:00,35.05416230123923,28.64496231079113,3.1599235904323e-07
2040-08-02 11:00:00,35.05416241045679,31.20285224914562,2.8766666302143856e-07
2040-08-02 12:00:00,35.054165744420885,31.91946601867687,3.0992071975657594e-07
2040-08-02 13:00:00,35.05416284877907,34.7428550720216,2.1519379912350487e-07
2040-08-02 14:00:00,35.05417016634293,34.958503723144645,2.2154446817227834e-07
2040-08-02 15:00:00,35.05443170232113,33.190322875976676,2.827643250651614e-07
2040-08-02 16:00:00,43.302569032497246,30.864748001098746,0.026756126252096835
2040-08-02 17:00:00,43.30260352969087,28.559007644653434,0.09053151041064743
2040-08-02 18:00:00,43.30261380160128,26.65265274047863,0.207905360850963
2040-08-02 19:00:00,43.302615512909775,25.605991363525504,0.2363507711980158
2040-08-02 20:00:00,43.30261599020067,24.841131210327262,0.23595232185374193
2040-08-02 21:00:00,43.30261636731941,23.867000579834098,0.23496816109008473
2040-08-02 22:00:00,43.30261658081744,22.971305847168082,0.23275134405000367
2040-08-02 23:00:00,43.30261675113173,22.360895156860465,0.23030297012483647
2040-08-03 00:00:00,43.30261688600845,21.94674873352062,0.22790285930859558
2040-08-03 01:00:00,43.30261619153509,21.51199340820324,0.2076330871262445
2040-08-03 02:00:00,43.30261605867575,20.996740341186637,0.19573813308443005
2040-08-03 03:00:00,43.30261729757893,20.534397125244254,0.2167159661424054
2040-08-03 04:00:00,43.302618076670406,20.276376724243278,0.2284631906625991
2040-08-03 05:00:00,43.302618608243485,20.181964874267692,0.23196839337903405
2040-08-03 06:00:00,43.3026188128129,20.057481765747184,0.22680279226480904
2040-08-03 07:00:00,43.30261397621695,20.33640861511242,0.11942765400162324
2040-08-03 08:00:00,43.30261674556205,20.402189254760856,0.1489534775629738
2040-08-03 09:00:00,43.30260469497191,22.296537399292106,0.047961844534062124
2040-08-03 10:00:00,43.30260827588997,24.109310150146598,0.06308046492897686
2040-08-03 11:00:00,43.30261302204852,24.459613800048942,0.09143650482338808
2040-08-03 12:00:00,43.30260428827352,26.487476348877067,0.038800141068298294
2040-08-03 13:00:00,43.302611660685,25.83925056457531,0.08157863269154313
2040-08-03 14:00:00,43.3026133266786,25.817012786865348,0.0936192453733249
2040-08-03 15:00:00,43.30261072421558,26.32051277160656,0.06839783909891284
2040-08-03 16:00:00,43.30261562384471,26.49386024475109,0.09977314315876085
2040-08-03 17:00:00,43.30262062444595,25.059747695922965,0.194428577761796
2040-08-03 18:00:00,43.30262214875628,23.480306625366325,0.24611158754869292
2040-08-03 19:00:00,43.30262238437718,22.10764312744152,0.24732019360546723
2040-08-03 20:00:00,43.30262245862722,21.146831512451286,0.24653892437780364
2040-08-03 21:00:00,43.30262232665882,20.222669601440543,0.2432928256023935
2040-08-03 22:00:00,43.30262220465025,19.735540390014762,0.24057847695663626
2040-08-03 23:00:00,43.30262226452324,19.52919960021984,0.24059046150168165
2040-08-04 00:00:00,43.30262227825259,19.365823745727653,0.24029439155014312
2040-08-04 01:00:00,43.30262225393093,19.379508972168082,0.2398411442400453
2040-08-04 02:00:00,43.30262229416421,19.342523574829215,0.24069428432568243
2040-08-04 03:00:00,43.30262158422256,18.87512588500988,0.21062272342728475
2040-08-04 04:00:00,43.30262018169332,18.609458923339957,0.15644904657508515
2040-08-04 05:00:00,43.30261757827672,18.159601211547965,0.10142022557668824
2040-08-04 06:00:00,43.30261782973808,17.976755142212028,0.09855746741382002
2040-08-04 07:00:00,43.3025854937296,18.66043281555187,0.029576860185571496
2040-08-04 08:00:00,43.30260944429973,18.91083908081066,0.06928137415997071
2040-08-04 09:00:00,43.3026076802255,19.33756256103527,0.06207409761460094
2040-08-04 10:00:00,43.30261305932542,19.98312377929699,0.08474890656307481
2040-08-04 11:00:00,43.30261690426991,20.12721443176281,0.12050553188026511
2040-08-04 12:00:00,43.302586330951726,21.41706466674816,0.029560231062239373
2040-08-04 13:00:00,43.30260174799508,22.09957313537609,0.0526097734210098
2040-08-04 14:00:00,43.30260609316403,21.521755218505973,0.06532989760918043
2040-08-04 15:00:00,43.30259878153148,22.625787734985465,0.04733058544793293
2040-08-04 16:00:00,43.30261875808387,22.466236114502067,0.15147880633144817
2040-08-04 17:00:00,43.302619931595736,22.09220695495617,0.17925163545967224
2040-08-04 18:00:00,43.302615496452894,21.642402648925895,0.11057039004874168
2040-08-04 19:00:00,43.30260987258895,20.471986770629996,0.07893357371255079
2040-08-04 20:00:00,43.30258900534403,19.325313568115348,0.033423828087345224
2040-08-04 21:00:00,43.30258212869204,18.30395317077648,0.02229580875197448
2040-08-04 22:00:00,43.3025783538769,17.532825469970817,0.01630364661609066
2040-08-04 23:00:00,43.30257984503845,17.18381500244152,0.017955461213718105
2040-08-05 00:00:00,43.30258530000431,16.896030426025504,0.029615731550225493
2040-08-05 01:00:00,43.30259126816885,16.864955902099723,0.04074842661136279
2040-08-05 02:00:00,43.30259901810104,17.12218284606945,0.05524628935236268
2040-08-05 03:00:00,43.3026070271014,16.680671691894645,0.07739483126576327
2040-08-05 04:00:00,43.302613068005904,16.2627468109132,0.10465742952730088
2040-08-05 05:00:00,43.302617796692296,16.882865905761832,0.14819435675315754
2040-08-05 06:00:00,43.30261855534591,18.689262390136832,0.1555555599752256
2040-08-05 07:00:00,43.3025990326069,20.521261215210075,0.04802093908220487
2040-08-05 08:00:00,43.3025869921126,21.746229171753043,0.033113602389934785
2040-08-05 09:00:00,43.30257752269824,23.191371917724723,0.022245601655844674
2040-08-05 10:00:00,43.30257795286271,24.444803237915153,0.021104810427054817
2040-08-05 11:00:00,43.30260167109415,23.730869293213004,0.053060286285197183
2040-08-05 12:00:00,43.30257896767071,24.70654678344738,0.020587963380543525
2040-08-05 13:00:00,43.30258012405346,25.31443023681652,0.0215812186262299
2040-08-05 14:00:00,43.30258485743519,25.19180297851574,0.02807564567513941
2040-08-05 15:00:00,43.30258788440658,25.1716823577882,0.031068416715399227
2040-08-05 16:00:00,43.302612130125496,24.697475433349723,0.08341995774727491
2040-08-05 17:00:00,43.30261831384056,23.61539459228527,0.15626674192812187
2040-08-05 18:00:00,43.302621161510295,22.056528091430778,0.24353202983794667
2040-08-05 19:00:00,43.30262009002674,20.520523071289176,0.21236916309391474
2040-08-05 20:00:00,43.3026176596992,19.57012748718273,0.15576258755443848
2040-08-05 21:00:00,43.30261394802621,18.767572402954215,0.11211622929364157
2040-08-05 22:00:00,43.30259981110385,17.979452133178825,0.055250114385028255
2040-08-05 23:00:00,43.30259245831459,17.70285797119152,0.04094596443699841
2040-08-06 00:00:00,43.30260172556669,17.31503295898449,0.06162956758361205
2040-08-06 01:00:00,43.30260660112426,16.26722908020031,0.08117701213171542
2040-08-06 02:00:00,43.30260294335289,15.707299232483024,0.06668374714891036
2040-08-06 03:00:00,43.30259684052631,15.334047317504996,0.04858402579952367
2040-08-06 04:00:00,43.30259412657051,14.838258743286246,0.04094391761040288
2040-08-06 05:00:00,43.30259505748958,15.105789184570426,0.04008547094367517
2040-08-06 06:00:00,43.30259140916436,17.11801147460949,0.030799225681418307
2040-08-06 07:00:00,20.951506003016235,19.151063919067496,1.180294340736096e-07
2040-08-06 08:00:00,20.951504848395025,20.76820564270031,1.0509629407108156e-07
2040-08-06 09:00:00,20.951505439485757,21.99703407287609,1.0397312741522774e-07
2040-08-06 10:00:00,20.951505005587872,23.082546234130973,9.699757148736326e-08
2040-08-06 11:00:00,20.951502385922375,24.40503311157238,8.601495615490644e-08
2040-08-06 12:00:00,20.951508280546346,25.394004821777457,9.077077703348149e-08
2040-08-06 13:00:00,20.95152839877117,25.995733261108512,1.0419596275765986e-07
2040-08-06 14:00:00,20.954690706743087,26.26876831054699,1.1585226930875248e-07
2040-08-06 15:00:00,27.33237498469192,26.350553512573356,1.746679922961807e-07
2040-08-06 16:00:00,43.30249969047667,26.10882377624523,0.010651463572848295
2040-08-06 17:00:00,43.30254620966528,25.769809722900504,0.016622135376939545
2040-08-06 18:00:00,43.30258175189415,24.61041641235363,0.034112166810259525
2040-08-06 19:00:00,43.3026091977092,23.04268074035656,0.08227596013778672
2040-08-06 20:00:00,43.3026162188938,22.04015159606945,0.13203982072280798
2040-08-06 21:00:00,43.30261480799119,21.394424438476676,0.11846141139006948
2040-08-06 22:00:00,43.30260738541111,21.00077629089367,0.07921315676372317
2040-08-06 23:00:00,43.30259968849502,20.677421569824332,0.05947085223756612
2040-08-07 00:00:00,43.30261022627566,20.15238189697277,0.09416156910556317
2040-08-07 01:00:00,43.30261656355661,19.613256454467887,0.1426565580393009
2040-08-07 02:00:00,43.30261881026309,19.147148132324332,0.172837118817704
2040-08-07 03:00:00,43.302618194542205,18.555717468261832,0.15381836353929149
2040-08-07 04:00:00,43.30261894564207,17.873590469360465,0.15379312989871577
2040-08-07 05:00:00,43.302620184240624,18.19478797912609,0.16482822595534974
2040-08-07 06:00:00,43.302620427244726,19.816982269287223,0.16145579115995584
2040-08-07 07:00:00,43.30260153139623,22.168880462646598,0.04970700911876929
2040-08-07 08:00:00,43.30258877346419,24.92580604553234,0.02830446927447119
2040-08-07 09:00:00,43.30258683047738,27.351543426513786,0.023597379652956794
2040-08-07 10:00:00,43.30258660815329,29.36995887756359,0.021964377469623823
2040-08-07 11:00:00,43.302586312687765,30.702228546142692,0.02008209401651871
2040-08-07 12:00:00,43.30258813632066,31.815134048462028,0.021396476898565137
2040-08-07 13:00:00,43.30259182912415,32.69269180297863,0.025204787798724673
2040-08-07 14:00:00,43.3025968371458,33.342475891113395,0.030695131788085958
2040-08-07 15:00:00,43.30260389803456,33.750007629394645,0.04263640182783836
2040-08-07 16:00:00,43.30261472464526,33.60435485839855,0.07784042623350126
2040-08-07 17:00:00,43.30262362018404,33.04352188110363,0.1756852531378157
2040-08-07 18:00:00,43.302625465217176,31.792705535888786,0.24855211808559177
2040-08-07 19:00:00,43.30262563978982,29.6609344482423,0.2486621796695023
2040-08-07 20:00:00,43.30262569072521,28.137247085571403,0.24725209576197005
2040-08-07 21:00:00,43.30262560025788,27.30637931823742,0.24419333578538807
2040-08-07 22:00:00,43.30262546381064,26.67471504211437,0.24088498337056488
2040-08-07 23:00:00,43.30262535002346,26.519620895385856,0.2381153055823503
2040-08-08 00:00:00,43.30262530966208,26.50573539733898,0.23671276218197168
2040-08-08 01:00:00,43.30262529035553,26.428190231323356,0.23587367055925998
2040-08-08 02:00:00,43.302625055158536,26.205932617187614,0.22783865325681965
2040-08-08 03:00:00,43.3026242514937,26.276668548584098,0.19409001157605446
2040-08-08 04:00:00,43.30262394005193,26.02211189270031,0.1736702291617864
2040-08-08 05:00:00,43.302625005522216,25.67217826843273,0.19516965309774995
2040-08-08 06:00:00,43.30262478876544,25.858465194702262,0.1778947283593768
2040-08-08 07:00:00,43.30261981483704,26.8784637451173,0.10460546081987988
2040-08-08 08:00:00,43.302610174566624,28.08505439758312,0.05255907561580158
2040-08-08 09:00:00,43.30260601679765,29.147975921630973,0.036990917438094705
2040-08-08 10:00:00,43.30260515976103,29.986118316650504,0.03310777483012138
2040-08-08 11:00:00,43.30260510074065,30.69396018981945,0.03102856418860637
2040-08-08 12:00:00,43.30260826137076,30.111228942871207,0.03877817004095788
2040-08-08 13:00:00,43.30262372075562,26.676086425781364,0.15939750579230583
2040-08-08 14:00:00,43.30262494523108,23.06786918640148,0.195988719112773
2040-08-08 15:00:00,43.30262564009708,20.512243270874137,0.21169425789878915
2040-08-08 16:00:00,43.30261662416478,21.115865707397575,0.07439895771025357
2040-08-08 17:00:00,43.302624993994286,21.463373184204215,0.1855675774498814
2040-08-08 18:00:00,43.30262627290964,21.101690292358512,0.23780126500076912
2040-08-08 19:00:00,43.30262559832889,20.35845756530773,0.2103702784511628
2040-08-08 20:00:00,43.302623495547536,19.64853096008312,0.15257732569615073
2040-08-08 21:00:00,43.30261890785906,18.959743499755973,0.0937517239841075
2040-08-08 22:00:00,43.3026137440827,18.3428249359132,0.0579915823119344
2040-08-08 23:00:00,43.302614939638126,17.6616725921632,0.06565002460886735
2040-08-09 00:00:00,43.30261781907689,17.122045516967887,0.08839032110421538
2040-08-09 01:00:00,43.30261934790628,16.556598663330192,0.10299561948820049
2040-08-09 02:00:00,43.302621205164776,16.189767837524528,0.12561513494323198
2040-08-09 03:00:00,43.30262286933701,15.828516960144157,0.1516787346601501
2040-08-09 04:00:00,43.3026233259454,15.483947753906364,0.15785270667720266
2040-08-09 05:00:00,43.30262389810935,15.438594818115348,0.16618452918034451
2040-08-09 06:00:00,43.30262391068299,15.6343870162965,0.16265398619922516
2040-08-09 07:00:00,43.30261981055793,16.048597335815543,0.11565085405149238
2040-08-09 08:00:00,43.30261634870508,16.727506637573356,0.08391662142667747
2040-08-09 09:00:00,43.30261266649168,17.551855087280387,0.06678292158722544
2040-08-09 10:00:00,43.30260661203168,19.443828582763786,0.04299290719209743
2040-08-09 11:00:00,43.30260451261351,20.98958015441906,0.03395721809279176
2040-08-09 12:00:00,43.3026046981598,21.790874481201286,0.033371367236314405
2040-08-09 13:00:00,43.30260456174587,22.830911636352653,0.03134643230162472
2040-08-09 14:00:00,43.302611920646,21.23863220214855,0.061803909062828614
2040-08-09 15:00:00,43.302609460194745,21.173685073852653,0.0473509171080144
2040-08-09 16:00:00,43.30261402512885,20.838937759399528,0.06367471583755116
2040-08-09 17:00:00,43.30262174116552,19.46033096313488,0.1282813663333083
2040-08-09 18:00:00,43.30262365302017,17.840116500854606,0.16249776638416516
2040-08-09 19:00:00,43.30262507252033,16.44130897521984,0.2033102880618358
2040-08-09 20:00:00,43.30262597272104,16.131061553955192,0.2358627303809347
2040-08-09 21:00:00,43.302626201361534,15.832317352295036,0.2433191298980154
2040-08-09 22:00:00,43.30262593948354,15.572503089904899,0.23974460542543116
2040-08-09 23:00:00,43.3026257632196,15.461913108825797,0.2375710127699094
2040-08-10 00:00:00,43.30262513154928,15.417441368103141,0.22212979442964237
2040-08-10 01:00:00,43.30262427304044,15.451924324035758,0.19370376862791985
2040-08-10 02:00:00,43.30262354969396,15.551252365112418,0.17413856636470346
2040-08-10 03:00:00,43.30262306532604,15.59205532073986,0.16138560656215217
2040-08-10 04:00:00,43.30262247329125,15.449079513549918,0.1476314860153436
2040-08-10 05:00:00,43.30262154576205,15.430793762207145,0.12783620736972887
2040-08-10 06:00:00,43.30262091365844,15.66504001617443,0.11576357600340213
2040-08-10 07:00:00,43.30261376297963,16.171344757080192,0.0831530866711732
2040-08-10 08:00:00,43.30260599388511,16.865329742431754,0.05008938397551155
2040-08-10 09:00:00,43.302603213777495,17.589981079101676,0.03929793714800859
2040-08-10 10:00:00,43.30260481477548,18.40240287780773,0.043293742619381494
2040-08-10 11:00:00,43.30260440646443,18.99588012695324,0.04163652491899955
2040-08-10 12:00:00,43.30260114825753,22.011653900146598,0.028618288424449384
2040-08-10 13:00:00,43.30260135946334,23.977308273315543,0.027761551124003886
2040-08-10 14:00:00,43.30261226757791,22.87753486633312,0.07031869644778695
2040-08-10 15:00:00,43.30260358544703,24.456998825073356,0.030950330801056844
2040-08-10 16:00:00,43.30261256741511,23.411457061767692,0.06749112943712919
2040-08-10 17:00:00,43.30261522711434,23.37194633483898,0.07629732839841137
2040-08-10 18:00:00,43.302623294419405,22.955528259277457,0.1526617981592685
2040-08-10 19:00:00,43.302622461023,21.612415313720817,0.1440369173139608
2040-08-10 20:00:00,43.30262168359901,20.36283683776867,0.13209850509120927
2040-08-10 21:00:00,43.30262152194373,19.779893875122184,0.13189674380728364
2040-08-10 22:00:00,43.30262033528606,19.31883811950695,0.11929429422245996
2040-08-10 23:00:00,43.302620119872415,19.10280799865734,0.1198548475482533
2040-08-11 00:00:00,43.30262025769374,19.466947555542106,0.12168157931886915
2040-08-11 01:00:00,43.30262139494858,19.98044013977062,0.13614053087551084
2040-08-11 02:00:00,43.30262223437361,20.43089294433605,0.14655796039478403
2040-08-11 03:00:00,43.30262306105727,20.383968353271598,0.1539495118430798
2040-08-11 04:00:00,43.30262388088994,19.80527496337902,0.1579920298788716
2040-08-11 05:00:00,43.30262497466695,19.32156562805187,0.17510584595912992
2040-08-11 06:00:00,43.302625487737245,19.494363784790153,0.1816211181926087
2040-08-11 07:00:00,43.30262327064061,20.14664459228527,0.13819576735468414
2040-08-11 08:00:00,43.30261315915245,21.475805282592887,0.058600826199401074
2040-08-11 09:00:00,43.302612177047855,22.337835311889762,0.054007571194172044
2040-08-11 10:00:00,43.30261233125725,22.406621932983512,0.0535332025663102
2040-08-11 11:00:00,43.30260719838068,24.443408966064567,0.03581913738548472
2040-08-11 12:00:00,43.302623379339686,22.878562927246207,0.13544335385134157
2040-08-11 13:00:00,43.30261774037552,22.123428344726676,0.07884875716385954
2040-08-11 14:00:00,43.30260851042589,24.817966461181754,0.038416654478027425
2040-08-11 15:00:00,43.30261152498896,25.094352722168082,0.048567266095334766
2040-08-11 16:00:00,43.30261737337594,24.457635879516715,0.07032540524085311
2040-08-11 17:00:00,43.30262396336628,22.966287612915153,0.140653117906852
2040-08-11 18:00:00,43.302624548003344,21.576622009277457,0.15390743144577254
2040-08-11 19:00:00,43.30262360121836,20.322793960571403,0.13376694687753218
2040-08-11 20:00:00,43.30262462628309,19.572978973388786,0.15671458612381944
2040-08-11 21:00:00,43.30262491558463,19.245143890380973,0.1681092865693828
2040-08-11 22:00:00,43.302622336946406,18.88736152648937,0.12586012880081565
2040-08-11 23:00:00,43.30262103368789,18.805377960205192,0.11173358501035731
2040-08-12 00:00:00,43.302620939584045,18.82651519775402,0.11077114928378544
2040-08-12 01:00:00,43.30262154362495,18.37955474853527,0.11894089743077645
2040-08-12 02:00:00,43.30262070068232,17.639513015747184,0.10860884821935855
2040-08-12 03:00:00,43.30262301863158,17.25622367858898,0.13156053102319173
2040-08-12 04:00:00,43.302624274475335,16.98684883117687,0.14531971027175558
2040-08-12 05:00:00,43.302625451545616,17.070941925048942,0.1608500806428648
2040-08-12 06:00:00,43.30262611900229,17.16190338134777,0.17416068720456887
2040-08-12 07:00:00,43.3026239611542,17.581260681152457,0.13693284936157019
2040-08-12 08:00:00,43.30260214367539,18.832040786743278,0.03406726241771885
2040-08-12 09:00:00,43.3026170036564,18.904657363891715,0.0738452890074223
2040-08-12 10:00:00,43.30260349003243,19.664909362793082,0.034824987068176154
2040-08-12 11:00:00,43.30259804631271,21.505195617675895,0.02269461825522973
2040-08-12 12:00:00,43.30259942526676,22.15269279479992,0.023828121802155412
2040-08-12 13:00:00,43.30260546207946,20.983913421630973,0.03650588806596234
2040-08-12 14:00:00,43.30260152031093,23.624568939209098,0.024540100871177955
2040-08-12 15:00:00,43.3026186830061,21.65638351440441,0.0775961077394655
2040-08-12 16:00:00,43.30262030901802,21.77388954162609,0.08368853365019965
2040-08-12 17:00:00,43.30262461362444,21.64581680297863,0.12388374723081934
2040-08-12 18:00:00,43.30262690219386,21.1422576904298,0.16521475731542867
2040-08-12 19:00:00,43.30262745233921,20.181180953979606,0.18568567959482393
2040-08-12 20:00:00,43.30262807789015,19.09073066711437,0.20901064278031872
2040-08-12 21:00:00,43.30262841689912,18.1049098968507,0.22465384104260602
2040-08-12 22:00:00,43.30262846902654,17.395929336547965,0.23525514993017474
2040-08-12 23:00:00,43.30262862070652,17.018257141113395,0.24212611442963694
2040-08-13 00:00:00,43.30262877428352,16.762447357177848,0.24532301273976545
2040-08-13 01:00:00,43.3026284163394,16.546651840210075,0.23144016505329418
2040-08-13 02:00:00,43.30262832307668,16.337572097778434,0.22056323257882451
2040-08-13 03:00:00,43.30262838372524,16.368768692016715,0.21419877737769197
2040-08-13 04:00:00,43.302628551812816,16.377767562866325,0.2072661106763578
2040-08-13 05:00:00,43.30262911437158,16.398113250732536,0.2157871072648813
2040-08-13 06:00:00,43.30262954146417,16.53076553344738,0.22438061581222235
2040-08-13 07:00:00,43.30262951189963,16.722370147705192,0.23166549434891423
2040-08-13 08:00:00,43.30262826659224,17.456415176391715,0.17061559809534718
2040-08-13 09:00:00,43.30262810670742,17.913074493408317,0.1651405335992441
2040-08-13 10:00:00,43.30262015155748,19.459629058838004,0.05930242525347444
2040-08-13 11:00:00,43.3026217465546,21.19004058837902,0.06867658756767335
2040-08-13 12:00:00,43.30262181754005,22.57273674011242,0.06832971539029108
2040-08-13 13:00:00,43.30262734123938,22.36080932617199,0.13852257776840265
2040-08-13 14:00:00,43.30262848408194,22.143644332885856,0.17055782765249958
2040-08-13 15:00:00,43.30262980026551,20.61000251770031,0.22837788438659895
2040-08-13 16:00:00,43.30262843529971,21.044672012329215,0.16324624734088836
2040-08-13 17:00:00,43.30263042342365,20.881366729736442,0.250631252720575
2040-08-13 18:00:00,43.30263062759596,20.346050262451286,0.26495697607004354
2040-08-13 19:00:00,43.30263052021344,19.30486869812023,0.2628207292401367
2040-08-13 20:00:00,43.30263047609037,18.8583278656007,0.26272245980854037
2040-08-13 21:00:00,43.30263031297269,18.3896999359132,0.260657714012238
2040-08-13 22:00:00,43.3026300642378,17.87765502929699,0.2577410701693922
2040-08-13 23:00:00,43.302629271641614,17.268711090088004,0.2245653305576517
2040-08-14 00:00:00,43.30262861051023,16.647785186767692,0.19989020188614987
2040-08-14 01:00:00,43.30262819086556,16.251268386840934,0.18453706854211288
2040-08-14 02:00:00,43.30262832180818,16.3025360107423,0.1914731453391399
2040-08-14 03:00:00,43.3026285751373,16.410259246826286,0.20105868330912405
2040-08-14 04:00:00,43.3026287456967,16.444009780883903,0.20427272331794816
2040-08-14 05:00:00,43.302628614527954,16.512195587158317,0.19208794866407447
2040-08-14 06:00:00,43.30262832959853,16.5968532562257,0.1755705502918998
2040-08-14 07:00:00,43.302624638399486,17.086269378662223,0.12451464470779466
2040-08-14 08:00:00,43.30262032990104,17.84536933898937,0.08205067601813551
2040-08-14 09:00:00,43.302612328787255,18.480335235595817,0.049338838667795655
2040-08-14 10:00:00,43.30260891082961,19.675939559936637,0.040975813700438714
2040-08-14 11:00:00,43.30260351188742,22.394023895263786,0.027439134838462394
2040-08-14 12:00:00,43.30260331480852,24.058967590332145,0.026473631726269233
2040-08-14 13:00:00,43.30261762245539,24.42343330383312,0.07127014210027788
2040-08-14 14:00:00,43.30262078843911,24.42158699035656,0.0922593765022316
2040-08-14 15:00:00,43.30261462297862,25.194702148437614,0.05800434884848242
2040-08-14 16:00:00,43.30262384499151,25.587572097778434,0.12232967524634235
2040-08-14 17:00:00,43.30262700714186,24.940702438354606,0.20185268684297053
2040-08-14 18:00:00,43.30262752997811,23.945213317871207,0.2546874221609732
2040-08-14 19:00:00,43.302627409623305,22.550374984741325,0.2548146563912967
2040-08-14 20:00:00,43.30262714594501,21.745714187622184,0.253099089434648
2040-08-14 21:00:00,43.30262597901276,20.452947616577262,0.21765919994685773
2040-08-14 22:00:00,43.30262415495654,19.593641281128043,0.17258333813443824
2040-08-14 23:00:00,43.302618328838925,19.07375526428234,0.0957475889862014
2040-08-15 00:00:00,43.3026130494945,18.73014068603527,0.06360288576384439
2040-08-15 01:00:00,43.30261211389548,18.282247543335075,0.058981847621151176
2040-08-15 02:00:00,43.30261252840722,18.006015777588004,0.06126499884955881
2040-08-15 03:00:00,43.302612675481335,17.68123054504406,0.061643852747202535
2040-08-15 04:00:00,43.30261317874345,17.325601577758903,0.06390462457988033
2040-08-15 05:00:00,43.30261292635391,17.491455078125114,0.061078217461948296
2040-08-15 06:00:00,43.30261224236845,19.16599273681652,0.055531554214831254
2040-08-15 07:00:00,43.30258902882516,21.58552169799816,0.025099177542470624
2040-08-15 08:00:00,43.30259035187206,23.907546997070426,0.026711198188592272
2040-08-15 09:00:00,43.30258948690325,25.70217323303234,0.02292657289267798
2040-08-15 10:00:00,43.30259110945652,27.25091934204113,0.024758011426582457
2040-08-15 11:00:00,43.30259604146588,27.564174652099723,0.03489376017569245
2040-08-15 12:00:00,43.30259894982566,27.68052673339855,0.04066027294519474
2040-08-15 13:00:00,43.30259533098651,28.51085472106945,0.030122745881822243
2040-08-15 14:00:00,43.30259581578116,29.21322631835949,0.029184002569481723
2040-08-15 15:00:00,43.30259823818262,29.90421295166027,0.0337333157566042
2040-08-15 16:00:00,43.3026078380879,29.563354492187614,0.059558145303639884
2040-08-15 17:00:00,43.30261850554615,28.725145339965934,0.11563576914364897
2040-08-15 18:00:00,43.30262230112289,27.32882690429699,0.1890319100672734
2040-08-15 19:00:00,43.30262271327173,25.707378387451286,0.2032371648452409
2040-08-15 20:00:00,43.30262245508749,24.296396255493278,0.1984042913872872
2040-08-15 21:00:00,43.30262285161289,23.496377944946403,0.2091202072275899
2040-08-15 22:00:00,43.30262280058968,22.32740974426281,0.2319475683848401
2040-08-15 23:00:00,43.30262276927101,21.236389160156364,0.2386652442105808
2040-08-16 00:00:00,43.302622512850526,20.53537750244152,0.23747182434716996
2040-08-16 01:00:00,43.30262143284871,20.09774971008312,0.2089084313444184
2040-08-16 02:00:00,43.30262101765408,19.637880325317496,0.20101214633323056
2040-08-16 03:00:00,43.30262029261332,19.11969375610363,0.18556172813093105
2040-08-16 04:00:00,43.302620062871405,18.70835685729992,0.18258682516506278
2040-08-16 05:00:00,43.30262005596123,18.843173980713004,0.18551760194547748
2040-08-16 06:00:00,43.30261845916853,20.55056953430187,0.14914832298894737
2040-08-16 07:00:00,13.260411545453875,23.42783927917492,1.7939212420130164e-07
2040-08-16 08:00:00,10.720146524936755,26.319749832153434,1.1251972194776785e-07
2040-08-16 09:00:00,10.72012391877616,28.614103317260856,8.667794135923374e-08
2040-08-16 10:00:00,10.72012483683684,30.246587753296012,8.896475098075288e-08
2040-08-16 11:00:00,10.720121308387352,31.528987884521598,7.477498828712761e-08
2040-08-16 12:00:00,10.720122578923048,31.97150802612316,7.92244976595066e-08
2040-08-16 13:00:00,10.720123467214162,32.84540176391613,8.142544655452026e-08
2040-08-16 14:00:00,10.720124277883912,32.477066040039176,8.306750868182298e-08
2040-08-16 15:00:00,10.720125066102566,31.85693740844738,8.366146901251042e-08
2040-08-16 16:00:00,10.720131363603493,31.44858551025402,9.585379204680902e-08
2040-08-16 17:00:00,13.257415621805125,30.282493591308707,1.4273740583880741e-07
2040-08-16 18:00:00,13.260471679133564,28.161785125732536,2.0175869015891525e-07
2040-08-16 19:00:00,13.260435172878845,26.20951080322277,1.8227660581191404e-07
2040-08-16 20:00:00,13.260466932638892,24.790838241577262,1.9120202918777523e-07
2040-08-16 21:00:00,13.260464231741224,24.17765045166027,2.0177368466004985e-07
2040-08-16 22:00:00,10.72013163721073,23.214986801147575,1.0379179594248459e-07
2040-08-16 23:00:00,10.720133181838532,22.485013961792106,1.0874508033043255e-07
2040-08-17 00:00:00,10.720134167845192,21.875097274780387,1.1234864979800735e-07
2040-08-17 01:00:00,10.720131659338051,21.292095184326286,1.0715254484370926e-07
2040-08-17 02:00:00,10.720129924656208,20.736253738403434,1.0138059616389214e-07
2040-08-17 03:00:00,10.72012834494728,20.38443756103527,9.204363817965361e-08
2040-08-17 04:00:00,10.720127435406752,19.97508811950695,8.505858656702838e-08
2040-08-17 05:00:00,10.72012679577633,19.917446136474723,7.979705157512579e-08
2040-08-17 06:00:00,10.720125390357076,21.131721496582145,7.226793282145103e-08
2040-08-17 07:00:00,0.0251025977198498,23.369878768921012,6.33620062086584e-08
2040-08-17 08:00:00,0.0251007861987805,26.3938446044923,5.653779013656501e-08
2040-08-17 09:00:00,0.0251000422884503,30.10005378723156,5.3921155539421593e-08
2040-08-17 10:00:00,0.0251053155349693,32.1283416748048,5.830519462003242e-08
2040-08-17 11:00:00,0.0251074119787026,32.72060012817394,5.7908404885445515e-08
2040-08-17 12:00:00,0.0251114516123153,32.929790496826286,6.122294425571933e-08
2040-08-17 13:00:00,0.0251165713760409,32.638366699218864,5.7561704750341596e-08
2040-08-17 14:00:00,0.0251688880657104,32.465164184570426,6.444411961730188e-08
2040-08-17 15:00:00,43.30247832819436,31.62132835388195,0.009549898594883774
2040-08-17 16:00:00,43.30257876838228,28.621074676513786,0.03642464817715453
2040-08-17 17:00:00,43.302571017180384,26.502925872802848,0.027601303107415938
2040-08-17 18:00:00,43.30260126304764,25.403810501098746,0.06406130078792538
2040-08-17 19:00:00,43.30261190437987,23.97984123229992,0.10890421899548954
2040-08-17 20:00:00,43.30260911372091,22.771402359008903,0.0909737777664046
2040-08-17 21:00:00,43.30261201479821,22.27875900268566,0.10966153721725491
2040-08-17 22:00:00,43.30261435897219,22.00378227233898,0.13366321332555664
2040-08-17 23:00:00,43.30261512746817,23.29087066650402,0.14173917908049727
2040-08-18 00:00:00,43.30261702459829,22.620965957641715,0.1695231688065347
2040-08-18 01:00:00,43.30261361818681,21.38134574890148,0.13169385522408364
2040-08-18 02:00:00,43.30260826226604,20.64244079589855,0.0914527309966011
2040-08-18 03:00:00,43.30260634757665,20.312873840332145,0.07799314713072086
2040-08-18 04:00:00,43.30259874105823,20.161369323730582,0.053053138883848786
2040-08-18 05:00:00,43.30260565462234,19.939643859863395,0.06430719129753368
2040-08-18 06:00:00,43.30260327229256,19.811809539795036,0.0543256108861029
2040-08-18 07:00:00,43.302584275872434,19.701662063598746,0.029178856157864714
2040-08-18 08:00:00,43.30260812952331,19.634487152099723,0.06576598251236294
2040-08-18 09:00:00,43.30259171211266,19.66446685791027,0.03546511839921049
2040-08-18 10:00:00,43.302575965265966,20.595561981201286,0.018762419745741717
2040-08-18 11:00:00,43.30257228898712,23.142543792724723,0.014138926550536498
2040-08-18 12:00:00,43.30258310007442,21.147148132324332,0.02612367342338851
2040-08-18 13:00:00,43.30257494265612,24.964241027832145,0.015132970854299752
2040-08-18 14:00:00,43.30257790475463,25.93184852600109,0.017062921325752996
2040-08-18 15:00:00,43.30258071892609,26.33918952941906,0.018295121890978597
2040-08-18 16:00:00,43.3025909231256,24.81824874877941,0.030649131493764904
2040-08-18 17:00:00,43.30261431502743,23.399076461792106,0.08275523101899623
2040-08-18 18:00:00,43.30261985384779,22.905286788940543,0.1294123230761019
2040-08-18 19:00:00,43.30262126826755,21.45205879211437,0.1484523462331382
2040-08-18 20:00:00,43.302622236092006,20.387620925903434,0.16600739160113165
2040-08-18 21:00:00,43.30262294653852,20.05841445922863,0.18232182246189096
2040-08-18 22:00:00,43.30262353317567,19.50474357604992,0.2054397926578492
2040-08-18 23:00:00,43.30262434538353,19.01942634582531,0.22996251674818913
2040-08-19 00:00:00,43.30262478310488,18.453941345214957,0.23681333331062449
2040-08-19 01:00:00,43.30262500806034,17.975269317627067,0.23730275769310474
2040-08-19 02:00:00,43.30262526400987,17.567689895629996,0.2384676484547746
2040-08-19 03:00:00,43.302625683951405,17.371128082275504,0.24213782602522887
2040-08-19 04:00:00,43.30262620444366,17.31641769409191,0.24768786769085718
2040-08-19 05:00:00,43.30262670672846,17.434680938720817,0.253572020387643
2040-08-19 06:00:00,43.30262687628146,17.611892700195426,0.2468379344771632
2040-08-19 07:00:00,43.30262624111482,17.636245727539176,0.20874723409145654
2040-08-19 08:00:00,43.30262599296546,17.67719650268566,0.19196408839647103
2040-08-19 09:00:00,43.302619945733824,19.141941070556754,0.08720193473729027
2040-08-19 10:00:00,43.30260747460713,21.417697906494254,0.038542384197957275
2040-08-19 11:00:00,43.302607309731,22.656251907348746,0.03677221618603963
2040-08-19 12:00:00,43.30260568323976,23.927097320556754,0.031248183138546708
2040-08-19 13:00:00,43.30261264978683,24.011999130249137,0.04995626654693119
2040-08-19 14:00:00,43.30261000074866,24.450262069702262,0.0402465790325537
2040-08-19 15:00:00,43.30261917206431,23.85697174072277,0.07682779829113014
2040-08-19 16:00:00,43.30262451622512,22.961984634399528,0.12651099085050327
2040-08-19 17:00:00,43.302626954847725,21.917068481445426,0.19763264902528768
2040-08-19 18:00:00,43.30262772422706,20.134160995483512,0.2442411299169015
2040-08-19 19:00:00,43.30262699383727,18.74003410339367,0.20393046669146478
2040-08-19 20:00:00,43.30262567891704,17.943416595459098,0.16342615466820476
2040-08-19 21:00:00,43.30262429638264,17.558086395263786,0.13773579895164034
2040-08-19 22:00:00,43.30262481705865,17.414634704589957,0.15375247181560567
2040-08-19 23:00:00,43.30262443166923,17.22632980346691,0.14773367916860877
2040-08-20 00:00:00,43.3026241840711,17.0757350921632,0.1435300516508155
2040-08-20 01:00:00,43.30262501502205,16.895412445068473,0.1579538755794104
2040-08-20 02:00:00,43.30262621286723,16.804004669189567,0.18730603545727922
2040-08-20 03:00:00,43.30262686910142,16.435417175293082,0.2042893390856296
2040-08-20 04:00:00,43.30262746221363,16.11697387695324,0.21002596002056256
2040-08-20 05:00:00,43.302628021043205,16.028007507324332,0.21781180942459477
2040-08-20 06:00:00,43.30262796416694,16.941753387451286,0.20592781917689623
2040-08-20 07:00:00,43.30262591875724,18.6602077484132,0.1430578391440671
2040-08-20 08:00:00,43.30262026130349,20.455528259277457,0.07556963286378429
2040-08-20 09:00:00,43.302616096504096,22.12127494812023,0.05161069973216417
2040-08-20 10:00:00,43.30261440519803,23.610187530517692,0.04335420895392266
2040-08-20 11:00:00,43.30262065226167,23.76381874084484,0.07526923189406934
2040-08-20 12:00:00,43.30261434775726,25.429376602172965,0.04061720136237644
2040-08-20 13:00:00,43.30261537622779,26.311353683471793,0.044464108809375305
2040-08-20 14:00:00,43.30261894159384,25.824041366577262,0.06230793439437701
2040-08-20 15:00:00,43.30262739727448,25.069210052490348,0.17336810433200495
2040-08-20 16:00:00,43.30262588288653,25.11106681823742,0.12959088918804948
2040-08-20 17:00:00,43.30262845936423,24.288284301757926,0.2086973234758288
2040-08-20 18:00:00,43.30262932387175,23.38185310363781,0.26042933653089745
2040-08-20 19:00:00,43.30262941668094,22.517456054687614,0.26179454981784617
2040-08-20 20:00:00,43.30262880717196,21.253866195678825,0.24110013389212476
2040-08-20 21:00:00,43.30262842025613,20.240188598632926,0.2166693818069578
2040-08-20 22:00:00,43.3026279729826,19.273880004882926,0.21247312844503696
2040-08-20 23:00:00,43.30262780119185,18.355199813842887,0.2114256661456227
2040-08-21 00:00:00,43.30262811372393,17.7753200531007,0.22519433480888887
2040-08-21 01:00:00,43.30262813858282,17.529542922973746,0.22709086408485482
2040-08-21 02:00:00,43.30262858774528,17.163213729858512,0.24434776263393668
2040-08-21 03:00:00,43.30262890434075,17.14811515808117,0.2551693138216665
2040-08-21 04:00:00,43.30262912990098,17.01691055297863,0.2597940529457184
2040-08-21 05:00:00,43.302629300170565,17.379665374755973,0.26405013443623404
2040-08-21 06:00:00,43.30262907197916,18.956844329834098,0.24237327615292165
2040-08-21 07:00:00,43.30262599498505,20.81494522094738,0.1462266179681114
2040-08-21 08:00:00,43.30262083538577,22.60701942443859,0.08064230771736702
2040-08-21 09:00:00,43.30261504356355,24.074197769165153,0.051079422542931074
2040-08-21 10:00:00,43.30261274374213,25.273004531860465,0.04219337836313742
2040-08-21 11:00:00,43.30261250126303,26.33384704589855,0.04025968570075002
2040-08-21 12:00:00,43.30261804077928,25.28486251831066,0.06742261875174312
2040-08-21 13:00:00,43.30262409938733,22.551733016967887,0.13041925176725555
2040-08-21 14:00:00,43.30261393250991,25.475891113281364,0.04710640150910576
2040-08-21 15:00:00,43.302615725559,25.341985702514762,0.05527097194180197
2040-08-21 16:00:00,43.302624637540326,24.528068542480582,0.13715284292821564
2040-08-21 17:00:00,43.302625407450414,23.42383193969738,0.1624791393000124
2040-08-21 18:00:00,43.30262440526061,22.36212539672863,0.14323747541226145
2040-08-21 19:00:00,43.30262395187848,21.522226333618278,0.13716337120879543
2040-08-21 20:00:00,43.30262339424724,20.897968292236442,0.12821342433188732
2040-08-21 21:00:00,43.3026236710412,20.134977340698356,0.138160525316936
2040-08-21 22:00:00,43.30262402397825,19.461479187011832,0.15242065645337363
2040-08-21 23:00:00,43.30262392821183,18.75876045227062,0.1538686724211776
2040-08-22 00:00:00,43.3026242110083,18.171339035034293,0.16424816465055322
2040-08-22 01:00:00,43.30262428070695,17.79278945922863,0.1700207079452476
2040-08-22 02:00:00,43.302624425655125,17.393812179565543,0.17567044342481808
2040-08-22 03:00:00,43.302624824159686,16.888179779052848,0.18581824992412194
2040-08-22 04:00:00,43.30262489519841,16.388236999511832,0.1831496691471138
2040-08-22 05:00:00,43.302625039507774,16.117383956909293,0.18541913124866302
2040-08-22 06:00:00,43.3026256233232,16.662822723388786,0.21172547068657957
2040-08-22 07:00:00,43.3026234222067,17.819730758667106,0.173832949108044
2040-08-22 08:00:00,43.30260579124707,19.51972579956066,0.04937357528747172
2040-08-22 09:00:00,43.30256003456303,20.552221298217887,0.018843285954375694
2040-08-22 10:00:00,43.30256147562035,21.50989913940441,0.01977121907597794
2040-08-22 11:00:00,43.302544467678615,22.677845001220817,0.012240929007075753
2040-08-22 12:00:00,43.3025436455981,23.673397064209098,0.011593247008206155
2040-08-22 13:00:00,43.30254503596278,23.916191101074332,0.012675574399979241
2040-08-22 14:00:00,43.30254703959008,23.867610931396598,0.014232226016145308
2040-08-22 15:00:00,43.30255436683412,23.86005020141613,0.018134256270492567
2040-08-22 16:00:00,43.30260437937149,22.937025070190543,0.05685431253607357
2040-08-22 17:00:00,43.30262135392656,22.116029739379996,0.17720805297501402
2040-08-22 18:00:00,43.3026211685112,20.56472778320324,0.19126169177040314
2040-08-22 19:00:00,43.30261638363209,19.146961212158317,0.11452291060671
2040-08-22 20:00:00,43.30259032696884,18.08654594421398,0.04049267244802297
2040-08-22 21:00:00,43.30255794007852,17.26158714294445,0.021394024093150305
2040-08-22 22:00:00,43.30255545528525,16.54235649108898,0.021328290267603484
2040-08-22 23:00:00,43.30255076831111,15.878684043884391,0.018163821607978775
2040-08-23 00:00:00,43.302551293460056,15.354603767395133,0.018890446030418697
2040-08-23 01:00:00,43.30254846775748,14.960802078247184,0.015744672777381525
2040-08-23 02:00:00,43.30254741586779,14.562731742859,0.014107890606383098
2040-08-23 03:00:00,43.302547963460185,14.207115173339957,0.014457450576304568
2040-08-23 04:00:00,43.30255163951836,13.826492309570426,0.018256537479508676
2040-08-23 05:00:00,43.30255387397411,13.652367591858024,0.019479655879761394
2040-08-23 06:00:00,43.30255290544083,14.61670017242443,0.0177906853299121
2040-08-23 07:00:00,43.30254378272269,16.836297988891715,0.01671850908377827
2040-08-23 08:00:00,43.30254603573652,18.892169952392692,0.017096508879529945
2040-08-23 09:00:00,43.30254426714331,20.527730941772575,0.015313795471514307
2040-08-23 10:00:00,43.30254201714587,21.733051300048942,0.013332767073140411
2040-08-23 11:00:00,43.30254176131094,22.82113075256359,0.012586633541293161
2040-08-23 12:00:00,43.3025414369266,23.809362411499137,0.012230588743914887
2040-08-23 13:00:00,43.30254166900797,24.18831062316906,0.01181579250510903
2040-08-23 14:00:00,43.30254188218682,24.433914184570426,0.011222432155763983
2040-08-23 15:00:00,43.30254485117917,24.456745147705192,0.012900867901166213
2040-08-23 16:00:00,43.30256172788949,24.027202606201286,0.02391123393048753
2040-08-23 17:00:00,43.30261634919089,23.216732025146598,0.13674246949384647
2040-08-23 18:00:00,43.30261804017359,21.87693023681652,0.17250617964576181
2040-08-23 19:00:00,43.302616384257455,20.65366363525402,0.14433912455638198
2040-08-23 20:00:00,43.30261521924229,19.557518005371207,0.13299438487024828
2040-08-23 21:00:00,43.30261391447559,18.785896301269645,0.12048029444161126
2040-08-23 22:00:00,43.30260669161788,18.14737701416027,0.08260983682327128
2040-08-23 23:00:00,43.30259397889597,17.627176284790153,0.054363501030873264
2040-08-24 00:00:00,43.302569434777645,17.202615737915153,0.0311094355497136
2040-08-24 01:00:00,43.30257647127712,16.77583503723156,0.03696281069008756
2040-08-24 02:00:00,43.30257413327968,16.256179809570426,0.03514013927545564
2040-08-24 03:00:00,43.30256053198114,15.574130058288688,0.023961662564989484
2040-08-24 04:00:00,43.30255884816023,15.091648101806754,0.021612372551386243
2040-08-24 05:00:00,43.30255833664968,14.842499732971305,0.020120336923205178
2040-08-24 06:00:00,43.302559529607365,15.702363967895621,0.020673440108541746
2040-08-24 07:00:00,43.30255242415964,17.573238372802848,0.01739156635603812
2040-08-24 08:00:00,43.302551350453335,20.14134216308605,0.014963078188518884
2040-08-24 09:00:00,43.30255034077874,22.585611343383903,0.012573711279109025
2040-08-24 10:00:00,43.3025510644789,24.332527160644645,0.012150174323286985
2040-08-24 11:00:00,43.30255441514296,25.438245773315543,0.013575313225327177
2040-08-24 12:00:00,43.30255869031987,26.420715332031364,0.014912746466622318
2040-08-24 13:00:00,43.30256558612542,27.15937995910656,0.017187882984233016
2040-08-24 14:00:00,43.3025744189673,27.298284530639762,0.02131151000846019
2040-08-24 15:00:00,43.30258444436383,27.039569854736442,0.029483845313831438
2040-08-24 16:00:00,43.30260636439014,26.81010246276867,0.06461633545836262
2040-08-24 17:00:00,43.302620576769726,25.919000625610465,0.1803325630253218
2040-08-24 18:00:00,43.30262214742278,24.538385391235465,0.2426712274378479
2040-08-24 19:00:00,43.30262156582425,22.965860366821403,0.22043078552593806
2040-08-24 20:00:00,43.302620975762,21.920667648315543,0.20371382475409208
2040-08-24 21:00:00,43.30262096049031,21.204597473144645,0.20757261283039105
2040-08-24 22:00:00,43.30262111772662,20.484375000000114,0.21896990468385236
2040-08-24 23:00:00,43.30261920644638,19.831476211547965,0.17273543730004753
2040-08-25 00:00:00,43.30261849900605,19.06618690490734,0.16421272814039223
2040-08-25 01:00:00,43.30261796603734,18.222223281860465,0.15512214568366453
2040-08-25 02:00:00,43.30261620743798,17.455661773681754,0.12957528403972846
2040-08-25 03:00:00,43.302615841063854,16.879152297973746,0.11890103775038698
2040-08-25 04:00:00,43.30261791657492,16.332159042358512,0.13230442041126048
2040-08-25 05:00:00,43.30261851066656,15.998171806335563,0.13070815967341415
2040-08-25 06:00:00,43.30261677640637,17.05600738525402,0.10482554588296936
2040-08-25 07:00:00,25.876173437154826,19.33309936523449,2.6020631479994966e-07
2040-08-25 08:00:00,20.93888633063984,21.82490730285656,1.5793170920846144e-07
2040-08-25 09:00:00,20.93885476166172,24.044197082519645,1.2257480604835577e-07
2040-08-25 10:00:00,20.938852376214736,25.786336898803825,1.0849220924211249e-07
2040-08-25 11:00:00,20.93884965815744,27.275106430053825,9.316395807974969e-08
2040-08-25 12:00:00,19.990318631863403,28.06461334228527,7.431364323949563e-08
2040-08-25 13:00:00,19.990330215730182,28.733352661132926,7.430038768493372e-08
2040-08-25 14:00:00,20.938845961633533,28.96450805664074,8.250347720471878e-08
2040-08-25 15:00:00,20.938861049255465,28.634162902832145,9.142433026825349e-08
2040-08-25 16:00:00,20.939090336025146,27.935379028320426,1.0688251431649459e-07
2040-08-25 17:00:00,43.30247511446207,26.882156372070426,0.009126316861920992
2040-08-25 18:00:00,43.30261203798552,25.4221649169923,0.08424473414585498
2040-08-25 19:00:00,43.30261811579001,24.04099845886242,0.12644525305854343
2040-08-25 20:00:00,43.30261852157789,23.005872726440543,0.13394235155191936
2040-08-25 21:00:00,43.3026193823622,22.031156539917106,0.14546870400703713
2040-08-25 22:00:00,43.3026183863112,21.02559089660656,0.141561389281021
2040-08-25 23:00:00,43.302617958816256,20.28842163085949,0.13925528103424906
2040-08-26 00:00:00,43.30261636128038,19.80867958068859,0.12397675739915422
2040-08-26 01:00:00,43.30261696807232,19.358766555786246,0.128169208011108
2040-08-26 02:00:00,43.30261924775324,19.01783943176281,0.15076837606307428
2040-08-26 03:00:00,43.30262132582665,18.671382904052848,0.17742360836060667
2040-08-26 04:00:00,43.30262324723789,18.153627395629996,0.2079024446488213
2040-08-26 05:00:00,43.302624160252456,17.780998229980582,0.21619355746322902
2040-08-26 06:00:00,43.30262411920528,18.286128997802848,0.19704774697811805
2040-08-26 07:00:00,43.302622357750366,19.497077941894645,0.14278797734376877
2040-08-26 08:00:00,43.30261414721085,21.609367370605582,0.06657799881368279
2040-08-26 09:00:00,43.302594586453246,24.388441085815543,0.029967482628358647
2040-08-26 10:00:00,43.30258892262727,26.536750793457145,0.023966756541947402
2040-08-26 11:00:00,43.30258709397588,27.766405105590934,0.021376444332397364
2040-08-26 12:00:00,43.30258871564156,28.52656173706066,0.02172693968255871
2040-08-26 13:00:00,43.302592021403264,28.88944816589367,0.023841907953136572
2040-08-26 14:00:00,43.30259687077957,28.99313545227062,0.02823145688533298
2040-08-26 15:00:00,43.3026020906579,28.7395477294923,0.03530673910529156
2040-08-26 16:00:00,43.30261383250784,28.13980102539074,0.06094657056339139
2040-08-26 17:00:00,43.30262037791224,26.899463653564567,0.10272538569818597
2040-08-26 18:00:00,43.30262491350494,25.474983215332145,0.1714268073691994
2040-08-26 19:00:00,43.30262444093231,24.0576686859132,0.156195547270033
2040-08-26 20:00:00,43.3026242649927,22.829076766967887,0.15372466738686133
2040-08-26 21:00:00,43.30262415549613,21.72021293640148,0.15017598255003403
2040-08-26 22:00:00,43.30262160716493,20.74664688110363,0.11806539581729739
2040-08-26 23:00:00,43.30262113956133,19.95205879211437,0.11239783406918633
2040-08-27 00:00:00,43.302622395190745,19.256723403930778,0.1267283281964851
2040-08-27 01:00:00,43.302625145931806,18.656839370727653,0.17752505589422168
2040-08-27 02:00:00,43.30262594194578,18.19859886169445,0.1955760224569665
2040-08-27 03:00:00,43.30262571345686,17.82218170166027,0.178626007723783
2040-08-27 04:00:00,43.30262637645925,17.54011726379406,0.18255406757763887
2040-08-27 05:00:00,43.30262738632787,17.497499465942496,0.19711928812326832
2040-08-27 06:00:00,43.3026280279798,17.60903358459484,0.2095065721338572
2040-08-27 07:00:00,43.30262818353931,17.869840621948356,0.21256374129442765
2040-08-27 08:00:00,43.302628182712624,18.12137603759777,0.19747996406546697
2040-08-27 09:00:00,43.302627389990455,18.73527336120617,0.16145418514295282
2040-08-27 10:00:00,43.30262553475789,19.912603378296012,0.11888899039494082
2040-08-27 11:00:00,43.302617792547935,22.093257904052848,0.05828750929331737
2040-08-27 12:00:00,43.30261258871218,24.503757476806754,0.036087142565019305
2040-08-27 13:00:00,43.30261359511942,26.242168426513786,0.0387560405025154
2040-08-27 14:00:00,43.30261580894857,27.278722763061637,0.04674596879873004
2040-08-27 15:00:00,43.302619965744086,27.296712875366325,0.0665516322325052
2040-08-27 16:00:00,43.30262674311317,26.78800773620617,0.1328303725476584
2040-08-27 17:00:00,43.30262880575936,25.714248657226676,0.20091844946583878
2040-08-27 18:00:00,43.3026296451076,24.30868530273449,0.24960316428075832
2040-08-27 19:00:00,43.30262952012996,23.184423446655387,0.23543297689398981
2040-08-27 20:00:00,43.302629254150446,22.310688018798942,0.22377093298792344
2040-08-27 21:00:00,43.30262931364216,21.491218566894645,0.22706348290450643
2040-08-27 22:00:00,43.30262906141441,20.659351348877067,0.21909492558353397
2040-08-27 23:00:00,43.30262934836342,19.85702705383312,0.2368209037903517
2040-08-28 00:00:00,43.30262975054109,19.017360687255973,0.25134518233140196
2040-08-28 01:00:00,43.30262978206792,18.27760505676281,0.25125580523089397
2040-08-28 02:00:00,43.30262985204642,17.647291183471793,0.2519394648347299
2040-08-28 03:00:00,43.30263002930626,17.115501403808707,0.2545466386151766
2040-08-28 04:00:00,43.30263036924788,16.683553695678825,0.2601025384791005
2040-08-28 05:00:00,43.30263059402715,16.37427902221691,0.2642288904335586
2040-08-28 06:00:00,43.30263064898843,16.550434112548942,0.25731146777493796
2040-08-28 07:00:00,43.3026294433028,17.418554306030387,0.20152993502263641
2040-08-28 08:00:00,43.30262622307163,19.420797348022575,0.11317875800928129
2040-08-28 09:00:00,43.30261975597146,22.00269699096691,0.058571437695561876
2040-08-28 10:00:00,43.30261706464069,24.538078308105582,0.046605978930266176
2040-08-28 11:00:00,43.30261667449713,26.670310974121207,0.04379276269512159
2040-08-28 12:00:00,43.302616879129246,28.39234542846691,0.044144274090930934
2040-08-28 13:00:00,43.30261780732355,29.14161300659191,0.047870260280821086
2040-08-28 14:00:00,43.30261964930818,29.606121063232536,0.05716785420456384
2040-08-28 15:00:00,43.30262342363167,29.53567695617687,0.08223164154074124
2040-08-28 16:00:00,43.30262794242709,28.92948150634777,0.1455264366477841
2040-08-28 17:00:00,43.30262946522095,27.856264114379996,0.20961499184876636
2040-08-28 18:00:00,43.30262989234694,26.38291740417492,0.24658263513926718
2040-08-28 19:00:00,43.302629802444685,24.99954986572277,0.24255184508132316
2040-08-28 20:00:00,43.302629893162006,23.769334793090934,0.2508797199792139
2040-08-28 21:00:00,43.302629935029934,22.871665954589957,0.25690455236361165
2040-08-28 22:00:00,43.30262969937375,22.37876701354992,0.2537367484381721
2040-08-28 23:00:00,43.30262937835885,21.82641983032238,0.2450760653747636
2040-08-29 00:00:00,43.30262903143687,21.04110908508312,0.23550894519504645
2040-08-29 01:00:00,43.30262876166029,20.36196327209484,0.22642210040961258
2040-08-29 02:00:00,43.30262889496361,19.919822692871207,0.2333311725861828
2040-08-29 03:00:00,43.302629174374665,19.428127288818473,0.24364840109858849
2040-08-29 04:00:00,43.30262957259517,19.126321792602653,0.25649231540845335
2040-08-29 05:00:00,43.3026296621902,18.90789604187023,0.2584894124288436
2040-08-29 06:00:00,43.30262928277397,19.679965972900504,0.23117004290101262
2040-08-29 07:00:00,43.30262542743037,21.297554016113395,0.13640778445494608
2040-08-29 08:00:00,43.30261982358259,23.622301101684684,0.07629795720292658
2040-08-29 09:00:00,43.302611375328674,26.50855636596691,0.04474921001687549
2040-08-29 10:00:00,43.30260867730455,29.123188018798942,0.03714066946491194
2040-08-29 11:00:00,43.30260783039158,30.526130676269645,0.034410399711061856
2040-08-29 12:00:00,43.30260775431416,31.385702133178825,0.033605029358787494
2040-08-29 13:00:00,43.302608647791416,31.90187263488781,0.03563494340010898
2040-08-29 14:00:00,43.30261006686752,32.10643386840832,0.039660153935024124
2040-08-29 15:00:00,43.30261256767592,32.04144668579113,0.04870818054680305
2040-08-29 16:00:00,43.30261968607785,31.605718612671012,0.08413291083425888
2040-08-29 17:00:00,43.30262525677121,30.672925949096793,0.15741813618318096
2040-08-29 18:00:00,43.30262597439118,28.932701110839957,0.18787171021755647
2040-08-29 19:00:00,43.3026253211072,27.017662048339957,0.17403215741091224
2040-08-29 20:00:00,43.30262415557378,25.55212783813488,0.15231504419407266
2040-08-29 21:00:00,43.30262258424459,24.460361480713004,0.12782407535376208
2040-08-29 22:00:00,43.3026204402312,23.55126762390148,0.1044551776844465
2040-08-29 23:00:00,43.30262203804065,22.822238922119254,0.1288513800315855
2040-08-30 00:00:00,43.30262231223954,22.219964981079215,0.13815063356898227
2040-08-30 01:00:00,43.30262153982808,21.625850677490348,0.12699462188895586
2040-08-30 02:00:00,43.30262155245445,21.154737472534293,0.12651607463850856
2040-08-30 03:00:00,43.30262225456334,20.650419235229606,0.137817612989578
2040-08-30 04:00:00,43.302623561261306,20.12851142883312,0.16385085408245134
2040-08-30 05:00:00,43.30262427829289,19.713434219360465,0.1809965024894751
2040-08-30 06:00:00,43.30262352941098,20.928379058838004,0.15748830523592122
2040-08-30 07:00:00,43.30258630308356,23.656311035156364,0.032983352245167616
2040-08-30 08:00:00,43.30257495610645,26.608936309814567,0.02187132844654108
2040-08-30 09:00:00,43.30257226135335,29.167249679565543,0.017808263666565217
2040-08-30 10:00:00,43.30257208331945,31.005744934082145,0.017170933973411004
2040-08-30 11:00:00,43.30257181050649,32.075508117675895,0.016201753793195783
2040-08-30 12:00:00,43.30257211552037,32.99029922485363,0.015964542731190964
2040-08-30 13:00:00,43.30257239366775,33.5541343688966,0.015519629372365736
2040-08-30 14:00:00,43.30257447744481,33.66582107543957,0.017049317934295826
2040-08-30 15:00:00,43.302576434549,33.57280731201183,0.01842035911181053
2040-08-30 16:00:00,43.30257914171453,32.85289382934582,0.019875523439638748
2040-08-30 17:00:00,43.30258721647311,31.170293807983512,0.030909260564150286
2040-08-30 18:00:00,43.3025875500774,28.616775512695426,0.029640456579778658
2040-08-30 19:00:00,43.30258989367773,26.54062652587902,0.03131081044632131
2040-08-30 20:00:00,43.302592149294256,25.311077117920036,0.03462231013478313
2040-08-30 21:00:00,43.3025979039518,23.757528305053825,0.043611192078173225
2040-08-30 22:00:00,43.30260054622243,22.42782020568859,0.05170433809867112
2040-08-30 23:00:00,43.30261202141496,22.096830368042106,0.08734030649096028
2040-08-31 00:00:00,43.3026169688458,21.761970520019645,0.12131321255897132
2040-08-31 01:00:00,43.30262023654058,20.971328735351676,0.16375029500110355
2040-08-31 02:00:00,43.3026221631763,20.311586380004996,0.2022697469238192
2040-08-31 03:00:00,43.30262183351536,19.775264739990348,0.19073375247552124
2040-08-31 04:00:00,43.302621918633164,19.159795761108512,0.18668901803356738
2040-08-31 05:00:00,43.30262187437213,18.573722839355582,0.1787481876554783
2040-08-31 06:00:00,43.302621477452455,18.504049301147575,0.1620107241199668
2040-08-31 07:00:00,43.30261957114504,18.85763740539562,0.12663348529673207
2040-08-31 08:00:00,43.30261334294751,19.830440521240348,0.07675454509919045
2040-08-31 09:00:00,43.30260005057774,21.35988044738781,0.037394933191160246
2040-08-31 10:00:00,43.30259894532728,22.687467575073356,0.03364954852113023
2040-08-31 11:00:00,43.30259771100266,23.568889617920036,0.03006760181350489
2040-08-31 12:00:00,43.30259866137119,24.162693023681754,0.03195347357611232
2040-08-31 13:00:00,43.3025998788827,25.370693206787223,0.03366140896460751
2040-08-31 14:00:00,43.3025987110679,27.488809585571403,0.02882339006482751
2040-08-31 15:00:00,43.302602163897234,28.154947280883903,0.03676489605547139
2040-08-31 16:00:00,43.30261451425768,27.182704925537223,0.0736040764410954
2040-08-31 17:00:00,43.30262135951223,25.629022598266715,0.13641645794809532
2040-08-31 18:00:00,43.30262407089423,24.021341323852653,0.19368612707662855
2040-08-31 19:00:00,43.30262402161805,22.021768569946403,0.1923906945354851
2040-08-31 20:00:00,43.30262387220733,20.63804626464855,0.19185885019683732
2040-08-31 21:00:00,43.30262360406148,19.71682167053234,0.18612349522041574
2040-08-31 22:00:00,43.30262103693887,19.292507171630973,0.13667519686439653
2040-08-31 23:00:00,43.30261801454234,18.979267120361442,0.105535209471213
2040-09-01 00:00:00,43.302614676515255,18.641738891601676,0.08375147658291729
2040-09-01 01:00:00,43.30260924621894,18.310365676879996,0.0572176980740055
2040-09-01 02:00:00,43.30260691338811,18.199003219604606,0.04616339220799647
2040-09-01 03:00:00,43.30260698506885,18.171781539917106,0.04382970490632658
2040-09-01 04:00:00,43.30261035584246,18.06506156921398,0.05279394332539299
2040-09-01 05:00:00,43.30261692451797,17.885717391967887,0.0775547568773252
2040-09-01 06:00:00,43.302622226698965,17.93614196777355,0.1195697948675841
2040-09-01 07:00:00,43.30262274648848,18.181547164917106,0.13013855299938132
2040-09-01 08:00:00,43.302619766207386,18.595521926879996,0.09203090064359087
2040-09-01 09:00:00,43.30260831638471,19.17811775207531,0.04549913538013326
2040-09-01 10:00:00,43.30260273943391,20.082525253296012,0.03458910182610262
2040-09-01 11:00:00,43.3025982723699,22.574457168579215,0.024889861939037725
2040-09-01 12:00:00,43.3025980620196,25.64566802978527,0.023971283721581308
2040-09-01 13:00:00,43.302599509517066,26.972906112671012,0.025663023182533086
2040-09-01 14:00:00,43.30260160142086,27.403768539428825,0.02948462689054338
2040-09-01 15:00:00,43.30260534733477,27.49901390075695,0.03810421822239386
2040-09-01 16:00:00,43.302613832753465,27.36377334594738,0.060615227456219126
2040-09-01 17:00:00,43.30262471536437,26.782451629638786,0.1521848528531475
2040-09-01 18:00:00,43.30262648618427,25.31341361999523,0.21108854097088675
2040-09-01 19:00:00,43.30262636521777,23.57182121276867,0.2030852986180467
2040-09-01 20:00:00,43.3026256658511,22.289587020874137,0.18402905969218766
2040-09-01 21:00:00,43.30262533218597,21.027288436889762,0.17629459422210791
2040-09-01 22:00:00,43.30262576117022,20.520887374878043,0.1929646612295494
2040-09-01 23:00:00,43.30262606677693,19.966945648193473,0.20470543433528085
2040-09-02 00:00:00,43.30262625657347,19.272073745727653,0.2164215540035172
2040-09-02 01:00:00,43.3026264427992,18.735080718994254,0.22403996065039697
2040-09-02 02:00:00,43.3026271178838,18.22984886169445,0.23979691062735706
2040-09-02 03:00:00,43.30262748893069,17.79955863952648,0.24415489508267152
2040-09-02 04:00:00,43.30262812529572,17.4172878265382,0.25298578987603054
2040-09-02 05:00:00,43.30262852515237,17.177755355835075,0.25904756251266775
2040-09-02 06:00:00,43.302628466859176,17.562139511108512,0.24173079101196268
2040-09-02 07:00:00,43.3026266062854,19.421915054321403,0.16077861362318013
2040-09-02 08:00:00,43.30262209680188,21.86226081848156,0.08973053014139737
2040-09-02 09:00:00,43.30261523448488,23.994615554809684,0.05362690106859378
2040-09-02 10:00:00,43.30261148987515,25.69071197509777,0.041457661598943506
2040-09-02 11:00:00,43.30262592578424,24.71525382995617,0.15325452887198351
2040-09-02 12:00:00,43.30261061056294,26.179994583129996,0.03830886226897191
2040-09-02 13:00:00,43.30261081752328,27.190761566162223,0.0384185963549996
2040-09-02 14:00:00,43.30261792401824,27.488277435302848,0.06660404561901875
2040-09-02 15:00:00,43.302620050370926,27.242120742797965,0.0737615345440522
2040-09-02 16:00:00,43.30262452974466,26.19351387023937,0.1235635031079896
2040-09-02 17:00:00,43.302627240916514,25.310268402099723,0.2059682705238817
2040-09-02 18:00:00,43.30262715498775,23.709737777710075,0.20524065932248006
2040-09-02 19:00:00,43.30262592250593,22.31885147094738,0.16358642459392703
2040-09-02 20:00:00,43.3026239660788,21.318300247192496,0.12705550498770765
2040-09-02 21:00:00,43.30262312503305,20.431924819946403,0.1168356953676922
2040-09-02 22:00:00,43.30262302442877,19.585470199585075,0.12232390338776433
2040-09-02 23:00:00,43.30262369047276,19.13493156433117,0.12956598906450528
2040-09-03 00:00:00,43.30262324729705,17.9714813232423,0.12912370034120987
2040-09-03 01:00:00,43.3026244567735,17.28356742858898,0.15053042499169564
2040-09-03 02:00:00,43.30262502460568,16.819730758667106,0.15777634517311412
2040-09-03 03:00:00,43.3026250389123,16.473300933838004,0.15271262600493546
2040-09-03 04:00:00,43.30262627996172,16.25726699829113,0.17385554499444977
2040-09-03 05:00:00,43.30262757195469,15.470893859863395,0.20932670415683466
2040-09-03 06:00:00,43.30262782392457,16.333044052124137,0.21174140672199465
2040-09-03 07:00:00,43.30262532309776,18.85716247558605,0.1435238297041201
2040-09-03 08:00:00,43.30262121193587,21.571512222290153,0.08637555763455151
2040-09-03 09:00:00,43.30261506517392,23.61122322082531,0.052511081126567
2040-09-03 10:00:00,43.30261197642184,25.061477661132926,0.04159806040305053
2040-09-03 11:00:00,43.30261101118003,26.533941268921012,0.03821037974160179
2040-09-03 12:00:00,43.30262277124339,26.32101631164562,0.10514497183749215
2040-09-03 13:00:00,43.30261937643123,26.41863822937023,0.07568282150367166
2040-09-03 14:00:00,43.30261700989466,26.947626113891715,0.0605722838232099
2040-09-03 15:00:00,43.30262034216617,27.176589965820426,0.07951678106995497
2040-09-03 16:00:00,43.30262574815087,27.040168762207145,0.14729040449714834
2040-09-03 17:00:00,43.30262763123505,26.02240371704113,0.24220191402755054
2040-09-03 18:00:00,43.302627113857206,24.859537124633903,0.22316456811408802
2040-09-03 19:00:00,43.30262568591587,23.962957382202262,0.17060537145668547
2040-09-03 20:00:00,43.30262361368325,22.931194305420036,0.131286138050831
2040-09-03 21:00:00,43.30262216968525,22.01702690124523,0.11276404019198635
2040-09-03 22:00:00,43.30262175935318,21.74067306518566,0.113865418985524
2040-09-03 23:00:00,43.30262007893007,21.499273300171012,0.09735924330983185
2040-09-04 00:00:00,43.30261785876713,20.681165695190543,0.07746150997791203
2040-09-04 01:00:00,43.30261692406424,19.847692489624137,0.07029228989125237
2040-09-04 02:00:00,43.30261730977046,19.565647125244254,0.07178524048542914
2040-09-04 03:00:00,43.30261839312779,18.968683242797965,0.07779962036039202
2040-09-04 04:00:00,43.30261939309359,18.34298706054699,0.0814440410309685
2040-09-04 05:00:00,43.30261971203568,18.02089881896984,0.0789802295649095
2040-09-04 06:00:00,43.3026191243737,18.416683197021598,0.07092190047155228
2040-09-04 07:00:00,43.302602418194645,20.715089797973746,0.03387604914625818
2040-09-04 08:00:00,43.30260547136815,23.577419281005973,0.03905278754817154
2040-09-04 09:00:00,43.30260295630067,25.876480102539176,0.03251692681428766
2040-09-04 10:00:00,43.30260193423945,27.429370880127067,0.030046760601575795
2040-09-04 11:00:00,43.30260141073961,28.288637161254996,0.02828969476102499
2040-09-04 12:00:00,43.30260200555714,28.88109397888195,0.029087828224352894
2040-09-04 13:00:00,43.30260374921443,30.022447586059684,0.032429731543667704
2040-09-04 14:00:00,43.302607166411214,29.800518035888786,0.0393950246974555
2040-09-04 15:00:00,43.302614689976814,29.543939590454215,0.06029028506197585
2040-09-04 16:00:00,43.302623252962334,29.061685562133903,0.1227463814586554
2040-09-04 17:00:00,43.30262652140917,28.205513000488395,0.2061956546453725
2040-09-04 18:00:00,43.30262621617014,26.726814270019645,0.204264878446427
2040-09-04 19:00:00,43.30262194467191,25.288749694824332,0.11470618707286794
2040-09-04 20:00:00,43.302612058757134,24.192899703979606,0.054505913444826554
2040-09-04 21:00:00,43.302610756053234,23.105569839477653,0.04973270921648638
2040-09-04 22:00:00,43.30261057282597,22.36009025573742,0.049440346640903785
2040-09-04 23:00:00,43.30261219416042,21.719104766845817,0.057527139374957965
2040-09-05 00:00:00,43.30261518442449,21.19198799133312,0.07258304094236476
2040-09-05 01:00:00,43.30262074978975,20.63856697082531,0.1151998109944
2040-09-05 02:00:00,43.30262396660641,20.19146537780773,0.16159137392084846
2040-09-05 03:00:00,43.30262553330148,19.66844749450695,0.19488130041409382
2040-09-05 04:00:00,43.30262666050872,19.19676780700695,0.22093114993960983
2040-09-05 05:00:00,43.30262748612802,18.867744445800895,0.24176161614845454
2040-09-05 06:00:00,43.30262786951097,19.41580200195324,0.24295570889050466
2040-09-05 07:00:00,43.30262570389004,20.931478500366325,0.1576603946995253
2040-09-05 08:00:00,43.30262092333284,23.501132965088004,0.08703945259921664
2040-09-05 09:00:00,43.30261174627714,26.327514648437614,0.04700415079903535
2040-09-05 10:00:00,43.30260722699281,28.643665313720817,0.03634835323409181
2040-09-05 11:00:00,43.30260468268028,30.335632324218864,0.030494198942688545
2040-09-05 12:00:00,43.30260267534495,31.564943313598746,0.02557993108345531
2040-09-05 13:00:00,43.30260172701042,32.40652084350597,0.02363794444986367
2040-09-05 14:00:00,43.30260490229612,32.691848754882926,0.02872638760591668
2040-09-05 15:00:00,43.30260655475747,32.576274871826286,0.031444720101181635
2040-09-05 16:00:00,43.30261623943535,31.95361137390148,0.06283997065431536
2040-09-05 17:00:00,43.302625133277466,30.80138969421398,0.15107781460544276
2040-09-05 18:00:00,43.30262723569346,29.14147758483898,0.21252055796233413
2040-09-05 19:00:00,43.30262663836888,27.562812805175895,0.18947702390871254
2040-09-05 20:00:00,43.30262711552155,26.700489044189567,0.2111273413269502
2040-09-05 21:00:00,43.3026278134988,25.95079040527355,0.2415747423663528
2040-09-05 22:00:00,43.302627973404654,25.09414672851574,0.2478665466813604
2040-09-05 23:00:00,43.302627856154295,24.47231483459484,0.2454663243034614
2040-09-06 00:00:00,43.30262777627586,23.942316055297965,0.24385678852887233
2040-09-06 01:00:00,43.30262778126332,23.520730972290153,0.24370086532659854
2040-09-06 02:00:00,43.30262774443829,22.80186462402355,0.24337198024879284
2040-09-06 03:00:00,43.30262779190619,21.999622344970817,0.2445839044392799
2040-09-06 04:00:00,43.30262798634252,21.48795318603527,0.24814395660848462
2040-09-06 05:00:00,43.30262724940887,20.965692520141715,0.21599461903367995
2040-09-06 06:00:00,43.302626924909205,21.251565933227653,0.19572149078886103
2040-09-06 07:00:00,43.30262225599544,23.274192810058707,0.11345879356711269
2040-09-06 08:00:00,43.302613756463465,26.203140258789176,0.05820938865478214
2040-09-06 09:00:00,43.30260921153517,28.967781066894645,0.041266892340952176
2040-09-06 10:00:00,43.30260769785345,31.327455520629996,0.03504589278418272
2040-09-06 11:00:00,43.30260730669151,33.153789520263786,0.03259148244035011
2040-09-06 12:00:00,43.30260822118628,34.11294174194347,0.03429537330595832
2040-09-06 13:00:00,43.30260970104291,34.59469223022472,0.03802914043506099
2040-09-06 14:00:00,43.30261205954472,34.75674438476574,0.04503405427012725
2040-09-06 15:00:00,43.302615823226375,34.53502655029308,0.060938618325323185
2040-09-06 16:00:00,43.30262445493417,33.94327545166027,0.1277985576185808
2040-09-06 17:00:00,43.30262687854563,32.89496994018566,0.19810257714108945
2040-09-06 18:00:00,43.302628042161885,31.088750839233512,0.25240307454184097
2040-09-06 19:00:00,43.302628036279984,29.191198348999137,0.252058308578216
2040-09-06 20:00:00,43.30262779881674,27.888555526733512,0.2485323030633423
2040-09-06 21:00:00,43.302627789333336,27.096864700317496,0.24888452803999106
2040-09-06 22:00:00,43.302627477679046,26.114299774170036,0.24469096904599716
2040-09-06 23:00:00,43.30262732318958,25.28512001037609,0.2436678601511034
2040-09-07 00:00:00,43.30262715568304,24.760944366455192,0.24237344620652793
2040-09-07 01:00:00,43.30262703259064,24.075304031372184,0.24202890700405452
2040-09-07 02:00:00,43.3026267017796,23.394947052002067,0.23437845214167202
2040-09-07 03:00:00,43.30262633693678,22.881111145019645,0.2242858599998812
2040-09-07 04:00:00,43.302626359673056,22.376348495483512,0.2224157998587863
2040-09-07 05:00:00,43.30262664747876,21.78634643554699,0.2366118339910085
2040-09-07 06:00:00,43.3026268216338,22.093267440796012,0.23443058509030676
2040-09-07 07:00:00,43.30262190760189,23.839805603027457,0.12690837778390252
2040-09-07 08:00:00,43.3026161493146,26.418727874755973,0.07109211637981666
2040-09-07 09:00:00,43.30261243782201,29.130907058715934,0.050693234577817825
2040-09-07 10:00:00,43.302610888394334,31.654766082763786,0.04310343707573074
2040-09-07 11:00:00,43.302610362255336,33.60332107543957,0.04037155512047993
2040-09-07 12:00:00,43.302610686812784,34.91417694091808,0.04081288995151645
2040-09-07 13:00:00,43.30261141586753,35.52364349365246,0.043861187209258766
2040-09-07 14:00:00,43.30261313693565,35.595466613769645,0.05195778553148972
2040-09-07 15:00:00,43.30261658970748,34.87343978881847,0.07210506861078805
2040-09-07 16:00:00,43.30262234988075,34.01424026489269,0.13070863971026075
2040-09-07 17:00:00,43.30262463570625,32.85048294067394,0.2025843659277002
2040-09-07 18:00:00,43.30262570140722,30.87437248229992,0.257023240173734
2040-09-07 19:00:00,43.30262549856035,29.21678733825695,0.2565923427718652
2040-09-07 20:00:00,43.30262437055539,28.160524368286246,0.22507759321475976
2040-09-07 21:00:00,43.3026235076121,27.13618087768566,0.20079087335498258
2040-09-07 22:00:00,43.3026241971744,26.033555984497184,0.24786022092230509
2040-09-07 23:00:00,43.30262314736248,25.370124816894645,0.21959389233183438
2040-09-08 00:00:00,43.30262197243994,24.806636810302848,0.18448394351429775
2040-09-08 01:00:00,43.30262209788128,24.291030883789176,0.19814236338959024
2040-09-08 02:00:00,43.302621724083664,23.87669372558605,0.1949205027966276
2040-09-08 03:00:00,43.30262122370512,23.012683868408317,0.18264110411171933
2040-09-08 04:00:00,43.30262125746773,22.229391098022575,0.18485151242842776
2040-09-08 05:00:00,43.30262071128974,21.498819351196403,0.16700406865257916
2040-09-08 06:00:00,43.30261918540383,21.658020019531364,0.12821856812743207
2040-09-08 07:00:00,19.990346714850848,23.957271575927848,1.5188222340043578e-07
2040-09-08 08:00:00,19.990305561415816,27.032192230224723,1.251045133321916e-07
2040-09-08 09:00:00,19.990303347813235,29.8389129638673,1.1625652606527495e-07
2040-09-08 10:00:00,19.99030125206944,32.27280426025402,1.0755077294231394e-07
2040-09-08 11:00:00,19.990299034436337,33.571323394775504,9.458109576098137e-08
2040-09-08 12:00:00,19.990298988453294,34.550003051757926,9.262233334253062e-08
2040-09-08 13:00:00,19.99030012899024,35.244812011718864,9.488529972389783e-08
2040-09-08 14:00:00,19.99030318659152,35.551250457763786,1.0573144171985597e-07
2040-09-08 15:00:00,19.99030820780793,35.46108245849621,1.2409130925082412e-07
2040-09-08 16:00:00,19.99030410601512,34.81527328491222,9.699110836695579e-08
2040-09-08 17:00:00,19.99030418581572,33.62598800659191,9.364345326993148e-08
2040-09-08 18:00:00,19.99030789297032,31.575576782226676,9.922074639476172e-08
2040-09-08 19:00:00,19.990326104725977,29.852235794067496,1.3891537920932902e-07
2040-09-08 20:00:00,24.70513901562996,28.729698181152457,2.7256875567514883e-07
2040-09-08 21:00:00,24.70514769347281,27.78709220886242,3.055136179560734e-07
2040-09-08 22:00:00,19.99032188594148,27.56392097473156,1.2050631855331315e-07
2040-09-08 23:00:00,20.040504032288258,26.981590270996207,1.98394409916867e-07
2040-09-09 00:00:00,24.70514372261673,26.454591751098746,3.307994357529473e-07
2040-09-09 01:00:00,24.70514506414369,26.048725128173942,3.363478028329855e-07
2040-09-09 02:00:00,24.70511771462168,26.370845794677848,3.110747420728295e-07
2040-09-09 03:00:00,24.70500736078454,25.913215637207145,2.77864780972043e-07
2040-09-09 04:00:00,24.705118071526453,25.39532279968273,2.6096420883976535e-07
2040-09-09 05:00:00,24.70514658469006,24.950740814209098,2.52861454238211e-07
2040-09-09 06:00:00,24.7051220522474,24.822830200195426,2.2120482723815642e-07
2040-09-09 07:00:00,0.0567439603612572,25.922813415527457,1.4082353731088574e-07
2040-09-09 08:00:00,0.0567346477783298,28.056743621826286,1.1193353320855804e-07
2040-09-09 09:00:00,0.025164138180481,30.00628471374523,8.118583625622852e-08
2040-09-09 10:00:00,0.0251926502067484,31.721366882324332,8.129005783156721e-08
2040-09-09 11:00:00,0.025111175112269,33.41108322143566,6.99065380498519e-08
2040-09-09 12:00:00,0.0250999932863764,34.89329910278332,5.455694981972997e-08
2040-09-09 13:00:00,0.0251025709871177,35.76902770996105,5.846249839848588e-08
2040-09-09 14:00:00,0.0251048796007867,35.673591613769645,6.368793377573287e-08
2040-09-09 15:00:00,0.0251047677976819,35.18425369262707,6.27865828243856e-08
2040-09-09 16:00:00,0.0251047462144065,33.93907546997082,6.200880795371009e-08
2040-09-09 17:00:00,0.0251095202516109,31.667434692382926,7.250542856481098e-08
2040-09-09 18:00:00,0.0251133003858294,28.853069305420036,7.747315920648877e-08
2040-09-09 19:00:00,0.0251155494482562,27.219184875488395,8.157384444224812e-08
2040-09-09 20:00:00,0.0251123140605453,26.237386703491325,7.932962572307308e-08
2040-09-09 21:00:00,0.0251101189186402,25.350450515747184,7.178991716987774e-08
2040-09-09 22:00:00,0.0251078664791156,24.943664550781364,6.732091700242001e-08
2040-09-09 23:00:00,0.0251079758581678,24.770053863525504,6.915666038826763e-08
2040-09-10 00:00:00,0.025108147483713,24.545587539672965,6.8470774974714e-08
2040-09-10 01:00:00,0.0251081144073413,24.05625152587902,6.586329377455905e-08
2040-09-10 02:00:00,0.0251088712335314,23.58922386169445,6.477916109030676e-08
2040-09-10 03:00:00,0.0251116191079602,23.35590744018566,6.753079594866643e-08
2040-09-10 04:00:00,0.0251169607876698,23.2162380218507,7.094174347128115e-08
2040-09-10 05:00:00,0.0251274783941415,23.878684997558707,6.768211769911072e-08
2040-09-10 06:00:00,0.0259389982304365,24.31920433044445,8.7879657464304e-08
2040-09-10 07:00:00,0.0260167972294126,25.674737930297965,8.506767180443246e-08
2040-09-10 08:00:00,0.0258734009713479,27.463571548462028,7.240431666937962e-08
2040-09-10 09:00:00,0.0258970306761184,29.430852890014762,7.533385891240889e-08
2040-09-10 10:00:00,0.0258699902234005,31.30086708068859,6.20904590603738e-08
2040-09-10 11:00:00,0.0258669401938235,32.18988418579113,5.900721130118791e-08
2040-09-10 12:00:00,0.0258684402115101,32.99671554565441,6.236513254242441e-08
2040-09-10 13:00:00,0.0258703111148011,33.28386688232433,6.420563514432204e-08
2040-09-10 14:00:00,0.025867901107316,32.81606292724621,5.460528482437837e-08
2040-09-10 15:00:00,0.0258651366665029,31.948961257934684,4.6784492376254565e-08
2040-09-10 16:00:00,0.0258601261599302,30.45691299438488,4.3346944085249505e-08
2040-09-10 17:00:00,0.0258760745619075,28.055385589599723,5.078238862847295e-08
2040-09-10 18:00:00,0.0258920382951186,25.19360160827648,5.920058775386819e-08
2040-09-10 19:00:00,0.0259108603781658,24.426994323730582,6.327897395444791e-08
2040-09-10 20:00:00,0.0259583641487293,23.46500396728527,7.189874269116773e-08
2040-09-10 21:00:00,19.990165569983947,22.567449569702262,1.713531257393572e-07
2040-09-10 22:00:00,19.990292368699134,22.37841606140148,1.613727008031226e-07
2040-09-10 23:00:00,20.348556264238976,21.852745056152457,1.7533448429289701e-07
2040-09-11 00:00:00,20.785399404539184,20.818393707275504,2.195582258111925e-07
2040-09-11 01:00:00,27.33237843181851,20.438571929931754,3.0189234512598053e-07
2040-09-11 02:00:00,43.29884947386386,20.238365173339957,0.000816272806450361
2040-09-11 03:00:00,43.30254722728514,20.060928344726676,0.02836712065550729
2040-09-11 04:00:00,43.302598179610335,19.962055206298942,0.0721200256202527
2040-09-11 05:00:00,43.30260867616709,20.146619796753043,0.12014834454296659
2040-09-11 06:00:00,43.3026114635273,20.348335266113395,0.14432235102204413
2040-09-11 07:00:00,43.30260959337993,20.826150894165153,0.11326795521825367
2040-09-11 08:00:00,43.3025974001046,21.784317016601676,0.045410206654157556
2040-09-11 09:00:00,43.30261080088556,21.701438903808707,0.11822193117715785
2040-09-11 10:00:00,43.30260545081119,21.955310821533317,0.06819663331745869
2040-09-11 11:00:00,43.30260922625751,20.78454971313488,0.09533363792528687
2040-09-11 12:00:00,43.30261164613097,19.48339653015148,0.12288559913198296
2040-09-11 13:00:00,43.30259769348992,20.08328247070324,0.03614010247257781
2040-09-11 14:00:00,43.30261275495629,19.368307113647575,0.13535705431345166
2040-09-11 15:00:00,43.30261288497237,19.469612121582145,0.13197433390103727
2040-09-11 16:00:00,43.30261177322756,19.33605766296398,0.11452534144087873
2040-09-11 17:00:00,43.30261426645948,19.036302566528434,0.16419460945794187
2040-09-11 18:00:00,43.30261583740116,18.22453117370617,0.21660600670604394
2040-09-11 19:00:00,43.30261588059664,17.7576198577882,0.21821028443162416
2040-09-11 20:00:00,43.302615802954456,17.63850593566906,0.21934227133902548
2040-09-11 21:00:00,43.30261589155272,17.439176559448356,0.23268775720556906
2040-09-11 22:00:00,43.30261527320303,17.240512847900504,0.2159824345128681
2040-09-11 23:00:00,43.30261490297828,17.001958847046012,0.20992826820014251
2040-09-12 00:00:00,43.30261487314891,16.720664978027457,0.21410661519473356
2040-09-12 01:00:00,43.302614511026064,16.499858856201286,0.20365908971168512
2040-09-12 02:00:00,43.30261482485098,16.35147857666027,0.21616357753654175
2040-09-12 03:00:00,43.30261526298489,16.164361953735465,0.23603666499526502
2040-09-12 04:00:00,43.30261561066551,15.948027610778922,0.2436929231443314
2040-09-12 05:00:00,43.30261553389829,15.753659248352164,0.2333500805450841
2040-09-12 06:00:00,43.30261491049765,15.562526702880973,0.20172733286058972
2040-09-12 07:00:00,43.30257941237592,15.733289718628043,0.04248176225139856
2040-09-12 08:00:00,43.30256157673068,16.387674331665153,0.025107920692070348
2040-09-12 09:00:00,35.05423481730984,17.590469360351676,2.5212382371994927e-07
2040-09-12 10:00:00,35.0542318636911,20.10299682617199,2.2168188510592665e-07
2040-09-12 11:00:00,35.05423137139286,22.855808258056754,2.1606656862994951e-07
2040-09-12 12:00:00,35.05423124328808,23.921388626098746,2.1052858659982376e-07
2040-09-12 13:00:00,35.05424119771012,23.514867782592887,3.0857742474487723e-07
2040-09-12 14:00:00,35.05425411389749,23.174068450927848,3.528988460939721e-07
2040-09-12 15:00:00,35.054239402967994,23.224529266357536,2.9726976414104407e-07
2040-09-12 16:00:00,35.05423701011689,23.49020385742199,2.672001297701537e-07
2040-09-12 17:00:00,35.0542467330562,22.79394340515148,3.198758566072486e-07
2040-09-12 18:00:00,35.054266669727696,21.586332321167106,3.7543930136140364e-07
2040-09-12 19:00:00,35.054255508122125,20.621984481811637,3.742468120835686e-07
2040-09-12 20:00:00,35.05425590953699,20.027521133422965,3.7906679522646314e-07
2040-09-12 21:00:00,35.05426452144701,19.38670349121105,4.145480607720403e-07
2040-09-12 22:00:00,35.054247080477296,18.79657363891613,3.7952755547998555e-07
2040-09-12 23:00:00,35.05425451672585,18.436401367187614,4.13052551047327e-07
2040-09-13 00:00:00,35.776459725007555,18.402292251587028,5.493904879729943e-07
2040-09-13 01:00:00,36.62797566766407,18.502037048339957,6.473890678479582e-07
2040-09-13 02:00:00,35.0542462278547,18.428758621215934,4.0294097506907445e-07
2040-09-13 03:00:00,35.05424130226429,18.187078475952262,3.436495762868019e-07
2040-09-13 04:00:00,35.05424220276111,17.908155441284293,3.4170518719869055e-07
2040-09-13 05:00:00,35.05423667525769,17.445898056030387,2.3820860757548765e-07
2040-09-13 06:00:00,35.05423297275654,17.571880340576286,1.9357688416721226e-07
2040-09-13 07:00:00,20.84330819053339,18.151510238647575,9.172627456157247e-08
2040-09-13 08:00:00,20.843308494762944,18.615959167480582,9.011998362657381e-08
2040-09-13 09:00:00,20.843310626939743,19.277791976928825,9.213553027806783e-08
2040-09-13 10:00:00,20.843308819542123,22.762060165405387,8.421146628161993e-08
2040-09-13 11:00:00,20.84334104879302,23.18711662292492,1.0469352953118304e-07
2040-09-13 12:00:00,20.84352882865029,22.83156776428234,1.1164494454937023e-07
2040-09-13 13:00:00,27.332409877782336,22.9236297607423,1.8787762024702737e-07
2040-09-13 14:00:00,43.30256102119503,22.71351242065441,0.028219353973934058
2040-09-13 15:00:00,43.30259492874195,22.178800582885856,0.07513231951806289
2040-09-13 16:00:00,43.30260220715963,22.246934890747184,0.10749344574403688
2040-09-13 17:00:00,43.302604577733774,21.76386642456066,0.13002948361664163
2040-09-13 18:00:00,43.30260749566786,20.29736137390148,0.17740802732427197
2040-09-13 19:00:00,43.30260614036457,19.07452201843273,0.15853115872311896
2040-09-13 20:00:00,43.30260418646895,17.931022644043082,0.1388194811286065
2040-09-13 21:00:00,43.30260438431572,17.17469406127941,0.13808839326281563
2040-09-13 22:00:00,43.30259948785515,16.15957069396984,0.10138328851423646
2040-09-13 23:00:00,43.30259980434752,15.98347377777111,0.1052006074812517
2040-09-14 00:00:00,43.30259961339706,15.961350440979118,0.10717264077368244
2040-09-14 01:00:00,43.30260080873114,15.679437637329215,0.11472550256958264
2040-09-14 02:00:00,43.30260101085903,14.325054168701286,0.12374379835265453
2040-09-14 03:00:00,43.30260310737711,13.963208198547477,0.14399414931810725
2040-09-14 04:00:00,43.30260376609895,14.036682128906364,0.15110262542918268
2040-09-14 05:00:00,43.30260515684017,13.871688842773551,0.176383106094171
2040-09-14 06:00:00,43.30260719346033,13.743110656738395,0.22432345751234445
2040-09-14 07:00:00,24.705172071525737,14.244198799133414,6.029662568288098e-07
2040-09-14 08:00:00,24.70516901064377,15.901459693908805,4.2477944241545633e-07
2040-09-14 09:00:00,20.881546553113257,17.66300201416027,1.839530914435895e-07
2040-09-14 10:00:00,24.70516689214955,17.836196899414176,3.470064758988974e-07
2040-09-14 11:00:00,24.70516884732554,18.109247207641715,3.957657179816298e-07
2040-09-14 12:00:00,24.70516761296656,18.419090270996207,3.838454386947356e-07
2040-09-14 13:00:00,24.705151598021043,18.682491302490348,3.000692655786241e-07
2040-09-14 14:00:00,20.889441537608803,18.334915161132926,2.0659804738467167e-07
2040-09-14 15:00:00,19.99033344255547,18.208564758300895,1.4357052162447254e-07
2040-09-14 16:00:00,19.99037070116709,18.083959579467887,1.5993655677904184e-07
2040-09-14 17:00:00,19.99041519716328,17.50431060791027,1.5531802892659159e-07
2040-09-14 18:00:00,19.990327330813216,16.588901519775504,1.3006262288136682e-07
2040-09-14 19:00:00,19.990321975304195,15.86291313171398,1.1137784305871965e-07
2040-09-14 20:00:00,19.990317225298213,15.32731914520275,9.19973322873237e-08
2040-09-14 21:00:00,19.99031468732034,14.978349685669059,8.659973270533381e-08
2040-09-14 22:00:00,19.990313940587228,14.475085258484,8.587000835600184e-08
2040-09-14 23:00:00,19.990313555155417,13.837122917175407,8.554281043536756e-08
2040-09-15 00:00:00,19.990313462926665,13.286945343017692,8.546196634970282e-08
2040-09-15 01:00:00,19.99031350618852,12.767078399658317,8.546964923459469e-08
2040-09-15 02:00:00,19.990313738007213,12.29110431671154,8.550754419677555e-08
2040-09-15 03:00:00,19.990315184139263,11.961977958679313,8.747843419239907e-08
2040-09-15 04:00:00,19.990318852904597,11.625484466552848,9.621248523487144e-08
2040-09-15 05:00:00,19.990326154722148,11.347035408020133,1.1533859365025281e-07
2040-09-15 06:00:00,19.99033763666945,11.424406051635856,1.2156292837591734e-07
2040-09-15 07:00:00,19.990325794789424,12.19953536987316,1.101813352038295e-07
2040-09-15 08:00:00,19.990330319659943,12.99718284606945,1.1496613909183788e-07
2040-09-15 09:00:00,19.990323547792176,13.24321269989025,9.984976418062329e-08
2040-09-15 10:00:00,20.959379372526325,13.10698223114025,1.4181130630910972e-07
2040-09-15 11:00:00,19.99032039348262,14.127070426941032,8.582313464362194e-08
2040-09-15 12:00:00,19.99032650668841,13.741939544677848,9.920374723776808e-08
2040-09-15 13:00:00,19.990306322827102,14.795561790466422,7.736144568818265e-08
2040-09-15 14:00:00,19.990325211193404,16.235069274902457,8.85109079456479e-08
2040-09-15 15:00:00,19.99034071475136,15.301055908203239,1.1759636571129345e-07
2040-09-15 16:00:00,20.9741299694206,14.765065193176383,1.4818523889447676e-07
2040-09-15 17:00:00,24.373205328491604,14.214787483215446,2.0112112348619494e-07
2040-09-15 18:00:00,24.70510038172954,13.726328849792594,2.388390175079173e-07
2040-09-15 19:00:00,24.70508588026402,13.007917404174918,2.402710095972682e-07
2040-09-15 20:00:00,20.981365993009877,12.23191356658947,1.9392066552012318e-07
2040-09-15 21:00:00,20.98246972289296,11.890168190002555,1.8914748118941509e-07
2040-09-15 22:00:00,19.990351669939415,11.684028625488395,1.4268567220336211e-07
2040-09-15 23:00:00,19.990379947336805,11.36264514923107,1.6142443254879665e-07
2040-09-16 00:00:00,20.98728951619328,11.089965820312614,1.9823575711370943e-07
2040-09-16 01:00:00,19.99040318953253,10.814845085144157,1.7303904349203756e-07
2040-09-16 02:00:00,19.99035007691544,10.515712738037223,1.4801275965620203e-07
2040-09-16 03:00:00,19.99034670368355,10.244702339172477,1.3573977588582086e-07
2040-09-16 04:00:00,19.99034997945881,10.09194374084484,1.3344389088553225e-07
2040-09-16 05:00:00,19.990416159581223,9.934195518493766,1.2177069190792644e-07
2040-09-16 06:00:00,20.06407877035168,9.816445350647086,1.2191624555515596e-07
2040-09-16 07:00:00,20.064500675317618,10.334491729736442,1.3816056475627818e-07
2040-09-16 08:00:00,20.0644939578378,10.969155311584586,1.5801300909744239e-07
2040-09-16 09:00:00,20.063606113907134,11.441327095031852,1.2557283616122809e-07
2040-09-16 10:00:00,19.57035436772672,11.85614395141613,1.1152594914517896e-07
2040-09-16 11:00:00,19.9904027114952,11.631319999694938,1.2963794130588375e-07
2040-09-16 12:00:00,16.231438947512615,11.317865371704215,1.0271524561724017e-07
2040-09-16 13:00:00,16.231408910593004,11.081139564514274,9.05794067772891e-08
2040-09-16 14:00:00,16.23140765957553,11.160646438598746,8.882096718547774e-08
2040-09-16 15:00:00,16.23142027342542,11.113162040710563,9.896434947696025e-08
2040-09-16 16:00:00,16.231418518097463,11.029103279113883,9.768684035902458e-08
2040-09-16 17:00:00,16.231409584940273,10.930660247802848,8.895646162554878e-08
2040-09-16 18:00:00,16.231405988439995,10.893713951110954,8.279160464039318e-08
2040-09-16 19:00:00,16.231403709057666,10.873333930969352,7.92345809338154e-08
2040-09-16 20:00:00,16.23140359217692,10.90702342987072,7.961043944117943e-08
2040-09-16 21:00:00,16.23140451657604,10.913627624511832,8.318459391310285e-08
2040-09-16 22:00:00,16.231404049665958,10.954442977905387,8.250798009303975e-08
2040-09-16 23:00:00,16.231404448088675,11.008038520813102,8.308392977509149e-08
2040-09-17 00:00:00,16.231404289224518,10.971485137939567,8.097046496189328e-08
2040-09-17 01:00:00,16.2314060239962,10.766257286071891,8.39281401380251e-08
2040-09-17 02:00:00,16.23140806067303,10.54776477813732,8.569360173755149e-08
2040-09-17 03:00:00,16.231414113425444,10.469573974609489,9.346797936932547e-08
2040-09-17 04:00:00,16.231489340917154,10.597167015075797,1.193478551341046e-07
2040-09-17 05:00:00,21.0118338296248,10.647480010986442,1.4308242325420826e-07
2040-09-17 06:00:00,43.30258213843016,10.563137054443473,0.037605680990601034
2040-09-17 07:00:00,43.302606568497296,11.106720924377555,0.0955802359421118
2040-09-17 08:00:00,43.30260508551098,11.75981426239025,0.08231170474097302
2040-09-17 09:00:00,43.30261028469704,12.1906032562257,0.12020061985182658
2040-09-17 10:00:00,43.30261220433158,12.360748291015739,0.14986721401326158
2040-09-17 11:00:00,43.3025864967495,13.241016387939567,0.035119333108216126
2040-09-17 12:00:00,43.30257462259572,13.450217247009391,0.025394665606821916
2040-09-17 13:00:00,43.302562347302384,14.686601638794059,0.01438436474745016
2040-09-17 14:00:00,43.302564776104624,15.245370864868278,0.016231514346872068
2040-09-17 15:00:00,43.302585848759726,14.545737266540641,0.03529449496206096
2040-09-17 16:00:00,43.30256727169587,15.075078964233512,0.017076666853327562
2040-09-17 17:00:00,43.302576648189664,14.72521781921398,0.02638611034688471
2040-09-17 18:00:00,43.30260946398847,13.55908298492443,0.09677139435214331
2040-09-17 19:00:00,43.30261242024199,12.388998985290641,0.1312213081227907
2040-09-17 20:00:00,43.3026131960117,11.66708087921154,0.1444462405753561
2040-09-17 21:00:00,43.302611124579975,11.44427871704113,0.12089234131821243
2040-09-17 22:00:00,43.30258191299051,11.239142417907829,0.03441174754537751
2040-09-17 23:00:00,43.30259020437347,11.25888538360607,0.04653558354902072
2040-09-18 00:00:00,43.30258648671989,11.21188831329357,0.04185132299062677
2040-09-18 01:00:00,43.30258108876168,11.201989173889274,0.03444087150348022
2040-09-18 02:00:00,43.30258244757631,11.056830406189079,0.035281737274831394
2040-09-18 03:00:00,43.30258524511539,10.760081291198844,0.03742707961187551
2040-09-18 04:00:00,43.30259626259252,10.441549301147575,0.04971420289642551
2040-09-18 05:00:00,43.30260851982053,10.216169357299918,0.0834184222741081
2040-09-18 06:00:00,43.30261289031712,10.246045112609977,0.11292418027479333
2040-09-18 07:00:00,24.70519988160576,11.037004470825309,2.39739110145929e-07
2040-09-18 08:00:00,24.70519001781786,12.2161741256715,2.146372051759881e-07
2040-09-18 09:00:00,19.99074897326002,13.475121498108024,1.3556975866450035e-07
2040-09-18 10:00:00,19.99035725628808,14.347254753112907,1.0462015682090707e-07
2040-09-18 11:00:00,19.99035516933692,15.157417297363395,9.73150055135717e-08
2040-09-18 12:00:00,19.990356257653847,16.676462173462028,1.0087811356180606e-07
2040-09-18 13:00:00,19.99036712358755,16.421333312988395,1.2382127038723253e-07
2040-09-18 14:00:00,19.990345054744385,17.429281234741325,7.99390012125365e-08
2040-09-18 15:00:00,19.99035095500208,17.404420852661246,8.418367951770488e-08
2040-09-18 16:00:00,19.99036161719312,16.697774887085075,1.0946540397230847e-07
2040-09-18 17:00:00,19.990357009162217,15.845952987671012,9.612331389278049e-08
2040-09-18 18:00:00,19.99035791990123,14.589578628540153,9.765545547500355e-08
2040-09-18 19:00:00,19.99035685582395,13.437125205993766,9.603776952978741e-08
2040-09-18 20:00:00,19.99035560504258,12.419216156005973,9.10617479701324e-08
2040-09-18 21:00:00,19.990355212176187,11.894835472107047,8.770371638814111e-08
2040-09-18 22:00:00,19.99036034313897,11.71179008483898,1.0225649840305801e-07
2040-09-18 23:00:00,19.990360405804125,11.667132377624625,9.679630871928657e-08
2040-09-19 00:00:00,19.990363824929737,11.563964843750114,9.999606931308114e-08
2040-09-19 01:00:00,19.9903870938114,11.449088096618766,1.3442762779580939e-07
2040-09-19 02:00:00,21.007090745472524,11.611381530761832,1.9346497768240446e-07
2040-09-19 03:00:00,43.30188245834107,11.421802520752067,0.002676864642983867
2040-09-19 04:00:00,43.30259849249897,11.428007125854606,0.051289045802963375
2040-09-19 05:00:00,43.30261766887727,11.244777679443473,0.10681102309640367
2040-09-19 06:00:00,43.30262244395954,11.25062179565441,0.15549171420966307
2040-09-19 07:00:00,43.30262222114997,11.344201087951774,0.13859059051693506
2040-09-19 08:00:00,43.30262188947336,11.550108909607047,0.12077597834069222
2040-09-19 09:00:00,43.302620011946864,12.023982048034782,0.09026270591879104
2040-09-19 10:00:00,43.302621779825074,12.430316925048942,0.10738028681420077
2040-09-19 11:00:00,43.30261669287504,12.738512039184684,0.06315043747778425
2040-09-19 12:00:00,43.30261457626769,12.986113548278922,0.05200991983441198
2040-09-19 13:00:00,43.30261463771389,12.971817016601676,0.05125887582562367
2040-09-19 14:00:00,43.30261293868242,13.270408630371207,0.04404322064081421
2040-09-19 15:00:00,43.30261452766034,14.11126518249523,0.04931103513568105
2040-09-19 16:00:00,43.30262586092236,13.48099517822277,0.15945392429118743
2040-09-19 17:00:00,43.30262720872166,12.80560684204113,0.19887173345559306
2040-09-19 18:00:00,43.30262777058174,12.228263854980582,0.20750921785126322
2040-09-19 19:00:00,43.302628167720194,11.70885276794445,0.22187653341116328
2040-09-19 20:00:00,43.30262865966319,11.496452331543082,0.24763587246108554
2040-09-19 21:00:00,43.30262898226233,11.099237442016715,0.2563051641359459
2040-09-19 22:00:00,43.30262903688003,10.564723968505973,0.25478444087581836
2040-09-19 23:00:00,43.30262888231776,10.339529991150016,0.25029495512419403
2040-09-20 00:00:00,43.30262859902601,10.630173683166618,0.2442270129687526
2040-09-20 01:00:00,43.3026288663743,10.497642517089957,0.24655019201565706
2040-09-20 02:00:00,43.30262899545319,10.240546226501579,0.24722655321714415
2040-09-20 03:00:00,43.30262914785195,10.166078567504996,0.24855251518137275
2040-09-20 04:00:00,43.30262945039214,10.254558563232536,0.2524533975140643
2040-09-20 05:00:00,43.30262955649497,10.30063629150402,0.24925391176985537
2040-09-20 06:00:00,43.302629459802986,10.303170204162711,0.2322901555901988
2040-09-20 07:00:00,43.30262763412695,10.586369514465446,0.175774849866725
2040-09-20 08:00:00,43.30262699487718,11.310466766357536,0.15637900125862594
2040-09-20 09:00:00,43.30262636723244,12.175522804260368,0.13829760445142403
2040-09-20 10:00:00,43.302614517088855,13.901521682739371,0.04329674461957309
2040-09-20 11:00:00,43.30261553039085,14.746062278747672,0.04536632139280574
2040-09-20 12:00:00,43.30261576646666,16.12292861938488,0.04521993952684535
2040-09-20 13:00:00,43.30261749773203,17.149616241455192,0.05261688147967815
2040-09-20 14:00:00,43.30261820727576,17.568687438964957,0.05572882394424051
2040-09-20 15:00:00,43.30262368502128,17.2856960296632,0.09687085460813256
2040-09-20 16:00:00,43.3026266426339,17.113840103149528,0.12579252216721493
2040-09-20 17:00:00,43.302630456661,16.31224060058605,0.261115720680671
2040-09-20 18:00:00,43.30263049089566,15.121625900268668,0.26073060410252186
2040-09-20 19:00:00,43.3026300160707,13.923496246338004,0.2515695978928321
2040-09-20 20:00:00,43.30263026613696,13.124525070190543,0.2563860498748337
2040-09-20 21:00:00,43.30263005267524,12.295859336853141,0.2526280085416513
2040-09-20 22:00:00,43.30262934469621,12.650252342224235,0.23484824266065665
2040-09-20 23:00:00,43.302628935739904,12.565334320068473,0.21958807592524363
2040-09-21 00:00:00,43.30262834334809,12.279777526855582,0.1992572627101755
2040-09-21 01:00:00,43.30262830854317,12.273274421692008,0.19824821448399443
2040-09-21 02:00:00,43.30262833459082,11.96469593048107,0.19939729372333656
2040-09-21 03:00:00,43.30262868045255,11.633565902710075,0.2108212245728376
2040-09-21 04:00:00,43.30262913132458,11.569892883300895,0.22490865506963567
2040-09-21 05:00:00,43.30262943913736,11.457692146301383,0.23322243473829976
2040-09-21 06:00:00,43.30262944763753,11.40450477600109,0.2287064660614619
2040-09-21 07:00:00,43.3026260986327,11.974470138549918,0.15020681225064056
2040-09-21 08:00:00,43.30262135209644,13.435539245605582,0.08528055309432486
2040-09-21 09:00:00,43.302616086656826,15.488628387451286,0.05094074882597837
2040-09-21 10:00:00,43.30261449106594,17.619312286377067,0.04279605305435302
2040-09-21 11:00:00,43.30262035287725,17.92177772521984,0.0730816622028837
2040-09-21 12:00:00,43.30261426744743,19.41648101806652,0.038304406858976445
2040-09-21 13:00:00,43.30261518562961,20.12644767761242,0.04110130086128124
2040-09-21 14:00:00,43.30261705596341,20.64425086975109,0.04836083828768251
2040-09-21 15:00:00,43.30262094179915,20.412082672119254,0.06952748159588547
2040-09-21 16:00:00,43.30262727344533,19.682514190673942,0.13218281615333152
2040-09-21 17:00:00,43.30262952079256,18.700384140014762,0.20540362111452512
2040-09-21 18:00:00,43.30263045802151,17.488960266113395,0.2545054796868865
2040-09-21 19:00:00,43.30263047820855,16.620845794677848,0.2535032059704014
2040-09-21 20:00:00,43.30263051602728,15.992722511291618,0.2528748849526171
2040-09-21 21:00:00,43.30263053894905,15.543028831482047,0.2522620616349414
2040-09-21 22:00:00,43.30263041951484,15.507184028625602,0.2494896228226022
2040-09-21 23:00:00,43.30263044001256,15.25854873657238,0.24891992007562896
2040-09-22 00:00:00,43.30263036668801,14.914242744445914,0.24713925961955532
2040-09-22 01:00:00,43.30263057981307,14.803404808044547,0.24947317253219523
2040-09-22 02:00:00,43.30263068587454,14.188683509826774,0.2504993958576094
2040-09-22 03:00:00,43.302630890653866,13.638379096984977,0.2530968853019314
2040-09-22 04:00:00,43.302631361030514,13.514251708984489,0.2600892366732361
2040-09-22 05:00:00,43.302631659187504,13.65313529968273,0.26472511731186604
2040-09-22 06:00:00,43.30263191582874,13.773653030395621,0.26891667869631386
2040-09-22 07:00:00,43.30263152982785,13.66477489471447,0.2534440556606355
2040-09-22 08:00:00,43.30263083580718,13.694759368896598,0.19938815958480136
2040-09-22 09:00:00,43.30263085365432,13.525918006897086,0.20445870259030197
2040-09-22 10:00:00,43.302630176626366,13.711154937744254,0.18013846292928853
2040-09-22 11:00:00,43.30262906203805,14.008653640747184,0.14583461311520896
2040-09-22 12:00:00,43.30262597784616,14.911094665527457,0.0969007841000205
2040-09-22 13:00:00,43.302629545181865,15.431776046753043,0.1621818333006001
2040-09-22 14:00:00,43.30262860051828,16.406391143798942,0.13624759805968487
2040-09-22 15:00:00,43.302630749451644,16.541952133178825,0.20679238365891356
2040-09-22 16:00:00,43.30263016534323,16.472784042358512,0.18294196500853377
2040-09-22 17:00:00,43.30263064861199,15.86529922485363,0.2196921408514684
2040-09-22 18:00:00,43.30263066456621,14.990709304809684,0.21776604222725152
2040-09-22 19:00:00,43.30263015726462,14.350970268249625,0.19819659798689954
2040-09-22 20:00:00,43.30262978482345,13.925359725952262,0.19137334848404575
2040-09-22 21:00:00,43.30262930563533,13.597591400146598,0.18316311868638668
2040-09-22 22:00:00,43.3026281975484,13.467668533325309,0.15519093732636607
2040-09-22 23:00:00,43.30262800757145,13.31730175018322,0.15281584759886563
2040-09-23 00:00:00,43.302627570366425,13.215072631836051,0.14194090443076293
2040-09-23 01:00:00,43.30262802500123,12.861216545105094,0.1500431437338648
2040-09-23 02:00:00,43.30262899187188,12.792443275451774,0.17543607489356366
2040-09-23 03:00:00,43.30263000591896,12.828411102295036,0.20590742727683572
2040-09-23 04:00:00,43.30263077349925,12.582063674926871,0.22801380728014678
2040-09-23 05:00:00,43.30263134819069,12.4556179046632,0.2419307564297877
2040-09-23 06:00:00,43.30263155271203,12.361199378967399,0.24628581765540317
2040-09-23 07:00:00,43.302629816444885,12.88431835174572,0.17753467129329828
2040-09-23 08:00:00,43.30262842974577,14.062715530395621,0.1281243646369766
2040-09-23 09:00:00,43.30263075503337,14.392083168029899,0.19759977682658905
2040-09-23 10:00:00,43.30262859093252,15.237106323242301,0.13110869413819473
2040-09-23 11:00:00,43.3026195392122,16.865436553955192,0.0490214443378304
2040-09-23 12:00:00,43.302624771515205,17.17350578308117,0.0783826295143521
2040-09-23 13:00:00,43.302630836468325,15.693406105041618,0.222343464074714
2040-09-23 14:00:00,43.30262634304915,16.592443466186637,0.09917041902205596
2040-09-23 15:00:00,43.30262997777565,16.405475616455192,0.16732283037804482
2040-09-23 16:00:00,43.30263038055189,16.14400672912609,0.1801119133542744
2040-09-23 17:00:00,43.302631144038216,15.257499694824332,0.21631071426728674
2040-09-23 18:00:00,43.302631074838565,14.109629631042594,0.2262736967862208
2040-09-23 19:00:00,43.30263080918765,13.92843055725109,0.2067099633633333
2040-09-23 20:00:00,43.30263028361227,13.476168632507438,0.19024264877457195
2040-09-23 21:00:00,43.302630197798976,12.785023689270133,0.1916843946712508
2040-09-23 22:00:00,43.30263059727006,12.36987686157238,0.2172776507861719
2040-09-23 23:00:00,43.30263090295655,12.210310935974235,0.236477049281407
2040-09-24 00:00:00,43.30263101598003,11.750297546386832,0.23992945582812011
2040-09-24 01:00:00,43.3026311405599,11.80250453948986,0.2416731868724759
2040-09-24 02:00:00,43.30263149986445,11.393453598022575,0.24903841626718695
2040-09-24 03:00:00,43.30263176068527,11.360357284546012,0.25280753593523125
2040-09-24 04:00:00,43.302631987412745,11.451455116272086,0.25372097688378553
2040-09-24 05:00:00,43.30263229926816,11.420022964477653,0.2572695293898257
2040-09-24 06:00:00,43.3026325097538,11.310055732727164,0.25949444309756275
2040-09-24 07:00:00,43.302631999636034,11.509979248046989,0.24673208008727424
2040-09-24 08:00:00,43.302630840988016,12.352255821228141,0.1713906075469838
2040-09-24 09:00:00,43.30263157409997,12.52469921112072,0.2077302435585336
2040-09-24 10:00:00,43.30263120853967,12.702761650085563,0.18188511484648054
2040-09-24 11:00:00,43.30262920409884,13.33798694610607,0.1223283385654807
2040-09-24 12:00:00,43.30262698393595,13.794337272644157,0.09357758548095577
2040-09-24 13:00:00,43.30262212040954,14.95310497283947,0.05411799015997748
2040-09-24 14:00:00,43.30262767344864,15.428523063659782,0.10661916549658967
2040-09-24 15:00:00,43.30263078045872,14.30149364471447,0.18631128282359208
2040-09-24 16:00:00,43.30262948924441,14.552824974060172,0.14051509209591737
2040-09-24 17:00:00,43.30263161235946,14.118147850036735,0.22083700846937696
2040-09-24 18:00:00,43.30263231261917,13.003635406494254,0.268650185141585
2040-09-24 19:00:00,43.302632205268345,12.00959682464611,0.2668898201283667
2040-09-24 20:00:00,43.30263203859308,11.504884719848746,0.26455980415663044
2040-09-24 21:00:00,43.30263188621357,11.253248214721793,0.26227526088025155
2040-09-24 22:00:00,43.30263147904111,11.041330337524528,0.25282958623370927
2040-09-24 23:00:00,43.30263072395146,10.682602882385368,0.21708150295337159
2040-09-25 00:00:00,43.30263040778878,10.684892654419059,0.20729823357975696
2040-09-25 01:00:00,43.30263069390903,10.97116851806652,0.22756199739028604
2040-09-25 02:00:00,43.30263086795734,10.813701629638786,0.23837267840057405
2040-09-25 03:00:00,43.30263077501188,10.257631301879996,0.22512835101790724
2040-09-25 04:00:00,43.302630976194,10.020554542541618,0.22333034005763852
2040-09-25 05:00:00,43.30263137664568,9.978137969970817,0.2403815448416042
2040-09-25 06:00:00,43.30263157019654,9.562722206115836,0.25485175758784917
2040-09-25 07:00:00,43.30262963634074,10.171612739563102,0.1838059693211506
2040-09-25 08:00:00,43.30262470646587,11.369009971618766,0.09331533911506927
2040-09-25 09:00:00,43.3026178846085,12.624778747558707,0.05179192577507399
2040-09-25 10:00:00,43.30261657886086,13.841087341308707,0.04528317872496658
2040-09-25 11:00:00,43.30261504938748,15.97906303405773,0.04004531678518299
2040-09-25 12:00:00,43.30261441517133,17.07636642456066,0.038940939026676
2040-09-25 13:00:00,43.30261502585484,17.84219360351574,0.04108753828181798
2040-09-25 14:00:00,43.30261730492597,18.222377777099723,0.05104625349172185
2040-09-25 15:00:00,43.30262133342308,18.002094268798942,0.07006386163695
2040-09-25 16:00:00,43.302626944220606,17.453546524047965,0.12953344008647869
2040-09-25 17:00:00,43.30262923326343,16.407363891601676,0.19926650631030046
2040-09-25 18:00:00,43.30262897069114,14.98302268981945,0.20501784166311196
2040-09-25 19:00:00,43.30262690137717,13.948946952819938,0.15339140321907133
2040-09-25 20:00:00,43.30262652147411,13.336778640747184,0.14130913581934476
2040-09-25 21:00:00,43.30262548591536,13.020524024963493,0.12344710078411869
2040-09-25 22:00:00,43.30262568911678,12.717586517334098,0.13469393501441632
2040-09-25 23:00:00,43.30262650847519,12.42887115478527,0.1636047805021353
2040-09-26 00:00:00,43.30262672537121,12.266974449157829,0.1781571376983682
2040-09-26 01:00:00,43.30262706787119,12.05455589294445,0.1888964364906001
2040-09-26 02:00:00,43.30262747632376,11.71290206909191,0.20439984419394835
2040-09-26 03:00:00,43.30262757514243,11.263729095459098,0.20651037599271047
2040-09-26 04:00:00,43.3026278152296,10.515873908996696,0.20797547895441634
2040-09-26 05:00:00,43.30262829531464,10.09656906127941,0.2260953624360757
2040-09-26 06:00:00,43.30262838541465,9.791493415832633,0.2359476385401705
2040-09-26 07:00:00,43.30262565006095,10.728155136108512,0.1564583458296878
2040-09-26 08:00:00,43.30261908212629,12.708513259887809,0.07978373827922489
2040-09-26 09:00:00,43.3026075489719,15.263464927673454,0.03996594038200071
2040-09-26 10:00:00,43.30260431593674,17.623123168945426,0.03158094312145583
2040-09-26 11:00:00,43.30260465633259,19.537185668945426,0.031731846628246164
2040-09-26 12:00:00,43.302605251206,20.93917846679699,0.032492467277848824
2040-09-26 13:00:00,43.30260650073599,21.650451660156364,0.03545154436814773
2040-09-26 14:00:00,43.30260892945296,22.14695739746105,0.04199199011678567
2040-09-26 15:00:00,43.302613710276376,22.276016235351676,0.05864636377112556
2040-09-26 16:00:00,43.30262148725196,21.853263854980582,0.10914535278628884
2040-09-26 17:00:00,43.302619810812416,20.72365760803234,0.10138381438421055
2040-09-26 18:00:00,43.30261934722653,18.77783012390148,0.09770765863799304
2040-09-26 19:00:00,43.30261775745614,17.51366233825695,0.0897933003561609
2040-09-26 20:00:00,43.3026186161563,16.53113174438488,0.10191079006052164
2040-09-26 21:00:00,43.30261825839295,16.131601333618278,0.10150587929876717
2040-09-26 22:00:00,43.30261816161374,15.996793746948356,0.10590986123040234
2040-09-26 23:00:00,43.30261856172471,15.549501419067496,0.11342790148596239
2040-09-27 00:00:00,43.30261831420856,14.875067710876579,0.11425055203778091
2040-09-27 01:00:00,43.30261757762204,14.360200881958121,0.10854192201369847
2040-09-27 02:00:00,43.302616833633934,13.94443798065197,0.09963095531775146
2040-09-27 03:00:00,43.30261659058645,13.73991680145275,0.09734538361700039
2040-09-27 04:00:00,43.30261852355643,13.481991767883414,0.11883610544328432
2040-09-27 05:00:00,43.30261988400109,13.147925376892204,0.13929458728247315
2040-09-27 06:00:00,43.30262065498439,12.941413879394645,0.15178887540544303
2040-09-27 07:00:00,33.76937984892528,13.900348663330192,4.2692641418311517e-07
2040-09-27 08:00:00,27.33239344200962,16.408691406250114,2.2784220440926812e-07
2040-09-27 09:00:00,27.332374328796227,19.399604797363395,1.9190994031741773e-07
2040-09-27 10:00:00,27.33236842075612,21.751668930053825,1.6082210111916216e-07
2040-09-27 11:00:00,27.332367154198742,23.240831375122184,1.4848098714727602e-07
2040-09-27 12:00:00,27.332366860950263,24.226055145263786,1.4492256923125276e-07
2040-09-27 13:00:00,27.332366420564465,24.842531204223746,1.387626506951861e-07
2040-09-27 14:00:00,27.33236707435092,25.229667663574332,1.4096368614748516e-07
2040-09-27 15:00:00,27.332365555437587,25.123876571655387,1.2389975154138125e-07
2040-09-27 16:00:00,27.33236931727905,24.64869308471691,1.415636948511202e-07
2040-09-27 17:00:00,27.33237203976458,23.441001892089957,1.6226668176143316e-07
2040-09-27 18:00:00,27.33237539446344,21.58875656127941,1.842242380187575e-07
2040-09-27 19:00:00,27.332375903656395,20.39825820922863,1.831053795471026e-07
2040-09-27 20:00:00,27.332388009051463,20.177953720092887,2.4312354309685177e-07
2040-09-27 21:00:00,27.33237858945965,19.580593109130973,1.8896976591294646e-07
2040-09-27 22:00:00,27.33238482180277,18.975761413574332,2.3182323987132605e-07
2040-09-27 23:00:00,27.33238502219058,18.45922660827648,2.2655843910719508e-07
2040-09-28 00:00:00,27.332387926552556,18.382133483886832,2.3705574673807588e-07
2040-09-28 01:00:00,27.33239273657372,18.284696578979606,2.5409659904182615e-07
2040-09-28 02:00:00,27.33239742649674,18.07273674011242,2.553794477386698e-07
2040-09-28 03:00:00,27.33239933277568,17.808519363403434,2.070208395299741e-07
2040-09-28 04:00:00,27.33436934022732,17.456110000610465,2.5645544466291885e-07
2040-09-28 05:00:00,43.302477626868885,17.66205978393566,0.013738055492915336
2040-09-28 06:00:00,43.30252131010453,17.321195602417106,0.015418907196643645
2040-09-28 07:00:00,43.302535332424505,17.788644790649528,0.015700111287492033
2040-09-28 08:00:00,43.30254748650472,19.356786727905387,0.016836979749082465
2040-09-28 09:00:00,43.30255414033972,20.142566680908317,0.01615280615230893
2040-09-28 10:00:00,43.30261915239371,18.108533859253043,0.16280015626223698
2040-09-28 11:00:00,43.30256695198855,20.354818344116325,0.016043095373965498
2040-09-28 12:00:00,43.30257480677594,21.25167846679699,0.020481350024165637
2040-09-28 13:00:00,43.30258408564651,21.245662689209098,0.02860731315717663
2040-09-28 14:00:00,43.302584413544615,21.411212921142692,0.02650883805330694
2040-09-28 15:00:00,43.30258948942083,21.174358367920036,0.03164109950959816
2040-09-28 16:00:00,43.30261295092853,20.196477890014762,0.09119059228892246
2040-09-28 17:00:00,43.302609992722566,19.440137863159293,0.07067601864511304
2040-09-28 18:00:00,43.30260076630256,18.30130767822277,0.04640029211008378
2040-09-28 19:00:00,43.30259575728485,16.96345138549816,0.03764213409189547
2040-09-28 20:00:00,43.302597701745775,16.989419937133903,0.04102779894042063
2040-09-28 21:00:00,43.30259983351784,16.52841186523449,0.04465450993082692
2040-09-28 22:00:00,43.30259765225354,15.511825561523551,0.04073730743257891
2040-09-28 23:00:00,43.30260040101415,14.764975547790641,0.046211776619990284
2040-09-29 00:00:00,43.302610917010746,14.353444099426383,0.07903170600815962
2040-09-29 01:00:00,43.30261627082458,13.953373908996696,0.10974363377219945
2040-09-29 02:00:00,43.30261716476977,13.592159271240348,0.11561329397260085
2040-09-29 03:00:00,43.30261972523522,13.317526817321891,0.13574867608779162
2040-09-29 04:00:00,43.302621640513486,13.723016738891715,0.146703378686558
2040-09-29 05:00:00,43.30262259904948,13.954090118408317,0.14790948029125656
2040-09-29 06:00:00,43.30262298454795,14.31484699249279,0.1433468349927819
2040-09-29 07:00:00,43.302623759572256,14.661734580993766,0.15644407764009896
2040-09-29 08:00:00,43.30262524420502,15.002488136291618,0.19652143498766847
2040-09-29 09:00:00,43.302625713438935,15.177771568298454,0.20904472786912692
2040-09-29 10:00:00,43.30262621335167,14.709301948547477,0.23116326617197952
2040-09-29 11:00:00,43.30262613986559,14.625755310058707,0.2346246634056126
2040-09-29 12:00:00,43.30262551240081,15.175188064575309,0.20851366836482446
2040-09-29 13:00:00,43.3026146294571,16.250734329223746,0.06406103374373487
2040-09-29 14:00:00,43.30261498469721,16.6245632171632,0.06241568132118679
2040-09-29 15:00:00,43.3026238930392,15.253964424133414,0.15717053731788108
2040-09-29 16:00:00,43.30261986635698,15.655639648437614,0.09224644327709544
2040-09-29 17:00:00,43.30262412856335,15.091389656067008,0.14695275193167212
2040-09-29 18:00:00,43.30262209852926,13.741229057312125,0.12031275875424524
2040-09-29 19:00:00,43.302614142234205,13.18623256683361,0.06248390439504819
2040-09-29 20:00:00,43.30261162271715,12.914570808410758,0.052329993016324336
2040-09-29 21:00:00,43.302609911887245,12.691364288330192,0.04674824820629043
2040-09-29 22:00:00,43.30260999414593,12.419786453247184,0.047649280644992825
2040-09-29 23:00:00,43.30261375479333,12.19492626190197,0.06501403395490683
2040-09-30 00:00:00,43.30261938346993,11.91025543212902,0.10028512663092662
2040-09-30 01:00:00,43.302621705746105,11.642726898193473,0.12755584282234766
2040-09-30 02:00:00,43.302623183125625,11.39697074890148,0.15025036842061046
2040-09-30 03:00:00,43.302624227286685,11.151132583618278,0.16869188511892957
2040-09-30 04:00:00,43.30262477564983,10.968251228332633,0.16963066110855365
2040-09-30 05:00:00,43.30262533072809,10.800563812255973,0.17591036146946468
2040-09-30 06:00:00,43.30262575249184,10.615033149719352,0.1842066539697366
2040-09-30 07:00:00,43.30262364346744,10.914305686950797,0.1406537096542268
2040-09-30 08:00:00,43.3026239409699,11.654800415039176,0.14605079676025015
2040-09-30 09:00:00,43.30262284801982,12.52233695983898,0.126573584908352
2040-09-30 10:00:00,43.30261981371359,13.336290359497184,0.09558203260283407
2040-09-30 11:00:00,43.30262042677226,13.79167461395275,0.1022653279619462
2040-09-30 12:00:00,43.302611812933065,14.299867630004996,0.05829388264027176
2040-09-30 13:00:00,43.302608214276674,14.604839324951286,0.05150249677892453
2040-09-30 14:00:00,43.30261676644167,14.088093757629508,0.08393321483062069
2040-09-30 15:00:00,43.302621746615785,12.946244239807243,0.13489615608141167
2040-09-30 16:00:00,43.302620322708144,12.996900558471793,0.11786473387909625
2040-09-30 17:00:00,43.30262055486829,12.836018562317008,0.12310966932903841
2040-09-30 18:00:00,43.302618961286434,12.304184913635368,0.10782489389502387
2040-09-30 19:00:00,43.30260650042191,11.922233581543082,0.05265768747791084
2040-09-30 20:00:00,43.30258839278408,11.715948104858512,0.029425439262349223
2040-09-30 21:00:00,43.30258190723468,11.420894622802848,0.023100889864801608
2040-09-30 22:00:00,43.30257725143805,11.082417488098258,0.016575045653098083
2040-09-30 23:00:00,43.30257795206684,10.52335357666027,0.017497295776345637
2040-10-01 00:00:00,43.30257896665819,10.237466812133903,0.018975111169695923
2040-10-01 01:00:00,43.30258128251756,9.77023792266857,0.022656653178214477
2040-10-01 02:00:00,43.30258489754767,9.226656913757438,0.028416796791437857
2040-10-01 03:00:00,43.30258662436833,8.894363403320426,0.03025670223440499
2040-10-01 04:00:00,43.30258882264317,8.603767395019645,0.03089497354933353
2040-10-01 05:00:00,43.30258968724097,8.266214370727653,0.029711900864047562
2040-10-01 06:00:00,43.302591197929104,8.535917282104606,0.029925225992490517
2040-10-01 07:00:00,21.01154179788617,9.646564483642692,1.3868001581818234e-07
2040-10-01 08:00:00,20.961484584766293,10.27966690063488,1.0340294480072925e-07
2040-10-01 09:00:00,20.961589987116497,10.671478271484489,1.3480716467047826e-07
2040-10-01 10:00:00,21.011711296708157,11.22320652008068,1.4242824951406902e-07
2040-10-01 11:00:00,25.90406534313125,11.885270118713493,1.9044759602483848e-07
2040-10-01 12:00:00,25.90411943268638,12.257910728454704,2.2010425913385477e-07
2040-10-01 13:00:00,25.904080953387183,12.701852798462028,2.0812436603694043e-07
2040-10-01 14:00:00,20.96152638337805,13.49231052398693,1.3870003274840666e-07
2040-10-01 15:00:00,20.961505697450928,13.899166107177848,1.3385180451630036e-07
2040-10-01 16:00:00,20.961505691382804,13.831463813781852,1.325125743555612e-07
2040-10-01 17:00:00,20.961639063074504,13.275466918945426,1.4159394046927043e-07
2040-10-01 18:00:00,20.961535026458527,12.40054798126232,1.3898640163089727e-07
2040-10-01 19:00:00,20.961488905245147,11.884545326233024,1.1817906021361072e-07
2040-10-01 20:00:00,20.96148604203274,11.500510215759391,1.1057051515278822e-07
2040-10-01 21:00:00,20.96148399270597,10.942446708679313,1.0292294136103718e-07
2040-10-01 22:00:00,20.96148488547442,10.608114242553825,1.0951648274250573e-07
2040-10-01 23:00:00,20.961484700877055,10.424860000610465,1.0995784444179584e-07
2040-10-02 00:00:00,20.961484916804952,10.301474571228141,1.1152253792484847e-07
2040-10-02 01:00:00,20.96148494872059,9.888462066650504,1.1162154863815373e-07
2040-10-02 02:00:00,20.961485131248395,9.05689907073986,1.1209003557702697e-07
2040-10-02 03:00:00,20.961486722786468,8.497934341430778,1.178056420432506e-07
2040-10-02 04:00:00,20.96148526188932,8.09830474853527,1.0503039099409503e-07
2040-10-02 05:00:00,20.96148431499403,8.519905090332145,9.814977954409256e-08
2040-10-02 06:00:00,20.961484232897,8.804615974426383,9.562414326273792e-08
2040-10-02 07:00:00,0.0251743724729158,9.055324554443473,6.047265802816881e-08
2040-10-02 08:00:00,0.0251628991151178,10.222217559814567,4.9200024047212007e-08
2040-10-02 09:00:00,0.0251681286887704,11.628161430359,5.268927936336948e-08
2040-10-02 10:00:00,0.0252009829281809,12.871374130249137,6.955559398690115e-08
2040-10-02 11:00:00,0.0251812913505608,13.597912788391227,6.581809214048275e-08
2040-10-02 12:00:00,0.0251707773506997,14.53024768829357,5.437826024614943e-08
2040-10-02 13:00:00,0.0252011793603084,13.984519958496207,7.075131904595339e-08
2040-10-02 14:00:00,0.0251822413474204,14.510283470153922,6.517910404027033e-08
2040-10-02 15:00:00,0.0568349177133415,14.01454067230236,1.2117170333319193e-07
2040-10-02 16:00:00,0.0252014686105239,13.455548286438102,6.949619087264639e-08
2040-10-02 17:00:00,0.0251728282735822,13.486096382141227,5.527490417545882e-08
2040-10-02 18:00:00,0.0251732331735109,13.30995082855236,5.581886155813963e-08
2040-10-02 19:00:00,0.0251726902031025,12.836629867553825,5.597859631224321e-08
2040-10-02 20:00:00,0.0251728014396363,12.763607025146598,5.725551517808032e-08
2040-10-02 21:00:00,0.0251732386626981,13.058172225952262,5.869868212480816e-08
2040-10-02 22:00:00,0.0251760884727627,13.029906272888297,6.698314504529668e-08
2040-10-02 23:00:00,0.0251762399735517,13.104849815368766,6.750978148730855e-08
2040-10-03 00:00:00,0.0251786041507448,13.033295631408805,7.25640723438348e-08
2040-10-03 01:00:00,0.025177097493312,12.93793869018566,6.771933416104864e-08
2040-10-03 02:00:00,0.02517652404436,12.948478698730582,6.425212517252391e-08
2040-10-03 03:00:00,0.0251770347028233,12.923919677734489,6.191872940908332e-08
2040-10-03 04:00:00,0.0251787473938145,12.832558631897086,6.073583110766705e-08
2040-10-03 05:00:00,0.0251818519069982,12.78725624084484,6.042653180355371e-08
2040-10-03 06:00:00,0.0251850853461102,12.925337791442985,5.9577230708145867e-08
2040-10-03 07:00:00,0.0251865036132248,12.927963256836051,5.894762180954409e-08
2040-10-03 08:00:00,0.0251890357869909,13.072737693786735,5.641221299295691e-08
2040-10-03 09:00:00,0.025188636119163,13.306866645813102,4.894245901672981e-08
2040-10-03 10:00:00,6.046368934925948,13.421606063842887,6.372502670644517e-08
2040-10-03 11:00:00,19.99033322292636,13.901111602783317,1.1998464562330143e-07
2040-10-03 12:00:00,19.99032812017879,14.586932182312125,8.911222852585276e-08
2040-10-03 13:00:00,21.00684430220833,14.213206291198844,1.1392130973196675e-07
2040-10-03 14:00:00,21.00894445834578,14.257015228271598,1.1629928279734236e-07
2040-10-03 15:00:00,43.30259558834722,13.826033592224235,0.03670326941330017
2040-10-03 16:00:00,43.30262227212932,13.539266586303825,0.1554651066317865
2040-10-03 17:00:00,43.30262470831398,13.36129474639904,0.1944655961678267
2040-10-03 18:00:00,43.30262559810811,13.332240104675407,0.2053419473196167
2040-10-03 19:00:00,43.302625988610814,13.300887107849235,0.21462287039201078
2040-10-03 20:00:00,43.30262644285602,13.240644454956168,0.2287766637501321
2040-10-03 21:00:00,43.30262696759132,13.327985763549918,0.24371653474440108
2040-10-03 22:00:00,43.302626350621885,13.271002769470329,0.22189653244036997
2040-10-03 23:00:00,43.302627081614,13.110951423645133,0.24234356569642307
2040-10-04 00:00:00,43.30262668145336,13.04323768615734,0.2238647320925386
2040-10-04 01:00:00,43.30262658477314,12.900441169738883,0.21343602752286842
2040-10-04 02:00:00,43.30262695704734,12.76165866851818,0.21912893306531536
2040-10-04 03:00:00,43.30262727021293,12.768134117126579,0.2185162148080257
2040-10-04 04:00:00,43.30262782185632,12.623482704162711,0.2211393641358058
2040-10-04 05:00:00,43.30262818028103,12.477817535400504,0.21733784153158328
2040-10-04 06:00:00,43.30262875582776,12.46031761169445,0.22428747843991362
2040-10-04 07:00:00,43.30262858674842,12.476124763488883,0.2132214740328958
2040-10-04 08:00:00,43.30262891588271,12.538002967834586,0.21025762908303522
2040-10-04 09:00:00,43.30262871432174,12.764807701110954,0.18534208086157491
2040-10-04 10:00:00,43.30262957064972,12.912369728088493,0.21333985500170713
2040-10-04 11:00:00,43.30262838790728,13.10718154907238,0.15873066482047926
2040-10-04 12:00:00,43.302621280105015,13.866132736206168,0.06852980308690032
2040-10-04 13:00:00,43.30262455517983,14.150485992431754,0.09669286918120806
2040-10-04 14:00:00,43.30262746343927,13.880768775940055,0.14523393858219338
2040-10-04 15:00:00,43.30262375439792,14.134656906128043,0.08469292312856487
2040-10-04 16:00:00,43.30262478245219,14.108322143554801,0.09406993849839643
2040-10-04 17:00:00,43.30262832425404,13.727398872375602,0.15540531469139413
2040-10-04 18:00:00,43.30262902615122,13.274352073669547,0.1721882299403078
2040-10-04 19:00:00,43.302629001013806,12.886480331421012,0.17398787708983915
2040-10-04 20:00:00,43.30262938872452,12.638482093811149,0.1874533687678044
2040-10-04 21:00:00,43.30262928576296,12.130379676818961,0.18296612572825804
2040-10-04 22:00:00,43.30262973509661,11.555316925048942,0.20744659013420966
2040-10-04 23:00:00,43.302629666112736,11.891059875488395,0.20521889952381528
2040-10-05 00:00:00,43.302629940884906,11.90094375610363,0.2150992422363452
2040-10-05 01:00:00,43.30263007592462,12.006208419799918,0.21961643079862428
2040-10-05 02:00:00,43.30263039912326,11.898298263549918,0.2293013563894983
2040-10-05 03:00:00,43.30263051628433,11.950998306274528,0.22992907170808788
2040-10-05 04:00:00,43.302631090628495,11.89506816864025,0.24577666361010458
2040-10-05 05:00:00,43.30263159227994,11.911973953247184,0.25986200572105933
2040-10-05 06:00:00,43.30263185621222,11.809474945068473,0.2633688484864535
2040-10-05 07:00:00,43.30263137394661,11.933693885803336,0.24883738193844446
2040-10-05 08:00:00,43.30263113165763,12.300062179565543,0.22494388675786348
2040-10-05 09:00:00,43.30263043222799,12.84727001190197,0.18182096708173928
2040-10-05 10:00:00,43.30263041218177,13.043307304382438,0.17841539692266753
2040-10-05 11:00:00,43.3026308303722,13.100805282592887,0.19568179660547375
2040-10-05 12:00:00,43.30262943371084,13.577980995178336,0.14922423123638598
2040-10-05 13:00:00,43.30262599842926,14.403875350952262,0.08496947201982556
2040-10-05 14:00:00,43.30262560740804,14.773031234741325,0.07741760458757
2040-10-05 15:00:00,43.302629353381526,14.399556159973258,0.13533116493358005
2040-10-05 16:00:00,43.30263082324196,13.94242382049572,0.17373842702291523
2040-10-05 17:00:00,43.30263224666625,13.333325386047477,0.2454041333627801
2040-10-05 18:00:00,43.302632589811815,12.503885269165153,0.2667979901745601
2040-10-05 19:00:00,43.30263256621052,12.587280273437614,0.2652045124480821
2040-10-05 20:00:00,43.30263252466396,12.819410324096793,0.26351841752832655
2040-10-05 21:00:00,43.30263256117773,12.695105552673454,0.2634861464996252
2040-10-05 22:00:00,43.30263251872933,12.570208549499625,0.2618109583289834
2040-10-05 23:00:00,43.3026325340391,12.519886016845817,0.2613143950097101
2040-10-06 00:00:00,43.302632564426354,12.457000732421989,0.2610818472289576
2040-10-06 01:00:00,43.30263260112947,12.38987255096447,0.2609768256185351
2040-10-06 02:00:00,43.30263267891791,12.252547264099235,0.26158206549437546
2040-10-06 03:00:00,43.3026328158094,12.090679168701286,0.26324183802498285
2040-10-06 04:00:00,43.30263310117185,12.25163555145275,0.2675959197401076
2040-10-06 05:00:00,43.30263336918025,12.581246376037711,0.2719393718888163
2040-10-06 06:00:00,43.3026335741309,12.684301376342887,0.2754521144738943
2040-10-06 07:00:00,43.30263323135773,13.04614353179943,0.2689159334216345
2040-10-06 08:00:00,43.30263321005587,13.11126804351818,0.26859686909835073
2040-10-06 09:00:00,43.30263315697932,12.732265472412223,0.26371710930868625
2040-10-06 10:00:00,43.3026330080591,12.439158439636344,0.2551418573972403
2040-10-06 11:00:00,43.30263248698182,12.409446716308707,0.2161594878868051
2040-10-06 12:00:00,43.302632255863,12.425703048706168,0.20464377100108785
2040-10-06 13:00:00,43.30263060449372,12.762049674987907,0.1389696775225026
2040-10-06 14:00:00,43.30263226488884,12.223872184753532,0.20584477950982175
2040-10-06 15:00:00,43.30262999029914,12.278515815734977,0.1243370745007526
2040-10-06 16:00:00,43.302631184532,12.172034263610954,0.1539530816218309
2040-10-06 17:00:00,43.30263327205236,11.55025959014904,0.2709630749654037
2040-10-06 18:00:00,43.30263315332844,10.783637046814079,0.2685920644052355
2040-10-06 19:00:00,43.30263303764453,10.307232856750602,0.2665135421795195
2040-10-06 20:00:00,43.30263293200671,9.832540512085075,0.2648434077232451
2040-10-06 21:00:00,43.30263282692851,9.968420028686637,0.26298476115586317
2040-10-06 22:00:00,43.30263274815859,9.897698402404899,0.26196293482221894
2040-10-06 23:00:00,43.30263261019054,9.951505661010856,0.25995275466278855
2040-10-07 00:00:00,43.302632602243605,9.869755744934196,0.26004950987211184
2040-10-07 01:00:00,43.30263259297166,9.627526283264274,0.260103230994464
2040-10-07 02:00:00,43.302632585574365,9.85774135589611,0.260144598066948
2040-10-07 03:00:00,43.30263269003014,10.129905700683707,0.2621024714162683
2040-10-07 04:00:00,43.30263288441078,10.152666091919059,0.2657519122890528
2040-10-07 05:00:00,43.30263314708217,10.190121650695914,0.2708972256086239
2040-10-07 06:00:00,43.30263331160308,9.884589195251579,0.27471787833998224
2040-10-07 07:00:00,43.30263250754257,10.061754226684684,0.24013320901572008
2040-10-07 08:00:00,43.30263175684406,10.53229904174816,0.19564646065795707
2040-10-07 09:00:00,43.30263106519072,10.884009361267204,0.17041042308316656
2040-10-07 10:00:00,43.30262914207128,11.399164199829215,0.12131135418565468
2040-10-07 11:00:00,43.30263054450939,11.602241516113395,0.15847275622519857
2040-10-07 12:00:00,43.302618692855134,12.951159477234,0.04328130003944081
2040-10-07 13:00:00,43.30261964401887,13.572856903076286,0.0468301030430708
2040-10-07 14:00:00,43.302623173100926,13.823331832885856,0.06440078301750625
2040-10-07 15:00:00,43.30263038222344,13.914637565612907,0.1583393246734405
2040-10-07 16:00:00,43.30263159120072,13.365175247192496,0.2044130536837932
2040-10-07 17:00:00,43.302632511593934,12.863545417785758,0.2693540351715876
2040-10-07 18:00:00,43.30263236534052,12.509716987609977,0.2673627867802089
2040-10-07 19:00:00,43.30263218526508,12.258831024170036,0.2652455015500632
2040-10-07 20:00:00,43.30263201763573,12.068897247314567,0.2639018105814468
2040-10-07 21:00:00,43.30263149125164,11.785151481628532,0.24867562348001343
2040-10-07 22:00:00,43.30263071772451,11.52955245971691,0.21458393761058187
2040-10-07 23:00:00,43.30263004093501,11.479298591613883,0.1911925119515718
2040-10-08 00:00:00,43.302629498640734,11.329402923584098,0.17720414981986468
2040-10-08 01:00:00,43.30262956229782,11.091488838195914,0.18189087642755192
2040-10-08 02:00:00,43.302629829047184,10.850638389587516,0.1941463288291606
2040-10-08 03:00:00,43.30262971610858,10.581465721130485,0.19031755061754443
2040-10-08 04:00:00,43.30262992923407,10.292011260986442,0.18949751545385626
2040-10-08 05:00:00,43.3026298248273,10.077050209045524,0.1754566937377048
2040-10-08 06:00:00,43.30262933585185,10.0828151702882,0.15348366345805792
2040-10-08 07:00:00,43.30262255435374,10.206013679504508,0.08473675179680386
2040-10-08 08:00:00,43.302591751508864,10.521707534790153,0.02522821747979921
2040-10-08 09:00:00,43.30258871350877,10.907744407653922,0.023479005493317596
2040-10-08 10:00:00,43.30258296785685,11.600089073181266,0.01998181791502684
2040-10-08 11:00:00,43.30257535877021,12.525756835937614,0.01359668408399764
2040-10-08 12:00:00,43.30257959585865,12.851553916931266,0.017121516591721397
2040-10-08 13:00:00,43.302579845278615,13.26062393188488,0.017297911137849283
2040-10-08 14:00:00,43.30258334924903,13.581545829773063,0.020608117481956085
2040-10-08 15:00:00,43.302593965002565,13.860827445984,0.027981126675081024
2040-10-08 16:00:00,43.30262115704718,13.593977928161735,0.08496618923250486
2040-10-08 17:00:00,43.30262798782999,12.867115020752067,0.19398540469504197
2040-10-08 18:00:00,43.302625739768445,12.362153053283805,0.14031834925543238
2040-10-08 19:00:00,43.30259524105829,12.073092460632438,0.030080969822803436
2040-10-08 20:00:00,43.30258070997415,11.877109527588004,0.016911330681540396
2040-10-08 21:00:00,43.30258193640066,11.747862815857047,0.018672447431638782
2040-10-08 22:00:00,43.30258222870726,11.66838359832775,0.01921573556681961
2040-10-08 23:00:00,43.30258042023129,11.577487945556754,0.01638501016599894
2040-10-09 00:00:00,43.30258299377811,11.55820751190197,0.019845292239735246
2040-10-09 01:00:00,43.30258634181392,11.640890121460075,0.024423045579567614
2040-10-09 02:00:00,43.30258925665253,11.647718429565543,0.02765114122502132
2040-10-09 03:00:00,43.3025961860537,11.598423004150504,0.03490893051734383
2040-10-09 04:00:00,43.30259541522455,11.461464881897086,0.03113570095802465
2040-10-09 05:00:00,43.30259609952486,11.296600341796989,0.029071797455835595
2040-10-09 06:00:00,43.302596300267,11.075027465820426,0.027082847868309088
2040-10-09 07:00:00,43.30259762209168,11.067929267883414,0.029148963797532845
2040-10-09 08:00:00,43.30259692553338,11.39015102386486,0.02742246923049472
2040-10-09 09:00:00,43.30259257049124,11.784426689148063,0.02180573728442629
2040-10-09 10:00:00,43.302610889613874,11.806456565857047,0.04684979163224002
2040-10-09 11:00:00,43.302595948354735,12.150203704834098,0.025076461532339854
2040-10-09 12:00:00,43.30259350648728,12.538576126098746,0.02104395791414924
2040-10-09 13:00:00,43.30257657421291,13.360570907592887,0.011904179934955305
2040-10-09 14:00:00,43.30259025338391,13.464348793029899,0.016351620208101512
2040-10-09 15:00:00,43.30260093345648,13.25748443603527,0.02666671413763931
2040-10-09 16:00:00,43.30260845709791,12.961614608764762,0.03732921781189922
2040-10-09 17:00:00,43.302623509705256,12.331745147705192,0.09102032973845336
2040-10-09 18:00:00,43.30262781101016,11.44636154174816,0.15687372882034006
2040-10-09 19:00:00,43.30262730249621,11.04267787933361,0.1464797171613652
2040-10-09 20:00:00,43.302627130302206,10.977724075317496,0.14299696611889384
2040-10-09 21:00:00,43.30262907758728,10.451944351196403,0.19994164948039841
2040-10-09 22:00:00,43.302629698655934,10.302751541137809,0.2320805456958697
2040-10-09 23:00:00,43.30263018430258,10.038509368896598,0.25264029853949616
2040-10-10 00:00:00,43.30263014871128,9.838047027588004,0.2507172059441971
2040-10-10 01:00:00,43.30262998307625,9.6422634124757,0.24258143851906303
2040-10-10 02:00:00,43.30262703986132,9.487179756164664,0.1439151411203507
2040-10-10 03:00:00,43.30262493206476,9.773838043213004,0.10840966974994229
2040-10-10 04:00:00,43.30262535593671,9.916362762451286,0.1049279106472785
2040-10-10 05:00:00,43.302628900064406,9.92654132843029,0.15562064450084223
2040-10-10 06:00:00,43.30262924067582,9.771844863891715,0.15332491115637864
2040-10-10 07:00:00,43.30262940592017,9.878616333007926,0.16166093931962672
2040-10-10 08:00:00,43.30262992852787,10.212302207946891,0.17385532542120943
2040-10-10 09:00:00,43.30262957788491,10.590618133545036,0.1553908808339051
2040-10-10 10:00:00,43.30263039371246,11.071914672851676,0.18374298845232714
2040-10-10 11:00:00,43.302628858211776,11.708832740783805,0.13905788154985665
2040-10-10 12:00:00,43.30262625082443,12.274177551269645,0.09917427000801053
2040-10-10 13:00:00,43.30262814448096,12.259404182434196,0.1309322132798878
2040-10-10 14:00:00,43.302629418874666,12.142742156982536,0.16744197547307654
2040-10-10 15:00:00,43.3026254866653,12.578586578369254,0.09344902146854024
2040-10-10 16:00:00,43.30262897778855,12.38191127777111,0.15547483955071686
2040-10-10 17:00:00,43.30263030533475,11.632330894470329,0.20248499756094926
2040-10-10 18:00:00,43.302630152015965,11.364603042602653,0.20346988422886148
2040-10-10 19:00:00,43.30263023781721,10.808996200561637,0.21673964594999373
2040-10-10 20:00:00,43.30263013969718,10.372344017028922,0.22154158323547302
2040-10-10 21:00:00,43.30262987208041,10.324956893921012,0.21832868188314164
2040-10-10 22:00:00,43.30262904117833,9.836040496826286,0.19486173913360041
2040-10-10 23:00:00,43.302628190255625,9.479154586792106,0.17651040128312592
2040-10-11 00:00:00,43.302627999189255,9.819803237915153,0.17349779368812177
2040-10-11 01:00:00,43.30262682621365,9.85885334014904,0.14184326577458978
2040-10-11 02:00:00,43.30262436205871,10.151288986206168,0.09902796997717937
2040-10-11 03:00:00,43.302623337650736,10.749518394470329,0.08417932077139106
2040-10-11 04:00:00,43.302624668577366,11.35676479339611,0.10300174085169764
2040-10-11 05:00:00,43.30262612046714,11.540057182312125,0.1276845729170719
2040-10-11 06:00:00,43.30262716670625,11.549738883972282,0.15007227853228902
2040-10-11 07:00:00,43.30262137025766,11.752417564392204,0.10633362637936648
2040-10-11 08:00:00,43.30262591060687,12.13070392608654,0.1679313399126613
2040-10-11 09:00:00,43.30262634901565,12.449351310730094,0.17692238453369025
2040-10-11 10:00:00,43.30262767901425,12.897900581359977,0.2046442698096296
2040-10-11 11:00:00,43.30262643207068,13.157316207885856,0.17594114642632466
2040-10-11 12:00:00,43.30262652384712,13.125910758972282,0.18631230437892887
2040-10-11 13:00:00,43.30259857685219,13.84241867065441,0.03366670105399369
2040-10-11 14:00:00,43.30262542189615,13.121153831482047,0.18638294493990748
2040-10-11 15:00:00,43.30262182531996,13.251751899719352,0.11850685011448672
2040-10-11 16:00:00,43.302624491532185,12.87915134429943,0.16615887589032266
2040-10-11 17:00:00,43.302626520924,12.08856296539318,0.2496973641437965
2040-10-11 18:00:00,43.30262606672154,11.798394203186149,0.24772624623787454
2040-10-11 19:00:00,43.30262547973215,11.733822822570914,0.24483090566778565
2040-10-11 20:00:00,43.30262491977465,11.685835838317985,0.24343486099590853
2040-10-11 21:00:00,43.30262418820988,11.740602493286246,0.2402821483822558
2040-10-11 22:00:00,43.30261938924881,11.711433410644645,0.14779059433819935
2040-10-11 23:00:00,43.30261755424301,11.924143791198844,0.14040239786578693
2040-10-12 00:00:00,43.30260508843154,12.156144142150993,0.06950541426982326
2040-10-12 01:00:00,43.302590023821146,12.483063697815055,0.033970413346090744
2040-10-12 02:00:00,43.30258857201838,12.706808090210075,0.030672812262106247
2040-10-12 03:00:00,43.30258650123443,12.67015647888195,0.024429493664652212
2040-10-12 04:00:00,43.302582857107126,12.485577583313102,0.017701626156059903
2040-10-12 05:00:00,43.302578083487056,12.345260620117301,0.01483169625706703
2040-10-12 06:00:00,43.30257385990242,12.43023777008068,0.013666713039748968
2040-10-12 07:00:00,0.0251026011212236,12.519433021545524,8.068695188877324e-08
2040-10-12 08:00:00,0.0251026811171195,12.650656700134391,7.84061925072083e-08
2040-10-12 09:00:00,0.0251033384709857,13.087890625000114,7.526399134241505e-08
2040-10-12 10:00:00,0.0251038841078726,13.83862113952648,7.141107746911349e-08
2040-10-12 11:00:00,0.0251039903696939,14.233712196350211,7.106341734179968e-08
2040-10-12 12:00:00,0.0251038944030369,14.636840820312614,7.042252134050271e-08
2040-10-12 13:00:00,0.0251032944927703,14.705884933471793,7.26369700236936e-08
2040-10-12 14:00:00,0.0251028402846794,14.7156858444215,7.484755864376278e-08
2040-10-12 15:00:00,0.0251030846772633,14.655144691467399,7.400200491626343e-08
2040-10-12 16:00:00,0.0251037631038603,14.261046409607047,7.369907853607751e-08
2040-10-12 17:00:00,0.0251040029938649,13.698571205139274,7.296122578702708e-08
2040-10-12 18:00:00,0.0251038875233138,13.163742065429801,7.32745649867415e-08
2040-10-12 19:00:00,0.0251029645923367,12.726372718811149,7.630928625551494e-08
2040-10-12 20:00:00,0.0251030228254313,12.57849502563488,7.658079531112281e-08
2040-10-12 21:00:00,0.0251039542510133,12.099612236023063,7.421697543696206e-08
2040-10-12 22:00:00,0.0251045026154626,11.988674163818473,7.63153220672691e-08
2040-10-12 23:00:00,0.025104447480393,11.916971206665153,7.667928335490076e-08
2040-10-13 00:00:00,0.0251047986399828,11.915359497070426,7.722317664826544e-08
2040-10-13 01:00:00,0.0251051200188136,11.967876434326286,7.788786020732261e-08
2040-10-13 02:00:00,0.0251056889090336,11.75837326049816,7.661837431345208e-08
2040-10-13 03:00:00,0.025106085044723,11.785605430603141,7.615366544143036e-08
2040-10-13 04:00:00,0.0251073726865196,11.562698364257926,7.406783512724561e-08
2040-10-13 05:00:00,0.025109689602393,11.183585166931266,7.224221436458403e-08
2040-10-13 06:00:00,0.0251120459435324,10.921312332153434,7.119258480386282e-08
2040-10-13 07:00:00,0.0251080051623552,11.004328727722282,7.163790175126925e-08
2040-10-13 08:00:00,0.0251055074188319,11.775276184082145,5.981902477893144e-08
2040-10-13 09:00:00,0.0251020067421334,12.84655570983898,5.257832625702933e-08
2040-10-13 10:00:00,0.0251039687955174,13.668475151062125,5.2132051406725395e-08
2040-10-13 11:00:00,0.0251009554651526,14.092473030090446,4.90615749169764e-08
2040-10-13 12:00:00,0.0251112715075116,13.967206001281852,4.936587999477597e-08
2040-10-13 13:00:00,0.0258819712782976,14.130160331726188,5.090709535865525e-08
2040-10-13 14:00:00,0.0267292921193805,14.157355308532829,5.9052282544037366e-08
2040-10-13 15:00:00,20.06409182211319,13.929950714111442,1.3655542648079547e-07
2040-10-13 16:00:00,24.483521541841057,13.823215484619254,1.8620288480107457e-07
2040-10-13 17:00:00,24.79613527657308,13.201051712036246,3.0862496145350733e-07
2040-10-13 18:00:00,24.796129189388623,12.583925247192496,2.4499307844166486e-07
2040-10-13 19:00:00,24.796006815400208,12.114280700683707,2.0532803183258696e-07
2040-10-13 20:00:00,21.01168792146026,11.69687652587902,1.625209204506855e-07
2040-10-13 21:00:00,24.79583267885269,11.601821899414176,2.1474137656212742e-07
2040-10-13 22:00:00,24.79613319779957,11.376759529113883,2.859435605938759e-07
2040-10-13 23:00:00,24.79596454846038,11.45810699462902,2.4048140992420365e-07
2040-10-14 00:00:00,21.011676717161787,11.443698883056754,1.871309930458294e-07
2040-10-14 01:00:00,20.06403676554415,11.13355922698986,1.5057927777330925e-07
2040-10-14 02:00:00,20.064015676221363,10.680109977722282,1.0938418750210874e-07
2040-10-14 03:00:00,20.064012821273344,10.304998397827262,9.248032041130317e-08
2040-10-14 04:00:00,20.06401375763036,10.164001464843864,9.185928395397893e-08
2040-10-14 05:00:00,20.06401532732129,9.938131332397575,8.78579968224794e-08
2040-10-14 06:00:00,20.064019587701136,9.752735137939567,8.894348653183687e-08
2040-10-14 07:00:00,20.06402574438186,9.770435333252067,9.403906100050033e-08
2040-10-14 08:00:00,20.06404023247091,9.930031776428336,9.486488071799788e-08
2040-10-14 09:00:00,20.064511847795327,10.273712158203239,1.2326956078587665e-07
2040-10-14 10:00:00,21.01169308855417,10.645128250122184,1.4206785120835966e-07
2040-10-14 11:00:00,21.01205716794212,10.94182109832775,1.4906780995660954e-07
2040-10-14 12:00:00,20.06447285569369,11.639755249023551,1.030587144391449e-07
2040-10-14 13:00:00,20.064461007653065,12.57891941070568,7.999621941684182e-08
2040-10-14 14:00:00,20.06446575345922,12.898339271545524,7.97137663790149e-08
2040-10-14 15:00:00,20.06465748203197,12.836053848266715,9.961782466568287e-08
2040-10-14 16:00:00,27.331686254744127,12.469198226928825,1.5753269727617083e-07
2040-10-14 17:00:00,27.33247170041011,11.961199760437125,1.982822155468384e-07
2040-10-14 18:00:00,27.332478196187257,11.573677062988395,2.0208235654721554e-07
2040-10-14 19:00:00,27.33247031326292,11.244788169860954,1.8124360767220657e-07
2040-10-14 20:00:00,27.332472913356685,10.985739707946891,1.742112180165955e-07
2040-10-14 21:00:00,27.33247994293829,10.842123031616325,1.7964884713795072e-07
2040-10-14 22:00:00,27.3324960094989,10.694705009460563,2.0309719651737533e-07
2040-10-14 23:00:00,27.33251705976508,10.488472938537711,2.0075128115303626e-07
2040-10-15 00:00:00,35.05272982675652,10.253179550171012,4.0573840592154206e-07
2040-10-15 01:00:00,43.30255152386948,10.0694456100465,0.02971112983137773
2040-10-15 02:00:00,43.30259439703985,9.899399757385368,0.08099651872213827
2040-10-15 03:00:00,43.302604648801456,9.711090087890739,0.1385316406155352
2040-10-15 04:00:00,43.30261001596472,9.505556106567496,0.20376923201200958
2040-10-15 05:00:00,43.302612170801766,9.297872543335075,0.23015093941880715
2040-10-15 06:00:00,43.302612695381306,9.055599212646598,0.23779418200419344
2040-10-15 07:00:00,24.70513327796857,9.083450317382926,8.797583902311116e-07
2040-10-15 08:00:00,24.705123838170117,10.041534423828239,3.345976072838072e-07
2040-10-15 09:00:00,24.70511479808192,11.24991893768322,2.141336994338555e-07
2040-10-15 10:00:00,21.011610531222523,12.338866233825797,1.3768192633503247e-07
2040-10-15 11:00:00,19.99033314230637,13.469264984130973,1.198988699293576e-07
2040-10-15 12:00:00,19.99029165696577,14.502921104431266,1.070363506342887e-07
2040-10-15 13:00:00,19.99028404842201,15.34372997283947,8.953359566749379e-08
2040-10-15 14:00:00,19.990279524340504,15.643310546875114,8.291562037657912e-08
2040-10-15 15:00:00,19.990288094962825,15.51525688171398,9.969841204651459e-08
2040-10-15 16:00:00,19.990287334160666,14.998545646667594,9.697644460674406e-08
2040-10-15 17:00:00,19.990297669409177,13.782241821289176,1.0909242113746634e-07
2040-10-15 18:00:00,19.990288813038607,12.840764999389762,1.0060958770099516e-07
2040-10-15 19:00:00,19.990286090561742,12.38912391662609,9.659845468661656e-08
2040-10-15 20:00:00,19.99028879784045,12.109387397766227,1.0800723605663722e-07
2040-10-15 21:00:00,19.99029501481043,11.811543464660758,1.2473929441734719e-07
2040-10-15 22:00:00,19.990288472259,11.543839454650993,1.1452428394811848e-07
2040-10-15 23:00:00,19.990287269576577,11.27539443969738,1.124623893703205e-07
2040-10-16 00:00:00,19.99028508988524,10.95760822296154,1.0164897930539339e-07
2040-10-16 01:00:00,19.990285858724487,10.526056289672965,1.0587489358620674e-07
2040-10-16 02:00:00,19.990285681154024,10.167367935180778,1.0337196998496604e-07
2040-10-16 03:00:00,19.99028529041217,9.879277229309196,9.880373684116164e-08
2040-10-16 04:00:00,19.99028542979396,9.591777801513786,9.509499419575193e-08
2040-10-16 05:00:00,19.990286360299,9.26123428344738,9.478162712819488e-08
2040-10-16 06:00:00,19.990287086124187,9.047041893005485,9.468268815672306e-08
2040-10-16 07:00:00,0.0251136728989917,8.87872409820568,6.333794837025444e-08
2040-10-16 08:00:00,0.0251073671711381,10.33310699462902,5.4240148346761804e-08
2040-10-16 09:00:00,0.025103820844406,12.444622993469352,5.177096737439095e-08
2040-10-16 10:00:00,0.0250986694900225,14.261710166931266,4.942147952685539e-08
2040-10-16 11:00:00,0.0250947094788629,15.311601638794059,4.8432967360966797e-08
2040-10-16 12:00:00,0.0250932092080616,15.926455497741813,4.81770717105427e-08
2040-10-16 13:00:00,0.0250965851771313,16.64175415039074,4.8401153340580226e-08
2040-10-16 14:00:00,0.0251040729671475,17.08106613159191,4.9018290439811994e-08
2040-10-16 15:00:00,0.025109134220087,16.978895187378043,4.769089710195216e-08
2040-10-16 16:00:00,0.0259759070452543,16.664232254028434,5.44372764215407e-08
2040-10-16 17:00:00,43.30259566957652,16.315458297729606,0.04492306883706529
2040-10-16 18:00:00,43.30260766457921,14.918594360351676,0.09224006358703121
2040-10-16 19:00:00,43.30260258500744,13.871851921081657,0.07081070669504913
2040-10-16 20:00:00,43.302609384053575,13.409999847412223,0.09877762521848463
2040-10-16 21:00:00,43.30261028502651,11.604122161865348,0.10536187005493655
2040-10-16 22:00:00,43.30260938575229,10.71232891082775,0.10023300126765909
2040-10-16 23:00:00,43.30261197402848,10.755693435669059,0.1269910813907243
2040-10-17 00:00:00,43.302614741264975,10.820210456848258,0.1745390172008298
2040-10-17 01:00:00,43.302615227126594,10.614207267761344,0.18634443874965276
2040-10-17 02:00:00,43.30261549314758,10.669076919555778,0.19218635299544537
2040-10-17 03:00:00,43.30261658154605,10.659608840942496,0.21541090640421026
2040-10-17 04:00:00,43.30261775112051,10.828791618347282,0.2418691834602652
2040-10-17 05:00:00,43.30261832172466,10.767872810363883,0.2530048303113268
2040-10-17 06:00:00,43.30261866521008,10.74884128570568,0.26060191094515117
2040-10-17 07:00:00,43.30261725788202,11.155673027038688,0.23919055692626393
2040-10-17 08:00:00,43.30261680476463,11.72349071502697,0.2183092857207943
2040-10-17 09:00:00,43.30261624195222,12.31118488311779,0.19432769762535076
2040-10-17 10:00:00,43.30261533054592,12.71676063537609,0.17291279245067065
2040-10-17 11:00:00,43.30261251406894,12.941906929016227,0.13000210390935282
2040-10-17 12:00:00,43.30238040578828,13.20365142822277,0.006980408961765939
2040-10-17 13:00:00,43.302555795453614,13.26523303985607,0.021202268835768097
2040-10-17 14:00:00,43.30257298963164,12.989795684814567,0.028292295659826654
2040-10-17 15:00:00,35.054361235083455,13.204184532165641,3.399150745485545e-07
2040-10-17 16:00:00,43.30256577929473,12.571688652038688,0.025523274364311482
2040-10-17 17:00:00,43.30260683395011,11.831853866577262,0.09318579711363581
2040-10-17 18:00:00,43.30259447060568,11.263814926147575,0.05229323683226755
2040-10-17 19:00:00,35.05574929011332,11.002989768982047,3.657984818319681e-07
2040-10-17 20:00:00,35.05432356806848,11.02421855926525,3.6604592766585754e-07
2040-10-17 21:00:00,35.05426323681267,10.912372589111442,2.868858715158327e-07
2040-10-17 22:00:00,35.05425745617076,10.688595771789664,2.2891658940746052e-07
2040-10-17 23:00:00,35.05425484133452,10.60554122924816,2.0531568338460918e-07
2040-10-18 00:00:00,35.05425332985437,10.55975723266613,1.9670046028145365e-07
2040-10-18 01:00:00,35.05425330103582,10.737903594970817,1.978688282380471e-07
2040-10-18 02:00:00,35.05425419105475,10.864985466003532,2.0545571190106668e-07
2040-10-18 03:00:00,35.054254321729424,10.833922386169547,2.0653081153471362e-07
2040-10-18 04:00:00,35.0542542629514,11.023042678833121,2.0520086872567256e-07
2040-10-18 05:00:00,35.05425446468338,11.151061058044547,2.048234037691448e-07
2040-10-18 06:00:00,35.05425503204511,11.226713180542106,2.0622541913706583e-07
2040-10-18 07:00:00,21.01164554923446,11.29327774047863,1.044508443388993e-07
2040-10-18 08:00:00,21.011643844242037,11.453435897827262,9.521366498754037e-08
2040-10-18 09:00:00,21.011659667279893,11.477445602417106,1.352482303677178e-07
2040-10-18 10:00:00,21.01165937137024,11.448725700378532,1.317095139563433e-07
2040-10-18 11:00:00,21.011664741271822,11.847559928894157,1.3936727372833046e-07
2040-10-18 12:00:00,21.0116635401264,12.225448608398551,1.3810397338466062e-07
2040-10-18 13:00:00,21.01165514554752,12.614061355590934,1.2745942456594687e-07
2040-10-18 14:00:00,21.012044165646557,12.936482429504508,1.7760957923069567e-07
2040-10-18 15:00:00,21.01165518424368,13.503097534179801,1.2601555889568323e-07
2040-10-18 16:00:00,21.01164933930061,13.81967926025402,1.0286649671890899e-07
2040-10-18 17:00:00,21.01164641941255,14.131111145019645,9.118284380209656e-08
2040-10-18 18:00:00,21.011648943823516,13.894597053527946,9.833634698710933e-08
2040-10-18 19:00:00,21.01165143125612,13.429116249084586,1.0902491526495878e-07
2040-10-18 20:00:00,21.01165408096686,13.183978080749625,1.2175844274254687e-07
2040-10-18 21:00:00,21.0116580798626,12.867572784423942,1.3617092238396532e-07
2040-10-18 22:00:00,21.011658176144493,12.584036827087516,1.4031286611828808e-07
2040-10-18 23:00:00,21.011655169437468,12.36311244964611,1.2821310452938677e-07
2040-10-19 00:00:00,21.01166371826428,12.045033454895133,1.5917227356674511e-07
2040-10-19 01:00:00,21.0119132609534,11.96411228179943,2.181299393881556e-07
2040-10-19 02:00:00,21.011880363749565,11.519170761108512,2.1831458783477126e-07
2040-10-19 03:00:00,21.01186332722715,11.363650321960563,2.1964975430240968e-07
2040-10-19 04:00:00,21.011703670752112,10.924788475036735,1.866950694919639e-07
2040-10-19 05:00:00,21.011664990490285,10.612957000732536,1.5118464248877712e-07
2040-10-19 06:00:00,21.01166894514071,10.351365089416618,1.5096919026574783e-07
2040-10-19 07:00:00,20.06408748830826,10.245364189148063,1.3979368274647237e-07
2040-10-19 08:00:00,19.990250727520948,10.557847976684684,9.614865205497501e-08
2040-10-19 09:00:00,19.990244919145574,11.039035797119254,8.302697679847427e-08
2040-10-19 10:00:00,19.99027761814565,11.019570350647086,1.1382182001370818e-07
2040-10-19 11:00:00,19.99027255500052,11.30846977233898,1.112435256966309e-07
2040-10-19 12:00:00,19.99031839092083,11.298236846923942,1.269280913653657e-07
2040-10-19 13:00:00,19.990296938441485,11.207840919494743,1.3104467190210353e-07
2040-10-19 14:00:00,20.064122722251813,11.221339225769157,1.460697902254175e-07
2040-10-19 15:00:00,19.990567835716348,11.074664115905875,1.2825109461653958e-07
2040-10-19 16:00:00,19.99026604241784,10.978288650512809,1.116835376330807e-07
2040-10-19 17:00:00,19.990254148067145,10.917185783386344,9.554371947846858e-08
2040-10-19 18:00:00,19.99025090284081,10.965633392334098,8.853159768200113e-08
2040-10-19 19:00:00,19.99025053924988,10.932977676391715,8.792603606313583e-08
2040-10-19 20:00:00,19.99025050531284,10.543592453003043,8.854458650771e-08
2040-10-19 21:00:00,19.99025094825316,10.509494781494254,9.044849545917149e-08
2040-10-19 22:00:00,19.990253795258614,10.359358787536735,1.0423002832586098e-07
2040-10-19 23:00:00,19.990255866814373,10.199520111084098,1.1513547953675963e-07
2040-10-20 00:00:00,19.99025471081026,10.150778770446891,1.0786459613409824e-07
2040-10-20 01:00:00,19.99025523624188,9.920319557190055,1.0946468482289167e-07
2040-10-20 02:00:00,19.99025707184499,9.73447704315197,1.1285466051280579e-07
2040-10-20 03:00:00,19.990262424928208,9.51197433471691,1.1796879658105779e-07
2040-10-20 04:00:00,20.0640737746106,9.386705398559684,1.225904983067024e-07
2040-10-20 05:00:00,20.06411052970469,9.11385536193859,1.3180471734694976e-07
2040-10-20 06:00:00,20.064109440610125,8.88629531860363,1.258669209016275e-07
2040-10-20 07:00:00,20.06409899251478,8.725612640380973,1.1721260699332759e-07
2040-10-20 08:00:00,20.06406474940479,8.73578262329113,1.0706122718247636e-07
2040-10-20 09:00:00,19.1571600852983,8.940651893615836,8.914507566857493e-08
2040-10-20 10:00:00,19.157149596666635,9.618723869323844,7.95980727400259e-08
2040-10-20 11:00:00,19.15792367784856,10.390083312988395,8.515587395500059e-08
2040-10-20 12:00:00,19.569138926640665,10.841339111328239,1.2012466110184617e-07
2040-10-20 13:00:00,19.988638298585887,11.438940048217887,1.2645594525399857e-07
2040-10-20 14:00:00,20.06407940820389,11.730593681335563,1.2134216905646426e-07
2040-10-20 15:00:00,19.157184530301578,11.711953163147086,1.029582629896784e-07
2040-10-20 16:00:00,19.157164973510543,11.669300079345817,9.441979806999633e-08
2040-10-20 17:00:00,19.568220459974487,11.289106369018668,1.0714882590842324e-07
2040-10-20 18:00:00,19.97460850979813,10.625548362732047,1.0808059570051384e-07
2040-10-20 19:00:00,19.157170848927763,10.200849533081168,9.967433982215562e-08
2040-10-20 20:00:00,19.15715978889844,9.95596027374279,9.789574853837727e-08
2040-10-20 21:00:00,19.15715681108571,9.803145408630485,9.727161403759008e-08
2040-10-20 22:00:00,19.157161739741,10.038789749145621,1.172063085113963e-07
2040-10-20 23:00:00,19.157156780544103,10.233580589294547,1.0626530483365528e-07
2040-10-21 00:00:00,19.15715884503957,10.532666206359977,1.1562786293388356e-07
2040-10-21 01:00:00,19.15715705281353,10.522260665893668,1.0828075252795287e-07
2040-10-21 02:00:00,19.15715515935656,10.500732421875114,9.726871461640417e-08
2040-10-21 03:00:00,19.15715431761364,10.463263511657829,9.169838328731796e-08
2040-10-21 04:00:00,19.157156916261822,10.444948196411246,9.34042844487993e-08
2040-10-21 05:00:00,19.15716066335341,10.352154731750602,9.3008009146692e-08
2040-10-21 06:00:00,19.157161682649512,10.475233078003043,9.191553652686e-08
2040-10-21 07:00:00,0.025149165039753,10.427959442138786,5.980314189256771e-08
2040-10-21 08:00:00,0.0251453027804968,10.676422119140739,5.5653441744040657e-08
2040-10-21 09:00:00,0.025141864990535,11.076448440551871,5.1562003536322726e-08
2040-10-21 10:00:00,0.0251510749186998,11.180904388427848,6.161339468703725e-08
2040-10-21 11:00:00,0.0251486895482518,11.57227706909191,5.845612557805561e-08
2040-10-21 12:00:00,0.0251051960605439,12.494341850280875,4.743956704781178e-08
2040-10-21 13:00:00,0.0251475986052966,12.471529006958121,5.373056224242438e-08
2040-10-21 14:00:00,0.0251718471193691,12.689866065979118,5.923705991428996e-08
2040-10-21 15:00:00,0.0259586096240709,12.774691581726188,5.980149602226288e-08
2040-10-21 16:00:00,0.0567932256254946,12.37016582489025,8.643017432576975e-08
2040-10-21 17:00:00,0.0568131287501787,11.867364883422965,1.6137939537209113e-07
2040-10-21 18:00:00,0.0568016643028381,11.580086708068961,9.634553860211975e-08
2040-10-21 19:00:00,0.0252691738739742,11.48843097686779,7.354918011723898e-08
2040-10-21 20:00:00,0.0251831838479085,11.277657508850211,7.532768787923488e-08
2040-10-21 21:00:00,0.0251567413814399,11.270356178283805,6.51816995490419e-08
2040-10-21 22:00:00,0.0251538396604397,11.293863296508903,5.884221791699999e-08
2040-10-21 23:00:00,0.0251543523104324,11.311918258667106,5.98091011634642e-08
2040-10-22 00:00:00,0.025154175890762,11.372154235839957,5.828381005608846e-08
2040-10-22 01:00:00,0.0251546738372446,11.370349884033317,5.857150241742123e-08
2040-10-22 02:00:00,0.0251558018904762,11.37135219573986,5.989781302705142e-08
2040-10-22 03:00:00,0.025156487775894,11.411568641662711,5.8668494392960255e-08
2040-10-22 04:00:00,0.0251574856811493,11.401865959167594,5.620882545165931e-08
2040-10-22 05:00:00,0.0251614233777893,11.416313171386832,5.628901944164671e-08
2040-10-22 06:00:00,0.0251712021776533,11.49261283874523,5.561693381882009e-08
2040-10-22 07:00:00,0.0251797322219729,11.568751335144157,5.503408769657595e-08
2040-10-22 08:00:00,0.025185702068478,11.691280364990348,5.3358543322472085e-08
2040-10-22 09:00:00,0.0251930893484327,11.581597328186149,5.3798281467981e-08
2040-10-22 10:00:00,0.0252014724503015,11.556879997253532,5.420176580786153e-08
2040-10-22 11:00:00,0.0252106071082509,11.619441032409782,5.3391212132672855e-08
2040-10-22 12:00:00,0.0252241145918174,11.760901451110954,5.249811920552146e-08
2040-10-22 13:00:00,0.0252612535426433,11.87103080749523,5.083535225734507e-08
2040-10-22 14:00:00,0.0251837523258788,12.263499259948844,4.552835594658139e-08
2040-10-22 15:00:00,0.0267260192496303,12.360665321350211,5.222445271411827e-08
2040-10-22 16:00:00,21.01165346364405,12.253999710083121,1.0163332863215389e-07
2040-10-22 17:00:00,35.05407642912671,12.303936004638786,2.620344824941961e-07
2040-10-22 18:00:00,35.05426259565971,12.370013236999625,2.985436175818497e-07
2040-10-22 19:00:00,35.054283911596904,12.162348747253532,3.153629283213787e-07
2040-10-22 20:00:00,35.05429842099887,11.84849071502697,3.3532718314485965e-07
2040-10-22 21:00:00,43.29671076111637,11.744352340698356,0.0004489222366313886
2040-10-22 22:00:00,43.30257446973737,11.67433071136486,0.03210360355701923
2040-10-22 23:00:00,43.30257913332235,11.075319290161246,0.03675275672226486
2040-10-23 00:00:00,43.30260351695937,10.607810974121207,0.07524160983407795
2040-10-23 01:00:00,43.30260822519889,10.187382698059196,0.09422197371063976
2040-10-23 02:00:00,43.30261297400565,9.781435012817496,0.11419631562218133
2040-10-23 03:00:00,43.30261625351434,9.360795974731559,0.13607722564968658
2040-10-23 04:00:00,43.302619176663214,8.9761838912965,0.16362439222258227
2040-10-23 05:00:00,43.30262181885748,8.734244346618766,0.19874154701475938
2040-10-23 06:00:00,43.30262293630115,8.49682712554943,0.2194798829740388
2040-10-23 07:00:00,43.30262370705146,8.229483604431266,0.2351393730297928
2040-10-23 08:00:00,43.30262332271729,8.32804107666027,0.20816013930578486
2040-10-23 09:00:00,43.302622463385255,8.51519870758068,0.1704022258102313
2040-10-23 10:00:00,43.30262035739522,8.698806762695426,0.129036861288678
2040-10-23 11:00:00,43.30261952767857,9.333868026733512,0.11415185427056378
2040-10-23 12:00:00,43.30261272701432,10.169283866882438,0.06884276441207418
2040-10-23 13:00:00,43.302618801785655,10.737676620483512,0.10937803685669524
2040-10-23 14:00:00,35.05433668018546,11.73683071136486,3.234640325938735e-07
2040-10-23 15:00:00,43.30260981886742,11.68012619018566,0.058254833219156046
2040-10-23 16:00:00,43.30261799750794,10.980979919433707,0.10039727924421463
2040-10-23 17:00:00,43.30262353673461,10.126822471618766,0.2096157325763646
2040-10-23 18:00:00,43.30262121978487,9.789593696594352,0.155795668465071
2040-10-23 19:00:00,43.302606165384354,9.674580574035758,0.06035762037091753
2040-10-23 20:00:00,43.30242027780629,9.408026695251579,0.008830335108036385
2040-10-23 21:00:00,35.05431716313204,9.123014450073356,3.31976697638093e-07
2040-10-23 22:00:00,35.05430732642633,8.942582130432243,2.860506597429351e-07
2040-10-23 23:00:00,35.05430699450807,8.98309135437023,2.9305041615749394e-07
2040-10-24 00:00:00,35.05430456830333,8.87174510955822,2.5779505757320674e-07
2040-10-24 01:00:00,35.054303357439444,8.721475601196403,2.3901648749351347e-07
2040-10-24 02:00:00,35.054302157425546,8.425510406494254,2.2311198542071758e-07
2040-10-24 03:00:00,35.05429989928996,8.506306648254508,1.9925274509145192e-07
2040-10-24 04:00:00,35.05429762249705,8.485567092895621,1.8716457895723985e-07
2040-10-24 05:00:00,35.054297478232016,8.549153327942008,1.8599640797122033e-07
2040-10-24 06:00:00,35.05429779837736,8.66149997711193,1.8593544406674988e-07
2040-10-24 07:00:00,20.06430042454901,8.890967369079704,8.887695515394344e-08
2040-10-24 08:00:00,20.064296903880592,9.045471191406364,8.301988567844821e-08
2040-10-24 09:00:00,20.06429333553076,9.248040199279899,8.021375493737501e-08
2040-10-24 10:00:00,20.064299375691785,9.705779075622672,8.375175158740401e-08
2040-10-24 11:00:00,20.064272118432932,10.029024124145621,7.672470577926043e-08
2040-10-24 12:00:00,20.064245481672703,10.45807266235363,7.576515262132424e-08
2040-10-24 13:00:00,19.9903535446182,11.17232704162609,7.404387271320424e-08
2040-10-24 14:00:00,20.06441505660178,11.749874114990348,9.650266194962166e-08
2040-10-24 15:00:00,21.011416227717987,11.500530242920036,1.343410671805063e-07
2040-10-24 16:00:00,21.01543989343565,11.19755077362072,1.6862260828082485e-07
2040-10-24 17:00:00,25.965714461874967,10.800591468811149,2.1925765079436086e-07
2040-10-24 18:00:00,21.01173793438061,10.488652229309196,1.6418400127802034e-07
2040-10-24 19:00:00,21.011920596330985,10.084085464477653,1.7792790480618992e-07
2040-10-24 20:00:00,25.96573155238512,10.049495697021598,2.475830727426591e-07
2040-10-24 21:00:00,25.96573795784328,9.49732875823986,2.589094174847104e-07
2040-10-24 22:00:00,21.01305685689405,9.022233009338493,1.9736186346238e-07
2040-10-24 23:00:00,25.963863046081137,8.638205528259391,2.5609095474003885e-07
2040-10-25 00:00:00,21.011416898319837,8.248079299926871,1.5517101003241044e-07
2040-10-25 01:00:00,21.011420899217708,7.757749557495231,1.5920190348553767e-07
2040-10-25 02:00:00,21.01141367969686,7.3313384056092445,1.5052030693158068e-07
2040-10-25 03:00:00,21.011411926364428,7.0525298118592445,1.4616475527443258e-07
2040-10-25 04:00:00,21.011411545021765,6.997861862182731,1.430863667380612e-07
2040-10-25 05:00:00,21.01141212653514,6.751552581787223,1.4061263349171044e-07
2040-10-25 06:00:00,21.01140918022853,6.8389606475831215,1.24862255326408e-07
2040-10-25 07:00:00,0.0567769464427288,6.998126029968375,7.422402426100922e-08
2040-10-25 08:00:00,0.0567663299784246,7.501121044159049,6.936280654181956e-08
2040-10-25 09:00:00,0.0251339421590109,8.266311645507926,5.381301131253482e-08
2040-10-25 10:00:00,0.0567778668743549,9.349096298217887,7.587934961464313e-08
2040-10-25 11:00:00,0.0251301520195168,11.128727912902946,5.161134497384989e-08
2040-10-25 12:00:00,0.0251009218725749,12.305631637573356,4.738290753480459e-08
2040-10-25 13:00:00,0.0251077202503753,12.750991821289176,4.7900470482009257e-08
2040-10-25 14:00:00,0.0251219888948765,13.25745773315441,4.947494101559618e-08
2040-10-25 15:00:00,0.0251126763166354,13.290689468383903,4.8475508629570055e-08
2040-10-25 16:00:00,0.0251305078245776,12.647460937500114,5.1448070684076455e-08
2040-10-25 17:00:00,0.0256516118913162,11.185019493103141,6.402605417249081e-08
2040-10-25 18:00:00,0.0252871615379383,9.989033699035758,6.523958984627819e-08
2040-10-25 19:00:00,0.0252040086109943,8.996538162231559,6.54096230065937e-08
2040-10-25 20:00:00,0.0251500909805888,8.504390716552848,6.535751139407122e-08
2040-10-25 21:00:00,0.0251398040035763,8.155135154724235,6.393252100954599e-08
2040-10-25 22:00:00,0.0251360832913557,7.734082221984977,6.092080866731671e-08
2040-10-25 23:00:00,0.0251359492799471,7.369697093963737,6.143380533829838e-08
2040-10-26 00:00:00,0.0251359008270874,7.073966503143424,6.045269925343152e-08
2040-10-26 01:00:00,0.0251354756980552,6.914841651916618,5.868343283888512e-08
2040-10-26 02:00:00,0.025135838354844,6.926970481872672,5.801554317609084e-08
2040-10-26 03:00:00,0.0251373305860195,6.970617294311637,5.7826365841496606e-08
2040-10-26 04:00:00,0.0251430815018073,7.210931777954215,5.7335998480438865e-08
2040-10-26 05:00:00,0.0251496053892423,7.352137565612907,5.6972091585913364e-08
2040-10-26 06:00:00,0.0251480666909798,7.377626895904655,5.705879188784161e-08
2040-10-26 07:00:00,0.0251176064312743,7.035862922668571,5.8596901153699604e-08
2040-10-26 08:00:00,0.0251110521266505,7.342644691467399,5.5853243268719686e-08
2040-10-26 09:00:00,0.0251092573573016,8.161580085754508,5.4777555717574314e-08
2040-10-26 10:00:00,0.0251076404960312,8.947734832763786,5.381836744239959e-08
2040-10-26 11:00:00,0.0251068480038277,9.53392601013195,5.400354796381488e-08
2040-10-26 12:00:00,0.0251067981585607,10.016389846801871,5.419752154306276e-08
2040-10-26 13:00:00,0.025099381382418,11.454576492309684,4.9960054325952925e-08
2040-10-26 14:00:00,0.0250976845374869,12.346384048462028,4.932619436411565e-08
2040-10-26 15:00:00,0.0251011072293703,12.207711219787711,5.035962269026621e-08
2040-10-26 16:00:00,0.0251024771384943,11.425032615661735,5.0519576974751846e-08
2040-10-26 17:00:00,0.0251288759616227,10.164951324463004,5.718866850531209e-08
2040-10-26 18:00:00,0.0251265464582389,9.557785034179801,5.7207562746477277e-08
2040-10-26 19:00:00,0.0251224125850503,8.580734252929801,5.775110812817926e-08
2040-10-26 20:00:00,0.0251157918470002,7.927353858947868,5.949160478849622e-08
2040-10-26 21:00:00,0.0251124673339168,7.628288745880241,6.09356366749712e-08
2040-10-26 22:00:00,0.0251108447263678,7.896863460540885,6.209728426191712e-08
2040-10-26 23:00:00,0.0251102955853541,8.555459976196403,6.256219206693969e-08
2040-10-27 00:00:00,0.0251099124075035,8.884534835815543,6.287811245827608e-08
2040-10-27 01:00:00,0.0251100592408193,8.83895587921154,6.274394885333504e-08
2040-10-27 02:00:00,0.0251106290547775,8.613880157470817,6.227351830711708e-08
2040-10-27 03:00:00,0.025111823733902,8.501278877258414,6.141633032545672e-08
2040-10-27 04:00:00,0.0251155981501486,8.58558273315441,5.95376302760656e-08
2040-10-27 05:00:00,0.0251204161148732,8.583227157592887,5.8197415510368616e-08
2040-10-27 06:00:00,0.0251227052069664,8.550742149353141,5.772684387008783e-08
2040-10-27 07:00:00,0.0251211086718198,8.670013427734489,5.8001778087558776e-08
2040-10-27 08:00:00,0.0251169806534597,9.075213432312125,5.675358461244776e-08
2040-10-27 09:00:00,0.0251138840934763,9.639367103576774,5.512753286497238e-08
2040-10-27 10:00:00,0.0251122002961281,10.140478134155387,5.342539185196318e-08
2040-10-27 11:00:00,0.0251122874279265,10.506426811218375,5.4099698927623915e-08
2040-10-27 12:00:00,0.0251047571126899,11.371088981628532,5.0143204102512725e-08
2040-10-27 13:00:00,0.0251073594347613,11.72690582275402,5.128546607335756e-08
2040-10-27 14:00:00,0.0251132718496164,11.552739143371696,5.420627207899052e-08
2040-10-27 15:00:00,0.0251078690437146,11.61659145355236,5.097536217618392e-08
2040-10-27 16:00:00,0.025104144764462,11.290352821350211,4.9104895428960075e-08
2040-10-27 17:00:00,0.0251321517257064,10.481661796569938,5.6813146976892357e-08
2040-10-27 18:00:00,0.0251302914519082,9.598370552063102,5.710049238674097e-08
2040-10-27 19:00:00,0.0251246641628718,9.542524337768668,5.798330395365149e-08
2040-10-27 20:00:00,0.0251202407022397,9.553041458129996,5.913241837009429e-08
2040-10-27 21:00:00,0.0251192152976834,9.600473403930778,6.045912441666248e-08
2040-10-27 22:00:00,0.0251181702586104,9.606279373169059,6.157859454262907e-08
2040-10-27 23:00:00,0.0251182622685912,9.505892753601188,6.267559637062317e-08
2040-10-28 00:00:00,0.0251192473815574,9.27639198303234,6.244022013992436e-08
2040-10-28 01:00:00,0.0251192337896747,8.885445594787711,6.007651499621505e-08
2040-10-28 02:00:00,0.0251205744958637,8.624144554138297,5.9207878500816645e-08
2040-10-28 03:00:00,0.0251236697998093,8.68874835968029,5.8132776346873574e-08
2040-10-28 04:00:00,0.025133247103627,8.706069946289176,5.6616208615546535e-08
2040-10-28 05:00:00,0.0251697210621637,8.674831390380973,5.563087579741511e-08
2040-10-28 06:00:00,0.0252244602960472,8.549384117126579,5.5386631016429835e-08
2040-10-28 07:00:00,0.0253382551499257,8.518097877502555,5.5249634479948036e-08
2040-10-28 08:00:00,0.0254857895439963,8.826799392700309,5.4099024835572546e-08
2040-10-28 09:00:00,0.0256054226615013,9.479057312011832,5.2434216368754603e-08
2040-10-28 10:00:00,19.570255198889807,9.909746170044059,8.109758726723463e-08
2040-10-28 11:00:00,19.990212417939937,9.988297462463493,8.363689155419394e-08
2040-10-28 12:00:00,19.99027017574909,10.187553405761832,8.423969846532828e-08
2040-10-28 13:00:00,19.990280393837605,10.405808448791618,7.954069703428984e-08
2040-10-28 14:00:00,19.990315209130557,10.078413009643668,8.103643753511986e-08
2040-10-28 15:00:00,19.99033691374,9.819308280944938,7.684904919185239e-08
2040-10-28 16:00:00,20.064086141451558,9.29011440277111,8.578852876162873e-08
2040-10-28 17:00:00,21.01155099214732,8.811928749084586,1.0971727065759435e-07
2040-10-28 18:00:00,21.011595536947635,8.60975265502941,1.1030430058037797e-07
2040-10-28 19:00:00,21.011635060089432,8.351362228393668,1.192990119481446e-07
2040-10-28 20:00:00,21.01169406448412,7.844112873077506,1.495136241982047e-07
2040-10-28 21:00:00,21.011744937493248,7.432328701019401,1.6956567977371483e-07
2040-10-28 22:00:00,21.011683165834334,7.339489459991569,1.2531290708360018e-07
2040-10-28 23:00:00,21.011718099046806,7.208538532257194,1.6453021956276404e-07
2040-10-29 00:00:00,21.01172555091872,7.17825555801403,1.6296409998975712e-07
2040-10-29 01:00:00,21.011745312601462,6.6468877792359535,1.64073318658576e-07
2040-10-29 02:00:00,21.01200991951594,6.100643634796256,1.9150310694808708e-07
2040-10-29 03:00:00,27.332383350958604,5.72727727890026,2.557620165053577e-07
2040-10-29 04:00:00,35.05419993149744,5.62001991271984,4.1386452931240046e-07
2040-10-29 05:00:00,43.302339180609046,5.57776498794567,0.007521892333548634
2040-10-29 06:00:00,43.30253145835488,5.684436321258659,0.019099812519076984
2040-10-29 07:00:00,43.30256731883992,6.019068717956657,0.030068347425113422
2040-10-29 08:00:00,43.302573680731705,6.704639911651725,0.03372531385856255
2040-10-29 09:00:00,43.30259114192019,7.661022663116569,0.058792404440469834
2040-10-29 10:00:00,43.302561324532284,8.640851974487418,0.025727855966390954
2040-10-29 11:00:00,35.05425391334426,10.261081695556754,2.6758760102610345e-07
2040-10-29 12:00:00,35.05425038061274,12.074642181396598,2.3392081345031146e-07
2040-10-29 13:00:00,35.054252043457694,13.40395832061779,2.489297716841696e-07
2040-10-29 14:00:00,35.05425542441794,14.683346748352164,2.749390779411435e-07
2040-10-29 15:00:00,35.05426862681772,14.590284347534293,3.2611351781806617e-07
2040-10-29 16:00:00,35.054287043627426,13.871429443359489,3.30335392815711e-07
2040-10-29 17:00:00,43.30260188458238,12.731716156005973,0.13449166291669945
2040-10-29 18:00:00,43.30259706250632,11.79643535614025,0.09429073126658559
2040-10-29 19:00:00,43.30257641870163,11.639533042907829,0.04102008032633595
2040-10-29 20:00:00,35.054318988588065,11.726449012756461,3.7056355546672985e-07
2040-10-29 21:00:00,35.05426018609736,11.794670104980582,3.1585601066394937e-07
2040-10-29 22:00:00,35.05425318995216,11.73522758483898,2.474272274267743e-07
2040-10-29 23:00:00,35.05425400897593,11.382987022400016,2.6562945542004196e-07
2040-10-30 00:00:00,35.05425404732944,11.181872367859,2.7183097293753143e-07
2040-10-30 01:00:00,35.054254379136914,11.056140899658317,2.749739407161758e-07
2040-10-30 02:00:00,35.05425614790728,10.93890476226818,2.9928010224989125e-07
2040-10-30 03:00:00,35.05426157485511,10.810636520385856,3.4132165275836077e-07
2040-10-30 04:00:00,35.054273219369904,10.794284820556754,3.7306289986311785e-07
2040-10-30 05:00:00,35.054261460107135,10.828229904174918,3.111569460243961e-07
2040-10-30 06:00:00,35.05425627171385,10.748173713684196,2.4621351459475416e-07
2040-10-30 07:00:00,0.0252142400831234,10.559198379516715,6.871254328050338e-08
2040-10-30 08:00:00,0.0252069060037855,10.792520523071403,5.8616578205138495e-08
2040-10-30 09:00:00,0.0252092613105959,11.719566345214957,6.030523831441115e-08
2040-10-30 10:00:00,0.0252084068243017,13.115849494934196,5.7849068149319315e-08
2040-10-30 11:00:00,0.0252045046651747,14.189136505127067,5.320016317097583e-08
2040-10-30 12:00:00,0.0252080408333431,14.48968887329113,5.771992471866844e-08
2040-10-30 13:00:00,0.0252089974102941,14.529883384704704,5.981429127085454e-08
2040-10-30 14:00:00,0.0252098471181926,14.560769081115836,6.160093582928864e-08
2040-10-30 15:00:00,0.0252136367356135,14.357604980468864,6.689347463129184e-08
2040-10-30 16:00:00,0.0252129144654864,14.151318550109977,6.321531344435948e-08
2040-10-30 17:00:00,0.0252138203598204,13.897449493408317,6.295523009799721e-08
2040-10-30 18:00:00,0.0252130951166253,13.595295906067008,6.264660059158726e-08
2040-10-30 19:00:00,0.0252134178883808,13.068402290344352,6.415424546690275e-08
2040-10-30 20:00:00,0.0252129954684738,12.76496791839611,6.557116795684712e-08
2040-10-30 21:00:00,0.0252165161656263,12.738066673278922,6.912970995000177e-08
2040-10-30 22:00:00,0.0252210144012259,12.965842247009391,7.463020343302821e-08
2040-10-30 23:00:00,0.0252280343341527,12.91830921173107,8.468934207539824e-08
2040-10-31 00:00:00,0.0252472835563179,12.780770301818961,9.460068198899019e-08
2040-10-31 01:00:00,0.0252276570973961,12.586760520935172,9.44223210315794e-08
2040-10-31 02:00:00,0.0252295203328014,12.396176338195914,9.960730069192535e-08
2040-10-31 03:00:00,0.0252312541987494,12.22306346893322,1.0001122923530708e-07
2040-10-31 04:00:00,0.0252314390933962,12.229125022888297,9.635172805575763e-08
2040-10-31 05:00:00,0.0252431427112259,12.261559486389274,9.28302931460645e-08
2040-10-31 06:00:00,0.0253464366280417,12.261314392089957,9.7672510299873e-08
2040-10-31 07:00:00,0.0251266259297485,12.186016082763786,8.970931830757807e-08
2040-10-31 08:00:00,0.0251137992978678,12.350294113159293,8.317108240484504e-08
2040-10-31 09:00:00,0.0251078858619645,13.133246421814079,7.884658033014725e-08
2040-10-31 10:00:00,0.0250997750998656,14.407850265503043,6.648487675962075e-08
2040-10-31 11:00:00,0.0250965253727893,15.164140701294059,6.009616370618984e-08
2040-10-31 12:00:00,0.0250999852914012,15.318710327148551,6.725282447562206e-08
2040-10-31 13:00:00,0.0250997009344878,15.630331993103141,7.004563058314953e-08
2040-10-31 14:00:00,0.0250993899014357,16.22714233398449,6.750832916376014e-08
2040-10-31 15:00:00,0.0251119877242591,16.207973480224723,8.211788905445934e-08
2040-10-31 16:00:00,0.0251015779729907,15.531984329223746,6.782746784783191e-08
2040-10-31 17:00:00,0.0257580407464385,14.922822952270621,9.2471989220025e-08
2040-10-31 18:00:00,0.0251228069791346,14.802604675293082,8.344285012110415e-08
2040-10-31 19:00:00,0.0251083756780455,14.907835960388297,8.40959027645046e-08
2040-10-31 20:00:00,0.0251050303712751,14.970023155212516,8.335993791965349e-08
2040-10-31 21:00:00,0.0251061096976333,14.90965843200695,7.965473671954877e-08
2040-10-31 22:00:00,0.0251055700151535,15.170369148254508,7.959401110686267e-08
2040-10-31 23:00:00,0.0251039643181675,15.598992347717399,7.892002236326944e-08
2040-11-01 00:00:00,0.0251025937265916,15.480121612548942,8.060498951497734e-08
2040-11-01 01:00:00,0.0251024992076,15.331680297851676,8.103311901652233e-08
2040-11-01 02:00:00,0.0251027504804534,15.31204700469982,8.173557194210077e-08
2040-11-01 03:00:00,0.0251032635279253,15.35458087921154,8.212240153214388e-08
2040-11-01 04:00:00,0.0251049758887028,15.290046691894645,8.769880157593818e-08
2040-11-01 05:00:00,0.0251150082579233,15.129438400268668,1.0658128130015843e-07
2040-11-01 06:00:00,0.0251187929293118,14.942024230957145,1.0511380946438312e-07
2040-11-01 07:00:00,0.0251068447064877,14.992419242859,1.0963864230596804e-07
2040-11-01 08:00:00,0.0251209673672529,14.88934707641613,1.0792032649168823e-07
2040-11-01 09:00:00,0.0250984157892653,15.27067089080822,9.439899261726457e-08
2040-11-01 10:00:00,0.0250884062411587,15.839365005493278,7.006595016220275e-08
2040-11-01 11:00:00,0.0250856073189126,16.35181808471691,6.362007320847634e-08
2040-11-01 12:00:00,0.0250934886247239,15.829956054687614,8.696273567259641e-08
2040-11-01 13:00:00,0.0250872006042319,16.27212524414074,7.192995351653682e-08
2040-11-01 14:00:00,0.0250880401115702,16.536520004272575,7.19158909004828e-08
2040-11-01 15:00:00,0.0250968242955856,16.521402359008903,9.025764694272714e-08
2040-11-01 16:00:00,0.0250899340794467,16.669195175171012,7.503730432009153e-08
2040-11-01 17:00:00,0.0250988295168255,16.44441413879406,8.984912392332234e-08
2040-11-01 18:00:00,0.0250976406891665,16.375347137451286,9.137681870381353e-08
2040-11-01 19:00:00,0.0250967597269274,16.38963127136242,9.280669520783715e-08
2040-11-01 20:00:00,0.0250956830487026,16.351619720459098,9.435690445075418e-08
2040-11-01 21:00:00,0.0250985061694566,16.33869552612316,8.952739262695957e-08
2040-11-01 22:00:00,0.0250981553823956,16.223396301269645,9.04025904584667e-08
2040-11-01 23:00:00,0.0250963725917084,16.170669555664176,9.493773994939264e-08
2040-11-02 00:00:00,0.0250951961026547,16.02682685852062,9.576699685401725e-08
2040-11-02 01:00:00,0.0250944877798501,15.97595596313488,9.603784741160467e-08
2040-11-02 02:00:00,0.0250945145825456,15.966508865356559,9.59948725125617e-08
2040-11-02 03:00:00,0.0250948699674149,15.824346542358512,9.546027745608592e-08
2040-11-02 04:00:00,0.0250957540651005,15.628823280334586,9.431959142938108e-08
2040-11-02 05:00:00,0.0250962549061642,15.371483802795524,9.353752734536704e-08
2040-11-02 06:00:00,0.0250969935300694,15.100245475769157,9.23020193267959e-08
2040-11-02 07:00:00,0.0250758206161762,14.86434650421154,1.0551810393727499e-07
2040-11-02 08:00:00,0.0250647002651731,14.943673133850211,8.689679499681157e-08
2040-11-02 09:00:00,0.0250622744006318,15.278793334961051,7.440912797010914e-08
2040-11-02 10:00:00,0.0250618699502636,15.459125518798942,6.89814586072538e-08
2040-11-02 11:00:00,0.0250607139470908,15.873190879821891,6.654279358243888e-08
2040-11-02 12:00:00,0.0250564663111786,16.807638168335075,5.341647507267961e-08
2040-11-02 13:00:00,0.0250573095484075,17.8866481781007,5.3387043752015575e-08
2040-11-02 14:00:00,0.0250605080490305,19.406595230102653,5.6384331203036385e-08
2040-11-02 15:00:00,0.0250636553029444,19.246534347534293,6.138875354465101e-08
2040-11-02 16:00:00,0.0250666288040671,18.32595825195324,6.53967814931286e-08
2040-11-02 17:00:00,0.0250947145455895,17.24844551086437,9.480326765169094e-08
2040-11-02 18:00:00,0.0250939972010638,16.696683883667106,9.587111539140752e-08
2040-11-02 19:00:00,0.0250910992986476,16.48077201843273,9.884450591732421e-08
2040-11-02 20:00:00,0.0250877141539331,16.387119293213004,1.010227238236324e-07
2040-11-02 21:00:00,0.0250955477228915,16.200059890747184,9.409678569947265e-08
2040-11-02 22:00:00,0.0250952073654516,15.855383872985954,9.391974671382358e-08
2040-11-02 23:00:00,0.0250890244531001,15.542315483093375,1.0026332881817773e-07
2040-11-03 00:00:00,0.025087346100772,15.32592868804943,1.0124780508945638e-07
2040-11-03 01:00:00,0.0250876557568231,15.189094543457145,1.0103870330606171e-07
2040-11-03 02:00:00,0.0250886848766119,14.959042549133414,1.0045783285507928e-07
2040-11-03 03:00:00,0.0250905064012102,14.728765487671012,9.91826383791339e-08
2040-11-03 04:00:00,0.025092731494971,14.538260459900016,9.720186368678172e-08
2040-11-03 05:00:00,0.0250969010295248,14.373577117920036,9.138057202327003e-08
2040-11-03 06:00:00,0.0250993899981872,14.203900337219352,8.556988252826736e-08
2040-11-03 07:00:00,0.0251004947552173,13.936244964599723,8.259350238080309e-08
2040-11-03 08:00:00,0.0250950005370362,14.094620704650993,7.678016314342633e-08
2040-11-03 09:00:00,0.0250863503113168,14.88120269775402,6.427628125877385e-08
2040-11-03 10:00:00,0.0250843146157093,15.925955772400016,5.6386506416001335e-08
2040-11-03 11:00:00,0.0250829992995427,16.93441963195812,5.257390143716749e-08
2040-11-03 12:00:00,0.0250834190031797,17.688421249389762,5.122011736152364e-08
2040-11-03 13:00:00,0.0250866286402725,18.090475082397575,5.1701690487004785e-08
2040-11-03 14:00:00,0.0250932409939895,18.079027175903434,5.342857518742478e-08
2040-11-03 15:00:00,0.0251208177020178,17.702960968017692,5.947228933874749e-08
2040-11-03 16:00:00,0.0265796989080973,16.98359870910656,7.270511303713022e-08
2040-11-03 17:00:00,0.0588970316388918,16.22064590454113,1.1635448941903702e-07
2040-11-03 18:00:00,0.0588935879457153,15.844545364379996,1.111922332743783e-07
2040-11-03 19:00:00,0.058902573122652,15.814706802368278,1.169702819381184e-07
2040-11-03 20:00:00,0.0290944447542783,15.837890625000114,1.0560194590165149e-07
2040-11-03 21:00:00,0.0530201243832436,15.993922233581657,1.0042034342951779e-07
2040-11-03 22:00:00,0.0525282656084835,16.331935882568473,9.504781640627561e-08
2040-11-03 23:00:00,0.0537509178010617,16.296688079834098,1.0259569290752936e-07
2040-11-04 00:00:00,0.055099356256611,16.124729156494254,1.1271521301403262e-07
2040-11-04 01:00:00,0.0564339647455251,15.927620887756461,1.1173332273734094e-07
2040-11-04 02:00:00,0.0585697180975046,15.706171035766715,1.3478279191422307e-07
2040-11-04 03:00:00,0.0587640203142577,15.460553169250602,1.2668716440264718e-07
2040-11-04 04:00:00,0.058915988217035,15.169909477234,1.2925100804597896e-07
2040-11-04 05:00:00,0.0586758197148485,15.146338462829704,1.0578334472543085e-07
2040-11-04 06:00:00,0.0269147263858099,15.003014564514274,8.175212374035846e-08
2040-11-04 07:00:00,0.0251141171299511,14.606902122497672,7.225788763713225e-08
2040-11-04 08:00:00,0.0251088360847138,14.472729682922477,6.97099410786466e-08
2040-11-04 09:00:00,0.0251068992750884,14.365109443664664,6.826755817449638e-08
2040-11-04 10:00:00,0.0251103439372855,14.240324974060172,6.362549853034019e-08
2040-11-04 11:00:00,0.0251102001394296,14.238570213317985,6.40748391232897e-08
2040-11-04 12:00:00,0.0251068659683433,14.158234596252555,6.324738800275437e-08
2040-11-04 13:00:00,0.0251051302503688,13.939715385437125,6.555320111277776e-08
2040-11-04 14:00:00,0.0251048984539325,13.740680694580192,6.713378225845274e-08
2040-11-04 15:00:00,0.025107637128275,13.465039253234977,6.939561627307513e-08
2040-11-04 16:00:00,0.0251093325329602,13.20205402374279,6.818207638376526e-08
2040-11-04 17:00:00,0.0251085222750794,13.140175819397086,6.672867872152604e-08
2040-11-04 18:00:00,0.0251066651238123,12.89759731292736,6.662808225425978e-08
2040-11-04 19:00:00,0.0251065583962406,12.580732345581168,6.678861420255741e-08
2040-11-04 20:00:00,0.0251064990599244,12.478437423706168,6.709657542096573e-08
2040-11-04 21:00:00,0.0251080016362024,12.184911727905387,6.525722852646704e-08
2040-11-04 22:00:00,0.0251083965684945,11.90382003784191,6.645730399869709e-08
2040-11-04 23:00:00,0.0251079742509873,11.731152534484977,7.007283442714436e-08
2040-11-05 00:00:00,0.0251079854364287,11.822077751159782,7.111381308871995e-08
2040-11-05 01:00:00,0.0251083610138249,11.824458122253532,6.99826142272784e-08
2040-11-05 02:00:00,0.025109965086798,11.67273044586193,7.156475685981532e-08
2040-11-05 03:00:00,0.0251122432627101,11.723211288452262,7.289199223915026e-08
2040-11-05 04:00:00,0.0251231385119343,11.618755340576286,7.190088199472121e-08
2040-11-05 05:00:00,0.0259442711612921,11.627371788025016,7.455110869430185e-08
2040-11-05 06:00:00,0.0525154448808703,11.494261741638297,8.684409545221347e-08
2040-11-05 07:00:00,0.0539432699509644,11.362257003784293,8.757785813501577e-08
2040-11-05 08:00:00,0.0567619675314109,11.249860763549918,1.0282779957656688e-07
2040-11-05 09:00:00,0.0567617850028953,11.279562950134391,9.666642007467751e-08
2040-11-05 10:00:00,0.0567712566285063,11.313897132873649,1.0937016836757788e-07
2040-11-05 11:00:00,0.05676848567231,11.563092231750602,9.548986314208815e-08
2040-11-05 12:00:00,0.0567370617469939,11.879177093505973,8.116837991794958e-08
2040-11-05 13:00:00,0.0564663125532288,11.459342956543082,8.240427851050272e-08
2040-11-05 14:00:00,0.0251172113435682,11.242646217346305,5.223546320781508e-08
2040-11-05 15:00:00,0.0251113859257777,11.163421630859489,5.106734109678863e-08
2040-11-05 16:00:00,0.0251226128519597,10.987763404846305,5.703316620124803e-08
2040-11-05 17:00:00,0.0251243949878274,10.697774887085075,5.8787916887645e-08
2040-11-05 18:00:00,0.0251242027909489,10.429666519165153,5.888736643904792e-08
2040-11-05 19:00:00,0.0251242281409045,10.206377983093375,5.8936828133968284e-08
2040-11-05 20:00:00,0.0251238900933258,9.939045906067008,5.901483753362207e-08
2040-11-05 21:00:00,0.0251232916732843,9.76411056518566,5.9092645157911374e-08
2040-11-05 22:00:00,0.0251231807787713,9.71502494812023,5.9353770889081095e-08
2040-11-05 23:00:00,0.0251231702614562,9.663080215454215,5.915360733437966e-08
2040-11-06 00:00:00,0.0251233135330441,9.64360332489025,5.9112910313007995e-08
2040-11-06 01:00:00,0.0251238196897618,9.864363670349235,5.899596184623411e-08
2040-11-06 02:00:00,0.0251249032330242,9.950899124145621,5.8808382030494975e-08
2040-11-06 03:00:00,0.0251273436779775,10.042282104492301,5.841850776255554e-08
2040-11-06 04:00:00,0.0251341188556946,10.075920104980582,5.760124265392376e-08
2040-11-06 05:00:00,0.0251720226589526,10.031886100769157,5.633989093078445e-08
2040-11-06 06:00:00,0.025447043453229,9.990362167358512,5.474949391771006e-08
2040-11-06 07:00:00,0.0254941636284177,10.026939392089957,5.48292773369988e-08
2040-11-06 08:00:00,0.0255028096091237,9.980418205261344,4.9903192213948196e-08
2040-11-06 09:00:00,0.0255208171952009,10.36711406707775,4.9009863481023624e-08
2040-11-06 10:00:00,18.82566064420812,10.667623519897575,7.845172710329128e-08
2040-11-06 11:00:00,19.22972194758613,10.834236145019645,8.308263456426483e-08
2040-11-06 12:00:00,19.642459773170003,11.156626701355094,9.07097469124204e-08
2040-11-06 13:00:00,20.064170976446317,11.271944046020621,1.0742508933163828e-07
2040-11-06 14:00:00,43.30258215492141,11.091982841491813,0.029393889377315775
2040-11-06 15:00:00,43.30260849865802,11.004830360412711,0.06512811920458624
2040-11-06 16:00:00,43.30262317164996,10.48004245758068,0.22981296559572875
2040-11-06 17:00:00,43.302624630605536,9.749032974243278,0.2527767665113595
2040-11-06 18:00:00,43.30262523578703,9.507872581482047,0.25732996686629306
2040-11-06 19:00:00,43.3026255307138,9.168306350708121,0.25421850154377
2040-11-06 20:00:00,43.3026257933934,8.710736274719352,0.2519241206351569
2040-11-06 21:00:00,43.30262589333453,8.054883956909293,0.24321829823072275
2040-11-06 22:00:00,43.30262627276851,7.613464832306022,0.24946927234074595
2040-11-06 23:00:00,43.30262617970212,7.148066520691032,0.23155624089948518
2040-11-07 00:00:00,43.30262483155074,7.123302936554069,0.18243881344838253
2040-11-07 01:00:00,43.30262560963588,6.969408512115592,0.20329297703742777
2040-11-07 02:00:00,43.30262553185144,6.819602489471549,0.19665222183178402
2040-11-07 03:00:00,43.302623943481805,6.650470733642692,0.15472886733252197
2040-11-07 04:00:00,43.30262569804508,6.5911579132081215,0.19772579097110474
2040-11-07 05:00:00,43.30262684999783,6.702809333801383,0.22584891158446668
2040-11-07 06:00:00,43.30262713931024,6.645595073700065,0.21634075863284918
2040-11-07 07:00:00,27.33395538337916,6.695885181427116,5.687084039722286e-07
2040-11-07 08:00:00,27.33395500944553,6.796046733856315,5.130032944880616e-07
2040-11-07 09:00:00,27.33395397698425,7.0374050140382,4.451751507515806e-07
2040-11-07 10:00:00,27.333953725052776,7.368680477142448,4.3708711208605406e-07
2040-11-07 11:00:00,27.33395188677789,7.690989494323844,3.703024750974995e-07
2040-11-07 12:00:00,27.332217611405945,8.29319000244152,2.1250606737004076e-07
2040-11-07 13:00:00,22.119698360996345,8.417593955993766,1.6742178121815733e-07
2040-11-07 14:00:00,27.33392477074643,8.43887042999279,2.4540463305394704e-07
2040-11-07 15:00:00,27.333945121682696,8.419015884399528,3.0833420471963513e-07
2040-11-07 16:00:00,27.333943290703463,8.576409339904899,2.906672081152035e-07
2040-11-07 17:00:00,27.332047963560548,8.820400238037223,2.166076475376585e-07
2040-11-07 18:00:00,21.01172741419044,8.88357257843029,1.0063330506635534e-07
2040-11-07 19:00:00,21.011705853526117,8.830124855041618,9.463196772640613e-08
2040-11-07 20:00:00,21.011699902814044,8.827011108398551,9.010579394217766e-08
2040-11-07 21:00:00,21.011697602059623,8.722176551818961,8.888828300332346e-08
2040-11-07 22:00:00,21.011696336929564,8.572172164917106,8.832804505921797e-08
2040-11-07 23:00:00,21.011694753203592,8.163271903991813,8.6819698428019e-08
2040-11-08 00:00:00,21.01169405079224,8.051733016967887,8.644879088573114e-08
2040-11-08 01:00:00,21.01169407444609,7.494485855102653,8.680336778191712e-08
2040-11-08 02:00:00,21.01169565864187,7.15971136093151,8.973806154534865e-08
2040-11-08 03:00:00,21.01169656719896,6.677164554596061,9.22558029994141e-08
2040-11-08 04:00:00,21.01169760812962,6.398105144500846,9.60824300518764e-08
2040-11-08 05:00:00,21.011698256458786,6.173066139221305,9.820488813347441e-08
2040-11-08 06:00:00,21.01169789532445,6.288493633270377,9.472217261839655e-08
2040-11-08 07:00:00,20.06408817917515,7.228690147400016,9.274617852746065e-08
2040-11-08 08:00:00,20.06408840854697,7.656574249267692,9.179508301910711e-08
2040-11-08 09:00:00,20.064077996818423,8.065544128418082,8.095259825938973e-08
2040-11-08 10:00:00,20.064082686468677,8.275276184082145,8.446615211070332e-08
2040-11-08 11:00:00,0.0251096342291013,8.894842147827262,4.5547954873039794e-08
2040-11-08 12:00:00,19.990358894065963,9.07264614105236,7.414563032228967e-08
2040-11-08 13:00:00,20.064078442327816,9.426057815551871,8.038607691026716e-08
2040-11-08 14:00:00,20.064091847277584,9.494493484497184,9.74595757442548e-08
2040-11-08 15:00:00,20.06409008335189,9.320456504821891,9.207231442639418e-08
2040-11-08 16:00:00,20.06408889871429,9.177330017089957,8.684498632279977e-08
2040-11-08 17:00:00,20.06408664308445,9.133299827575797,8.305411142620626e-08
2040-11-08 18:00:00,20.06408677643623,9.160322189331168,8.304472916657403e-08
2040-11-08 19:00:00,20.06408695385604,9.231573104858512,8.314551848042693e-08
2040-11-08 20:00:00,20.064087600036583,9.428813934326286,8.362221051837162e-08
2040-11-08 21:00:00,20.06408803474073,9.265888214111442,8.359750968301317e-08
2040-11-08 22:00:00,20.064092526281726,9.324170112609977,8.916799736248998e-08
2040-11-08 23:00:00,20.064096004822936,9.427108764648551,9.021762626051367e-08
2040-11-09 00:00:00,20.064168443676877,9.49784088134777,1.4443352263721634e-07
2040-11-09 01:00:00,43.30255933561794,9.509612083435172,0.03557192118359678
2040-11-09 02:00:00,43.302598666917646,9.65576553344738,0.09372711886793965
2040-11-09 03:00:00,43.30260560963381,9.864058494567985,0.12569382162449744
2040-11-09 04:00:00,43.30260979545345,10.155744552612418,0.1561581444658888
2040-11-09 05:00:00,43.30261145043089,10.484976768493766,0.1645753456055336
2040-11-09 06:00:00,43.30260482389427,10.108122825622672,0.09488417758207884
2040-11-09 07:00:00,21.01179454517812,9.896370887756461,1.935986634022928e-07
2040-11-09 08:00:00,19.98994783479732,10.058687210083121,1.2132188596872647e-07
2040-11-09 09:00:00,19.989937288633943,10.812111854553336,8.797290832168994e-08
2040-11-09 10:00:00,19.989944997921643,11.926536560058707,1.0972592975987935e-07
2040-11-09 11:00:00,19.98993495060519,13.015426635742301,8.310473546330716e-08
2040-11-09 12:00:00,0.0251372038652386,13.894141197204704,4.548807466370245e-08
2040-11-09 13:00:00,0.0251144170955893,14.352267265319938,4.5547252064751306e-08
2040-11-09 14:00:00,0.025111805454693,14.534665107727164,4.5595756319662064e-08
2040-11-09 15:00:00,0.0251363317393415,14.403783798217887,4.5525586903237257e-08
2040-11-09 16:00:00,43.30229173298951,13.903021812439079,0.004003082081140926
2040-11-09 17:00:00,43.30235779208586,13.545860290527457,0.0060724823510394455
2040-11-09 18:00:00,43.30260356322656,13.469048500061149,0.0579512085709567
2040-11-09 19:00:00,43.30261401892614,13.493637084961051,0.10380183718532944
2040-11-09 20:00:00,43.30261516555382,13.514810562133903,0.11554931540908962
2040-11-09 21:00:00,43.30261451590965,13.654052734375114,0.11499840693239081
2040-11-09 22:00:00,43.302615256587465,13.89922904968273,0.12786496761053928
2040-11-09 23:00:00,43.30261259239107,14.168141365051383,0.10784543736379575
2040-11-10 00:00:00,43.302606204543416,14.468949317932243,0.08079235335149856
2040-11-10 01:00:00,43.30261173959666,14.522320747375602,0.10842643840299966
2040-11-10 02:00:00,43.30261539259806,14.41200160980236,0.14101511161082192
2040-11-10 03:00:00,43.30261701581794,14.46861839294445,0.16638177629043077
2040-11-10 04:00:00,43.30261775407688,14.291875839233512,0.1732022059444993
2040-11-10 05:00:00,43.30261989907655,14.057720184326286,0.21448345037284566
2040-11-10 06:00:00,43.30262112087568,14.009236335754508,0.24616132968686769
2040-11-10 07:00:00,24.705109598501338,13.6817502975465,9.198968385624286e-07
2040-11-10 08:00:00,24.70510059873697,13.356410980224723,3.649033849521324e-07
2040-11-10 09:00:00,24.704904066315592,13.678289413452262,2.0989319881637876e-07
2040-11-10 10:00:00,20.92987801891463,14.546773910522575,1.5522072282049936e-07
2040-11-10 11:00:00,19.99033242535554,15.517067909240836,1.3905954768265128e-07
2040-11-10 12:00:00,19.990281239871614,16.223077774047965,1.2893377139225347e-07
2040-11-10 13:00:00,19.9902741116009,16.458938598632926,1.2272591236868372e-07
2040-11-10 14:00:00,19.99027589252072,16.193918228149528,1.2762062871138422e-07
2040-11-10 15:00:00,19.99027210239539,15.578394889831657,1.160269953433316e-07
2040-11-10 16:00:00,19.99032433644925,14.77738475799572,1.395476716256927e-07
2040-11-10 17:00:00,19.99027087036764,14.201497077942008,1.0841110018385575e-07
2040-11-10 18:00:00,19.99026905855612,14.09787750244152,1.0313829347049633e-07
2040-11-10 19:00:00,19.9902684979999,13.792833328247184,1.0089013571622148e-07
2040-11-10 20:00:00,19.990268135565067,13.16040134429943,9.979606228174248e-08
2040-11-10 21:00:00,19.99026916694981,12.897087097168082,1.0351657029941896e-07
2040-11-10 22:00:00,19.99026886155757,12.401098251342887,1.0071563433880874e-07
2040-11-10 23:00:00,19.990268312293864,11.801592826843375,9.833538028328551e-08
2040-11-11 00:00:00,19.990268209243247,11.268524169921989,9.83319795065313e-08
2040-11-11 01:00:00,19.990268024962,10.734340667724723,9.619153899049108e-08
2040-11-11 02:00:00,19.99026942476605,10.359964370727653,1.0067373300901583e-07
2040-11-11 03:00:00,19.99027096062998,10.02023792266857,1.054181492220728e-07
2040-11-11 04:00:00,19.99027218805306,9.916870117187614,1.064352374941698e-07
2040-11-11 05:00:00,19.990275429509133,9.779665946960563,1.0555147305591162e-07
2040-11-11 06:00:00,19.99029046170681,9.643630981445426,1.1430584114210142e-07
2040-11-11 07:00:00,19.9902948575303,9.498195648193473,1.168945922649626e-07
2040-11-11 08:00:00,19.99029973512808,9.406804084777946,1.1384132603704048e-07
2040-11-11 09:00:00,19.990293143580104,9.906086921692008,9.338567756489054e-08
2040-11-11 10:00:00,19.9903300518326,11.115813255310172,1.1473175307592913e-07
2040-11-11 11:00:00,19.99033473415178,12.084809303283805,9.128238175723445e-08
2040-11-11 12:00:00,19.99338945749909,12.804775238037223,1.0234735728486583e-07
2040-11-11 13:00:00,20.064124637309643,13.128163337707633,1.1011330309520734e-07
2040-11-11 14:00:00,27.332413152413817,12.783867835998649,1.7496190783339403e-07
2040-11-11 15:00:00,43.302561185318496,12.278508186340446,0.018530913227629186
2040-11-11 16:00:00,43.30262508065409,11.513912200927848,0.19232392551787283
2040-11-11 17:00:00,43.30262626413128,10.895213127136344,0.2129563255699197
2040-11-11 18:00:00,43.30262612338552,10.482283592224235,0.19803785536491897
2040-11-11 19:00:00,43.302621413285,10.271743774414176,0.10533704643290992
2040-11-11 20:00:00,43.30260574063808,10.068751335144157,0.04315121193324624
2040-11-11 21:00:00,43.30260922630568,10.08352088928234,0.04994210709014692
2040-11-11 22:00:00,43.30261670027071,9.855317115783805,0.0735487591173126
2040-11-11 23:00:00,43.30261318678989,9.74053764343273,0.061390893005890436
2040-11-12 00:00:00,43.30260795104205,9.557389259338493,0.04867893458620492
2040-11-12 01:00:00,43.30261072130794,9.415844917297477,0.054446401808115955
2040-11-12 02:00:00,43.302613094489466,9.332695007324332,0.05963969102130218
2040-11-12 03:00:00,43.302618041794645,9.224432945251579,0.07685961880989316
2040-11-12 04:00:00,43.30262630245818,9.035227775573844,0.1435881108812531
2040-11-12 05:00:00,43.30262964513626,8.798199653625602,0.204564219215384
2040-11-12 06:00:00,43.30263104289836,8.730945587158317,0.24001585450721613
2040-11-12 07:00:00,43.30263181529818,8.727316856384391,0.2593068498110532
2040-11-12 08:00:00,43.30263225359755,8.696230888366813,0.26001795426677693
2040-11-12 09:00:00,43.30263220460757,8.745526313781852,0.2420082108011328
2040-11-12 10:00:00,43.30263189754339,8.951926231384391,0.21423482725620638
2040-11-12 11:00:00,43.30263035360274,9.312125205993766,0.14922023557872513
2040-11-12 12:00:00,43.3026279990093,9.668014526367301,0.10410351869833602
2040-11-12 13:00:00,43.302628975813576,9.715830802917594,0.11972856620068713
2040-11-12 14:00:00,43.302625936164354,9.83770561218273,0.08220910066121567
2040-11-12 15:00:00,43.30262759476277,9.63460731506359,0.09997979269243434
2040-11-12 16:00:00,43.3026329588773,9.031043052673454,0.26815814018997197
2040-11-12 17:00:00,43.30263299794327,8.465604782104606,0.2683206242628341
2040-11-12 18:00:00,43.30263286558144,8.21590614318859,0.26598968230318765
2040-11-12 19:00:00,43.30263279789086,8.084443092346305,0.2652694925011306
2040-11-12 20:00:00,43.302632586100586,7.976156711578483,0.26266566994569207
2040-11-12 21:00:00,43.30263189910735,7.83960056304943,0.23956345806001542
2040-11-12 22:00:00,43.30263163240867,7.684237957000846,0.22988023662562765
2040-11-12 23:00:00,43.30263050139264,7.5730376243592445,0.19496733355961987
2040-11-13 00:00:00,43.302628991665394,7.357717990875358,0.15798171937016464
2040-11-13 01:00:00,43.30262760214532,7.12746620178234,0.12958547489611563
2040-11-13 02:00:00,43.302627035567056,6.9292669296265785,0.12263857044794761
2040-11-13 03:00:00,43.3026269994118,6.974238395691032,0.12282600046398921
2040-11-13 04:00:00,43.3026254825533,6.986585617065543,0.09799805223129122
2040-11-13 05:00:00,43.30262435884515,6.809164047241325,0.07989930626266344
2040-11-13 06:00:00,43.30262262413898,6.964347362518424,0.05962676258879907
2040-11-13 07:00:00,21.011977390032712,7.327120780944938,1.1466295512068898e-07
2040-11-13 08:00:00,21.01197648629812,7.565576076507682,1.0558989951941398e-07
2040-11-13 09:00:00,21.011976010969324,7.751121520996207,1.0002882319767778e-07
2040-11-13 10:00:00,21.01197370517325,8.014390945434684,8.959842376957703e-08
2040-11-13 11:00:00,21.01197750723693,8.378812789917106,9.654466596691929e-08
2040-11-13 12:00:00,21.01197996597909,9.202910423278922,9.698359873449646e-08
2040-11-13 13:00:00,21.01198605366717,10.22136211395275,1.026985563970874e-07
2040-11-13 14:00:00,21.01200866330988,10.57513236999523,1.1445215069480543e-07
2040-11-13 15:00:00,27.33189747461912,10.308465003967399,1.6361001916915927e-07
2040-11-13 16:00:00,27.33234023421025,9.706507682800407,2.226716141330041e-07
2040-11-13 17:00:00,27.332423897531577,9.291434288025016,2.2887531873480238e-07
2040-11-13 18:00:00,27.33259646717984,9.076105117797965,2.2725732514161705e-07
2040-11-13 19:00:00,27.33238571765021,8.95026016235363,2.2933558420132502e-07
2040-11-13 20:00:00,27.33241587091377,8.758399009704704,2.389216351973233e-07
2040-11-13 21:00:00,27.332328610906167,8.45597362518322,2.19540043395952e-07
2040-11-13 22:00:00,27.3323168214995,8.222903251648063,1.8671775181014942e-07
2040-11-13 23:00:00,27.33231224810673,8.125837326049918,1.3724950081953434e-07
2040-11-14 00:00:00,27.332315920629483,8.11701583862316,1.5172627334268415e-07
2040-11-14 01:00:00,27.332328528462657,8.117218017578239,1.9883728280650188e-07
2040-11-14 02:00:00,27.33237832503383,8.14777755737316,2.3934189903664024e-07
2040-11-14 03:00:00,27.33489157128856,8.200656890869254,2.6057517058698973e-07
2040-11-14 04:00:00,43.30249996566731,8.45704269409191,0.015094710834851116
2040-11-14 05:00:00,43.302578126280586,8.728137969970817,0.028729028523738626
2040-11-14 06:00:00,43.302612544534064,8.838200569152946,0.062160527238321064
2040-11-14 07:00:00,43.30261261045983,9.092699050903434,0.059100850809917574
2040-11-14 08:00:00,43.30257644029937,9.714644432067985,0.023029167890944332
2040-11-14 09:00:00,35.05435719611041,10.569907188415641,2.984606294159759e-07
2040-11-14 10:00:00,35.0543474946561,10.829084396362418,2.5609694037596446e-07
2040-11-14 11:00:00,35.05434403547645,11.004139900207633,2.1556127095946033e-07
2040-11-14 12:00:00,35.05434097260787,11.218613624572868,1.9100507730891948e-07
2040-11-14 13:00:00,35.05434424779823,11.13090038299572,1.9991431613673627e-07
2040-11-14 14:00:00,35.05434490456166,11.345129966735954,1.9096612919463473e-07
2040-11-14 15:00:00,35.05435338108868,11.56201553344738,1.9522684651729324e-07
2040-11-14 16:00:00,43.302580319257935,11.764507293701286,0.01979398306413815
2040-11-14 17:00:00,43.30260118632046,11.783754348754996,0.032503576256335535
2040-11-14 18:00:00,43.30260782809616,11.672336578369254,0.04155846653229829
2040-11-14 19:00:00,43.30261715076701,11.767144203186149,0.06342957172817786
2040-11-14 20:00:00,43.30262233597401,11.898820877075309,0.08913200945712635
2040-11-14 21:00:00,43.30262444898638,12.127542495727653,0.10987246595477192
2040-11-14 22:00:00,43.30262586692172,12.137562751770133,0.12666400276015619
2040-11-14 23:00:00,43.30262546595731,12.074922561645621,0.12624018205364745
2040-11-15 00:00:00,43.30262622662587,11.985756874084586,0.13721586662271315
2040-11-15 01:00:00,43.30262721246664,11.825119972229118,0.15391984066647377
2040-11-15 02:00:00,43.30262730021088,11.70210170745861,0.15294178235613115
2040-11-15 03:00:00,43.30262853190047,11.684334754943961,0.17577764056141965
2040-11-15 04:00:00,43.30262960774116,11.751143455505485,0.2060349092486168
2040-11-15 05:00:00,43.3026303362577,11.759038925171012,0.22443802363798854
2040-11-15 06:00:00,43.30263091622151,11.648775100708121,0.2319911790390069
2040-11-15 07:00:00,43.30263124561507,11.5621852874757,0.2420286669692053
2040-11-15 08:00:00,43.30263161758781,11.593630790710563,0.2440077761686257
2040-11-15 09:00:00,43.30263135043238,11.68088817596447,0.2102573072347386
2040-11-15 10:00:00,43.30263135317269,11.855965614318961,0.2004998089511029
2040-11-15 11:00:00,43.302628471600805,12.17441558837902,0.11389649718780571
2040-11-15 12:00:00,43.30262904661159,12.44857501983654,0.12309941179215121
2040-11-15 13:00:00,43.302629408421815,12.39221000671398,0.1300752700037809
2040-11-15 14:00:00,43.30263171913912,12.118221282959098,0.20922713510765825
2040-11-15 15:00:00,43.3026287818832,12.030815124511832,0.11848956852864341
2040-11-15 16:00:00,43.30263244391003,11.502461433410758,0.2345989697249998
2040-11-15 17:00:00,43.30263251608651,10.99131011962902,0.22924130880468782
2040-11-15 18:00:00,43.30263265326286,10.562712669372672,0.23788720162977636
2040-11-15 19:00:00,43.302632795682925,10.11032867431652,0.24963605669235292
2040-11-15 20:00:00,43.30263281472306,9.807460784912223,0.25054698905231776
2040-11-15 21:00:00,43.302632855119896,9.553297042846793,0.2520713635352888
2040-11-15 22:00:00,43.30263276385353,9.215166091919059,0.24411222453055872
2040-11-15 23:00:00,43.30263270009653,8.916283607483024,0.23893587717397477
2040-11-16 00:00:00,43.30263269607672,8.560715675354118,0.2460062195123954
2040-11-16 01:00:00,43.30263287698159,8.02988433837902,0.2519057861765463
2040-11-16 02:00:00,43.30263310152014,7.560826778411979,0.25776735631034775
2040-11-16 03:00:00,43.30263305457311,7.216907501220817,0.25204925775145987
2040-11-16 04:00:00,43.302632922361525,7.150199890136832,0.24345283881685015
2040-11-16 05:00:00,43.30263294319353,7.1919317245484535,0.23736128712001825
2040-11-16 06:00:00,43.302633186977296,7.317263126373405,0.24069343509045327
2040-11-16 07:00:00,43.30263212645348,7.133541584015006,0.2136052471993795
2040-11-16 08:00:00,43.30263158132003,7.105033874511832,0.18680398125787034
2040-11-16 09:00:00,43.30263188299026,7.189149379730338,0.18469967401287907
2040-11-16 10:00:00,43.302632481656346,7.236953258514518,0.1989450679210812
2040-11-16 11:00:00,43.30263271488913,7.2092375755311195,0.205834067379236
2040-11-16 12:00:00,43.30263279085288,7.506888389587516,0.21087384299704895
2040-11-16 13:00:00,43.30263271670557,7.901762962341422,0.20569261087010446
2040-11-16 14:00:00,43.30263332860678,7.96511268615734,0.23036216308850227
2040-11-16 15:00:00,43.30263332622923,8.062278747558707,0.22594158695769845
2040-11-16 16:00:00,43.30263355623625,8.033221244812125,0.23520214918214344
2040-11-16 17:00:00,43.302633491091896,7.939189910888786,0.22605839097950564
2040-11-16 18:00:00,43.30263358609683,7.801860809326286,0.23247455755936675
2040-11-16 19:00:00,43.30263370999641,7.788835525512809,0.24227322996458606
2040-11-16 20:00:00,43.30263377867142,7.689359664917106,0.25090756661041425
2040-11-16 21:00:00,43.30263396310031,7.487132549286002,0.26047335188614795
2040-11-16 22:00:00,43.302634044225805,7.283635139465446,0.2665773448136081
2040-11-16 23:00:00,43.30263391497666,7.142083644867057,0.2640682298811091
2040-11-17 00:00:00,43.30263383676561,7.094215869903678,0.26231668820510806
2040-11-17 01:00:00,43.302633874474026,7.069484233856315,0.2624446538154019
2040-11-17 02:00:00,43.30263392145572,6.954796791076774,0.2627520323735656
2040-11-17 03:00:00,43.30263390830524,6.85100889205944,0.2587692955222929
2040-11-17 04:00:00,43.30263415352879,6.782329082489127,0.26564501011507624
2040-11-17 05:00:00,43.30263439745408,6.801141262054557,0.26951999872543075
2040-11-17 06:00:00,43.302634714490914,6.835693359375114,0.2755160700665083
2040-11-17 07:00:00,43.30263454347439,6.884205341339225,0.2728224081974025
2040-11-17 08:00:00,43.30263450679508,6.906470775604362,0.2671275995755768
2040-11-17 09:00:00,43.30263408673083,6.974559783935661,0.24048081014521516
2040-11-17 10:00:00,43.302633622139545,7.168437004089469,0.2139596723489813
2040-11-17 11:00:00,43.30263307953829,7.438904285431022,0.18663461526999164
2040-11-17 12:00:00,43.302632070605696,7.74180364608776,0.15107894080811268
2040-11-17 13:00:00,43.3026329191921,7.513445377349967,0.1891903529591654
2040-11-17 14:00:00,43.30263195261971,7.661759376525993,0.1547743812970861
2040-11-17 15:00:00,43.30263331890379,7.345089435577506,0.20802368505107885
2040-11-17 16:00:00,43.30263416079046,6.974556922912711,0.25312590341810465
2040-11-17 17:00:00,43.30263435599618,6.577843189239616,0.259588754416914
2040-11-17 18:00:00,43.30263431635755,6.509573459625358,0.25740139799872147
2040-11-17 19:00:00,43.30263413539249,6.495949745178336,0.2510137788708898
2040-11-17 20:00:00,43.302633757591245,6.50768613815319,0.24166311232557797
2040-11-17 21:00:00,43.30263349501992,6.285877704620475,0.2314290812282947
2040-11-17 22:00:00,43.30263342428702,5.995794296264762,0.23331556995251443
2040-11-17 23:00:00,43.302633262353865,5.424747467041129,0.23391768778736208
2040-11-18 00:00:00,43.30263300989831,4.88789796829235,0.22243820770909054
2040-11-18 01:00:00,43.30263250086964,4.529243469238395,0.19737725303425835
2040-11-18 02:00:00,43.3026323135488,4.565118312835807,0.19089423951191709
2040-11-18 03:00:00,43.30263217031741,4.7483468055726235,0.18813307054952386
2040-11-18 04:00:00,43.3026320862296,5.042623996734733,0.17990436985384742
2040-11-18 05:00:00,43.30263231987045,5.18071269989025,0.17720140724222774
2040-11-18 06:00:00,43.302633008469584,5.580680370330924,0.19379230322026542
2040-11-18 07:00:00,43.30263284851148,5.987320423126334,0.20796370932031338
2040-11-18 08:00:00,43.30263315636917,6.211269855499381,0.22697043039129752
2040-11-18 09:00:00,43.30263181894519,6.801620960235709,0.1771803472024055
2040-11-18 10:00:00,43.30262969682189,7.275097370147819,0.12996973776152532
2040-11-18 11:00:00,43.302607363685794,7.668902873993034,0.031964334320151264
2040-11-18 12:00:00,43.30260303585162,7.8898968696595375,0.026327041939477495
2040-11-18 13:00:00,43.3026018504853,8.081084251403922,0.02490334558302887
2040-11-18 14:00:00,43.302599989792135,8.326910972595329,0.021734336797676782
2040-11-18 15:00:00,43.302599694149706,8.40666484832775,0.020839092716021374
2040-11-18 16:00:00,43.302607643796975,8.190798759460563,0.03234647488849968
2040-11-18 17:00:00,43.302609187986334,7.972084999084586,0.03455609329413278
2040-11-18 18:00:00,43.30260991352307,7.950680255890006,0.03418808276979617
2040-11-18 19:00:00,43.3026110725653,8.037202835083121,0.03670552457586299
2040-11-18 20:00:00,43.30260960231406,8.178702354431266,0.03700366226975216
2040-11-18 21:00:00,43.30261039800936,8.23990917205822,0.03831760454298923
2040-11-18 22:00:00,43.30261515658359,8.409354209900016,0.04917084501223164
2040-11-18 23:00:00,43.30261864325468,8.518527984619254,0.06258973947080253
2040-11-19 00:00:00,43.30261682561631,8.499620437622184,0.058447438649219044
2040-11-19 01:00:00,43.30261718897,8.415540695190543,0.06056836707677997
2040-11-19 02:00:00,43.3026169156265,8.331245422363395,0.06019694251661553
2040-11-19 03:00:00,43.30261950972741,8.151329040527457,0.07147164280127956
2040-11-19 04:00:00,43.30262573902929,8.012348175048942,0.11458947221194415
2040-11-19 05:00:00,43.30262951699441,7.858345985412711,0.16636258225865808
2040-11-19 06:00:00,43.3026305664483,7.277238845825309,0.17400738419991643
2040-11-19 07:00:00,43.302628951111465,6.718000888824577,0.14574834841435783
2040-11-19 08:00:00,43.3026282826462,6.506104946136588,0.12931533182413596
2040-11-19 09:00:00,43.30262945006011,6.598282814025993,0.1510873010124102
2040-11-19 10:00:00,43.302630384157936,6.688992977142448,0.17313036300047055
2040-11-19 11:00:00,43.30262797941617,6.737049579620475,0.1260876854333154
2040-11-19 12:00:00,43.30261401008545,6.817860126495475,0.04973782176415352
2040-11-19 13:00:00,35.05521492135649,6.970807075500602,2.377455046689894e-07
2040-11-19 14:00:00,35.055211259204846,7.090563774109,2.068692456941043e-07
2040-11-19 15:00:00,35.05520251203122,7.249311447143668,1.7618125780504787e-07
2040-11-19 16:00:00,35.05520081906072,7.426826477050895,1.738027032023731e-07
2040-11-19 17:00:00,35.05520052638177,7.586322307586784,1.7325709761362265e-07
2040-11-19 18:00:00,35.05520091890656,7.754554271698112,1.7332688821815198e-07
2040-11-19 19:00:00,35.05520160990597,7.819107532501334,1.7353346783314073e-07
2040-11-19 20:00:00,35.05520427311855,7.79847621917736,1.7534978624447376e-07
2040-11-19 21:00:00,35.05521153777608,7.921549797058219,1.8685279443683065e-07
2040-11-19 22:00:00,35.05522072385657,7.828308105468864,2.214036778072606e-07
2040-11-19 23:00:00,43.30262361656637,7.822320461273307,0.10167987901999186
2040-11-20 00:00:00,43.30262824790986,7.688388824463004,0.16047758298385048
2040-11-20 01:00:00,43.30262876368048,7.562452316284293,0.17165604119811237
2040-11-20 02:00:00,43.30262987973061,7.556291580200309,0.19515199094179067
2040-11-20 03:00:00,43.30263073100161,7.5516071319581215,0.22148666753213184
2040-11-20 04:00:00,43.30263162277542,7.519388198852653,0.24415925421676932
2040-11-20 05:00:00,43.30263227302418,7.638078212738151,0.2525749280941057
2040-11-20 06:00:00,43.30263282669521,7.6043181419373695,0.26046899496122067
2040-11-20 07:00:00,43.30263310032415,7.49213266372692,0.2645590764124696
2040-11-20 08:00:00,43.30263269606121,7.449141979217643,0.23863278768836538
2040-11-20 09:00:00,43.302631297992974,7.654553413391227,0.17745335008473478
2040-11-20 10:00:00,43.30263121645338,7.778676509857291,0.1750384512048474
2040-11-20 11:00:00,43.30262995580038,8.073023796081657,0.14520481265282584
2040-11-20 12:00:00,43.30262268170509,8.481617927551383,0.07083573229319305
2040-11-20 13:00:00,43.30262620160395,8.443250656128043,0.09684368432699991
2040-11-20 14:00:00,43.30262316274695,8.659720420837516,0.07720487835811742
2040-11-20 15:00:00,43.302609450490856,8.492752075195426,0.03974770707637515
2040-11-20 16:00:00,43.30258210807295,8.063069343567008,0.01828920011621956
2040-11-20 17:00:00,43.30257882168881,7.91140174865734,0.0162268255249083
2040-11-20 18:00:00,43.30258119707271,8.015976905822868,0.01805388446658073
2040-11-20 19:00:00,43.302583474259976,7.899783611297721,0.020141941727327785
2040-11-20 20:00:00,43.3025887485819,7.671351432800407,0.02387572147123058
2040-11-20 21:00:00,43.30260300291904,7.507387638092155,0.0347702109143263
2040-11-20 22:00:00,43.30259266232208,7.3703351020814125,0.027581988099447882
2040-11-20 23:00:00,43.30258404971857,7.153863906860465,0.022410540056417794
2040-11-21 00:00:00,43.30258013030802,6.883983135223502,0.01967461318003546
2040-11-21 01:00:00,43.302579069260666,6.913206100463981,0.018812855118078432
2040-11-21 02:00:00,43.30257826543019,6.917583465576286,0.017777458912136692
2040-11-21 03:00:00,43.3025789179497,6.807394504547233,0.0184056828364753
2040-11-21 04:00:00,43.30257819651096,6.776398658752555,0.016825291532642332
2040-11-21 05:00:00,43.302580828233424,6.768944263458366,0.018751667554150777
2040-11-21 06:00:00,43.3025866619516,6.818947792053336,0.02178238639083909
2040-11-21 07:00:00,43.302489724031055,6.857944011688346,0.008890851869626806
2040-11-21 08:00:00,43.30246374322703,6.8758211135865395,0.007934223343126313
2040-11-21 09:00:00,43.30227493363958,7.082224845886344,0.004015058814513006
2040-11-21 10:00:00,43.302250984099686,7.433897972107047,0.002991062136075509
2040-11-21 11:00:00,43.302244434323065,7.704658031463737,0.0024258178703580485
2040-11-21 12:00:00,43.30224131514458,7.822663307190055,0.00233107349244215
2040-11-21 13:00:00,43.30221121897063,7.929947376251334,0.002036977808118481
2040-11-21 14:00:00,27.33249221898227,7.808118343353385,9.965020658365488e-08
2040-11-21 15:00:00,43.30224973101675,7.595880031585807,0.0025651054420549315
2040-11-21 16:00:00,43.30225654378761,7.334026336670036,0.003036274996979056
2040-11-21 17:00:00,43.30225821722663,7.07658147811901,0.0029363063769947757
2040-11-21 18:00:00,43.30226149759805,6.840668201446647,0.0030087499660567266
2040-11-21 19:00:00,43.30226687146917,6.735595703125114,0.003259491370155925
2040-11-21 20:00:00,43.30227321423768,6.678509235382194,0.0036176031983062976
2040-11-21 21:00:00,43.30228281874993,6.647890567779655,0.004062229276933794
2040-11-21 22:00:00,43.3023852576983,6.620337963104362,0.0066991903960628395
2040-11-21 23:00:00,43.30230035907564,6.553478717804069,0.004818068649318904
2040-11-22 00:00:00,43.30230457071056,6.359461784362907,0.004862946661201239
2040-11-22 01:00:00,43.30234080856877,6.157223224640006,0.006247998078077503
2040-11-22 02:00:00,43.302363591730256,5.968569755554313,0.007030209468546084
2040-11-22 03:00:00,43.30236570443385,5.5305218696595375,0.00697509188222848
2040-11-22 04:00:00,43.30238409258604,5.299464225769157,0.007147139724415298
2040-11-22 05:00:00,43.30258615261926,5.358440876007194,0.02680179661694937
2040-11-22 06:00:00,43.30262565331536,5.493083000183219,0.08605247221355716
2040-11-22 07:00:00,43.30262443897342,5.646072387695426,0.07666737522515113
2040-11-22 08:00:00,43.30262473339508,5.793787956237907,0.07746700139838876
2040-11-22 09:00:00,43.30262008706856,6.02611351013195,0.0563789778129173
2040-11-22 10:00:00,43.30261297654005,6.216957569122428,0.03651363884595462
2040-11-22 11:00:00,43.30261234562348,6.359091758728141,0.03455194615116279
2040-11-22 12:00:00,43.30261464686857,6.373613357544059,0.039314704176979805
2040-11-22 13:00:00,43.302612491757344,6.380864143371696,0.03419442591521819
2040-11-22 14:00:00,43.30261229761391,6.383630275726432,0.032394980956888204
2040-11-22 15:00:00,43.30261817685006,6.331579208374137,0.04789998566110815
2040-11-22 16:00:00,43.30262536587383,6.202675819397086,0.07528188483405338
2040-11-22 17:00:00,43.30262566724892,6.120196342468375,0.07432246213798861
2040-11-22 18:00:00,43.30262554693209,6.068881988525504,0.07315226964827169
2040-11-22 19:00:00,43.30262517335939,6.038184642791862,0.07212455438644343
2040-11-22 20:00:00,43.30262288723218,6.090847492218131,0.06370864701659101
2040-11-22 21:00:00,43.30262312555005,6.157145500183219,0.06739124918141848
2040-11-22 22:00:00,43.3026264545421,5.930801391601676,0.09453788079411844
2040-11-22 23:00:00,43.302625895101976,5.8317842483521645,0.09144299947137163
2040-11-23 00:00:00,43.30262613108391,5.468084335327262,0.09615577788281884
2040-11-23 01:00:00,43.3026274224104,4.9382295608521645,0.11152614960575377
2040-11-23 02:00:00,43.30262804900789,4.502902984619254,0.11881865516697233
2040-11-23 03:00:00,43.30262874515961,4.271495819091911,0.1288335430256122
2040-11-23 04:00:00,43.30263197981844,4.08012676239025,0.1761346797465742
2040-11-23 05:00:00,43.3026344887184,3.8662505149842445,0.2404590150278368
2040-11-23 06:00:00,43.30263454855466,3.715440273285026,0.24276088931496592
2040-11-23 07:00:00,43.302634458288445,3.6290605068207924,0.23917889942436138
2040-11-23 08:00:00,43.30263420875373,3.5109829902650063,0.22499403581099794
2040-11-23 09:00:00,43.30263346635706,3.651771306991691,0.18310781868950213
2040-11-23 10:00:00,43.30263371464344,4.100687980651969,0.19268696165615795
2040-11-23 11:00:00,43.30263333726373,4.492514610290641,0.17903799676076548
2040-11-23 12:00:00,43.30263210945309,4.524378776550407,0.13999938514813473
2040-11-23 13:00:00,43.30262838626386,4.447260856628532,0.08036266260005888
2040-11-23 14:00:00,43.30262783732705,4.355921745300407,0.07523052418091568
2040-11-23 15:00:00,43.30262521158196,4.168490409851188,0.055697583560006765
2040-11-23 16:00:00,43.30262530388343,3.8971841335297768,0.05369371973470485
2040-11-23 17:00:00,43.30262671257406,3.5977470874787514,0.06026812237272752
2040-11-23 18:00:00,43.30263059489408,3.2907149791718666,0.09689918150904159
2040-11-23 19:00:00,43.302631939535885,3.0542764663697426,0.12780372307781301
2040-11-23 20:00:00,43.30263129634522,3.169244527816886,0.12518473460431648
2040-11-23 21:00:00,43.30262993930138,3.3901736736298744,0.1119096081551949
2040-11-23 22:00:00,43.30262878046537,3.341737031936759,0.09943406500203678
2040-11-23 23:00:00,43.30262859138135,3.443761587143058,0.09917110654601656
2040-11-24 00:00:00,43.30262961351161,3.5249342918397133,0.11695805525576988
2040-11-24 01:00:00,43.30263088061716,3.53334736824047,0.1461989489275391
2040-11-24 02:00:00,43.30263122583971,3.6838674545289223,0.1560488159434021
2040-11-24 03:00:00,43.30263197027468,3.8366575241090004,0.18126027126462588
2040-11-24 04:00:00,43.30263235252212,4.082164764404411,0.18622240674058707
2040-11-24 05:00:00,43.30263339491859,4.381601333618278,0.20697320030444358
2040-11-24 06:00:00,43.30263435718793,4.675627231598014,0.2325680161870266
2040-11-24 07:00:00,43.30263407763272,5.060360431671256,0.2268837752138536
2040-11-24 08:00:00,43.30263419485065,5.718063831329459,0.23593961822162035
2040-11-24 09:00:00,43.30263379776415,6.421315670013541,0.22013854327566126
2040-11-24 10:00:00,43.30263381663298,6.757159233093375,0.2262860663152511
2040-11-24 11:00:00,43.30263329548396,7.008557796478385,0.20333265304834294
2040-11-24 12:00:00,43.30263115017048,7.373077869415397,0.13797463435714918
2040-11-24 13:00:00,43.302628165378,7.845482349395866,0.09386321735340063
2040-11-24 14:00:00,43.30262990290607,8.112232208252067,0.11724457529615029
2040-11-24 15:00:00,43.30263039091018,8.285121917724723,0.12356448421411331
2040-11-24 16:00:00,43.30263066769868,7.972427368164176,0.121169410684352
2040-11-24 17:00:00,43.302630359689246,7.504304409027213,0.11165992559205132
2040-11-24 18:00:00,43.30263003733374,7.359295845031852,0.10859335556836311
2040-11-24 19:00:00,43.30262831945937,7.155626296997184,0.09123045684511638
2040-11-24 20:00:00,43.30262743069831,6.75183200836193,0.08790657450362938
2040-11-24 21:00:00,43.30262808831454,6.42711448669445,0.09718576281069201
2040-11-24 22:00:00,43.30262897043595,6.2878460884095375,0.10713036726035108
2040-11-24 23:00:00,43.30263024419451,6.188585281372184,0.13485450758327097
2040-11-25 00:00:00,43.30263124964421,6.245527744293327,0.16142741135058347
2040-11-25 01:00:00,43.30263216267287,6.368848800659293,0.1947942467209034
2040-11-25 02:00:00,43.30263264943934,6.478713512420768,0.2195033096332445
2040-11-25 03:00:00,43.30263303683141,6.500349044799918,0.2381825265238809
2040-11-25 04:00:00,43.30263351089712,6.602889537811393,0.2542663593386943
2040-11-25 05:00:00,43.302633971043946,6.712969779968375,0.26451787205307775
2040-11-25 06:00:00,43.302634586328814,6.6530427932740395,0.27520402617202366
2040-11-25 07:00:00,43.30263453448128,6.305125236511344,0.27438933028342666
2040-11-25 08:00:00,43.30263433810364,5.407361984253043,0.25876328474909444
2040-11-25 09:00:00,43.30263353652949,5.4588031768799965,0.2054835048076183
2040-11-25 10:00:00,43.302632298768906,6.26277065277111,0.1563350724273263
2040-11-25 11:00:00,43.302628117270814,7.0787301063538735,0.08495587192028174
2040-11-25 12:00:00,43.30262739664755,7.452795505523795,0.0805140768809913
2040-11-25 13:00:00,43.30262940633946,7.3753118515015785,0.10517147366442171
2040-11-25 14:00:00,43.302629215357534,7.353813648223991,0.1072665229075537
2040-11-25 15:00:00,43.30263137090177,7.257015228271598,0.14691004805298777
2040-11-25 16:00:00,43.30263381785039,7.049228668213004,0.24185708208946397
2040-11-25 17:00:00,43.30263382517317,6.925028324127311,0.2411029575340353
2040-11-25 18:00:00,43.30263372205613,6.7265620231629555,0.23647462354360993
2040-11-25 19:00:00,43.30263366583228,6.66131162643444,0.2413537579994756
2040-11-25 20:00:00,43.30263311365992,6.812217712402457,0.22870836970087843
2040-11-25 21:00:00,43.302633143442186,6.879992961883659,0.23321652012324326
2040-11-25 22:00:00,43.30263335236818,6.822972774505729,0.2467055189195845
2040-11-25 23:00:00,43.302633327593725,6.772231578827018,0.24890917642358204
2040-11-26 00:00:00,43.30263339382346,6.7538776397706215,0.25281683060435045
2040-11-26 01:00:00,43.30263352361928,6.705900192260856,0.25804424689470234
2040-11-26 02:00:00,43.302633584463976,6.631040096283073,0.25834513219167476
2040-11-26 03:00:00,43.30263358059818,6.580497741699332,0.2576493480227886
2040-11-26 04:00:00,43.302633632490185,6.563854217529411,0.25789390103682075
2040-11-26 05:00:00,43.30263392173124,6.571527481079215,0.2620526946083071
2040-11-26 06:00:00,43.30263431628293,6.547866821289176,0.26824186122751387
2040-11-26 07:00:00,43.30263432628293,6.548403739929313,0.26914588663379413
2040-11-26 08:00:00,43.30263435969403,6.58599948883068,0.26920031953404083
2040-11-26 09:00:00,43.30263425643416,6.641811847686881,0.26408249962050545
2040-11-26 10:00:00,43.30263420045302,6.678092002868766,0.25833568304036436
2040-11-26 11:00:00,43.30263415264358,6.813634395599479,0.25069397266005855
2040-11-26 12:00:00,43.30263414830483,6.988903999328727,0.2487814628162538
2040-11-26 13:00:00,43.30263411966037,7.189336299896354,0.25669139453493056
2040-11-26 14:00:00,43.302633799612586,7.371189117431754,0.2405590404901735
2040-11-26 15:00:00,43.30263394474892,7.480442047119254,0.2546149212174144
2040-11-26 16:00:00,43.30263424827893,7.44870233535778,0.2676755253013745
2040-11-26 17:00:00,43.30263427894872,7.4665241241456215,0.268406199897682
2040-11-26 18:00:00,43.3026341746362,7.53756141662609,0.2669846519452999
2040-11-26 19:00:00,43.30263405905173,7.647266864776725,0.2656332507751463
2040-11-26 20:00:00,43.30263398560314,7.7949776649476235,0.26531072128810634
2040-11-26 21:00:00,43.30263387651881,7.952767372131461,0.2621428581406619
2040-11-26 22:00:00,43.3026335484122,8.153156280517692,0.24950121615393833
2040-11-26 23:00:00,43.30263311889399,8.28144454956066,0.2302994342710327
2040-11-27 00:00:00,43.302632963717855,8.34844779968273,0.21927373765225902
2040-11-27 01:00:00,43.3026327544969,8.37530899047863,0.20825197168165258
2040-11-27 02:00:00,43.30263283951786,8.410269737243766,0.21206929317669124
2040-11-27 03:00:00,43.302632815253766,8.524057388305778,0.20861479983837983
2040-11-27 04:00:00,43.302632964663495,8.856572151184196,0.20908047690802467
2040-11-27 05:00:00,43.30263333911563,9.547599792480582,0.21334777163871158
2040-11-27 06:00:00,43.30263373625197,9.664238929748649,0.2227629206079335
2040-11-27 07:00:00,43.3026329952034,9.593087196350211,0.20918203092783164
2040-11-27 08:00:00,43.30263331102022,9.39004230499279,0.21641412560149986
2040-11-27 09:00:00,43.3026331914377,9.144914627075309,0.2096561086327489
2040-11-27 10:00:00,43.30263365605144,8.761263847351188,0.24133217107744598
2040-11-27 11:00:00,43.302632313700975,9.043348312378043,0.1690503328903329
2040-11-27 12:00:00,43.30263332809965,8.933238029480094,0.2186685906463026
2040-11-27 13:00:00,43.30263255574664,9.085757255554313,0.17560621366034826
2040-11-27 14:00:00,43.30263122601267,9.182620048523063,0.13584782090926686
2040-11-27 15:00:00,43.30263343838373,9.072605133056754,0.22352088083048924
2040-11-27 16:00:00,43.30263386580026,8.898489952087516,0.2517922783336431
2040-11-27 17:00:00,43.30263381432757,8.97515964508068,0.249652846477553
2040-11-27 18:00:00,43.30263364474866,9.001067161560172,0.24376275061693214
2040-11-27 19:00:00,43.302633491754406,9.14087295532238,0.23920538222348273
2040-11-27 20:00:00,43.30263337159495,9.417548179626579,0.23688586072877918
2040-11-27 21:00:00,43.30263334930852,9.803540229797477,0.24157516969094442
2040-11-27 22:00:00,43.30263341091781,10.177171707153434,0.25522258224992705
2040-11-27 23:00:00,43.30263331875404,10.430530548095817,0.25648128235924794
2040-11-28 00:00:00,43.30263341226738,10.70860862731945,0.2654334265097796
2040-11-28 01:00:00,43.30263340959335,10.95417404174816,0.27023601700761396
2040-11-28 02:00:00,43.30263337263512,11.20525932312023,0.27127590471669133
2040-11-28 03:00:00,43.302633280967456,11.456356048584098,0.27164578855810134
2040-11-28 04:00:00,43.30263324212317,11.62082958221447,0.2733789852260417
2040-11-28 05:00:00,43.30263324523121,11.818024635315055,0.2764549373596044
2040-11-28 06:00:00,43.30263315069568,11.863986015319938,0.2748838148389922
2040-11-28 07:00:00,43.302631472479824,11.96012401580822,0.22889675320677136
2040-11-28 08:00:00,43.30263058520258,12.048304557800407,0.1893074707495867
2040-11-28 09:00:00,43.3026288184327,12.131699562072868,0.14802926178679557
2040-11-28 10:00:00,43.30262132407171,12.284489631652946,0.07355416741042757
2040-11-28 11:00:00,43.301434140694205,12.504980087280387,0.001016855055558739
2040-11-28 12:00:00,43.301429691376974,12.654989242553825,0.0008864099596919742
2040-11-28 13:00:00,43.30142699119717,12.726581573486442,0.0008434320948055374
2040-11-28 14:00:00,43.30141664424438,12.763881683349723,0.0007878662355669457
2040-11-28 15:00:00,43.30141765935648,12.799151420593375,0.0007895473738264685
2040-11-28 16:00:00,43.30142517564951,12.698916435241813,0.0008143537166420736
2040-11-28 17:00:00,43.30142932133463,12.599991798400993,0.0008399513018985969
2040-11-28 18:00:00,43.30143299584274,12.49586391448986,0.0008776945334551411
2040-11-28 19:00:00,43.30143633011772,12.449450492859,0.000927227675826162
2040-11-28 20:00:00,43.30144229760722,12.457660675048942,0.0010921314288009378
2040-11-28 21:00:00,43.301451145194335,12.371517181396598,0.0012945096677973466
2040-11-28 22:00:00,43.30145476265383,12.384356498718375,0.0012946420007989518
2040-11-28 23:00:00,43.30147965178163,12.353904724121207,0.0015897753717252782
2040-11-29 00:00:00,43.301528451461614,12.440272331237907,0.0018654765597206943
2040-11-29 01:00:00,43.30148333579766,12.294916152954215,0.0016603127786539752
2040-11-29 02:00:00,43.30150225008037,12.000233650207633,0.0018319700769042473
2040-11-29 03:00:00,43.30152866503572,11.891248703003043,0.0019498021788541089
2040-11-29 04:00:00,43.30154098540081,11.86594390869152,0.0017618623878168929
2040-11-29 05:00:00,43.30251624740473,11.686307907104606,0.013145511318857776
2040-11-29 06:00:00,43.30261879762848,11.61465167999279,0.07135249083614971
2040-11-29 07:00:00,43.30262603300239,11.686337471008414,0.12024184814704189
2040-11-29 08:00:00,43.302628617008175,11.858503341674918,0.15358320970515013
2040-11-29 09:00:00,43.30262905185608,12.1100368499757,0.1564080264833043
2040-11-29 10:00:00,43.30262989944901,12.389682769775504,0.17004460562053728
2040-11-29 11:00:00,43.30262914755869,12.682341575622672,0.14426707416697038
2040-11-29 12:00:00,43.30262916271838,12.782960891723746,0.14270437258338411
2040-11-29 13:00:00,43.30262846669925,12.77789688110363,0.12347594030977078
2040-11-29 14:00:00,43.30263079540354,12.613337516784782,0.18154637547369337
2040-11-29 15:00:00,43.302631530132935,12.450405120849723,0.20458339856894328
2040-11-29 16:00:00,43.30263204241992,12.26718902587902,0.21475865190343948
2040-11-29 17:00:00,43.30263213995998,12.077660560608024,0.21277590347952124
2040-11-29 18:00:00,43.302632279546486,11.907741546630973,0.21849067003625475
2040-11-29 19:00:00,43.30263234686927,11.742941856384391,0.22250332002902992
2040-11-29 20:00:00,43.30263219547088,11.539923667907829,0.21451816659193879
2040-11-29 21:00:00,43.30263238858737,11.32055759429943,0.22226017450643862
2040-11-29 22:00:00,43.3026327284769,11.14447402954113,0.2377067284553707
2040-11-29 23:00:00,43.30263294157032,11.014739990234489,0.25222636320936304
2040-11-30 00:00:00,43.30263295392713,10.89409160614025,0.2558445619155615
2040-11-30 01:00:00,43.302632788355,10.756076812744254,0.24522448970789465
2040-11-30 02:00:00,43.30263261456014,10.602179527282829,0.22895405685721457
2040-11-30 03:00:00,43.30263290136221,10.439749717712516,0.24260852025559076
2040-11-30 04:00:00,43.30263337492924,10.28125095367443,0.2602225525415254
2040-11-30 05:00:00,43.302633529810464,10.190384864807243,0.26138412771208763
2040-11-30 06:00:00,43.30263365059467,10.14374160766613,0.25904851603238416
2040-11-30 07:00:00,43.30263331652118,10.099702835083121,0.2516600213181506
2040-11-30 08:00:00,43.30263364338075,9.873989105224723,0.2583078528251465
2040-11-30 09:00:00,43.30263405353796,9.455246925354118,0.26712431861358105
2040-11-30 10:00:00,43.30263427066525,8.940466880798454,0.27072262398202673
2040-11-30 11:00:00,43.30263413999511,8.776088714599723,0.26511684111595357
2040-11-30 12:00:00,43.3026340706113,8.25811576843273,0.2630503079971873
2040-11-30 13:00:00,43.3026340812506,7.87430047988903,0.26273433000949015
2040-11-30 14:00:00,43.30263376396988,7.922601222992057,0.24754694629954596
2040-11-30 15:00:00,43.30263353981612,7.956316947937125,0.2282957088916614
2040-11-30 16:00:00,43.30263364597037,7.775424480438346,0.2241726468259837
2040-11-30 17:00:00,43.30263377225059,7.614359855651969,0.23091929963157806
2040-11-30 18:00:00,43.30263379421,7.384889125824088,0.2339928214781528
2040-11-30 19:00:00,43.30263367966104,7.249144077301139,0.2283854659655944
2040-11-30 20:00:00,43.30263362804473,7.015891075134391,0.22933273227539394
2040-11-30 21:00:00,43.3026335569109,6.78315639495861,0.22959823685049716
2040-11-30 22:00:00,43.302633304498734,6.532585144043082,0.21627375461855586
2040-11-30 23:00:00,43.30263267586335,6.470890998840446,0.18507674170537805
2040-12-01 00:00:00,43.302631448600266,6.262695789337272,0.14286943275570296
2040-12-01 01:00:00,43.30263065794042,5.972648620605582,0.12315055102618619
2040-12-01 02:00:00,43.30263034151045,5.747542381286735,0.11551781621566438
2040-12-01 03:00:00,43.30263021994407,5.648842811584586,0.11018408830065526
2040-12-01 04:00:00,43.3026303406868,5.404132843017692,0.10592630332445224
2040-12-01 05:00:00,43.30263367339919,5.218005180359,0.1640423370813538
2040-12-01 06:00:00,43.30263417480942,5.207564353942985,0.18273856868328175
2040-12-01 07:00:00,43.302633985034745,5.241849899292106,0.18009258857837535
2040-12-01 08:00:00,43.30263381468972,5.083912849426383,0.17427946968321867
2040-12-01 09:00:00,43.30263181811467,5.3092741966248695,0.11404737811687451
2040-12-01 10:00:00,43.30263233470547,5.5634737014771645,0.1267109067474173
2040-12-01 11:00:00,43.30262801173761,5.904514312744254,0.07009720888200227
2040-12-01 12:00:00,43.30261922545058,6.48988246917736,0.03380305351122558
2040-12-01 13:00:00,43.30262837454673,6.125411033630485,0.07368072326759842
2040-12-01 14:00:00,43.30263287607005,5.363230228424186,0.14899895793462978
2040-12-01 15:00:00,43.30262955319759,5.066605567932243,0.08034008376126985
2040-12-01 16:00:00,43.30263425698286,4.965194225311393,0.19353989802439364
2040-12-01 17:00:00,43.30263460840401,4.884425163269157,0.21113385648509259
2040-12-01 18:00:00,43.30263481748365,4.23888731002819,0.2284751017841368
2040-12-01 19:00:00,43.30263488990338,3.9479980468751137,0.2443608007936577
2040-12-01 20:00:00,43.302634765297,3.618871688842887,0.2602596396912324
2040-12-01 21:00:00,43.30263454710422,3.3242187500001137,0.26585512430397346
2040-12-01 22:00:00,43.30263432824027,3.0812132358552162,0.25956709616910867
2040-12-01 23:00:00,43.30263419811998,2.9950768947602455,0.25464368957687533
2040-12-02 00:00:00,43.30263406750096,2.638097286224479,0.2496970327696228
2040-12-02 01:00:00,43.302633862626216,2.2786374092103188,0.23563937529391818
2040-12-02 02:00:00,43.30263387710135,2.316587924957389,0.23815400773513393
2040-12-02 03:00:00,43.302634169919614,2.4955861568452065,0.25867154165916545
2040-12-02 04:00:00,43.3026348353214,2.5778594017029945,0.2708967086024979
2040-12-02 05:00:00,43.302635680802105,2.8679006099702065,0.2888044610724401
2040-12-02 06:00:00,43.302635688670776,3.243803024292106,0.28615463149585657
2040-12-02 07:00:00,43.30263560444242,3.5281794071198647,0.285609389299094
2040-12-02 08:00:00,43.3026354027536,3.614469528198356,0.2747988018502807
2040-12-02 09:00:00,43.30263489671852,4.050401687622184,0.23644594938535138
2040-12-02 10:00:00,43.30263314529981,4.718829154968375,0.13958562298914304
2040-12-02 11:00:00,43.30263286574651,5.345358848571891,0.133238900441119
2040-12-02 12:00:00,43.30263134809383,6.065375804901237,0.10061662055259
2040-12-02 13:00:00,43.30263270494842,6.291550636291618,0.13610365107611008
2040-12-02 14:00:00,43.302633259777096,6.301497936248893,0.15288837142888198
2040-12-02 15:00:00,43.302634591305086,6.125369071960563,0.21768753397612123
2040-12-02 16:00:00,43.302635280678274,5.75253534317028,0.27878741729314965
2040-12-02 17:00:00,43.30263517455548,5.284542560577506,0.26186320331329294
2040-12-02 18:00:00,43.30263496617155,5.014696598053092,0.2426578608613005
2040-12-02 19:00:00,43.302634687493125,4.674855232238883,0.22779963979476048
2040-12-02 20:00:00,43.30263422517216,4.235433578491325,0.2142490272788401
2040-12-02 21:00:00,43.3026335466885,4.219406604766959,0.20050207737056883
2040-12-02 22:00:00,43.30263250516479,4.325002193451041,0.1656437088112219
2040-12-02 23:00:00,43.30263243467929,4.244132995605582,0.17828980835820551
2040-12-03 00:00:00,43.30263273743592,3.7306704521180336,0.19636066783801298
2040-12-03 01:00:00,43.30263288274279,2.7353413105012123,0.2015472462726235
2040-12-03 02:00:00,43.30263299444661,2.2975480556489174,0.2029288637649689
2040-12-03 03:00:00,43.30263316638755,2.4021296501160805,0.1965976856759758
2040-12-03 04:00:00,43.30263508408739,2.6869907379151527,0.2336127745767343
2040-12-03 05:00:00,43.3026352256065,2.714736700058097,0.22527843643536488
2040-12-03 06:00:00,43.30263510736353,2.4962463378907387,0.2108475141856211
2040-12-03 07:00:00,43.3026349367329,2.0078098773957436,0.20495255345291016
2040-12-03 08:00:00,43.30263496889636,1.6988300085068886,0.21600237095534755
2040-12-03 09:00:00,43.3026344698977,1.9508203268052284,0.18697007210305755
2040-12-03 10:00:00,43.30263416119247,2.8222515583039467,0.16965057945297893
2040-12-03 11:00:00,43.30263272978282,3.444949626922721,0.1206196088568754
2040-12-03 12:00:00,43.30263310778936,3.5216629505158608,0.135393630338768
2040-12-03 13:00:00,43.30263281051832,3.5533819198609535,0.1275682570553584
2040-12-03 14:00:00,43.30263191109676,3.5463726520539467,0.10801067116390058
2040-12-03 15:00:00,43.302631700146605,3.2090585231782143,0.10260745741608722
2040-12-03 16:00:00,43.30263459355422,2.574998855590934,0.19808815756483603
2040-12-03 17:00:00,43.30263484537871,2.126148462295646,0.213905519518186
2040-12-03 18:00:00,43.302634910297485,1.971958518028373,0.22047481022186072
2040-12-03 19:00:00,43.30263472969126,1.8890951871873085,0.2144501151040023
2040-12-03 20:00:00,43.3026344034138,1.7205078601838295,0.21074280985958252
2040-12-03 21:00:00,43.30263404324041,1.5242332220078652,0.2127157579746494
2040-12-03 22:00:00,43.30263363870324,1.4345937967301552,0.22040036241446878
2040-12-03 23:00:00,43.30263383881555,1.48608231544506,0.2369489077621305
2040-12-04 00:00:00,43.30263372131979,1.5229455232621376,0.23648370344307748
2040-12-04 01:00:00,43.30263351508648,1.7724056243897621,0.2251780814745205
2040-12-04 02:00:00,43.30263343405248,2.3299176692963783,0.2226385770672612
2040-12-04 03:00:00,43.30263339651996,2.5954651832581703,0.21833912837618547
2040-12-04 04:00:00,43.30263433483009,2.605779647827262,0.23374269745111578
2040-12-04 05:00:00,43.30263457920499,2.477758169174308,0.23833220429888247
2040-12-04 06:00:00,43.302634037687376,2.3558444976807777,0.20594245797387156
2040-12-04 07:00:00,24.796275200492968,2.4840223789216225,2.268244069688566e-07
2040-12-04 08:00:00,24.7962700038178,2.7324357032777016,1.5507596672897465e-07
2040-12-04 09:00:00,20.06416912570108,3.1625852584840004,9.291213352779704e-08
2040-12-04 10:00:00,20.064136968365727,3.6890554428101723,9.013748159462939e-08
2040-12-04 11:00:00,20.06412138535262,4.015183925628776,8.59432114226322e-08
2040-12-04 12:00:00,20.06410544938336,4.376500129699821,7.893208540756261e-08
2040-12-04 13:00:00,20.06410391195848,4.751429557800407,7.866642049291998e-08
2040-12-04 14:00:00,20.06410688171897,4.938932418823356,7.918670283366796e-08
2040-12-04 15:00:00,20.06410857252144,5.02847528457653,7.93825185240775e-08
2040-12-04 16:00:00,20.064121204810977,4.85311317443859,8.33369196529694e-08
2040-12-04 17:00:00,20.06412287377289,4.721048355102653,8.33137918015524e-08
2040-12-04 18:00:00,20.064120616444903,4.752473354339713,8.329391969566321e-08
2040-12-04 19:00:00,20.06411795694406,4.78645229339611,8.327767865755582e-08
2040-12-04 20:00:00,20.064115477104156,4.68359470367443,8.326451622975253e-08
2040-12-04 21:00:00,20.064114527951467,4.529623508453483,8.371629967048398e-08
2040-12-04 22:00:00,20.064118071565808,4.711062908172721,9.093076685244182e-08
2040-12-04 23:00:00,20.064117879610865,4.9515986442567055,9.0762650690111e-08
2040-12-05 00:00:00,20.06411745037908,5.183449268341178,8.962440855759468e-08
2040-12-05 01:00:00,20.06411734522199,5.454167366027946,8.858787439078969e-08
2040-12-05 02:00:00,20.064116657710542,5.784616947174186,8.638565538567644e-08
2040-12-05 03:00:00,20.064115777195248,5.879876613617057,8.417253650527279e-08
2040-12-05 04:00:00,20.06411684717474,5.927768707275504,8.388721248143053e-08
2040-12-05 05:00:00,20.06411966242436,6.1701726913453285,8.437547812261321e-08
2040-12-05 06:00:00,20.064122823433493,6.4634113311768715,8.476333620687989e-08
2040-12-05 07:00:00,20.064124887258817,6.561432838440055,8.577183550535912e-08
2040-12-05 08:00:00,20.06412957496995,6.6544280052186195,8.784876842349211e-08
2040-12-05 09:00:00,20.06413293588264,6.912798881530875,8.837709999111648e-08
2040-12-05 10:00:00,24.796260240644852,7.232800483703727,1.8225122069474186e-07
2040-12-05 11:00:00,20.06414058903734,7.585335731506461,9.043072274441894e-08
2040-12-05 12:00:00,20.06412782567227,8.095777511596793,7.903057752132461e-08
2040-12-05 13:00:00,20.06411982153321,8.66336536407482,7.752785920193528e-08
2040-12-05 14:00:00,20.0641444043289,9.068266868591422,8.02665020603449e-08
2040-12-05 15:00:00,20.06424897746397,9.227227210998649,8.996046477000833e-08
2040-12-05 16:00:00,27.33240312790784,9.280488014221305,1.34954325061447e-07
2040-12-05 17:00:00,43.30254528039261,9.074188232421989,0.012418818175697068
2040-12-05 18:00:00,43.30258247339564,8.605746269226188,0.02333244060974973
2040-12-05 19:00:00,43.30259122313479,8.396564483642692,0.028554812541953512
2040-12-05 20:00:00,43.30259678303855,8.172780036926383,0.032899986838725886
2040-12-05 21:00:00,43.302607517426935,7.694734096527213,0.04490111218313343
2040-12-05 22:00:00,43.302588825324655,7.633156299591178,0.025758210730739046
2040-12-05 23:00:00,43.30261442868766,7.595065593719596,0.05715737793114249
2040-12-06 00:00:00,43.30262324066272,7.407581806182975,0.09562551002981959
2040-12-06 01:00:00,43.3026268384974,7.154075145721549,0.13250991066234377
2040-12-06 02:00:00,43.30262827809658,7.435742378234977,0.15866944944926256
2040-12-06 03:00:00,43.3026283218502,7.2917218208314125,0.16269981030064995
2040-12-06 04:00:00,43.3026271726433,7.196971416473502,0.144853063804052
2040-12-06 05:00:00,43.30262642873429,7.060800552368278,0.12975128969034677
2040-12-06 06:00:00,43.3026246055947,6.775297164917106,0.10356485004856153
2040-12-06 07:00:00,43.30262315813941,6.637840747833366,0.08153837700932305
2040-12-06 08:00:00,43.30261677251049,6.8088893890382,0.05401757836756099
2040-12-06 09:00:00,43.30260254107611,7.160243988037223,0.02893194731780084
2040-12-06 10:00:00,43.3026017943652,7.4881634712220375,0.026907917271362415
2040-12-06 11:00:00,43.30260091019751,7.70365142822277,0.024592103849862434
2040-12-06 12:00:00,43.302601294427454,7.873119354248161,0.02442992612544597
2040-12-06 13:00:00,43.30260149295992,7.781527996063346,0.023813421432152038
2040-12-06 14:00:00,43.30260502556661,7.630533695221061,0.02942245846860821
2040-12-06 15:00:00,43.30262010207703,7.450348377227897,0.06515098336903388
2040-12-06 16:00:00,43.30262653980486,7.29615688323986,0.10242398344826399
2040-12-06 17:00:00,43.302625235160335,7.17329311370861,0.08961134095084336
2040-12-06 18:00:00,43.30262201355372,7.082224845886344,0.07093550999446731
2040-12-06 19:00:00,43.30261952191778,7.046643733978385,0.062118716678132006
2040-12-06 20:00:00,43.3026188611969,7.0248503684998695,0.060707668783052816
2040-12-06 21:00:00,43.30261891985541,6.981926918029899,0.06123915999887303
2040-12-06 22:00:00,43.30262108871775,6.9417486190797035,0.07116068156505063
2040-12-06 23:00:00,43.3026196719958,6.98565244674694,0.0676226831707148
2040-12-07 00:00:00,43.30261937266769,6.989917755127067,0.068858827224215
2040-12-07 01:00:00,43.30261927614987,6.821485042572135,0.07107040898485387
2040-12-07 02:00:00,43.30261924550745,6.694157600402946,0.07307842180898459
2040-12-07 03:00:00,43.30261585991061,6.71228647232067,0.05897887441898487
2040-12-07 04:00:00,43.30261459636777,6.854410171508903,0.05430150744643849
2040-12-07 05:00:00,43.30261527813908,6.982070922851676,0.05584219116628365
2040-12-07 06:00:00,43.302618266273946,7.1197762489319985,0.06269374078336322
2040-12-07 07:00:00,26.99218998220132,7.239184856414909,2.4654088158808905e-07
2040-12-07 08:00:00,26.99203530752721,7.314855098724479,2.206199605848292e-07
2040-12-07 09:00:00,21.842841613808822,7.471466541290397,1.5407379494846011e-07
2040-12-07 10:00:00,21.84282747459325,7.566479682922477,1.3195500325505338e-07
2040-12-07 11:00:00,21.842828104098363,7.597318649292106,1.3237742709133594e-07
2040-12-07 12:00:00,21.842824635239257,7.641337871551627,1.1599585250913435e-07
2040-12-07 13:00:00,21.84282583371618,7.739365100860709,1.2234844536000108e-07
2040-12-07 14:00:00,21.842823537229155,7.63463401794445,1.089468962294247e-07
2040-12-07 15:00:00,21.84282463523632,7.466297626495475,1.1322845493360988e-07
2040-12-07 16:00:00,21.842826310380595,7.156031608581657,1.1651028047420815e-07
2040-12-07 17:00:00,21.84282744588885,6.8240656852723305,1.1609601898770698e-07
2040-12-07 18:00:00,21.842828497729386,6.55133676528942,1.1838945016778899e-07
2040-12-07 19:00:00,21.84282597205717,6.431947231292838,1.1128479878277433e-07
2040-12-07 20:00:00,21.842824768129123,6.252068519592399,1.0688456655981887e-07
2040-12-07 21:00:00,21.842824699547958,5.970261573791618,1.0506085161276654e-07
2040-12-07 22:00:00,21.842824674514564,5.75777626037609,1.0315415185764732e-07
2040-12-07 23:00:00,21.8428253872498,5.601734638214225,1.05473402420417e-07
2040-12-08 00:00:00,21.84282610375381,5.447269439697379,1.0717785386939964e-07
2040-12-08 01:00:00,21.842826885540788,5.238533973693961,1.0603867628464048e-07
2040-12-08 02:00:00,21.84282968439538,5.021922588348502,1.0987497874466774e-07
2040-12-08 03:00:00,21.842866816936453,4.751838684082145,1.1419792195566505e-07
2040-12-08 04:00:00,27.33240485742989,4.529742240905875,1.476160799521829e-07
2040-12-08 05:00:00,42.39265497339064,4.351369380951041,1.677228003290836e-06
2040-12-08 06:00:00,43.30225537886759,4.220713138580436,0.0037025650020461993
2040-12-08 07:00:00,43.30262791700098,4.082527637481803,0.07148163048229403
2040-12-08 08:00:00,43.30262790796783,3.8900451660157387,0.07177766403724505
2040-12-08 09:00:00,43.30262625532759,3.736706733703727,0.06455720852934935
2040-12-08 10:00:00,43.30263131838367,3.7366232872010414,0.1165344569177868
2040-12-08 11:00:00,43.30263258448345,3.939824819564933,0.15162194951927696
2040-12-08 12:00:00,43.302633107088965,4.169059276580924,0.1690558569654286
2040-12-08 13:00:00,43.30263353875519,4.3740887641907875,0.18332767130934552
2040-12-08 14:00:00,43.30263391847767,4.50980901718151,0.19662880698875218
2040-12-08 15:00:00,43.30263441265022,4.498059749603385,0.21428180670993466
2040-12-08 16:00:00,43.30263495770751,4.294278621673698,0.24537851535472285
2040-12-08 17:00:00,43.30263506522432,4.031660079956168,0.2503042822322912
2040-12-08 18:00:00,43.30263516248013,3.804798603057975,0.2614953610204057
2040-12-08 19:00:00,43.30263507939394,3.4444527626038735,0.2630851704591776
2040-12-08 20:00:00,43.30263474443688,2.7712018489838783,0.25795433335292367
2040-12-08 21:00:00,43.30263405446109,2.3362443447114174,0.24096936646563008
2040-12-08 22:00:00,43.3026333941831,2.125432729721183,0.23235947275684707
2040-12-08 23:00:00,43.30263275583584,1.9213445186616127,0.2085406736747245
2040-12-09 00:00:00,43.302631880403126,1.7572876214982216,0.17848544596892915
2040-12-09 01:00:00,43.30263028527543,1.7521525621415321,0.1391732925035149
2040-12-09 02:00:00,43.30262900155646,1.913953900337333,0.11747334997883443
2040-12-09 03:00:00,43.30262755213682,2.1584000587464516,0.09673794684580106
2040-12-09 04:00:00,43.302627566541766,2.4375600814820473,0.08871268733158565
2040-12-09 05:00:00,43.30263343348368,2.7928628921509926,0.15745069681013746
2040-12-09 06:00:00,43.30263355169464,2.9630703926087563,0.15729365557513802
2040-12-09 07:00:00,43.30263327387248,2.9234545230866615,0.15059382947785813
2040-12-09 08:00:00,43.302633412945326,3.0326814651490395,0.15849229362446682
2040-12-09 09:00:00,43.30263271539184,3.3604760169984047,0.14291145110578796
2040-12-09 10:00:00,43.30263273962051,4.001500606536979,0.1423087600731724
2040-12-09 11:00:00,43.302633094989446,4.895817756652946,0.16175841024455845
2040-12-09 12:00:00,43.3026335812597,5.4501924514771645,0.18917820225144633
2040-12-09 13:00:00,43.302633814439815,5.777481555938834,0.203501739478516
2040-12-09 14:00:00,43.30263379768227,6.110323905944938,0.19987093252284435
2040-12-09 15:00:00,43.30263388131227,6.335845947265739,0.1988411878151264
2040-12-09 16:00:00,43.30263442852519,6.500112056732291,0.22453139391794483
2040-12-09 17:00:00,43.302634316233615,6.653851509094352,0.21221191171201229
2040-12-09 18:00:00,43.30263391295702,6.823759555816764,0.1899083978269257
2040-12-09 19:00:00,43.30263290981721,6.985448360443229,0.15368734836203746
2040-12-09 20:00:00,43.302630817972805,7.090001583099479,0.11450490558227645
2040-12-09 21:00:00,43.30262736692118,7.179208755493278,0.08182672623851467
2040-12-09 22:00:00,43.30262770041094,7.247918128967399,0.08880400011471587
2040-12-09 23:00:00,43.30262824780583,7.291466236114616,0.09895266605980221
2040-12-10 00:00:00,43.30262823189376,7.337075233459586,0.1005691897725676
2040-12-10 01:00:00,43.30262738378118,7.349958419799918,0.0914693038781739
2040-12-10 02:00:00,43.30262694881262,7.376486778259391,0.08673060298838808
2040-12-10 03:00:00,43.30262727420391,7.318467140197868,0.09110873627224653
2040-12-10 04:00:00,43.30262804186999,7.164445877075309,0.09942357965811455
2040-12-10 05:00:00,43.3026293651445,6.875455856323356,0.11358339391400382
2040-12-10 06:00:00,43.30263116487099,6.499176979065055,0.13639522031758186
2040-12-10 07:00:00,43.30262873742298,6.1703252792359535,0.10596184810410364
2040-12-10 08:00:00,43.30262676158689,6.008012294769401,0.08860451817615574
2040-12-10 09:00:00,43.30261742519433,6.112787246704215,0.04974935958896816
2040-12-10 10:00:00,43.30261809392572,6.399698257446403,0.05236851655044375
2040-12-10 11:00:00,43.30262824237716,6.611612796783561,0.11480046326188524
2040-12-10 12:00:00,43.3026306304579,6.685743808746452,0.1605123409533028
2040-12-10 13:00:00,43.30263075420245,6.7797188758851235,0.16701641093546862
2040-12-10 14:00:00,43.30262985807448,6.87955474853527,0.14710803673918554
2040-12-10 15:00:00,43.30262818470897,7.001554965973014,0.11948317724797308
2040-12-10 16:00:00,43.302625708184046,7.067461013794059,0.08712274341132152
2040-12-10 17:00:00,43.3026240481922,7.108392238617057,0.07371009190695996
2040-12-10 18:00:00,43.30261205341956,7.141032695770377,0.03962305320921497
2040-12-10 19:00:00,43.30259397602044,7.133509635925407,0.024152211782223414
2040-12-10 20:00:00,43.30259025990891,7.019300937652702,0.022576833643802693
2040-12-10 21:00:00,43.30259057840787,7.015830516815299,0.023052514550233674
2040-12-10 22:00:00,43.30259149993721,7.155332565307731,0.024369362650967858
2040-12-10 23:00:00,43.3025873398641,7.397214889526481,0.020457618797056185
2040-12-11 00:00:00,43.30258666501553,7.634335041046256,0.0196497414113239
2040-12-11 01:00:00,43.30258595832877,7.6963872909547035,0.018840460798645972
2040-12-11 02:00:00,43.30258465710787,7.601553440094108,0.0169812445734134
2040-12-11 03:00:00,43.30258408620819,7.494530677795524,0.01613994493571573
2040-12-11 04:00:00,43.30258418500356,7.48107481002819,0.015970109260400836
2040-12-11 05:00:00,43.302584749833535,7.464221477508659,0.016013142826555925
2040-12-11 06:00:00,43.30258617631738,7.489519596099967,0.016654808801497726
2040-12-11 07:00:00,43.302581044150514,7.498720645904655,0.015480249340193389
2040-12-11 08:00:00,43.302583153872334,7.499893665313834,0.016858630303800453
2040-12-11 09:00:00,43.302580659327205,7.848093032837028,0.014521050450128054
2040-12-11 10:00:00,43.302588504295045,8.389563560485954,0.020542279113518157
2040-12-11 11:00:00,43.30258569371023,9.207774162292594,0.017611743612165637
2040-12-11 12:00:00,43.30258698513489,10.070641517639274,0.018257523875259096
2040-12-11 13:00:00,43.30259356050551,10.28216648101818,0.023890762759855428
2040-12-11 14:00:00,43.302594114317536,10.289671897888297,0.024103659213028913
2040-12-11 15:00:00,43.30262324190923,10.18562221527111,0.08266910904757745
2040-12-11 16:00:00,43.30261697130531,10.443350791931266,0.0524862562113879
2040-12-11 17:00:00,43.30261233530802,10.761662483215446,0.04252446661999036
2040-12-11 18:00:00,43.30260741392244,10.994400978088493,0.03657552740774331
2040-12-11 19:00:00,43.30260350560114,10.975811004638786,0.03342084551355194
2040-12-11 20:00:00,43.302598348446,11.120196342468375,0.029199163912243482
2040-12-11 21:00:00,43.302596492445616,11.339555740356559,0.027293223573619508
2040-12-11 22:00:00,43.30259678627965,11.444002151489371,0.02796617285144104
2040-12-11 23:00:00,43.30259558962702,11.422588348388786,0.0267363017720585
2040-12-12 00:00:00,43.30259428985492,11.310095787048454,0.02492863383911342
2040-12-12 01:00:00,43.30259533850786,11.181961059570426,0.02694201573125424
2040-12-12 02:00:00,43.30259978259891,10.963456153869743,0.03387790176030694
2040-12-12 03:00:00,43.30260169255954,10.533857345581168,0.036410624564471084
2040-12-12 04:00:00,43.30260615182669,9.883006095886344,0.042407906442725365
2040-12-12 05:00:00,43.30261364402689,9.784599304199332,0.053179253512951725
2040-12-12 06:00:00,43.302623777707126,9.67567062377941,0.08613722724667153
2040-12-12 07:00:00,43.30262445282307,9.573224067688102,0.09121458052221505
2040-12-12 08:00:00,43.30262521933591,9.233977317810172,0.09372334410987686
2040-12-12 09:00:00,43.30262671339264,8.669213294983024,0.10618854821000161
2040-12-12 10:00:00,43.30262514152327,8.220246315002555,0.09184547785396632
2040-12-12 11:00:00,43.302628094463046,7.941270351410026,0.12843184168094357
2040-12-12 12:00:00,43.30262698298866,7.577164649963493,0.1145306438122291
2040-12-12 13:00:00,43.30262780762418,7.214405536651725,0.1300362942796325
2040-12-12 14:00:00,43.30262114542325,6.858500003814811,0.07345414446443545
2040-12-12 15:00:00,43.30259071360237,6.328685283661002,0.026405548583598865
2040-12-12 16:00:00,43.30254884363135,5.837670803070182,0.01420276336748331
2040-12-12 17:00:00,43.30251259503342,5.6558012962342445,0.00930426126764615
2040-12-12 18:00:00,43.30250695194113,5.528214454650993,0.008151044276298447
2040-12-12 19:00:00,43.30250530737371,5.482898235321159,0.0077404283101216885
2040-12-12 20:00:00,43.302505188619065,5.426723957061881,0.007808745688481104
2040-12-12 21:00:00,43.30250297655713,5.408618927002067,0.0069270156494931154
2040-12-12 22:00:00,43.30250251588127,5.388242244720573,0.006784991312395201
2040-12-12 23:00:00,43.30250339411173,5.216498851776237,0.007101709771010272
2040-12-13 00:00:00,43.30250345529181,5.298361778259391,0.00716264609826305
2040-12-13 01:00:00,43.302505174065566,5.041366577148551,0.008053608067591846
2040-12-13 02:00:00,43.30250599832529,4.960703372955436,0.008431679894341855
2040-12-13 03:00:00,43.30250910521503,4.9584369659424965,0.010426047554025873
2040-12-13 04:00:00,43.30251963204929,5.058675765991325,0.015518261294129159
2040-12-13 05:00:00,43.30262640612799,5.040401458740348,0.09900388604831502
2040-12-13 06:00:00,43.30262714123779,5.013710498809928,0.10612728210570678
2040-12-13 07:00:00,27.33238877635409,4.954536437988395,2.374103713600933e-07
2040-12-13 08:00:00,27.33238759359207,4.858722686767692,2.2230877894735058e-07
2040-12-13 09:00:00,27.332385865964035,4.891062259674186,2.1716775947236857e-07
2040-12-13 10:00:00,27.33239269917671,5.006971836090202,3.210201763236866e-07
2040-12-13 11:00:00,27.332392579935444,5.229991912841911,3.1386427215772507e-07
2040-12-13 12:00:00,27.33237729022776,5.47826194763195,2.0561924673568933e-07
2040-12-13 13:00:00,27.332372422732675,5.795652389526481,2.0681877141070008e-07
2040-12-13 14:00:00,27.332388777780377,5.80075836181652,2.668444571853543e-07
2040-12-13 15:00:00,27.33238910598124,5.57818174362194,2.717608708011513e-07
2040-12-13 16:00:00,27.332388304699908,5.5083990097047035,2.5400893638505164e-07
2040-12-13 17:00:00,27.332371288954707,5.470093250274772,1.8980965158175544e-07
2040-12-13 18:00:00,22.11836358813818,5.239519119262809,1.1598524760375954e-07
2040-12-13 19:00:00,21.011769836176477,4.931091785431022,9.535068563888352e-08
2040-12-13 20:00:00,21.01174238597728,4.876950740814323,8.75449241378446e-08
2040-12-13 21:00:00,21.011737440272466,4.927644252777213,8.594782171254658e-08
2040-12-13 22:00:00,21.01173605222472,5.098707675933952,8.580905187463601e-08
2040-12-13 23:00:00,21.01173526596257,5.28845310211193,8.577789222877212e-08
2040-12-14 00:00:00,21.011734811716085,5.252082824707145,8.576694323439697e-08
2040-12-14 01:00:00,21.01173459868859,5.197831153869743,8.581933326947214e-08
2040-12-14 02:00:00,21.011734401120567,5.3362212181092445,8.575035289423308e-08
2040-12-14 03:00:00,21.01173442450437,5.800267219543571,8.579915831557831e-08
2040-12-14 04:00:00,21.01173475092365,5.990917682647819,8.58598140418091e-08
2040-12-14 05:00:00,21.01173651288144,5.850126743316764,8.630168992889284e-08
2040-12-14 06:00:00,21.011737267445827,5.822530746460075,8.707262241744693e-08
2040-12-14 07:00:00,20.06409707121221,5.844382762909049,8.861878254735019e-08
2040-12-14 08:00:00,20.064102209726773,5.905506610870475,9.387301103947519e-08
2040-12-14 09:00:00,20.064107806305984,6.090751171112174,1.0009766986990139e-07
2040-12-14 10:00:00,20.06412230790235,6.577347755432243,1.1057790729104583e-07
2040-12-14 11:00:00,20.4927796304177,7.124477386474723,1.248379428059361e-07
2040-12-14 12:00:00,21.01171793812869,7.019007682800407,1.587428352488072e-07
2040-12-14 13:00:00,21.01035878211873,6.926861763000602,1.3966633518804105e-07
2040-12-14 14:00:00,20.064095388384995,6.851190090179557,8.741432155141398e-08
2040-12-14 15:00:00,19.990340301052605,6.41651010513317,7.442547392068528e-08
2040-12-14 16:00:00,20.064098554768037,5.888552188873405,8.779265614293811e-08
2040-12-14 17:00:00,20.06409686653308,5.612106323242301,8.521667625938925e-08
2040-12-14 18:00:00,20.064094968337475,5.655034065246696,8.426175488701056e-08
2040-12-14 19:00:00,20.064093307574577,5.925791263580436,8.41117775794835e-08
2040-12-14 20:00:00,20.064090873908437,6.0228548049927895,8.415557141091799e-08
2040-12-14 21:00:00,20.06408877767462,5.983156681060905,8.41179319963906e-08
2040-12-14 22:00:00,20.06408750706869,5.992465019226188,8.393763063494357e-08
2040-12-14 23:00:00,20.064086787365376,6.070130825042838,8.364796384128201e-08
2040-12-15 00:00:00,20.06408668032885,6.0997190475465,8.374610270358824e-08
2040-12-15 01:00:00,20.064086769732928,6.2052326202393715,8.375092497757774e-08
2040-12-15 02:00:00,20.064087096619183,6.302995204925651,8.363750507535233e-08
2040-12-15 03:00:00,20.064088310694785,6.390472888946647,8.368324622520584e-08
2040-12-15 04:00:00,20.06409157829849,6.690677165985221,8.377756202368414e-08
2040-12-15 05:00:00,20.064095184406973,6.938614368438834,8.392241244666128e-08
2040-12-15 06:00:00,20.06409700034396,6.961984634399528,8.38548280967313e-08
2040-12-15 07:00:00,20.06409352012316,6.7124910354615395,8.363132718598101e-08
2040-12-15 08:00:00,20.064091097231778,6.575498580932731,8.245001715857801e-08
2040-12-15 09:00:00,20.063921166331134,6.71681118011486,7.497220480715367e-08
2040-12-15 10:00:00,20.06405102094268,6.901238918304557,7.633325912087545e-08
2040-12-15 11:00:00,20.064081490484124,7.115046501159782,7.986887682633873e-08
2040-12-15 12:00:00,20.064075442643897,7.351734638214225,7.875974681327887e-08
2040-12-15 13:00:00,20.06408627986096,7.388785839080924,8.248390950958856e-08
2040-12-15 14:00:00,19.99089959536388,7.462949275970573,7.431018593228765e-08
2040-12-15 15:00:00,20.064090976330064,7.424878597259635,8.434906926741015e-08
2040-12-15 16:00:00,20.06409486197814,7.320264339447135,8.514592602141118e-08
2040-12-15 17:00:00,20.064096160531506,7.3324170112611,8.513141441834287e-08
2040-12-15 18:00:00,20.064097180677894,7.214611053466911,8.653041813126934e-08
2040-12-15 19:00:00,20.06409740605472,7.197079181671256,8.879933408459724e-08
2040-12-15 20:00:00,20.064094244177223,7.120843887329215,8.993411920183188e-08
2040-12-15 21:00:00,20.06408903788562,6.976211071014518,8.923066293673525e-08
2040-12-15 22:00:00,20.06408815357629,6.953153610229606,9.281596609173945e-08
2040-12-15 23:00:00,20.06408715482388,6.780784130096549,9.307650025120203e-08
2040-12-16 00:00:00,20.06408541413748,6.782482624054069,9.015827478736581e-08
2040-12-16 01:00:00,20.06408505782583,6.837025642395133,8.861792803919107e-08
2040-12-16 02:00:00,20.064086014552757,6.866559982299918,8.939500676204249e-08
2040-12-16 03:00:00,20.06408743484733,6.838625431060905,8.963529269563321e-08
2040-12-16 04:00:00,20.064089647143003,6.93748235702526,8.874983948288436e-08
2040-12-16 05:00:00,20.06409388028256,7.164848327636832,8.872949186220673e-08
2040-12-16 06:00:00,20.064100671388665,7.589264869690055,9.041080353311742e-08
2040-12-16 07:00:00,20.06411573047285,8.723712921142692,9.592221196330765e-08
2040-12-16 08:00:00,21.009303359974584,10.247670173645133,1.1167270584126302e-07
2040-12-16 09:00:00,27.332357516531555,11.915863990783805,1.626745983263984e-07
2040-12-16 10:00:00,33.76943624035447,12.744383811950797,2.9255914262138414e-07
2040-12-16 11:00:00,33.76947340260196,12.997326850891227,4.5443190234353326e-07
2040-12-16 12:00:00,33.76947813027549,13.103467941284293,5.992339651396482e-07
2040-12-16 13:00:00,33.76948149654095,13.098066329956168,7.861985403574594e-07
2040-12-16 14:00:00,33.769482502153224,13.098409652710075,8.863075791933327e-07
2040-12-16 15:00:00,33.76948027541065,12.87293624877941,7.868291232199183e-07
2040-12-16 16:00:00,33.769478497198534,12.31286430358898,6.300170488179748e-07
2040-12-16 17:00:00,33.7694746590825,11.684426307678336,4.4540105392975716e-07
2040-12-16 18:00:00,33.76946418995592,10.71684551239025,3.425922431823315e-07
2040-12-16 19:00:00,27.3324996961603,9.785506248474235,1.969875889180185e-07
2040-12-16 20:00:00,27.332417049215834,8.975476264953727,1.6587417031425282e-07
2040-12-16 21:00:00,27.33241112951181,8.518916130066032,1.383296354869688e-07
2040-12-16 22:00:00,27.332408248712905,8.399895668029899,1.242401069088351e-07
2040-12-16 23:00:00,27.332407782451654,8.214026451110954,1.2455780035556316e-07
2040-12-17 00:00:00,27.332406455597248,8.054738044738883,1.2019181399040175e-07
2040-12-17 01:00:00,27.332405588842207,7.917600154876823,1.1763304029446178e-07
2040-12-17 02:00:00,27.332405955456117,7.682236671447868,1.1907374228582895e-07
2040-12-17 03:00:00,27.33240683702325,7.7467694282532875,1.2273886311093316e-07
2040-12-17 04:00:00,27.332407577964183,7.87220668792736,1.2596216548254254e-07
2040-12-17 05:00:00,27.33240841534327,7.818933010101432,1.282251779412232e-07
2040-12-17 06:00:00,27.332410682959456,7.631091117859,1.3710853447839269e-07
2040-12-17 07:00:00,20.0641846318515,7.611171245575065,1.1949507832375454e-07
2040-12-17 08:00:00,21.012354561394503,7.919456958770866,1.4873449911354328e-07
2040-12-17 09:00:00,24.79624106808608,7.947683811187858,1.9374799588029662e-07
2040-12-17 10:00:00,24.796247321339614,8.150730133056754,1.9943801568971565e-07
2040-12-17 11:00:00,24.79623576254613,8.276672363281364,1.8949832741833336e-07
2040-12-17 12:00:00,20.06411111761672,8.452446937561149,9.624018659849234e-08
2040-12-17 13:00:00,20.06410559084236,8.607611656189079,8.808357987682458e-08
2040-12-17 14:00:00,20.06411649845143,8.695643424987907,1.0309271511931635e-07
2040-12-17 15:00:00,20.064770535800136,8.628500938415641,1.2520074668481588e-07
2040-12-17 16:00:00,20.06411684045696,8.4723415374757,1.0027309960078693e-07
2040-12-17 17:00:00,20.064107099481248,8.362626075744743,8.834006926249803e-08
2040-12-17 18:00:00,20.06410307536674,8.15274524688732,8.40049165067466e-08
2040-12-17 19:00:00,20.06410168525521,8.054378509521598,8.32429617490732e-08
2040-12-17 20:00:00,20.064100650138524,7.916477203369254,8.289448375399035e-08
2040-12-17 21:00:00,20.06410023382489,7.87959194183361,8.282674179509355e-08
2040-12-17 22:00:00,20.06409995376352,7.7739772796632,8.282488471764271e-08
2040-12-17 23:00:00,20.064099790164928,7.45136928558361,8.282311354588694e-08
2040-12-18 00:00:00,20.06409986232134,7.2727913856507485,8.282059405984298e-08
2040-12-18 01:00:00,20.06410013414135,7.122245311737174,8.281860561428671e-08
2040-12-18 02:00:00,20.06410069153436,7.509088516235465,8.2817581018655e-08
2040-12-18 03:00:00,20.064101722282373,7.881142616272086,8.281823578397152e-08
2040-12-18 04:00:00,20.06410367632068,7.64480018615734,8.28212836563013e-08
2040-12-18 05:00:00,20.064107075770785,7.688075065612907,8.287474992742406e-08
2040-12-18 06:00:00,20.06411410333048,7.662468910217399,8.366499528960411e-08
2040-12-18 07:00:00,20.064124724693592,7.68396615982067,8.491015714985384e-08
2040-12-18 08:00:00,20.064143859242915,7.619765758514518,8.842240798591174e-08
2040-12-18 09:00:00,20.064156666180228,7.810864925384635,8.551721578628631e-08
2040-12-18 10:00:00,20.06419182989896,8.084121704101676,8.659558085353237e-08
2040-12-18 11:00:00,21.011710370671103,8.315136909484977,1.0236615059429447e-07
2040-12-18 12:00:00,43.29934526502839,8.569906234741325,0.0005140280845628707
2040-12-18 13:00:00,43.302581036636845,8.741162300109977,0.02251285034561187
2040-12-18 14:00:00,43.30262226026026,8.77381515502941,0.09109933277588161
2040-12-18 15:00:00,43.30262753637217,8.768844604492301,0.15675269952873375
2040-12-18 16:00:00,43.302628970303786,8.86864280700695,0.18317693739383728
2040-12-18 17:00:00,43.30262903311748,9.015038490295524,0.18264529933070636
2040-12-18 18:00:00,43.30262829116609,9.033605575561637,0.1658283554571576
2040-12-18 19:00:00,43.30262672889075,8.973642349243278,0.13735273468646222
2040-12-18 20:00:00,43.30262546250672,8.86477088928234,0.12306774775547874
2040-12-18 21:00:00,43.30262620511976,8.857296943664664,0.13921829864866153
2040-12-18 22:00:00,43.30261389305024,9.00339794158947,0.05896590970121384
2040-12-18 23:00:00,43.299371540124206,9.00456523895275,0.0005980320313447266
2040-12-19 00:00:00,43.29936467678323,8.823160171508903,0.0005567655668635743
2040-12-19 01:00:00,43.29936600166701,8.566667556762809,0.000590560271767708
2040-12-19 02:00:00,43.299365027675336,8.132940292358512,0.0005764575828427495
2040-12-19 03:00:00,43.29936479111743,7.852570533752555,0.00057190999383551
2040-12-19 04:00:00,43.2993662388476,7.292385101318473,0.0005919074721465017
2040-12-19 05:00:00,43.29936748929417,6.730614185333366,0.0005622117549848243
2040-12-19 06:00:00,43.29936809146696,6.619041442871207,0.0005284485353053731
2040-12-19 07:00:00,22.7906453904866,6.507855415344352,1.5811274813054738e-07
2040-12-19 08:00:00,23.28063066002462,6.271794319152946,1.6597133221733487e-07
2040-12-19 09:00:00,20.064141754464902,6.45403623580944,1.1371541434575983e-07
2040-12-19 10:00:00,20.064105779886603,6.819926738739127,9.740112609968858e-08
2040-12-19 11:00:00,20.064104258792756,7.368984222412223,9.721650781288429e-08
2040-12-19 12:00:00,20.064103711171462,7.831616401672477,9.728734704963058e-08
2040-12-19 13:00:00,20.064103705694677,8.015773773193473,9.87784947053202e-08
2040-12-19 14:00:00,20.06409790636961,7.875562667846793,9.261686623002929e-08
2040-12-19 15:00:00,20.064125032196188,7.592936038971061,1.1422828794807383e-07
2040-12-19 16:00:00,21.011431192017437,7.505477428436393,1.346308763349252e-07
2040-12-19 17:00:00,20.06411589213449,7.487525463104362,1.0636782106185045e-07
2040-12-19 18:00:00,20.06410271952837,7.476504325866813,9.574246347122199e-08
2040-12-19 19:00:00,20.06409820772004,7.4721674919129555,9.26113252909377e-08
2040-12-19 20:00:00,20.064091629819792,7.445890426635856,8.920125651027693e-08
2040-12-19 21:00:00,20.06408676453316,7.284756183624381,8.550844463017819e-08
2040-12-19 22:00:00,20.0640841453343,7.206070899963493,8.361787229270039e-08
2040-12-19 23:00:00,20.064083390485983,7.327812194824332,8.328083193819284e-08
2040-12-20 00:00:00,20.06408329811256,7.613729476928825,8.318333946872025e-08
2040-12-20 01:00:00,20.064083299491724,7.681478500366325,8.314999039392759e-08
2040-12-20 02:00:00,20.06408341385572,7.633505344390983,8.294945260016351e-08
2040-12-20 03:00:00,20.064084336176123,7.640510082244987,8.291571248684011e-08
2040-12-20 04:00:00,20.064087106114307,7.610739707946891,8.2893205383273e-08
2040-12-20 05:00:00,20.064089062587517,7.557221889495963,8.286137142244385e-08
2040-12-20 06:00:00,20.06408946182696,7.604169845581168,8.280655202187495e-08
2040-12-20 07:00:00,20.064064351985845,7.6602659225465,8.277354215099669e-08
2040-12-20 08:00:00,20.064065429701337,7.615378379821891,8.273478829234116e-08
2040-12-20 09:00:00,20.06404580237228,7.603908061981315,7.756872838272991e-08
2040-12-20 10:00:00,19.99033832220248,7.748656272888297,7.404651712819269e-08
2040-12-20 11:00:00,20.06402220876156,7.780078887939567,7.590584853776355e-08
2040-12-20 12:00:00,19.99031071132228,7.825613498687858,7.402668735750199e-08
2040-12-20 13:00:00,20.063972310436977,7.638517379760856,7.50363506840109e-08
2040-12-20 14:00:00,20.064043710715808,7.377711772918815,7.728306865082916e-08
2040-12-20 15:00:00,20.06400488541132,7.127562046051139,7.541439702917969e-08
2040-12-20 16:00:00,20.064068058037016,6.887943267822379,8.273854100063236e-08
2040-12-20 17:00:00,20.06406967094317,6.678788185119743,8.266606169988363e-08
2040-12-20 18:00:00,20.06406904817017,6.543695449829215,8.2664265551343e-08
2040-12-20 19:00:00,20.064065605657312,6.460613250732536,8.266642371664413e-08
2040-12-20 20:00:00,20.06406217100571,6.300918102264518,8.26700417305473e-08
2040-12-20 21:00:00,20.064060458155343,6.039345264434928,8.267265224385955e-08
2040-12-20 22:00:00,20.064059750339684,5.7536664009095375,8.26790386347136e-08
2040-12-20 23:00:00,20.064059690629332,5.600434303283805,8.268413912318796e-08
2040-12-21 00:00:00,20.06406080433046,5.395855426788444,8.268867243385722e-08
2040-12-21 01:00:00,20.0640615558046,5.414398670196647,8.269954158722484e-08
2040-12-21 02:00:00,20.064063112683822,5.262509822845573,8.27560517677794e-08
2040-12-21 03:00:00,20.06406739752929,4.883201599121207,8.279274166039474e-08
2040-12-21 04:00:00,20.064085085572923,4.930845260620231,8.281672040352823e-08
2040-12-21 05:00:00,20.06409014438642,4.780220031738395,8.298054776803037e-08
2040-12-21 06:00:00,20.064090901290317,4.781497478485221,8.33261737935971e-08
2040-12-21 07:00:00,20.064090505089418,4.717786788940543,8.336891213288464e-08
2040-12-21 08:00:00,20.064090633052583,4.634178161621207,8.309955338621236e-08
2040-12-21 09:00:00,20.064084528074652,4.825409889221305,8.018800439453792e-08
2040-12-21 10:00:00,20.06408308614546,4.8045296669007485,7.974789403772928e-08
2040-12-21 11:00:00,19.9903187524988,5.021604537963981,7.416509979859655e-08
2040-12-21 12:00:00,19.98915377139292,5.179654598236198,7.468409048176037e-08
2040-12-21 13:00:00,20.064068601191416,5.144968032837028,7.714604655718978e-08
2040-12-21 14:00:00,20.06406697219287,5.066069602966422,7.694410074215944e-08
2040-12-21 15:00:00,20.06408740215026,4.899618625640983,8.093680256342042e-08
2040-12-21 16:00:00,20.064094216947687,4.8635768890382,8.306056785817901e-08
2040-12-21 17:00:00,20.064097281876613,4.629061698913688,8.421656231887629e-08
2040-12-21 18:00:00,20.064098927379188,4.771089076995963,8.58567223554834e-08
2040-12-21 19:00:00,20.064096339092327,4.692998409271354,8.481249163591407e-08
2040-12-21 20:00:00,20.06409433357224,4.658380031585807,8.559045736938715e-08
2040-12-21 21:00:00,20.06409229711991,4.66714715957653,8.685320466294206e-08
2040-12-21 22:00:00,20.064099792111765,4.828080177307243,1.0584660147826784e-07
2040-12-21 23:00:00,20.064093509600102,4.947119235992545,9.59199520422493e-08
2040-12-22 00:00:00,20.0640920304432,4.954070091247672,9.130462381288056e-08
2040-12-22 01:00:00,20.06409220332678,4.922313213348502,9.092272870631509e-08
2040-12-22 02:00:00,20.064095376372084,4.900918960571403,9.669821353424921e-08
2040-12-22 03:00:00,20.06409956083645,4.812117576599235,9.876655303802709e-08
2040-12-22 04:00:00,20.064116791642707,4.625639438629264,1.0082549775596703e-07
2040-12-22 05:00:00,20.064215657496867,4.645571708679313,1.015756605610441e-07
2040-12-22 06:00:00,20.064146364071963,4.6736936569215,9.779355679012542e-08
2040-12-22 07:00:00,20.064124961865435,4.740903854370231,9.582459824482306e-08
2040-12-22 08:00:00,20.064110986512212,4.763905525207633,9.253701618958667e-08
2040-12-22 09:00:00,20.06409479053045,4.900589466095084,8.33055580735199e-08
2040-12-22 10:00:00,20.064091756215014,5.001275062561149,8.23911805656445e-08
2040-12-22 11:00:00,20.064084777386523,5.090538978576774,8.056551578703282e-08
2040-12-22 12:00:00,0.0251058487073731,5.644325733184928,4.566606062674129e-08
2040-12-22 13:00:00,20.064061214423237,5.4399080276490395,7.706639602398728e-08
2040-12-22 14:00:00,20.064080411027927,5.332210540771598,8.014402186386282e-08
2040-12-22 15:00:00,20.064080760347892,5.312190055847282,7.95796145522067e-08
2040-12-22 16:00:00,20.06409380752401,5.184237480163688,8.283912876146251e-08
2040-12-22 17:00:00,20.064094992696266,5.149196147918815,8.282495357210312e-08
2040-12-22 18:00:00,20.064094310355426,4.9255671501160805,8.281525691548846e-08
2040-12-22 19:00:00,20.06409186670673,4.74699687957775,8.281148731886372e-08
2040-12-22 20:00:00,20.06408647466922,4.673755645752067,8.281387053122147e-08
2040-12-22 21:00:00,20.06407801211424,4.58654356002819,8.280930040846999e-08
2040-12-22 22:00:00,20.064074332699978,4.17200326919567,8.280890257302212e-08
2040-12-22 23:00:00,20.064073476003365,4.108138561248893,8.281105884882056e-08
2040-12-23 00:00:00,20.06407289883496,4.257250308990592,8.281457109489192e-08
2040-12-23 01:00:00,20.06407305278079,4.6481881141663735,8.281726033752858e-08
2040-12-23 02:00:00,20.06407353502193,5.130737781524772,8.281118805526222e-08
2040-12-23 03:00:00,20.06407514934796,5.580632686615104,8.279688676875021e-08
2040-12-23 04:00:00,20.064081634124555,5.606798171997184,8.274842936171228e-08
2040-12-23 05:00:00,20.06408779803821,5.568122386932487,8.274479556873037e-08
2040-12-23 06:00:00,20.064088623556625,5.580158233642692,8.275050101572636e-08
2040-12-23 07:00:00,20.064088242028102,5.6668977737427895,8.27898395179546e-08
2040-12-23 08:00:00,20.06408835919468,5.703901767730827,8.281327936314962e-08
2040-12-23 09:00:00,20.064066262938823,6.026529788971061,7.773006506618445e-08
2040-12-23 10:00:00,20.06406301117697,6.170184612274284,7.738477270107838e-08
2040-12-23 11:00:00,19.990343271707747,6.168236255645866,7.420081810052326e-08
2040-12-23 12:00:00,19.99032196598244,6.314988613128776,7.419519206282751e-08
2040-12-23 13:00:00,19.9903327639518,6.538864612579459,7.41977277531123e-08
2040-12-23 14:00:00,20.064074334781864,6.647298812866325,7.9183018715972e-08
2040-12-23 15:00:00,20.06408180483344,6.765889644622916,8.068722274779953e-08
2040-12-23 16:00:00,20.064090307283024,6.9398822784424965,8.281532031796889e-08
2040-12-23 17:00:00,20.06409129963337,7.608982086181754,8.280515099703012e-08
2040-12-23 18:00:00,20.064092303961534,8.79740142822277,8.384918006044513e-08
2040-12-23 19:00:00,20.064125720341615,9.533350944519157,1.1069996168146497e-07
2040-12-23 20:00:00,20.0641307861656,9.198472023010368,1.2079434688275307e-07
2040-12-23 21:00:00,20.0640873754628,8.866573333740348,8.870514612333606e-08
2040-12-23 22:00:00,20.064089263262854,8.664889335632438,9.665107380950867e-08
2040-12-23 23:00:00,20.064086077148747,8.503012657165641,9.368016996260737e-08
2040-12-24 00:00:00,20.064081400182136,8.109090805053825,8.413624714946388e-08
2040-12-24 01:00:00,20.06408086296139,7.7812471389771645,8.290428638197723e-08
2040-12-24 02:00:00,20.06408284973376,7.6209430694581215,8.383149955205677e-08
2040-12-24 03:00:00,20.064084716763524,7.383271694183463,8.304017245738425e-08
2040-12-24 04:00:00,20.064093761451264,7.3164339065552895,8.441596060921339e-08
2040-12-24 05:00:00,20.06413153814871,7.255908966064567,9.602824986802145e-08
2040-12-24 06:00:00,20.49475624571384,7.204007625579948,1.0198410655580119e-07
2040-12-24 07:00:00,21.011999861100414,7.218070507049674,1.125200608860176e-07
2040-12-24 08:00:00,43.30234921487594,7.2417187690736,0.004080289741278939
2040-12-24 09:00:00,43.3025989078212,7.227688312530631,0.03033870012047333
2040-12-24 10:00:00,43.30262054174239,7.173892974853629,0.07179667146489423
2040-12-24 11:00:00,43.302625237266,7.2701716423035805,0.10569258284001105
2040-12-24 12:00:00,43.30262180076871,7.516244888305778,0.07608187699757965
2040-12-24 13:00:00,43.30262123739705,7.663933753967399,0.07325002558224707
2040-12-24 14:00:00,43.30262310026232,7.720879077911491,0.0871870051979595
2040-12-24 15:00:00,43.302624836747576,7.6224970817567055,0.10511699390524809
2040-12-24 16:00:00,43.30260932672433,7.2985296249390785,0.03848866946497585
2040-12-24 17:00:00,43.30260799052464,7.329730033874625,0.03696761394421161
2040-12-24 18:00:00,43.30260465840887,8.247734069824332,0.031457762548725995
2040-12-24 19:00:00,43.30260340379686,8.351217269897575,0.029125785720821713
2040-12-24 20:00:00,43.30260691000588,8.31530570983898,0.03609550012536039
2040-12-24 21:00:00,43.30260785466312,8.381998062133903,0.03722486970157659
2040-12-24 22:00:00,43.30261439722022,8.472257614135856,0.052062881990631256
2040-12-24 23:00:00,43.30261857443661,8.741203308105582,0.06847620021248832
2040-12-25 00:00:00,43.30262321445108,9.048078536987418,0.0961105676914587
2040-12-25 01:00:00,43.30262492370588,9.366990089416618,0.11705449810514182
2040-12-25 02:00:00,43.30262687203787,9.538406372070426,0.15385858429304264
2040-12-25 03:00:00,43.30262598854908,9.598563194275016,0.1400572654050722
2040-12-25 04:00:00,43.30262629714697,9.580866813659782,0.14676111324208213
2040-12-25 05:00:00,43.30262780015247,9.586156845092887,0.18137703958311432
2040-12-25 06:00:00,43.302628466250994,9.51973915100109,0.20290858503490192
2040-12-25 07:00:00,43.30262233817098,9.588839530944938,0.14095511432860952
2040-12-25 08:00:00,43.30262201930291,9.908357620239371,0.12443740236177565
2040-12-25 09:00:00,43.30262177768448,10.495096206665153,0.11684996030375827
2040-12-25 10:00:00,43.30262205153699,11.299807548523063,0.11774088770426565
2040-12-25 11:00:00,43.302620049963,11.837036132812614,0.09727761186895988
2040-12-25 12:00:00,43.30261821414695,12.16242885589611,0.08743356643688388
2040-12-25 13:00:00,43.30261722817029,12.38578319549572,0.08723658667170338
2040-12-25 14:00:00,43.302610363183696,12.522142410278434,0.06288209792197674
2040-12-25 15:00:00,43.30261345202034,12.56196212768566,0.07193909362913202
2040-12-25 16:00:00,43.30261785450632,12.537895202636832,0.09165549856582132
2040-12-25 17:00:00,43.3026159562606,12.512372016906852,0.08249827164537757
2040-12-25 18:00:00,43.30261262257336,12.518031120300407,0.07042339821911503
2040-12-25 19:00:00,43.302610464874384,12.486134529113883,0.06738819899560924
2040-12-25 20:00:00,43.30214315764714,12.345932960510368,0.004064594575309699
2040-12-25 21:00:00,35.05426786401512,12.207169532775993,3.0288901045869745e-07
2040-12-25 22:00:00,35.05425736009627,11.999311447143668,2.3399340105329396e-07
2040-12-25 23:00:00,35.05425314794807,11.734148979187125,2.042940269878115e-07
2040-12-26 00:00:00,35.054248786221045,11.514101028442496,1.858008866374696e-07
2040-12-26 01:00:00,35.0542458720438,11.323262214660758,1.8034599787783938e-07
2040-12-26 02:00:00,35.05424077470799,11.166646003723258,1.7515837396652803e-07
2040-12-26 03:00:00,35.05424022586913,11.112763404846305,1.7485262150433206e-07
2040-12-26 04:00:00,35.05424006252158,11.220687866211051,1.7480861306403607e-07
2040-12-26 05:00:00,35.05424000548776,11.304862976074332,1.7476777778269498e-07
2040-12-26 06:00:00,35.054240030381784,11.237958908081168,1.7478678090628744e-07
2040-12-26 07:00:00,12.322473619119606,11.025275230407829,7.100615923697066e-08
2040-12-26 08:00:00,12.32247509997509,10.672641754150504,7.099873517495703e-08
2040-12-26 09:00:00,12.32247280455335,10.453248977661246,6.808814779461214e-08
2040-12-26 10:00:00,12.322471165674513,10.365630149841422,6.65327944042027e-08
2040-12-26 11:00:00,12.322469612661532,10.368248939514274,6.543743582099788e-08
2040-12-26 12:00:00,12.322469149002927,10.410602569580192,6.507657861636983e-08
2040-12-26 13:00:00,12.322471438236184,10.398542404174918,6.601078116310229e-08
2040-12-26 14:00:00,12.322474260500522,10.387955665588493,6.762402412998977e-08
2040-12-26 15:00:00,12.32247678482901,10.333965301513786,6.933208197607241e-08
2040-12-26 16:00:00,12.322480206347738,10.30903244018566,7.09852542505778e-08
2040-12-26 17:00:00,12.322481216751974,10.415815353393668,7.098386663288446e-08
2040-12-26 18:00:00,12.322481446680005,10.56600666046154,7.101993252024712e-08
2040-12-26 19:00:00,12.322481307891824,10.712081909179801,7.122350183863207e-08
2040-12-26 20:00:00,12.32248274607856,10.742280960083121,7.465007018393923e-08
2040-12-26 21:00:00,12.322485371476407,10.680844306945914,8.071451627468092e-08
2040-12-26 22:00:00,12.322481452323457,10.439721107483024,7.15896801752354e-08
2040-12-26 23:00:00,12.322482509359148,10.08637619018566,7.160103245952898e-08
2040-12-27 00:00:00,12.322485542928696,9.762281417846793,7.116986797758196e-08
2040-12-27 01:00:00,12.322491785061915,9.552463531494254,7.149815292116048e-08
2040-12-27 02:00:00,12.587044164436488,9.334447860717887,7.228842865509782e-08
2040-12-27 03:00:00,12.857302538617404,9.005974769592399,7.36353966748493e-08
2040-12-27 04:00:00,20.064434752794423,8.188149452209586,9.56818068236577e-08
2040-12-27 05:00:00,39.77721067364248,7.485016822815055,5.85243906983744e-07
2040-12-27 06:00:00,41.50278135498229,6.784366130828971,1.528499932691945e-06
2040-12-27 07:00:00,43.30261965651461,6.039106369018668,0.08530804746913208
2040-12-27 08:00:00,43.30262713079931,5.364294052124137,0.1354712468030495
2040-12-27 09:00:00,43.30262813962685,4.9901447296143715,0.1340664691362222
2040-12-27 10:00:00,43.30262885817892,4.933530330658073,0.1441896988615095
2040-12-27 11:00:00,43.3026271522774,4.929801940918082,0.11532342686106198
2040-12-27 12:00:00,43.30263080149541,4.847185611724967,0.20030466481587403
2040-12-27 13:00:00,43.30262245344265,5.228620529174918,0.07928579807205191
2040-12-27 14:00:00,43.30263107049488,5.235797882080192,0.21590822962263326
2040-12-27 15:00:00,43.30263150391201,5.483189582824821,0.22157190979521976
2040-12-27 16:00:00,43.30263132375721,5.838658809661979,0.1991347915873855
2040-12-27 17:00:00,43.302630874868974,6.0766267776490395,0.1780304935645437
2040-12-27 18:00:00,43.30262966507991,6.155010700225944,0.1512316750510302
2040-12-27 19:00:00,43.30262289723667,6.110428333282584,0.08204773230024849
2040-12-27 20:00:00,39.77753083524055,6.059022426605338,7.615600186092014e-07
2040-12-27 21:00:00,39.777187859481096,5.876359462738151,6.226151010086688e-07
2040-12-27 22:00:00,39.777178511209854,5.8471393585206215,4.4864298631486544e-07
2040-12-27 23:00:00,39.77717662462014,5.8365354537965,4.0842928417829123e-07
2040-12-28 00:00:00,39.77717660959984,5.836416721344108,4.0938426204669484e-07
2040-12-28 01:00:00,39.77717604841768,5.828753948211784,3.980427738947369e-07
2040-12-28 02:00:00,39.777176010810216,5.764759063720817,3.931251871675631e-07
2040-12-28 03:00:00,39.77717781831381,5.720687389373893,4.1597372986592344e-07
2040-12-28 04:00:00,39.77718425703124,5.67822360992443,5.025881686369144e-07
2040-12-28 05:00:00,40.630679229980096,5.67625999450695,6.711091366385806e-07
2040-12-28 06:00:00,41.50249621437525,5.6807646751404945,1.0427554826183797e-06
2040-12-28 07:00:00,42.39308733775508,5.745538234710807,2.8345823512778577e-06
2040-12-28 08:00:00,43.30262626275439,5.859087467193717,0.11303333794541458
2040-12-28 09:00:00,43.3026290628697,5.796537399292106,0.13037913351931651
2040-12-28 10:00:00,43.30262474863318,5.944819450378532,0.08050857510672138
2040-12-28 11:00:00,43.30263121872888,5.661548137664909,0.1793138762474075
2040-12-28 12:00:00,43.30263070602128,5.601953029632682,0.16748936478583581
2040-12-28 13:00:00,43.30262959253393,5.678973197937125,0.14569435108955758
2040-12-28 14:00:00,43.30262856509485,5.698976993560905,0.13217518102859588
2040-12-28 15:00:00,43.3026283121582,5.539285659790153,0.12694617611495201
2040-12-28 16:00:00,43.30262808620063,5.344994068145866,0.11384467551527187
2040-12-28 17:00:00,43.30262468210969,5.091117382049674,0.08009304500023223
2040-12-28 18:00:00,43.30261678957187,4.922068595886344,0.0499318122934993
2040-12-28 19:00:00,43.30261553985305,4.602986812591666,0.04975597254451411
2040-12-28 20:00:00,43.293854332176416,4.366774082183952,0.0002655150178260333
2040-12-28 21:00:00,39.777203977580186,4.190056324005241,6.802512749252369e-07
2040-12-28 22:00:00,39.77718726660859,4.193287849426383,5.473098392279093e-07
2040-12-28 23:00:00,39.77718651433401,4.554223537445182,5.631275437934988e-07
2040-12-29 00:00:00,39.77718406517163,4.93808221817028,5.09067086176238e-07
2040-12-29 01:00:00,39.77718197762447,5.094829082489127,4.533853640780523e-07
2040-12-29 02:00:00,39.77718022476053,5.396377563476676,4.1327707013143666e-07
2040-12-29 03:00:00,39.77717927704684,5.764049053192252,3.98301872928476e-07
2040-12-29 04:00:00,39.77717767310213,6.2448983192444985,3.7819516178718934e-07
2040-12-29 05:00:00,39.77717682252686,6.411672115326041,3.662220635113411e-07
2040-12-29 06:00:00,39.7771734864544,6.347227573394889,3.5619467801082804e-07
2040-12-29 07:00:00,20.06409738652999,6.123867511749381,8.425631642073772e-08
2040-12-29 08:00:00,20.064097146109464,5.890962123870963,8.362657424739925e-08
2040-12-29 09:00:00,19.990216466432077,5.929233074188346,7.449488189525195e-08
2040-12-29 10:00:00,0.0251732811760052,5.943446159362907,4.567859928821178e-08
2040-12-29 11:00:00,0.0251108696184033,6.074134349823112,4.590724655158145e-08
2040-12-29 12:00:00,19.990121223795164,6.053634643554801,7.444263452865263e-08
2040-12-29 13:00:00,19.990312935464555,6.018175601959342,7.436240819589398e-08
2040-12-29 14:00:00,20.06406169244024,5.957880020141715,7.648797303216945e-08
2040-12-29 15:00:00,20.064090536537535,5.820405483245963,8.028459373919798e-08
2040-12-29 16:00:00,20.064098051262828,5.648251056671256,8.313232472281426e-08
2040-12-29 17:00:00,20.064098552054,5.561606884002799,8.315484622261303e-08
2040-12-29 18:00:00,20.06409818293548,5.424713134765739,8.321242733743762e-08
2040-12-29 19:00:00,20.064098201809585,5.206268310546989,8.408616475510196e-08
2040-12-29 20:00:00,20.064099194773856,5.121005058288688,8.689122421658869e-08
2040-12-29 21:00:00,20.06410119850128,5.13517522811901,9.301049686289047e-08
2040-12-29 22:00:00,20.06410404845668,5.18188571929943,1.0284170402087359e-07
2040-12-29 23:00:00,20.064107636191636,5.1546320915223305,1.1300496670417529e-07
2040-12-30 00:00:00,20.06411044333496,5.089511871338004,1.1849388492755994e-07
2040-12-30 01:00:00,20.064110178471694,5.102383136749381,1.2080741963393318e-07
2040-12-30 02:00:00,20.06411033534221,5.0827422142029945,1.201871997217693e-07
2040-12-30 03:00:00,20.06411647596566,4.986649990081901,1.1726111326283527e-07
2040-12-30 04:00:00,20.06449914153569,4.819074630737418,1.0972335345374562e-07
2040-12-30 05:00:00,20.064668647797667,4.64623594284069,1.0019277886270364e-07
2040-12-30 06:00:00,20.064132278069703,4.564209461212272,9.339824334265849e-08
2040-12-30 07:00:00,20.06410771905865,4.496401786804313,8.906145161753833e-08
2040-12-30 08:00:00,20.064103588287445,4.475980758667106,8.644211679380681e-08
2040-12-30 09:00:00,20.064094283898264,4.7022581100465,8.143558013940157e-08
2040-12-30 10:00:00,20.064096301448565,4.883506774902457,8.25091477877337e-08
2040-12-30 11:00:00,20.06409626665414,5.001170158386344,8.290926254782968e-08
2040-12-30 12:00:00,20.06408816522377,5.039353847503776,7.983496449589473e-08
2040-12-30 13:00:00,20.064089165988456,4.935056686401481,8.055268278951964e-08
2040-12-30 14:00:00,20.064091988255644,4.751790046692008,8.186293086011669e-08
2040-12-30 15:00:00,20.064097940513687,4.439201354980582,8.489981061956969e-08
2040-12-30 16:00:00,20.0641037926295,4.280027866363639,8.620966588043347e-08
2040-12-30 17:00:00,20.064102551442392,4.258597373962516,8.428863625567169e-08
2040-12-30 18:00:00,20.064101765784045,4.023027420044059,8.424161285565361e-08
2040-12-30 19:00:00,20.064099404203105,3.772372245788688,8.414940525027147e-08
2040-12-30 20:00:00,20.064096443047003,3.7302315235139076,8.442690133569253e-08
2040-12-30 21:00:00,20.06409495777488,3.7908456325532143,8.589264844151424e-08
2040-12-30 22:00:00,20.06409415018024,3.908511400222892,8.793513658555921e-08
2040-12-30 23:00:00,20.064096247290447,4.123616695404166,9.4522556078687e-08
2040-12-31 00:00:00,20.06408985592737,4.228536605835075,8.30935698516608e-08
